PS D:\Projects\EDGEngine> docker run --rm --env-file .env.local binance-virtual-mainnet-node:latest
✅ Credentials loaded from environment variables (local override)
2026-09-16T06:17:50.824033275Z [INFO] EDGETRADER-VIRTUAL.TradingNode: =================================================================
2026-09-16T06:17:50.824065228Z [INFO] EDGETRADER-VIRTUAL.TradingNode:  NAUTILUS TRADER - Automated Algorithmic Trading Platform
2026-09-16T06:17:50.824066041Z [INFO] EDGETRADER-VIRTUAL.TradingNode:  by Nautech Systems Pty Ltd.
2026-09-16T06:17:50.824066307Z [INFO] EDGETRADER-VIRTUAL.TradingNode:  Copyright (C) 2015-2026. All rights reserved.
2026-09-16T06:17:50.824066579Z [INFO] EDGETRADER-VIRTUAL.TradingNode: =================================================================
2026-09-16T06:17:50.824066709Z [INFO] EDGETRADER-VIRTUAL.TradingNode:
2026-09-16T06:17:50.824066916Z [INFO] EDGETRADER-VIRTUAL.TradingNode: ⠀⠀⠀⠀⠀⠀⠀⠀⠀⠀⠀⠀⠀⣠⣴⣶⡟⠀⠀⠀⠀⠀⠀⠀⠀⠀⠀⠀⠀⠀⠀
2026-09-16T06:17:50.824067167Z [INFO] EDGETRADER-VIRTUAL.TradingNode: ⠀⠀⠀⠀⠀⠀⠀⠀⠀⠀⠀⣰⣾⣿⣿⣿⠀⢸⣿⣿⣿⣿⣶⣶⣤⣀⠀⠀⠀⠀⠀
2026-09-16T06:17:50.824067484Z [INFO] EDGETRADER-VIRTUAL.TradingNode: ⠀⠀⠀⠀⠀⠀⢀⣴⡇⢀⣾⣿⣿⣿⣿⣿⠀⣾⣿⣿⣿⣿⣿⣿⣿⠿⠓⠀⠀⠀⠀
2026-09-16T06:17:50.824068430Z [INFO] EDGETRADER-VIRTUAL.TradingNode: ⠀⠀⠀⠀⠀⣰⣿⣿⡀⢸⣿⣿⣿⣿⣿⣿⠀⣿⣿⣿⣿⣿⣿⠟⠁⣠⣄⠀⠀⠀⠀
2026-09-16T06:17:50.824069503Z [INFO] EDGETRADER-VIRTUAL.TradingNode: ⠀⠀⠀⠀⢠⣿⣿⣿⣇⠀⢿⣿⣿⣿⣿⣿⠀⢻⣿⣿⣿⡿⢃⣠⣾⣿⣿⣧⡀⠀⠀
2026-09-16T06:17:50.824069609Z [INFO] EDGETRADER-VIRTUAL.TradingNode: ⠀⠀⠀⠠⣾⣿⣿⣿⣿⣿⣧⠈⠋⢀⣴⣧⠀⣿⡏⢠⡀⢸⣿⣿⣿⣿⣿⣿⣿⡇⠀
2026-09-16T06:17:50.824069700Z [INFO] EDGETRADER-VIRTUAL.TradingNode: ⠀⠀⠀⣀⠙⢿⣿⣿⣿⣿⣿⠇⢠⣿⣿⣿⡄⠹⠃⠼⠃⠈⠉⠛⠛⠛⠛⠛⠻⠇⠀
2026-09-16T06:17:50.824069796Z [INFO] EDGETRADER-VIRTUAL.TradingNode: ⠀⠀⢸⡟⢠⣤⠉⠛⠿⢿⣿⠀⢸⣿⡿⠋⣠⣤⣄⠀⣾⣿⣿⣶⣶⣶⣦⡄⠀⠀⠀
2026-09-16T06:17:50.824069888Z [INFO] EDGETRADER-VIRTUAL.TradingNode: ⠀⠀⠸⠀⣾⠏⣸⣷⠂⣠⣤⠀⠘⢁⣴⣾⣿⣿⣿⡆⠘⣿⣿⣿⣿⣿⣿⠀⠀⠀⠀
2026-09-16T06:17:50.824069979Z [INFO] EDGETRADER-VIRTUAL.TradingNode: ⠀⠀⠀⠀⠛⠀⣿⡟⠀⢻⣿⡄⠸⣿⣿⣿⣿⣿⣿⣿⡀⠘⣿⣿⣿⣿⠟⠀⠀⠀⠀
2026-09-16T06:17:50.824070072Z [INFO] EDGETRADER-VIRTUAL.TradingNode: ⠀⠀⠀⠀⠀⠀⣿⠇⠀⠀⢻⡿⠀⠈⠻⣿⣿⣿⣿⣿⡇⠀⢹⣿⠿⠋⠀⠀⠀⠀⠀
2026-09-16T06:17:50.824070275Z [INFO] EDGETRADER-VIRTUAL.TradingNode: ⠀⠀⠀⠀⠀⠀⠋⠀⠀⠀⡘⠁⠀⠀⠀⠀⠀⠀⠀⠀⠀⠀⠈⠁⠀⠀⠀⠀⠀⠀⠀
2026-09-16T06:17:50.824071654Z [INFO] EDGETRADER-VIRTUAL.TradingNode:
2026-09-16T06:17:50.824071747Z [INFO] EDGETRADER-VIRTUAL.TradingNode: =================================================================
2026-09-16T06:17:50.824071870Z [INFO] EDGETRADER-VIRTUAL.TradingNode:  SYSTEM SPECIFICATION
2026-09-16T06:17:50.824071988Z [INFO] EDGETRADER-VIRTUAL.TradingNode: =================================================================
2026-09-16T06:17:50.824073512Z [INFO] EDGETRADER-VIRTUAL.TradingNode: CPU architecture: 12th Gen Intel(R) Core(TM) i5-1235U
2026-09-16T06:17:50.824074350Z [INFO] EDGETRADER-VIRTUAL.TradingNode: CPU(s): 4 @ 2495 MHz
2026-09-16T06:17:50.824075485Z [INFO] EDGETRADER-VIRTUAL.TradingNode: OS: kernel-5.15.167.4-microsoft-standard-WSL2 Linux (Debian GNU/Linux 13)
2026-09-16T06:17:50.824109719Z [INFO] EDGETRADER-VIRTUAL.TradingNode: =================================================================
2026-09-16T06:17:50.824109882Z [INFO] EDGETRADER-VIRTUAL.TradingNode:  MEMORY USAGE
2026-09-16T06:17:50.824110017Z [INFO] EDGETRADER-VIRTUAL.TradingNode: =================================================================
2026-09-16T06:17:50.824112105Z [INFO] EDGETRADER-VIRTUAL.TradingNode: RAM-Total: 15.33 GiB
2026-09-16T06:17:50.824114473Z [INFO] EDGETRADER-VIRTUAL.TradingNode: RAM-Used: 2.78 GiB (18.11%)
2026-09-16T06:17:50.824114914Z [INFO] EDGETRADER-VIRTUAL.TradingNode: RAM-Avail: 12.55 GiB (81.89%)
2026-09-16T06:17:50.824115868Z [INFO] EDGETRADER-VIRTUAL.TradingNode: Swap-Total: 16.00 GiB
2026-09-16T06:17:50.824116257Z [INFO] EDGETRADER-VIRTUAL.TradingNode: Swap-Used: 0.00 GiB (0.00%)
2026-09-16T06:17:50.824117017Z [INFO] EDGETRADER-VIRTUAL.TradingNode: Swap-Avail: 16.00 GiB (100.00%)
2026-09-16T06:17:50.824117554Z [INFO] EDGETRADER-VIRTUAL.TradingNode: =================================================================
2026-09-16T06:17:50.824117697Z [INFO] EDGETRADER-VIRTUAL.TradingNode:  IDENTIFIERS
2026-09-16T06:17:50.824117935Z [INFO] EDGETRADER-VIRTUAL.TradingNode: =================================================================
2026-09-16T06:17:50.824119092Z [INFO] EDGETRADER-VIRTUAL.TradingNode: trader_id: EDGETRADER-VIRTUAL
2026-09-16T06:17:50.824119583Z [INFO] EDGETRADER-VIRTUAL.TradingNode: machine_id: 959e3e62aa4e
2026-09-16T06:17:50.824121662Z [INFO] EDGETRADER-VIRTUAL.TradingNode: instance_id: bcdc6182-08ec-49a8-b439-40dab5c12fb6
2026-09-16T06:17:50.824122283Z [INFO] EDGETRADER-VIRTUAL.TradingNode: PID: 1
2026-09-16T06:17:50.824122404Z [INFO] EDGETRADER-VIRTUAL.TradingNode: =================================================================
2026-09-16T06:17:50.824122535Z [INFO] EDGETRADER-VIRTUAL.TradingNode:  VERSIONING
2026-09-16T06:17:50.824122660Z [INFO] EDGETRADER-VIRTUAL.TradingNode: =================================================================
2026-09-16T06:17:50.824139775Z [INFO] EDGETRADER-VIRTUAL.TradingNode: nautilus_trader: 1.228.0
2026-09-16T06:17:50.824156748Z [INFO] EDGETRADER-VIRTUAL.TradingNode: python: 3.12.14
2026-09-16T06:17:50.824161038Z [INFO] EDGETRADER-VIRTUAL.TradingNode: numpy: 2.5.2
2026-09-16T06:17:50.824164942Z [INFO] EDGETRADER-VIRTUAL.TradingNode: pandas: 2.3.3
2026-09-16T06:17:50.824168718Z [INFO] EDGETRADER-VIRTUAL.TradingNode: msgspec: 0.21.1
2026-09-16T06:17:50.824171916Z [INFO] EDGETRADER-VIRTUAL.TradingNode: pyarrow: 25.0.1
2026-09-16T06:17:50.824174217Z [INFO] EDGETRADER-VIRTUAL.TradingNode: pytz: 2026.3.post1
2026-09-16T06:17:50.824176319Z [INFO] EDGETRADER-VIRTUAL.TradingNode: uvloop: 0.22.1
2026-09-16T06:17:50.824176459Z [INFO] EDGETRADER-VIRTUAL.TradingNode: =================================================================
2026-09-16T06:17:50.825546496Z [INFO] EDGETRADER-VIRTUAL.TradingNode: Building system kernel
2026-09-16T06:17:50.826295399Z [INFO] EDGETRADER-VIRTUAL.MessageBus: config.database=None
2026-09-16T06:17:50.826312512Z [INFO] EDGETRADER-VIRTUAL.MessageBus: config.encoding='msgpack'
2026-09-16T06:17:50.826314388Z [INFO] EDGETRADER-VIRTUAL.MessageBus: config.timestamps_as_iso8601=False
2026-09-16T06:17:50.826315099Z [INFO] EDGETRADER-VIRTUAL.MessageBus: config.buffer_interval_ms=None
2026-09-16T06:17:50.826316024Z [INFO] EDGETRADER-VIRTUAL.MessageBus: config.autotrim_mins=None
2026-09-16T06:17:50.826317144Z [INFO] EDGETRADER-VIRTUAL.MessageBus: config.use_trader_prefix=True
2026-09-16T06:17:50.826319054Z [INFO] EDGETRADER-VIRTUAL.MessageBus: config.use_trader_id=True
2026-09-16T06:17:50.826319786Z [INFO] EDGETRADER-VIRTUAL.MessageBus: config.use_instance_id=False
2026-09-16T06:17:50.826326010Z [INFO] EDGETRADER-VIRTUAL.MessageBus: config.streams_prefix='stream'
2026-09-16T06:17:50.826326841Z [INFO] EDGETRADER-VIRTUAL.MessageBus: config.types_filter=None
2026-09-16T06:17:50.826545024Z [INFO] EDGETRADER-VIRTUAL.Cache: READY
2026-09-16T06:17:50.827690527Z [INFO] EDGETRADER-VIRTUAL.DataEngine: READY
2026-09-16T06:17:50.828504693Z [INFO] EDGETRADER-VIRTUAL.DataEngine: config.graceful_shutdown_on_exception=False
2026-09-16T06:17:50.829003966Z [INFO] EDGETRADER-VIRTUAL.RiskEngine: READY
2026-09-16T06:17:50.830979188Z [INFO] EDGETRADER-VIRTUAL.RiskEngine: TradingState is ACTIVE
2026-09-16T06:17:50.831194419Z [INFO] EDGETRADER-VIRTUAL.Throttler-ORDER_SUBMIT_THROTTLER: READY
2026-09-16T06:17:50.831260069Z [INFO] EDGETRADER-VIRTUAL.RiskEngine: Set MAX_ORDER_SUBMIT_RATE: 100/00:00:01
2026-09-16T06:17:50.831306519Z [INFO] EDGETRADER-VIRTUAL.Throttler-ORDER_MODIFY_THROTTLER: READY
2026-09-16T06:17:50.831330060Z [INFO] EDGETRADER-VIRTUAL.RiskEngine: Set MAX_ORDER_MODIFY_RATE: 100/00:00:01
2026-09-16T06:17:50.831388250Z [INFO] EDGETRADER-VIRTUAL.RiskEngine: config.graceful_shutdown_on_exception=False
2026-09-16T06:17:50.831519760Z [INFO] EDGETRADER-VIRTUAL.ExecEngine: READY
2026-09-16T06:17:50.831572024Z [INFO] EDGETRADER-VIRTUAL.ExecEngine: config.snapshot_orders=True
2026-09-16T06:17:50.831588025Z [INFO] EDGETRADER-VIRTUAL.ExecEngine: config.snapshot_positions=True
2026-09-16T06:17:50.831589781Z [INFO] EDGETRADER-VIRTUAL.ExecEngine: config.snapshot_positions_interval_secs=None
2026-09-16T06:17:50.831590603Z [INFO] EDGETRADER-VIRTUAL.ExecEngine: config.allow_overfills=False
2026-09-16T06:17:50.831643576Z [INFO] EDGETRADER-VIRTUAL.ExecEngine: config.reconciliation=True
2026-09-16T06:17:50.831655234Z [INFO] EDGETRADER-VIRTUAL.ExecEngine: config.reconciliation_lookback_mins=None
2026-09-16T06:17:50.831656970Z [INFO] EDGETRADER-VIRTUAL.ExecEngine: config.reconciliation_instrument_ids=None
2026-09-16T06:17:50.831658194Z [INFO] EDGETRADER-VIRTUAL.ExecEngine: config.filter_unclaimed_external_orders=False
2026-09-16T06:17:50.831659038Z [INFO] EDGETRADER-VIRTUAL.ExecEngine: config.filter_position_reports=False
2026-09-16T06:17:50.831661425Z [INFO] EDGETRADER-VIRTUAL.ExecEngine: config.filtered_client_order_ids=None
2026-09-16T06:17:50.831662360Z [INFO] EDGETRADER-VIRTUAL.ExecEngine: config.inflight_check_interval_ms=2000
2026-09-16T06:17:50.831663123Z [INFO] EDGETRADER-VIRTUAL.ExecEngine: config.inflight_check_threshold_ms=5000
2026-09-16T06:17:50.831663994Z [INFO] EDGETRADER-VIRTUAL.ExecEngine: config.inflight_check_retries=5
2026-09-16T06:17:50.831664877Z [INFO] EDGETRADER-VIRTUAL.ExecEngine: config.own_books_audit_interval_secs=None
2026-09-16T06:17:50.831665683Z [INFO] EDGETRADER-VIRTUAL.ExecEngine: config.open_check_interval_secs=None
2026-09-16T06:17:50.831666500Z [INFO] EDGETRADER-VIRTUAL.ExecEngine: config.open_check_open_only=True
2026-09-16T06:17:50.831667323Z [INFO] EDGETRADER-VIRTUAL.ExecEngine: config.open_check_lookback_mins=60
2026-09-16T06:17:50.831668105Z [INFO] EDGETRADER-VIRTUAL.ExecEngine: config.open_check_threshold_ms=5000
2026-09-16T06:17:50.831670559Z [INFO] EDGETRADER-VIRTUAL.ExecEngine: config.open_check_missing_retries=5
2026-09-16T06:17:50.831671369Z [INFO] EDGETRADER-VIRTUAL.ExecEngine: config.max_single_order_queries_per_cycle=10
2026-09-16T06:17:50.831672386Z [INFO] EDGETRADER-VIRTUAL.ExecEngine: config.single_order_query_delay_ms=100
2026-09-16T06:17:50.831673108Z [INFO] EDGETRADER-VIRTUAL.ExecEngine: config.position_check_interval_secs=None
2026-09-16T06:17:50.831673876Z [INFO] EDGETRADER-VIRTUAL.ExecEngine: config.position_check_lookback_mins=60
2026-09-16T06:17:50.831674645Z [INFO] EDGETRADER-VIRTUAL.ExecEngine: config.position_check_threshold_ms=5000
2026-09-16T06:17:50.831675373Z [INFO] EDGETRADER-VIRTUAL.ExecEngine: config.position_check_retries=3
2026-09-16T06:17:50.831677913Z [INFO] EDGETRADER-VIRTUAL.ExecEngine: config.reconciliation_startup_delay_secs=10.0
2026-09-16T06:17:50.831680191Z [INFO] EDGETRADER-VIRTUAL.ExecEngine: config.purge_closed_orders_interval_mins=None
2026-09-16T06:17:50.831681095Z [INFO] EDGETRADER-VIRTUAL.ExecEngine: config.purge_closed_orders_buffer_mins=None
2026-09-16T06:17:50.831681841Z [INFO] EDGETRADER-VIRTUAL.ExecEngine: config.purge_closed_positions_interval_mins=None
2026-09-16T06:17:50.831682571Z [INFO] EDGETRADER-VIRTUAL.ExecEngine: config.purge_closed_positions_buffer_mins=None
2026-09-16T06:17:50.831683269Z [INFO] EDGETRADER-VIRTUAL.ExecEngine: config.purge_account_events_interval_mins=None
2026-09-16T06:17:50.831684022Z [INFO] EDGETRADER-VIRTUAL.ExecEngine: config.purge_account_events_lookback_mins=None
2026-09-16T06:17:50.831684863Z [INFO] EDGETRADER-VIRTUAL.ExecEngine: config.purge_from_database=False
2026-09-16T06:17:50.831685613Z [INFO] EDGETRADER-VIRTUAL.ExecEngine: config.graceful_shutdown_on_exception=False
2026-09-16T06:17:50.833772386Z [INFO] EDGETRADER-VIRTUAL.Cache: Cached 0 general objects from database
2026-09-16T06:17:50.833827450Z [INFO] EDGETRADER-VIRTUAL.Cache: Cached 0 currencies from database
2026-09-16T06:17:50.833968760Z [INFO] EDGETRADER-VIRTUAL.Cache: Cached 0 instruments from database
2026-09-16T06:17:50.834314674Z [INFO] EDGETRADER-VIRTUAL.Cache: Cached 0 accounts from database
2026-09-16T06:17:50.834363948Z [INFO] EDGETRADER-VIRTUAL.Cache: Cached 0 orders from database
2026-09-16T06:17:50.834385664Z [INFO] EDGETRADER-VIRTUAL.Cache: Cached 0 order lists from database
2026-09-16T06:17:50.834395663Z [INFO] EDGETRADER-VIRTUAL.Cache: Cached 0 positions from database
2026-09-16T06:17:50.834427254Z [INFO] EDGETRADER-VIRTUAL.Cache: Checking data integrity
2026-09-16T06:17:50.834448817Z [INFO] EDGETRADER-VIRTUAL.Cache: Integrity check passed in 11μs
2026-09-16T06:17:50.834623730Z [INFO] EDGETRADER-VIRTUAL.ExecEngine: Loaded cache in 2ms
2026-09-16T06:17:50.835787068Z [INFO] EDGETRADER-VIRTUAL.OrderEmulator: READY
2026-09-16T06:17:50.836015201Z [INFO] EDGETRADER-VIRTUAL.EDGETRADER-VIRTUAL: READY
2026-09-16T06:17:50.836629546Z [INFO] EDGETRADER-VIRTUAL.Controller: READY
2026-09-16T06:17:50.836705414Z [INFO] EDGETRADER-VIRTUAL.EDGETRADER-VIRTUAL: Registered Component Controller
2026-09-16T06:17:50.836740082Z [INFO] EDGETRADER-VIRTUAL.TradingNode: Initialized in 26ms
2026-09-16T06:17:50.836810150Z [INFO] EDGETRADER-VIRTUAL.TradingNode: has_cache_backing=False
2026-09-16T06:17:50.836811786Z [INFO] EDGETRADER-VIRTUAL.TradingNode: has_msgbus_backing=False
2026-09-16T06:17:50.836832266Z [INFO] EDGETRADER-VIRTUAL.TradingNode: Building data client for BINANCE
2026-09-16T06:17:50.926779032Z [INFO] EDGETRADER-VIRTUAL.BinanceSpotInstrumentProvider: READY
2026-09-16T06:17:50.927822317Z [INFO] EDGETRADER-VIRTUAL.DataClient-BINANCE: READY
2026-09-16T06:17:50.927936737Z [INFO] EDGETRADER-VIRTUAL.DataClient-BINANCE: Account type: SPOT
2026-09-16T06:17:50.927942572Z [INFO] EDGETRADER-VIRTUAL.DataClient-BINANCE: config.update_instruments_interval_mins=60
2026-09-16T06:17:50.927944128Z [INFO] EDGETRADER-VIRTUAL.DataClient-BINANCE: config.use_agg_trade_ticks=False
2026-09-16T06:17:50.927966147Z [INFO] EDGETRADER-VIRTUAL.DataClient-BINANCE: Base url HTTP https://api.binance.com
2026-09-16T06:17:50.927967001Z [INFO] EDGETRADER-VIRTUAL.DataClient-BINANCE: Base url WebSocket wss://stream.binance.com:9443
2026-09-16T06:17:50.928349052Z [INFO] EDGETRADER-VIRTUAL.DataEngine: Registered BINANCE
2026-09-16T06:17:50.928375321Z [INFO] EDGETRADER-VIRTUAL.TradingNode: Building execution client for BINANCE
2026-09-16T06:17:50.929703871Z [INFO] EDGETRADER-VIRTUAL.InstrumentProvider: READY
2026-09-16T06:17:50.929792485Z [INFO] EDGETRADER-VIRTUAL.ExecClient-BINANCE: READY
2026-09-16T06:17:50.931016659Z [INFO] EDGETRADER-VIRTUAL.SimulatedExchange(BINANCE): OmsType=NETTING
2026-09-16T06:17:50.932495863Z [INFO] EDGETRADER-VIRTUAL.ExecClient-BINANCE: READY
2026-09-16T06:17:50.932914697Z [INFO] EDGETRADER-VIRTUAL.SimulatedExchange(BINANCE): Registered ExecutionClient-BINANCE
2026-09-16T06:17:50.934127921Z [INFO] EDGETRADER-VIRTUAL.Portfolio: Updated AccountState(account_id=BINANCE-001, account_type=CASH, base_currency=None, is_reported=True, balances=[AccountBalance(total=10_000.00000000 USDT, locked=0.00000000 USDT, free=10_000.00000000 USDT), AccountBalance(total=1.00000000 BTC, locked=0.00000000 BTC, free=1.00000000 BTC)], margins=[], event_id=2f447e4d-0119-46e6-aa83-4e49a377aff1)
2026-09-16T06:17:50.934287012Z [INFO] EDGETRADER-VIRTUAL.ExecEngine: Registered ExecutionClient-BINANCE
Connecting to Postgres (trade_events)...
✅ Event‑sourcing tables ready
2026-09-16T06:17:51.602463773Z [INFO] EDGETRADER-VIRTUAL.TradingNode: STARTING
2026-09-16T06:17:51.602611363Z [INFO] EDGETRADER-VIRTUAL.DataClient-BINANCE: RUNNING
2026-09-16T06:17:51.602787001Z [INFO] EDGETRADER-VIRTUAL.DataEngine: RUNNING
2026-09-16T06:17:51.602824079Z [INFO] EDGETRADER-VIRTUAL.RiskEngine: RUNNING
2026-09-16T06:17:51.602850180Z [INFO] EDGETRADER-VIRTUAL.ExecClient-BINANCE: RUNNING
2026-09-16T06:17:51.602870295Z [INFO] EDGETRADER-VIRTUAL.ExecEngine: Started reconciliation task
2026-09-16T06:17:51.602883510Z [INFO] EDGETRADER-VIRTUAL.ExecEngine: RUNNING
2026-09-16T06:17:51.602891543Z [INFO] EDGETRADER-VIRTUAL.DataEngine: Connecting all clients...
2026-09-16T06:17:51.602897679Z [INFO] EDGETRADER-VIRTUAL.DataClient-BINANCE: Connecting...
2026-09-16T06:17:51.602926394Z [INFO] EDGETRADER-VIRTUAL.ExecEngine: Connecting all clients...
2026-09-16T06:17:51.602953927Z [INFO] EDGETRADER-VIRTUAL.ExecClient-BINANCE: Connecting...
⏳ Waiting for the TradingNode to finish starting...
2026-09-16T06:17:51.603702416Z [INFO] EDGETRADER-VIRTUAL.ExecClient-BINANCE: Connected
2026-09-16T06:17:51.603773894Z [INFO] EDGETRADER-VIRTUAL.TradingNode: Awaiting engine connections and initializations (30.0s timeout)...
2026-09-16T06:17:51.605633757Z [INFO] EDGETRADER-VIRTUAL.ExecEngine: Starting continuous reconciliation with intervals: inflight=2000ms, consistency=Nones, position=Nones
2026-09-16T06:17:51.605666063Z [INFO] EDGETRADER-VIRTUAL.ExecEngine: Awaiting startup reconciliation completion before starting continuous checks
2026-09-16T06:17:51.605692543Z [INFO] EDGETRADER-VIRTUAL.BinanceSpotInstrumentProvider: Initializing instruments...
2026-09-16T06:17:51.605696479Z [INFO] EDGETRADER-VIRTUAL.BinanceSpotInstrumentProvider: Loading all instruments...
2026-09-16T06:17:56.058940788Z [INFO] EDGETRADER-VIRTUAL.BinanceSpotInstrumentProvider: Loaded 3699 instruments
2026-09-16T06:17:56.058993120Z [INFO] EDGETRADER-VIRTUAL.BinanceSpotInstrumentProvider: Initialized instruments
2026-09-16T06:17:56.069646672Z [INFO] EDGETRADER-VIRTUAL.DataClient-BINANCE: Connected
2026-09-16T06:17:56.069849464Z [INFO] EDGETRADER-VIRTUAL.TradingNode: Awaiting execution state reconciliation (10.0s timeout)...
2026-09-16T06:17:56.073382505Z [INFO] EDGETRADER-VIRTUAL.SimulatedExchange(BINANCE): Added instrument ETHBTC.BINANCE and created matching engine
2026-09-16T06:17:56.074000552Z [INFO] EDGETRADER-VIRTUAL.SimulatedExchange(BINANCE): Added instrument LTCBTC.BINANCE and created matching engine
2026-09-16T06:17:56.074078625Z [INFO] EDGETRADER-VIRTUAL.SimulatedExchange(BINANCE): Added instrument BNBBTC.BINANCE and created matching engine
2026-09-16T06:17:56.074104451Z [INFO] EDGETRADER-VIRTUAL.SimulatedExchange(BINANCE): Added instrument NEOBTC.BINANCE and created matching engine
2026-09-16T06:17:56.074126148Z [INFO] EDGETRADER-VIRTUAL.SimulatedExchange(BINANCE): Added instrument QTUMETH.BINANCE and created matching engine
2026-09-16T06:17:56.074145606Z [INFO] EDGETRADER-VIRTUAL.SimulatedExchange(BINANCE): Added instrument EOSETH.BINANCE and created matching engine
2026-09-16T06:17:56.074218450Z [INFO] EDGETRADER-VIRTUAL.SimulatedExchange(BINANCE): Added instrument SNTETH.BINANCE and created matching engine
2026-09-16T06:17:56.074248898Z [INFO] EDGETRADER-VIRTUAL.SimulatedExchange(BINANCE): Added instrument BNTETH.BINANCE and created matching engine
2026-09-16T06:17:56.074271337Z [INFO] EDGETRADER-VIRTUAL.SimulatedExchange(BINANCE): Added instrument BCCBTC.BINANCE and created matching engine
2026-09-16T06:17:56.074291177Z [INFO] EDGETRADER-VIRTUAL.SimulatedExchange(BINANCE): Added instrument GASBTC.BINANCE and created matching engine
2026-09-16T06:17:56.074310768Z [INFO] EDGETRADER-VIRTUAL.SimulatedExchange(BINANCE): Added instrument BNBETH.BINANCE and created matching engine
2026-09-16T06:17:56.074338699Z [INFO] EDGETRADER-VIRTUAL.SimulatedExchange(BINANCE): Added instrument BTCUSDT.BINANCE and created matching engine
2026-09-16T06:17:56.074356464Z [INFO] EDGETRADER-VIRTUAL.SimulatedExchange(BINANCE): Added instrument ETHUSDT.BINANCE and created matching engine
2026-09-16T06:17:56.074376319Z [INFO] EDGETRADER-VIRTUAL.SimulatedExchange(BINANCE): Added instrument HSRBTC.BINANCE and created matching engine
2026-09-16T06:17:56.074399263Z [INFO] EDGETRADER-VIRTUAL.SimulatedExchange(BINANCE): Added instrument OAXETH.BINANCE and created matching engine
2026-09-16T06:17:56.074418832Z [INFO] EDGETRADER-VIRTUAL.SimulatedExchange(BINANCE): Added instrument DNTETH.BINANCE and created matching engine
2026-09-16T06:17:56.074439035Z [INFO] EDGETRADER-VIRTUAL.SimulatedExchange(BINANCE): Added instrument MCOETH.BINANCE and created matching engine
2026-09-16T06:17:56.074460212Z [INFO] EDGETRADER-VIRTUAL.SimulatedExchange(BINANCE): Added instrument ICNETH.BINANCE and created matching engine
2026-09-16T06:17:56.074478953Z [INFO] EDGETRADER-VIRTUAL.SimulatedExchange(BINANCE): Added instrument MCOBTC.BINANCE and created matching engine
2026-09-16T06:17:56.074520977Z [INFO] EDGETRADER-VIRTUAL.SimulatedExchange(BINANCE): Added instrument WTCBTC.BINANCE and created matching engine
2026-09-16T06:17:56.074626346Z [INFO] EDGETRADER-VIRTUAL.SimulatedExchange(BINANCE): Added instrument WTCETH.BINANCE and created matching engine
2026-09-16T06:17:56.074737210Z [INFO] EDGETRADER-VIRTUAL.SimulatedExchange(BINANCE): Added instrument LRCBTC.BINANCE and created matching engine
2026-09-16T06:17:56.074841200Z [INFO] EDGETRADER-VIRTUAL.SimulatedExchange(BINANCE): Added instrument LRCETH.BINANCE and created matching engine
2026-09-16T06:17:56.074919771Z [INFO] EDGETRADER-VIRTUAL.SimulatedExchange(BINANCE): Added instrument QTUMBTC.BINANCE and created matching engine
2026-09-16T06:17:56.074944871Z [INFO] EDGETRADER-VIRTUAL.SimulatedExchange(BINANCE): Added instrument YOYOBTC.BINANCE and created matching engine
2026-09-16T06:17:56.074998396Z [INFO] EDGETRADER-VIRTUAL.SimulatedExchange(BINANCE): Added instrument OMGBTC.BINANCE and created matching engine
2026-09-16T06:17:56.075066978Z [INFO] EDGETRADER-VIRTUAL.SimulatedExchange(BINANCE): Added instrument OMGETH.BINANCE and created matching engine
2026-09-16T06:17:56.075155523Z [INFO] EDGETRADER-VIRTUAL.SimulatedExchange(BINANCE): Added instrument ZRXBTC.BINANCE and created matching engine
2026-09-16T06:17:56.075239288Z [INFO] EDGETRADER-VIRTUAL.SimulatedExchange(BINANCE): Added instrument ZRXETH.BINANCE and created matching engine
2026-09-16T06:17:56.075354893Z [INFO] EDGETRADER-VIRTUAL.SimulatedExchange(BINANCE): Added instrument STRATBTC.BINANCE and created matching engine
2026-09-16T06:17:56.075438859Z [INFO] EDGETRADER-VIRTUAL.SimulatedExchange(BINANCE): Added instrument STRATETH.BINANCE and created matching engine
2026-09-16T06:17:56.075478941Z [INFO] EDGETRADER-VIRTUAL.SimulatedExchange(BINANCE): Added instrument SNGLSBTC.BINANCE and created matching engine
2026-09-16T06:17:56.075555941Z [INFO] EDGETRADER-VIRTUAL.SimulatedExchange(BINANCE): Added instrument SNGLSETH.BINANCE and created matching engine
2026-09-16T06:17:56.075663210Z [INFO] EDGETRADER-VIRTUAL.SimulatedExchange(BINANCE): Added instrument BQXBTC.BINANCE and created matching engine
2026-09-16T06:17:56.075738424Z [INFO] EDGETRADER-VIRTUAL.SimulatedExchange(BINANCE): Added instrument BQXETH.BINANCE and created matching engine
2026-09-16T06:17:56.075806647Z [INFO] EDGETRADER-VIRTUAL.SimulatedExchange(BINANCE): Added instrument KNCBTC.BINANCE and created matching engine
2026-09-16T06:17:56.075862213Z [INFO] EDGETRADER-VIRTUAL.SimulatedExchange(BINANCE): Added instrument KNCETH.BINANCE and created matching engine
2026-09-16T06:17:56.075887257Z [INFO] EDGETRADER-VIRTUAL.SimulatedExchange(BINANCE): Added instrument FUNBTC.BINANCE and created matching engine
2026-09-16T06:17:56.076101434Z [INFO] EDGETRADER-VIRTUAL.SimulatedExchange(BINANCE): Added instrument FUNETH.BINANCE and created matching engine
2026-09-16T06:17:56.076353761Z [INFO] EDGETRADER-VIRTUAL.SimulatedExchange(BINANCE): Added instrument SNMBTC.BINANCE and created matching engine
2026-09-16T06:17:56.076559999Z [INFO] EDGETRADER-VIRTUAL.SimulatedExchange(BINANCE): Added instrument SNMETH.BINANCE and created matching engine
2026-09-16T06:17:56.076733938Z [INFO] EDGETRADER-VIRTUAL.SimulatedExchange(BINANCE): Added instrument NEOETH.BINANCE and created matching engine
2026-09-16T06:17:56.076898336Z [INFO] EDGETRADER-VIRTUAL.SimulatedExchange(BINANCE): Added instrument IOTABTC.BINANCE and created matching engine
2026-09-16T06:17:56.077094898Z [INFO] EDGETRADER-VIRTUAL.SimulatedExchange(BINANCE): Added instrument IOTAETH.BINANCE and created matching engine
2026-09-16T06:17:56.077208852Z [INFO] EDGETRADER-VIRTUAL.SimulatedExchange(BINANCE): Added instrument LINKBTC.BINANCE and created matching engine
2026-09-16T06:17:56.077276357Z [INFO] EDGETRADER-VIRTUAL.SimulatedExchange(BINANCE): Added instrument LINKETH.BINANCE and created matching engine
2026-09-16T06:17:56.077341124Z [INFO] EDGETRADER-VIRTUAL.SimulatedExchange(BINANCE): Added instrument XVGBTC.BINANCE and created matching engine
2026-09-16T06:17:56.077399809Z [INFO] EDGETRADER-VIRTUAL.SimulatedExchange(BINANCE): Added instrument XVGETH.BINANCE and created matching engine
2026-09-16T06:17:56.077447006Z [INFO] EDGETRADER-VIRTUAL.SimulatedExchange(BINANCE): Added instrument SALTBTC.BINANCE and created matching engine
2026-09-16T06:17:56.077532098Z [INFO] EDGETRADER-VIRTUAL.SimulatedExchange(BINANCE): Added instrument SALTETH.BINANCE and created matching engine
2026-09-16T06:17:56.077633486Z [INFO] EDGETRADER-VIRTUAL.SimulatedExchange(BINANCE): Added instrument MDABTC.BINANCE and created matching engine
2026-09-16T06:17:56.077797273Z [INFO] EDGETRADER-VIRTUAL.SimulatedExchange(BINANCE): Added instrument MDAETH.BINANCE and created matching engine
2026-09-16T06:17:56.077941505Z [INFO] EDGETRADER-VIRTUAL.SimulatedExchange(BINANCE): Added instrument MTLBTC.BINANCE and created matching engine
2026-09-16T06:17:56.078344007Z [INFO] EDGETRADER-VIRTUAL.SimulatedExchange(BINANCE): Added instrument MTLETH.BINANCE and created matching engine
2026-09-16T06:17:56.078494152Z [INFO] EDGETRADER-VIRTUAL.SimulatedExchange(BINANCE): Added instrument SUBBTC.BINANCE and created matching engine
2026-09-16T06:17:56.078611436Z [INFO] EDGETRADER-VIRTUAL.SimulatedExchange(BINANCE): Added instrument SUBETH.BINANCE and created matching engine
2026-09-16T06:17:56.078648462Z [INFO] EDGETRADER-VIRTUAL.SimulatedExchange(BINANCE): Added instrument EOSBTC.BINANCE and created matching engine
2026-09-16T06:17:56.078672991Z [INFO] EDGETRADER-VIRTUAL.SimulatedExchange(BINANCE): Added instrument SNTBTC.BINANCE and created matching engine
2026-09-16T06:17:56.078694821Z [INFO] EDGETRADER-VIRTUAL.SimulatedExchange(BINANCE): Added instrument ETCETH.BINANCE and created matching engine
2026-09-16T06:17:56.078726830Z [INFO] EDGETRADER-VIRTUAL.SimulatedExchange(BINANCE): Added instrument ETCBTC.BINANCE and created matching engine
2026-09-16T06:17:56.078746931Z [INFO] EDGETRADER-VIRTUAL.SimulatedExchange(BINANCE): Added instrument MTHBTC.BINANCE and created matching engine
2026-09-16T06:17:56.078765854Z [INFO] EDGETRADER-VIRTUAL.SimulatedExchange(BINANCE): Added instrument MTHETH.BINANCE and created matching engine
2026-09-16T06:17:56.078962093Z [INFO] EDGETRADER-VIRTUAL.SimulatedExchange(BINANCE): Added instrument ENGBTC.BINANCE and created matching engine
2026-09-16T06:17:56.079073480Z [INFO] EDGETRADER-VIRTUAL.SimulatedExchange(BINANCE): Added instrument ENGETH.BINANCE and created matching engine
2026-09-16T06:17:56.079351249Z [INFO] EDGETRADER-VIRTUAL.SimulatedExchange(BINANCE): Added instrument DNTBTC.BINANCE and created matching engine
2026-09-16T06:17:56.079878789Z [INFO] EDGETRADER-VIRTUAL.SimulatedExchange(BINANCE): Added instrument ZECBTC.BINANCE and created matching engine
2026-09-16T06:17:56.080072826Z [INFO] EDGETRADER-VIRTUAL.SimulatedExchange(BINANCE): Added instrument ZECETH.BINANCE and created matching engine
2026-09-16T06:17:56.080267300Z [INFO] EDGETRADER-VIRTUAL.SimulatedExchange(BINANCE): Added instrument BNTBTC.BINANCE and created matching engine
2026-09-16T06:17:56.081294249Z [INFO] EDGETRADER-VIRTUAL.SimulatedExchange(BINANCE): Added instrument ASTBTC.BINANCE and created matching engine
2026-09-16T06:17:56.081524027Z [INFO] EDGETRADER-VIRTUAL.SimulatedExchange(BINANCE): Added instrument ASTETH.BINANCE and created matching engine
2026-09-16T06:17:56.081695983Z [INFO] EDGETRADER-VIRTUAL.SimulatedExchange(BINANCE): Added instrument DASHBTC.BINANCE and created matching engine
2026-09-16T06:17:56.081743856Z [INFO] EDGETRADER-VIRTUAL.SimulatedExchange(BINANCE): Added instrument DASHETH.BINANCE and created matching engine
2026-09-16T06:17:56.081785551Z [INFO] EDGETRADER-VIRTUAL.SimulatedExchange(BINANCE): Added instrument OAXBTC.BINANCE and created matching engine
2026-09-16T06:17:56.082454372Z [INFO] EDGETRADER-VIRTUAL.SimulatedExchange(BINANCE): Added instrument ICNBTC.BINANCE and created matching engine
2026-09-16T06:17:56.082583268Z [INFO] EDGETRADER-VIRTUAL.SimulatedExchange(BINANCE): Added instrument BTGBTC.BINANCE and created matching engine
2026-09-16T06:17:56.082724889Z [INFO] EDGETRADER-VIRTUAL.SimulatedExchange(BINANCE): Added instrument BTGETH.BINANCE and created matching engine
2026-09-16T06:17:56.082793835Z [INFO] EDGETRADER-VIRTUAL.SimulatedExchange(BINANCE): Added instrument EVXBTC.BINANCE and created matching engine
2026-09-16T06:17:56.082826300Z [INFO] EDGETRADER-VIRTUAL.SimulatedExchange(BINANCE): Added instrument EVXETH.BINANCE and created matching engine
2026-09-16T06:17:56.082848068Z [INFO] EDGETRADER-VIRTUAL.SimulatedExchange(BINANCE): Added instrument REQBTC.BINANCE and created matching engine
2026-09-16T06:17:56.082901409Z [INFO] EDGETRADER-VIRTUAL.SimulatedExchange(BINANCE): Added instrument REQETH.BINANCE and created matching engine
2026-09-16T06:17:56.082925617Z [INFO] EDGETRADER-VIRTUAL.SimulatedExchange(BINANCE): Added instrument VIBBTC.BINANCE and created matching engine
2026-09-16T06:17:56.082976885Z [INFO] EDGETRADER-VIRTUAL.SimulatedExchange(BINANCE): Added instrument VIBETH.BINANCE and created matching engine
2026-09-16T06:17:56.083023891Z [INFO] EDGETRADER-VIRTUAL.SimulatedExchange(BINANCE): Added instrument HSRETH.BINANCE and created matching engine
2026-09-16T06:17:56.083059829Z [INFO] EDGETRADER-VIRTUAL.SimulatedExchange(BINANCE): Added instrument TRXBTC.BINANCE and created matching engine
2026-09-16T06:17:56.083087044Z [INFO] EDGETRADER-VIRTUAL.SimulatedExchange(BINANCE): Added instrument TRXETH.BINANCE and created matching engine
2026-09-16T06:17:56.083266203Z [INFO] EDGETRADER-VIRTUAL.SimulatedExchange(BINANCE): Added instrument POWRBTC.BINANCE and created matching engine
2026-09-16T06:17:56.083604679Z [INFO] EDGETRADER-VIRTUAL.SimulatedExchange(BINANCE): Added instrument POWRETH.BINANCE and created matching engine
2026-09-16T06:17:56.083877019Z [INFO] EDGETRADER-VIRTUAL.SimulatedExchange(BINANCE): Added instrument ARKBTC.BINANCE and created matching engine
2026-09-16T06:17:56.084047167Z [INFO] EDGETRADER-VIRTUAL.SimulatedExchange(BINANCE): Added instrument ARKETH.BINANCE and created matching engine
2026-09-16T06:17:56.084118517Z [INFO] EDGETRADER-VIRTUAL.SimulatedExchange(BINANCE): Added instrument YOYOETH.BINANCE and created matching engine
2026-09-16T06:17:56.084189626Z [INFO] EDGETRADER-VIRTUAL.SimulatedExchange(BINANCE): Added instrument XRPBTC.BINANCE and created matching engine
2026-09-16T06:17:56.084247877Z [INFO] EDGETRADER-VIRTUAL.SimulatedExchange(BINANCE): Added instrument XRPETH.BINANCE and created matching engine
2026-09-16T06:17:56.084328992Z [INFO] EDGETRADER-VIRTUAL.SimulatedExchange(BINANCE): Added instrument MODBTC.BINANCE and created matching engine
2026-09-16T06:17:56.084404343Z [INFO] EDGETRADER-VIRTUAL.SimulatedExchange(BINANCE): Added instrument MODETH.BINANCE and created matching engine
2026-09-16T06:17:56.084469562Z [INFO] EDGETRADER-VIRTUAL.SimulatedExchange(BINANCE): Added instrument ENJBTC.BINANCE and created matching engine
2026-09-16T06:17:56.084516028Z [INFO] EDGETRADER-VIRTUAL.SimulatedExchange(BINANCE): Added instrument ENJETH.BINANCE and created matching engine
2026-09-16T06:17:56.084559853Z [INFO] EDGETRADER-VIRTUAL.SimulatedExchange(BINANCE): Added instrument STORJBTC.BINANCE and created matching engine
2026-09-16T06:17:56.084588484Z [INFO] EDGETRADER-VIRTUAL.SimulatedExchange(BINANCE): Added instrument STORJETH.BINANCE and created matching engine
2026-09-16T06:17:56.084619698Z [INFO] EDGETRADER-VIRTUAL.SimulatedExchange(BINANCE): Added instrument BNBUSDT.BINANCE and created matching engine
2026-09-16T06:17:56.084670377Z [INFO] EDGETRADER-VIRTUAL.SimulatedExchange(BINANCE): Added instrument VENBNB.BINANCE and created matching engine
2026-09-16T06:17:56.084732276Z [INFO] EDGETRADER-VIRTUAL.SimulatedExchange(BINANCE): Added instrument YOYOBNB.BINANCE and created matching engine
2026-09-16T06:17:56.084796782Z [INFO] EDGETRADER-VIRTUAL.SimulatedExchange(BINANCE): Added instrument POWRBNB.BINANCE and created matching engine
2026-09-16T06:17:56.085652069Z [INFO] EDGETRADER-VIRTUAL.SimulatedExchange(BINANCE): Added instrument VENBTC.BINANCE and created matching engine
2026-09-16T06:17:56.085973441Z [INFO] EDGETRADER-VIRTUAL.SimulatedExchange(BINANCE): Added instrument VENETH.BINANCE and created matching engine
2026-09-16T06:17:56.086141703Z [INFO] EDGETRADER-VIRTUAL.SimulatedExchange(BINANCE): Added instrument KMDBTC.BINANCE and created matching engine
2026-09-16T06:17:56.086205460Z [INFO] EDGETRADER-VIRTUAL.SimulatedExchange(BINANCE): Added instrument KMDETH.BINANCE and created matching engine
2026-09-16T06:17:56.086290001Z [INFO] EDGETRADER-VIRTUAL.SimulatedExchange(BINANCE): Added instrument NULSBNB.BINANCE and created matching engine
2026-09-16T06:17:56.086333854Z [INFO] EDGETRADER-VIRTUAL.SimulatedExchange(BINANCE): Added instrument RCNBTC.BINANCE and created matching engine
2026-09-16T06:17:56.086425139Z [INFO] EDGETRADER-VIRTUAL.SimulatedExchange(BINANCE): Added instrument RCNETH.BINANCE and created matching engine
2026-09-16T06:17:56.086485441Z [INFO] EDGETRADER-VIRTUAL.SimulatedExchange(BINANCE): Added instrument RCNBNB.BINANCE and created matching engine
2026-09-16T06:17:56.086532330Z [INFO] EDGETRADER-VIRTUAL.SimulatedExchange(BINANCE): Added instrument NULSBTC.BINANCE and created matching engine
2026-09-16T06:17:56.086657507Z [INFO] EDGETRADER-VIRTUAL.SimulatedExchange(BINANCE): Added instrument NULSETH.BINANCE and created matching engine
2026-09-16T06:17:56.086717606Z [INFO] EDGETRADER-VIRTUAL.SimulatedExchange(BINANCE): Added instrument RDNBTC.BINANCE and created matching engine
2026-09-16T06:17:56.086756856Z [INFO] EDGETRADER-VIRTUAL.SimulatedExchange(BINANCE): Added instrument RDNETH.BINANCE and created matching engine
2026-09-16T06:17:56.086795015Z [INFO] EDGETRADER-VIRTUAL.SimulatedExchange(BINANCE): Added instrument RDNBNB.BINANCE and created matching engine
2026-09-16T06:17:56.086835294Z [INFO] EDGETRADER-VIRTUAL.SimulatedExchange(BINANCE): Added instrument XMRBTC.BINANCE and created matching engine
2026-09-16T06:17:56.086875692Z [INFO] EDGETRADER-VIRTUAL.SimulatedExchange(BINANCE): Added instrument XMRETH.BINANCE and created matching engine
2026-09-16T06:17:56.086916506Z [INFO] EDGETRADER-VIRTUAL.SimulatedExchange(BINANCE): Added instrument DLTBNB.BINANCE and created matching engine
2026-09-16T06:17:56.087023036Z [INFO] EDGETRADER-VIRTUAL.SimulatedExchange(BINANCE): Added instrument WTCBNB.BINANCE and created matching engine
2026-09-16T06:17:56.087115349Z [INFO] EDGETRADER-VIRTUAL.SimulatedExchange(BINANCE): Added instrument DLTBTC.BINANCE and created matching engine
2026-09-16T06:17:56.087203960Z [INFO] EDGETRADER-VIRTUAL.SimulatedExchange(BINANCE): Added instrument DLTETH.BINANCE and created matching engine
2026-09-16T06:17:56.087248847Z [INFO] EDGETRADER-VIRTUAL.SimulatedExchange(BINANCE): Added instrument AMBBTC.BINANCE and created matching engine
2026-09-16T06:17:56.087299830Z [INFO] EDGETRADER-VIRTUAL.SimulatedExchange(BINANCE): Added instrument AMBETH.BINANCE and created matching engine
2026-09-16T06:17:56.087329068Z [INFO] EDGETRADER-VIRTUAL.SimulatedExchange(BINANCE): Added instrument AMBBNB.BINANCE and created matching engine
2026-09-16T06:17:56.087400299Z [INFO] EDGETRADER-VIRTUAL.SimulatedExchange(BINANCE): Added instrument BCCETH.BINANCE and created matching engine
2026-09-16T06:17:56.087443763Z [INFO] EDGETRADER-VIRTUAL.SimulatedExchange(BINANCE): Added instrument BCCUSDT.BINANCE and created matching engine
2026-09-16T06:17:56.087473065Z [INFO] EDGETRADER-VIRTUAL.SimulatedExchange(BINANCE): Added instrument BCCBNB.BINANCE and created matching engine
2026-09-16T06:17:56.087503414Z [INFO] EDGETRADER-VIRTUAL.SimulatedExchange(BINANCE): Added instrument BATBTC.BINANCE and created matching engine
2026-09-16T06:17:56.087630888Z [INFO] EDGETRADER-VIRTUAL.SimulatedExchange(BINANCE): Added instrument BATETH.BINANCE and created matching engine
2026-09-16T06:17:56.087732799Z [INFO] EDGETRADER-VIRTUAL.SimulatedExchange(BINANCE): Added instrument BATBNB.BINANCE and created matching engine
2026-09-16T06:17:56.087775151Z [INFO] EDGETRADER-VIRTUAL.SimulatedExchange(BINANCE): Added instrument BCPTBTC.BINANCE and created matching engine
2026-09-16T06:17:56.087805466Z [INFO] EDGETRADER-VIRTUAL.SimulatedExchange(BINANCE): Added instrument BCPTETH.BINANCE and created matching engine
2026-09-16T06:17:56.087836196Z [INFO] EDGETRADER-VIRTUAL.SimulatedExchange(BINANCE): Added instrument BCPTBNB.BINANCE and created matching engine
2026-09-16T06:17:56.087869543Z [INFO] EDGETRADER-VIRTUAL.SimulatedExchange(BINANCE): Added instrument ARNBTC.BINANCE and created matching engine
2026-09-16T06:17:56.087924177Z [INFO] EDGETRADER-VIRTUAL.SimulatedExchange(BINANCE): Added instrument ARNETH.BINANCE and created matching engine
2026-09-16T06:17:56.087996974Z [INFO] EDGETRADER-VIRTUAL.SimulatedExchange(BINANCE): Added instrument GVTBTC.BINANCE and created matching engine
2026-09-16T06:17:56.088054310Z [INFO] EDGETRADER-VIRTUAL.SimulatedExchange(BINANCE): Added instrument GVTETH.BINANCE and created matching engine
2026-09-16T06:17:56.088109676Z [INFO] EDGETRADER-VIRTUAL.SimulatedExchange(BINANCE): Added instrument CDTBTC.BINANCE and created matching engine
2026-09-16T06:17:56.088163496Z [INFO] EDGETRADER-VIRTUAL.SimulatedExchange(BINANCE): Added instrument CDTETH.BINANCE and created matching engine
2026-09-16T06:17:56.088221286Z [INFO] EDGETRADER-VIRTUAL.SimulatedExchange(BINANCE): Added instrument GXSBTC.BINANCE and created matching engine
2026-09-16T06:17:56.088274292Z [INFO] EDGETRADER-VIRTUAL.SimulatedExchange(BINANCE): Added instrument GXSETH.BINANCE and created matching engine
2026-09-16T06:17:56.088331219Z [INFO] EDGETRADER-VIRTUAL.SimulatedExchange(BINANCE): Added instrument NEOUSDT.BINANCE and created matching engine
2026-09-16T06:17:56.088386325Z [INFO] EDGETRADER-VIRTUAL.SimulatedExchange(BINANCE): Added instrument NEOBNB.BINANCE and created matching engine
2026-09-16T06:17:56.088503802Z [INFO] EDGETRADER-VIRTUAL.SimulatedExchange(BINANCE): Added instrument POEBTC.BINANCE and created matching engine
2026-09-16T06:17:56.088634099Z [INFO] EDGETRADER-VIRTUAL.SimulatedExchange(BINANCE): Added instrument POEETH.BINANCE and created matching engine
2026-09-16T06:17:56.088687635Z [INFO] EDGETRADER-VIRTUAL.SimulatedExchange(BINANCE): Added instrument QSPBTC.BINANCE and created matching engine
2026-09-16T06:17:56.088728806Z [INFO] EDGETRADER-VIRTUAL.SimulatedExchange(BINANCE): Added instrument QSPETH.BINANCE and created matching engine
2026-09-16T06:17:56.088764533Z [INFO] EDGETRADER-VIRTUAL.SimulatedExchange(BINANCE): Added instrument QSPBNB.BINANCE and created matching engine
2026-09-16T06:17:56.088797503Z [INFO] EDGETRADER-VIRTUAL.SimulatedExchange(BINANCE): Added instrument BTSBTC.BINANCE and created matching engine
2026-09-16T06:17:56.088829569Z [INFO] EDGETRADER-VIRTUAL.SimulatedExchange(BINANCE): Added instrument BTSETH.BINANCE and created matching engine
2026-09-16T06:17:56.088863248Z [INFO] EDGETRADER-VIRTUAL.SimulatedExchange(BINANCE): Added instrument BTSBNB.BINANCE and created matching engine
2026-09-16T06:17:56.088889095Z [INFO] EDGETRADER-VIRTUAL.SimulatedExchange(BINANCE): Added instrument XZCBTC.BINANCE and created matching engine
2026-09-16T06:17:56.088911266Z [INFO] EDGETRADER-VIRTUAL.SimulatedExchange(BINANCE): Added instrument XZCETH.BINANCE and created matching engine
2026-09-16T06:17:56.088934049Z [INFO] EDGETRADER-VIRTUAL.SimulatedExchange(BINANCE): Added instrument XZCBNB.BINANCE and created matching engine
2026-09-16T06:17:56.088957405Z [INFO] EDGETRADER-VIRTUAL.SimulatedExchange(BINANCE): Added instrument LSKBTC.BINANCE and created matching engine
2026-09-16T06:17:56.088980006Z [INFO] EDGETRADER-VIRTUAL.SimulatedExchange(BINANCE): Added instrument LSKETH.BINANCE and created matching engine
2026-09-16T06:17:56.089003023Z [INFO] EDGETRADER-VIRTUAL.SimulatedExchange(BINANCE): Added instrument LSKBNB.BINANCE and created matching engine
2026-09-16T06:17:56.089027548Z [INFO] EDGETRADER-VIRTUAL.SimulatedExchange(BINANCE): Added instrument TNTBTC.BINANCE and created matching engine
2026-09-16T06:17:56.089050058Z [INFO] EDGETRADER-VIRTUAL.SimulatedExchange(BINANCE): Added instrument TNTETH.BINANCE and created matching engine
2026-09-16T06:17:56.089073781Z [INFO] EDGETRADER-VIRTUAL.SimulatedExchange(BINANCE): Added instrument FUELBTC.BINANCE and created matching engine
2026-09-16T06:17:56.089097662Z [INFO] EDGETRADER-VIRTUAL.SimulatedExchange(BINANCE): Added instrument FUELETH.BINANCE and created matching engine
2026-09-16T06:17:56.089128569Z [INFO] EDGETRADER-VIRTUAL.SimulatedExchange(BINANCE): Added instrument MANABTC.BINANCE and created matching engine
2026-09-16T06:17:56.089165751Z [INFO] EDGETRADER-VIRTUAL.SimulatedExchange(BINANCE): Added instrument MANAETH.BINANCE and created matching engine
2026-09-16T06:17:56.089201042Z [INFO] EDGETRADER-VIRTUAL.SimulatedExchange(BINANCE): Added instrument BCDBTC.BINANCE and created matching engine
2026-09-16T06:17:56.089233879Z [INFO] EDGETRADER-VIRTUAL.SimulatedExchange(BINANCE): Added instrument BCDETH.BINANCE and created matching engine
2026-09-16T06:17:56.089265518Z [INFO] EDGETRADER-VIRTUAL.SimulatedExchange(BINANCE): Added instrument DGDBTC.BINANCE and created matching engine
2026-09-16T06:17:56.089298496Z [INFO] EDGETRADER-VIRTUAL.SimulatedExchange(BINANCE): Added instrument DGDETH.BINANCE and created matching engine
2026-09-16T06:17:56.089330239Z [INFO] EDGETRADER-VIRTUAL.SimulatedExchange(BINANCE): Added instrument IOTABNB.BINANCE and created matching engine
2026-09-16T06:17:56.089445003Z [INFO] EDGETRADER-VIRTUAL.SimulatedExchange(BINANCE): Added instrument ADXBTC.BINANCE and created matching engine
2026-09-16T06:17:56.089508000Z [INFO] EDGETRADER-VIRTUAL.SimulatedExchange(BINANCE): Added instrument ADXETH.BINANCE and created matching engine
2026-09-16T06:17:56.089576078Z [INFO] EDGETRADER-VIRTUAL.SimulatedExchange(BINANCE): Added instrument ADXBNB.BINANCE and created matching engine
2026-09-16T06:17:56.089625758Z [INFO] EDGETRADER-VIRTUAL.SimulatedExchange(BINANCE): Added instrument ADABTC.BINANCE and created matching engine
2026-09-16T06:17:56.089791118Z [INFO] EDGETRADER-VIRTUAL.SimulatedExchange(BINANCE): Added instrument ADAETH.BINANCE and created matching engine
2026-09-16T06:17:56.089838736Z [INFO] EDGETRADER-VIRTUAL.SimulatedExchange(BINANCE): Added instrument PPTBTC.BINANCE and created matching engine
2026-09-16T06:17:56.089876990Z [INFO] EDGETRADER-VIRTUAL.SimulatedExchange(BINANCE): Added instrument PPTETH.BINANCE and created matching engine
2026-09-16T06:17:56.089913039Z [INFO] EDGETRADER-VIRTUAL.SimulatedExchange(BINANCE): Added instrument CMTBTC.BINANCE and created matching engine
2026-09-16T06:17:56.089951267Z [INFO] EDGETRADER-VIRTUAL.SimulatedExchange(BINANCE): Added instrument CMTETH.BINANCE and created matching engine
2026-09-16T06:17:56.089988076Z [INFO] EDGETRADER-VIRTUAL.SimulatedExchange(BINANCE): Added instrument CMTBNB.BINANCE and created matching engine
2026-09-16T06:17:56.090080381Z [INFO] EDGETRADER-VIRTUAL.SimulatedExchange(BINANCE): Added instrument XLMBTC.BINANCE and created matching engine
2026-09-16T06:17:56.090131534Z [INFO] EDGETRADER-VIRTUAL.SimulatedExchange(BINANCE): Added instrument XLMETH.BINANCE and created matching engine
2026-09-16T06:17:56.090169635Z [INFO] EDGETRADER-VIRTUAL.SimulatedExchange(BINANCE): Added instrument XLMBNB.BINANCE and created matching engine
2026-09-16T06:17:56.090205595Z [INFO] EDGETRADER-VIRTUAL.SimulatedExchange(BINANCE): Added instrument CNDBTC.BINANCE and created matching engine
2026-09-16T06:17:56.090238954Z [INFO] EDGETRADER-VIRTUAL.SimulatedExchange(BINANCE): Added instrument CNDETH.BINANCE and created matching engine
2026-09-16T06:17:56.090272220Z [INFO] EDGETRADER-VIRTUAL.SimulatedExchange(BINANCE): Added instrument CNDBNB.BINANCE and created matching engine
2026-09-16T06:17:56.090304728Z [INFO] EDGETRADER-VIRTUAL.SimulatedExchange(BINANCE): Added instrument LENDBTC.BINANCE and created matching engine
2026-09-16T06:17:56.090338554Z [INFO] EDGETRADER-VIRTUAL.SimulatedExchange(BINANCE): Added instrument LENDETH.BINANCE and created matching engine
2026-09-16T06:17:56.090371763Z [INFO] EDGETRADER-VIRTUAL.SimulatedExchange(BINANCE): Added instrument WABIBTC.BINANCE and created matching engine
2026-09-16T06:17:56.090403117Z [INFO] EDGETRADER-VIRTUAL.SimulatedExchange(BINANCE): Added instrument WABIETH.BINANCE and created matching engine
2026-09-16T06:17:56.090437062Z [INFO] EDGETRADER-VIRTUAL.SimulatedExchange(BINANCE): Added instrument WABIBNB.BINANCE and created matching engine
2026-09-16T06:17:56.090471800Z [INFO] EDGETRADER-VIRTUAL.SimulatedExchange(BINANCE): Added instrument LTCETH.BINANCE and created matching engine
2026-09-16T06:17:56.090505892Z [INFO] EDGETRADER-VIRTUAL.SimulatedExchange(BINANCE): Added instrument LTCUSDT.BINANCE and created matching engine
2026-09-16T06:17:56.090539242Z [INFO] EDGETRADER-VIRTUAL.SimulatedExchange(BINANCE): Added instrument LTCBNB.BINANCE and created matching engine
2026-09-16T06:17:56.090573752Z [INFO] EDGETRADER-VIRTUAL.SimulatedExchange(BINANCE): Added instrument TNBBTC.BINANCE and created matching engine
2026-09-16T06:17:56.090608909Z [INFO] EDGETRADER-VIRTUAL.SimulatedExchange(BINANCE): Added instrument TNBETH.BINANCE and created matching engine
2026-09-16T06:17:56.090646695Z [INFO] EDGETRADER-VIRTUAL.SimulatedExchange(BINANCE): Added instrument WAVESBTC.BINANCE and created matching engine
2026-09-16T06:17:56.090679932Z [INFO] EDGETRADER-VIRTUAL.SimulatedExchange(BINANCE): Added instrument WAVESETH.BINANCE and created matching engine
2026-09-16T06:17:56.090714216Z [INFO] EDGETRADER-VIRTUAL.SimulatedExchange(BINANCE): Added instrument WAVESBNB.BINANCE and created matching engine
2026-09-16T06:17:56.090748330Z [INFO] EDGETRADER-VIRTUAL.SimulatedExchange(BINANCE): Added instrument GTOBTC.BINANCE and created matching engine
2026-09-16T06:17:56.090782076Z [INFO] EDGETRADER-VIRTUAL.SimulatedExchange(BINANCE): Added instrument GTOETH.BINANCE and created matching engine
2026-09-16T06:17:56.090816315Z [INFO] EDGETRADER-VIRTUAL.SimulatedExchange(BINANCE): Added instrument GTOBNB.BINANCE and created matching engine
2026-09-16T06:17:56.090852244Z [INFO] EDGETRADER-VIRTUAL.SimulatedExchange(BINANCE): Added instrument ICXBTC.BINANCE and created matching engine
2026-09-16T06:17:56.090887618Z [INFO] EDGETRADER-VIRTUAL.SimulatedExchange(BINANCE): Added instrument ICXETH.BINANCE and created matching engine
2026-09-16T06:17:56.090924793Z [INFO] EDGETRADER-VIRTUAL.SimulatedExchange(BINANCE): Added instrument ICXBNB.BINANCE and created matching engine
2026-09-16T06:17:56.090962073Z [INFO] EDGETRADER-VIRTUAL.SimulatedExchange(BINANCE): Added instrument OSTBTC.BINANCE and created matching engine
2026-09-16T06:17:56.090998150Z [INFO] EDGETRADER-VIRTUAL.SimulatedExchange(BINANCE): Added instrument OSTETH.BINANCE and created matching engine
2026-09-16T06:17:56.091032730Z [INFO] EDGETRADER-VIRTUAL.SimulatedExchange(BINANCE): Added instrument OSTBNB.BINANCE and created matching engine
2026-09-16T06:17:56.091070390Z [INFO] EDGETRADER-VIRTUAL.SimulatedExchange(BINANCE): Added instrument ELFBTC.BINANCE and created matching engine
2026-09-16T06:17:56.091104303Z [INFO] EDGETRADER-VIRTUAL.SimulatedExchange(BINANCE): Added instrument ELFETH.BINANCE and created matching engine
2026-09-16T06:17:56.091163272Z [INFO] EDGETRADER-VIRTUAL.SimulatedExchange(BINANCE): Added instrument AIONBTC.BINANCE and created matching engine
2026-09-16T06:17:56.091204642Z [INFO] EDGETRADER-VIRTUAL.SimulatedExchange(BINANCE): Added instrument AIONETH.BINANCE and created matching engine
2026-09-16T06:17:56.091248062Z [INFO] EDGETRADER-VIRTUAL.SimulatedExchange(BINANCE): Added instrument AIONBNB.BINANCE and created matching engine
2026-09-16T06:17:56.091285485Z [INFO] EDGETRADER-VIRTUAL.SimulatedExchange(BINANCE): Added instrument NEBLBTC.BINANCE and created matching engine
2026-09-16T06:17:56.091319965Z [INFO] EDGETRADER-VIRTUAL.SimulatedExchange(BINANCE): Added instrument NEBLBNB.BINANCE and created matching engine
2026-09-16T06:17:56.091454958Z [INFO] EDGETRADER-VIRTUAL.SimulatedExchange(BINANCE): Added instrument BRDBTC.BINANCE and created matching engine
2026-09-16T06:17:56.091539995Z [INFO] EDGETRADER-VIRTUAL.SimulatedExchange(BINANCE): Added instrument BRDETH.BINANCE and created matching engine
2026-09-16T06:17:56.091583914Z [INFO] EDGETRADER-VIRTUAL.SimulatedExchange(BINANCE): Added instrument BRDBNB.BINANCE and created matching engine
2026-09-16T06:17:56.091623131Z [INFO] EDGETRADER-VIRTUAL.SimulatedExchange(BINANCE): Added instrument MCOBNB.BINANCE and created matching engine
2026-09-16T06:17:56.091660519Z [INFO] EDGETRADER-VIRTUAL.SimulatedExchange(BINANCE): Added instrument EDOBTC.BINANCE and created matching engine
2026-09-16T06:17:56.091710000Z [INFO] EDGETRADER-VIRTUAL.SimulatedExchange(BINANCE): Added instrument EDOETH.BINANCE and created matching engine
2026-09-16T06:17:56.091748932Z [INFO] EDGETRADER-VIRTUAL.SimulatedExchange(BINANCE): Added instrument WINGSBTC.BINANCE and created matching engine
2026-09-16T06:17:56.091786421Z [INFO] EDGETRADER-VIRTUAL.SimulatedExchange(BINANCE): Added instrument WINGSETH.BINANCE and created matching engine
2026-09-16T06:17:56.091823815Z [INFO] EDGETRADER-VIRTUAL.SimulatedExchange(BINANCE): Added instrument NAVBTC.BINANCE and created matching engine
2026-09-16T06:17:56.091894535Z [INFO] EDGETRADER-VIRTUAL.SimulatedExchange(BINANCE): Added instrument NAVETH.BINANCE and created matching engine
2026-09-16T06:17:56.091952016Z [INFO] EDGETRADER-VIRTUAL.SimulatedExchange(BINANCE): Added instrument NAVBNB.BINANCE and created matching engine
2026-09-16T06:17:56.091995443Z [INFO] EDGETRADER-VIRTUAL.SimulatedExchange(BINANCE): Added instrument LUNBTC.BINANCE and created matching engine
2026-09-16T06:17:56.092032909Z [INFO] EDGETRADER-VIRTUAL.SimulatedExchange(BINANCE): Added instrument LUNETH.BINANCE and created matching engine
2026-09-16T06:17:56.092067433Z [INFO] EDGETRADER-VIRTUAL.SimulatedExchange(BINANCE): Added instrument TRIGBTC.BINANCE and created matching engine
2026-09-16T06:17:56.092094435Z [INFO] EDGETRADER-VIRTUAL.SimulatedExchange(BINANCE): Added instrument TRIGETH.BINANCE and created matching engine
2026-09-16T06:17:56.092120706Z [INFO] EDGETRADER-VIRTUAL.SimulatedExchange(BINANCE): Added instrument TRIGBNB.BINANCE and created matching engine
2026-09-16T06:17:56.092146637Z [INFO] EDGETRADER-VIRTUAL.SimulatedExchange(BINANCE): Added instrument APPCBTC.BINANCE and created matching engine
2026-09-16T06:17:56.092171613Z [INFO] EDGETRADER-VIRTUAL.SimulatedExchange(BINANCE): Added instrument APPCETH.BINANCE and created matching engine
2026-09-16T06:17:56.092196515Z [INFO] EDGETRADER-VIRTUAL.SimulatedExchange(BINANCE): Added instrument APPCBNB.BINANCE and created matching engine
2026-09-16T06:17:56.092224341Z [INFO] EDGETRADER-VIRTUAL.SimulatedExchange(BINANCE): Added instrument VIBEBTC.BINANCE and created matching engine
2026-09-16T06:17:56.092252720Z [INFO] EDGETRADER-VIRTUAL.SimulatedExchange(BINANCE): Added instrument VIBEETH.BINANCE and created matching engine
2026-09-16T06:17:56.092290925Z [INFO] EDGETRADER-VIRTUAL.SimulatedExchange(BINANCE): Added instrument RLCBTC.BINANCE and created matching engine
2026-09-16T06:17:56.092330368Z [INFO] EDGETRADER-VIRTUAL.SimulatedExchange(BINANCE): Added instrument RLCETH.BINANCE and created matching engine
2026-09-16T06:17:56.092363867Z [INFO] EDGETRADER-VIRTUAL.SimulatedExchange(BINANCE): Added instrument RLCBNB.BINANCE and created matching engine
2026-09-16T06:17:56.092405198Z [INFO] EDGETRADER-VIRTUAL.SimulatedExchange(BINANCE): Added instrument INSBTC.BINANCE and created matching engine
2026-09-16T06:17:56.092444785Z [INFO] EDGETRADER-VIRTUAL.SimulatedExchange(BINANCE): Added instrument INSETH.BINANCE and created matching engine
2026-09-16T06:17:56.092496275Z [INFO] EDGETRADER-VIRTUAL.SimulatedExchange(BINANCE): Added instrument PIVXBTC.BINANCE and created matching engine
2026-09-16T06:17:56.092539046Z [INFO] EDGETRADER-VIRTUAL.SimulatedExchange(BINANCE): Added instrument PIVXBNB.BINANCE and created matching engine
2026-09-16T06:17:56.092580637Z [INFO] EDGETRADER-VIRTUAL.SimulatedExchange(BINANCE): Added instrument IOSTBTC.BINANCE and created matching engine
2026-09-16T06:17:56.092629322Z [INFO] EDGETRADER-VIRTUAL.SimulatedExchange(BINANCE): Added instrument IOSTETH.BINANCE and created matching engine
2026-09-16T06:17:56.092675497Z [INFO] EDGETRADER-VIRTUAL.SimulatedExchange(BINANCE): Added instrument CHATBTC.BINANCE and created matching engine
2026-09-16T06:17:56.092717197Z [INFO] EDGETRADER-VIRTUAL.SimulatedExchange(BINANCE): Added instrument CHATETH.BINANCE and created matching engine
2026-09-16T06:17:56.092758259Z [INFO] EDGETRADER-VIRTUAL.SimulatedExchange(BINANCE): Added instrument STEEMBTC.BINANCE and created matching engine
2026-09-16T06:17:56.092806151Z [INFO] EDGETRADER-VIRTUAL.SimulatedExchange(BINANCE): Added instrument STEEMETH.BINANCE and created matching engine
2026-09-16T06:17:56.092853051Z [INFO] EDGETRADER-VIRTUAL.SimulatedExchange(BINANCE): Added instrument STEEMBNB.BINANCE and created matching engine
2026-09-16T06:17:56.092956809Z [INFO] EDGETRADER-VIRTUAL.SimulatedExchange(BINANCE): Added instrument NANOBTC.BINANCE and created matching engine
2026-09-16T06:17:56.093006227Z [INFO] EDGETRADER-VIRTUAL.SimulatedExchange(BINANCE): Added instrument NANOETH.BINANCE and created matching engine
2026-09-16T06:17:56.093048798Z [INFO] EDGETRADER-VIRTUAL.SimulatedExchange(BINANCE): Added instrument NANOBNB.BINANCE and created matching engine
2026-09-16T06:17:56.093092145Z [INFO] EDGETRADER-VIRTUAL.SimulatedExchange(BINANCE): Added instrument VIABTC.BINANCE and created matching engine
2026-09-16T06:17:56.093143172Z [INFO] EDGETRADER-VIRTUAL.SimulatedExchange(BINANCE): Added instrument VIAETH.BINANCE and created matching engine
2026-09-16T06:17:56.093184009Z [INFO] EDGETRADER-VIRTUAL.SimulatedExchange(BINANCE): Added instrument VIABNB.BINANCE and created matching engine
2026-09-16T06:17:56.093226628Z [INFO] EDGETRADER-VIRTUAL.SimulatedExchange(BINANCE): Added instrument BLZBTC.BINANCE and created matching engine
2026-09-16T06:17:56.093265688Z [INFO] EDGETRADER-VIRTUAL.SimulatedExchange(BINANCE): Added instrument BLZETH.BINANCE and created matching engine
2026-09-16T06:17:56.093309303Z [INFO] EDGETRADER-VIRTUAL.SimulatedExchange(BINANCE): Added instrument BLZBNB.BINANCE and created matching engine
2026-09-16T06:17:56.093350724Z [INFO] EDGETRADER-VIRTUAL.SimulatedExchange(BINANCE): Added instrument AEBTC.BINANCE and created matching engine
2026-09-16T06:17:56.093391189Z [INFO] EDGETRADER-VIRTUAL.SimulatedExchange(BINANCE): Added instrument AEETH.BINANCE and created matching engine
2026-09-16T06:17:56.093495835Z [INFO] EDGETRADER-VIRTUAL.SimulatedExchange(BINANCE): Added instrument AEBNB.BINANCE and created matching engine
2026-09-16T06:17:56.093571746Z [INFO] EDGETRADER-VIRTUAL.SimulatedExchange(BINANCE): Added instrument RPXBTC.BINANCE and created matching engine
2026-09-16T06:17:56.093626050Z [INFO] EDGETRADER-VIRTUAL.SimulatedExchange(BINANCE): Added instrument RPXETH.BINANCE and created matching engine
2026-09-16T06:17:56.093718108Z [INFO] EDGETRADER-VIRTUAL.SimulatedExchange(BINANCE): Added instrument RPXBNB.BINANCE and created matching engine
2026-09-16T06:17:56.093779796Z [INFO] EDGETRADER-VIRTUAL.SimulatedExchange(BINANCE): Added instrument NCASHBTC.BINANCE and created matching engine
2026-09-16T06:17:56.093823247Z [INFO] EDGETRADER-VIRTUAL.SimulatedExchange(BINANCE): Added instrument NCASHETH.BINANCE and created matching engine
2026-09-16T06:17:56.093863730Z [INFO] EDGETRADER-VIRTUAL.SimulatedExchange(BINANCE): Added instrument NCASHBNB.BINANCE and created matching engine
2026-09-16T06:17:56.093905474Z [INFO] EDGETRADER-VIRTUAL.SimulatedExchange(BINANCE): Added instrument POABTC.BINANCE and created matching engine
2026-09-16T06:17:56.093946312Z [INFO] EDGETRADER-VIRTUAL.SimulatedExchange(BINANCE): Added instrument POAETH.BINANCE and created matching engine
2026-09-16T06:17:56.093987160Z [INFO] EDGETRADER-VIRTUAL.SimulatedExchange(BINANCE): Added instrument POABNB.BINANCE and created matching engine
2026-09-16T06:17:56.094026881Z [INFO] EDGETRADER-VIRTUAL.SimulatedExchange(BINANCE): Added instrument ZILBTC.BINANCE and created matching engine
2026-09-16T06:17:56.094073053Z [INFO] EDGETRADER-VIRTUAL.SimulatedExchange(BINANCE): Added instrument ZILETH.BINANCE and created matching engine
2026-09-16T06:17:56.094113989Z [INFO] EDGETRADER-VIRTUAL.SimulatedExchange(BINANCE): Added instrument ZILBNB.BINANCE and created matching engine
2026-09-16T06:17:56.094158824Z [INFO] EDGETRADER-VIRTUAL.SimulatedExchange(BINANCE): Added instrument ONTBTC.BINANCE and created matching engine
2026-09-16T06:17:56.094203409Z [INFO] EDGETRADER-VIRTUAL.SimulatedExchange(BINANCE): Added instrument ONTETH.BINANCE and created matching engine
2026-09-16T06:17:56.094245851Z [INFO] EDGETRADER-VIRTUAL.SimulatedExchange(BINANCE): Added instrument ONTBNB.BINANCE and created matching engine
2026-09-16T06:17:56.094294118Z [INFO] EDGETRADER-VIRTUAL.SimulatedExchange(BINANCE): Added instrument STORMBTC.BINANCE and created matching engine
2026-09-16T06:17:56.094337507Z [INFO] EDGETRADER-VIRTUAL.SimulatedExchange(BINANCE): Added instrument STORMETH.BINANCE and created matching engine
2026-09-16T06:17:56.094379790Z [INFO] EDGETRADER-VIRTUAL.SimulatedExchange(BINANCE): Added instrument STORMBNB.BINANCE and created matching engine
2026-09-16T06:17:56.094425122Z [INFO] EDGETRADER-VIRTUAL.SimulatedExchange(BINANCE): Added instrument QTUMBNB.BINANCE and created matching engine
2026-09-16T06:17:56.094468049Z [INFO] EDGETRADER-VIRTUAL.SimulatedExchange(BINANCE): Added instrument QTUMUSDT.BINANCE and created matching engine
2026-09-16T06:17:56.094516372Z [INFO] EDGETRADER-VIRTUAL.SimulatedExchange(BINANCE): Added instrument XEMBTC.BINANCE and created matching engine
2026-09-16T06:17:56.094557628Z [INFO] EDGETRADER-VIRTUAL.SimulatedExchange(BINANCE): Added instrument XEMETH.BINANCE and created matching engine
2026-09-16T06:17:56.094600833Z [INFO] EDGETRADER-VIRTUAL.SimulatedExchange(BINANCE): Added instrument XEMBNB.BINANCE and created matching engine
2026-09-16T06:17:56.095665091Z [INFO] EDGETRADER-VIRTUAL.SimulatedExchange(BINANCE): Added instrument WANBTC.BINANCE and created matching engine
2026-09-16T06:17:56.095999972Z [INFO] EDGETRADER-VIRTUAL.SimulatedExchange(BINANCE): Added instrument WANETH.BINANCE and created matching engine
2026-09-16T06:17:56.096076681Z [INFO] EDGETRADER-VIRTUAL.SimulatedExchange(BINANCE): Added instrument WANBNB.BINANCE and created matching engine
2026-09-16T06:17:56.096113590Z [INFO] EDGETRADER-VIRTUAL.SimulatedExchange(BINANCE): Added instrument WPRBTC.BINANCE and created matching engine
2026-09-16T06:17:56.096145371Z [INFO] EDGETRADER-VIRTUAL.SimulatedExchange(BINANCE): Added instrument WPRETH.BINANCE and created matching engine
2026-09-16T06:17:56.096219322Z [INFO] EDGETRADER-VIRTUAL.SimulatedExchange(BINANCE): Added instrument QLCBTC.BINANCE and created matching engine
2026-09-16T06:17:56.096289629Z [INFO] EDGETRADER-VIRTUAL.SimulatedExchange(BINANCE): Added instrument QLCETH.BINANCE and created matching engine
2026-09-16T06:17:56.096338268Z [INFO] EDGETRADER-VIRTUAL.SimulatedExchange(BINANCE): Added instrument SYSBTC.BINANCE and created matching engine
2026-09-16T06:17:56.096384173Z [INFO] EDGETRADER-VIRTUAL.SimulatedExchange(BINANCE): Added instrument SYSETH.BINANCE and created matching engine
2026-09-16T06:17:56.096414638Z [INFO] EDGETRADER-VIRTUAL.SimulatedExchange(BINANCE): Added instrument SYSBNB.BINANCE and created matching engine
2026-09-16T06:17:56.096450143Z [INFO] EDGETRADER-VIRTUAL.SimulatedExchange(BINANCE): Added instrument QLCBNB.BINANCE and created matching engine
2026-09-16T06:17:56.096554455Z [INFO] EDGETRADER-VIRTUAL.SimulatedExchange(BINANCE): Added instrument GRSBTC.BINANCE and created matching engine
2026-09-16T06:17:56.096653577Z [INFO] EDGETRADER-VIRTUAL.SimulatedExchange(BINANCE): Added instrument GRSETH.BINANCE and created matching engine
2026-09-16T06:17:56.096725693Z [INFO] EDGETRADER-VIRTUAL.SimulatedExchange(BINANCE): Added instrument ADAUSDT.BINANCE and created matching engine
2026-09-16T06:17:56.097082818Z [INFO] EDGETRADER-VIRTUAL.SimulatedExchange(BINANCE): Added instrument ADABNB.BINANCE and created matching engine
2026-09-16T06:17:56.097190824Z [INFO] EDGETRADER-VIRTUAL.SimulatedExchange(BINANCE): Added instrument CLOAKBTC.BINANCE and created matching engine
2026-09-16T06:17:56.097269212Z [INFO] EDGETRADER-VIRTUAL.SimulatedExchange(BINANCE): Added instrument CLOAKETH.BINANCE and created matching engine
2026-09-16T06:17:56.097321349Z [INFO] EDGETRADER-VIRTUAL.SimulatedExchange(BINANCE): Added instrument GNTBTC.BINANCE and created matching engine
2026-09-16T06:17:56.097398439Z [INFO] EDGETRADER-VIRTUAL.SimulatedExchange(BINANCE): Added instrument GNTETH.BINANCE and created matching engine
2026-09-16T06:17:56.097482863Z [INFO] EDGETRADER-VIRTUAL.SimulatedExchange(BINANCE): Added instrument GNTBNB.BINANCE and created matching engine
2026-09-16T06:17:56.097535459Z [INFO] EDGETRADER-VIRTUAL.SimulatedExchange(BINANCE): Added instrument LOOMBTC.BINANCE and created matching engine
2026-09-16T06:17:56.097576198Z [INFO] EDGETRADER-VIRTUAL.SimulatedExchange(BINANCE): Added instrument LOOMETH.BINANCE and created matching engine
2026-09-16T06:17:56.097610051Z [INFO] EDGETRADER-VIRTUAL.SimulatedExchange(BINANCE): Added instrument LOOMBNB.BINANCE and created matching engine
2026-09-16T06:17:56.097642769Z [INFO] EDGETRADER-VIRTUAL.SimulatedExchange(BINANCE): Added instrument XRPUSDT.BINANCE and created matching engine
2026-09-16T06:17:56.097675587Z [INFO] EDGETRADER-VIRTUAL.SimulatedExchange(BINANCE): Added instrument BCNBTC.BINANCE and created matching engine
2026-09-16T06:17:56.097707486Z [INFO] EDGETRADER-VIRTUAL.SimulatedExchange(BINANCE): Added instrument BCNETH.BINANCE and created matching engine
2026-09-16T06:17:56.097738062Z [INFO] EDGETRADER-VIRTUAL.SimulatedExchange(BINANCE): Added instrument BCNBNB.BINANCE and created matching engine
2026-09-16T06:17:56.097812404Z [INFO] EDGETRADER-VIRTUAL.SimulatedExchange(BINANCE): Added instrument REPBTC.BINANCE and created matching engine
2026-09-16T06:17:56.097957437Z [INFO] EDGETRADER-VIRTUAL.SimulatedExchange(BINANCE): Added instrument REPBNB.BINANCE and created matching engine
2026-09-16T06:17:56.098262634Z [INFO] EDGETRADER-VIRTUAL.SimulatedExchange(BINANCE): Added instrument BTCTUSD.BINANCE and created matching engine
2026-09-16T06:17:56.098374905Z [INFO] EDGETRADER-VIRTUAL.SimulatedExchange(BINANCE): Added instrument TUSDBTC.BINANCE and created matching engine
2026-09-16T06:17:56.098508479Z [INFO] EDGETRADER-VIRTUAL.SimulatedExchange(BINANCE): Added instrument ETHTUSD.BINANCE and created matching engine
2026-09-16T06:17:56.098625275Z [INFO] EDGETRADER-VIRTUAL.SimulatedExchange(BINANCE): Added instrument TUSDETH.BINANCE and created matching engine
2026-09-16T06:17:56.098681975Z [INFO] EDGETRADER-VIRTUAL.SimulatedExchange(BINANCE): Added instrument TUSDBNB.BINANCE and created matching engine
2026-09-16T06:17:56.098752465Z [INFO] EDGETRADER-VIRTUAL.SimulatedExchange(BINANCE): Added instrument ZENBTC.BINANCE and created matching engine
2026-09-16T06:17:56.098851035Z [INFO] EDGETRADER-VIRTUAL.SimulatedExchange(BINANCE): Added instrument ZENETH.BINANCE and created matching engine
2026-09-16T06:17:56.098895565Z [INFO] EDGETRADER-VIRTUAL.SimulatedExchange(BINANCE): Added instrument ZENBNB.BINANCE and created matching engine
2026-09-16T06:17:56.099076241Z [INFO] EDGETRADER-VIRTUAL.SimulatedExchange(BINANCE): Added instrument SKYCOINBTC.BINANCE and created matching engine
2026-09-16T06:17:56.099194310Z [INFO] EDGETRADER-VIRTUAL.SimulatedExchange(BINANCE): Added instrument SKYCOINETH.BINANCE and created matching engine
2026-09-16T06:17:56.099235505Z [INFO] EDGETRADER-VIRTUAL.SimulatedExchange(BINANCE): Added instrument SKYCOINBNB.BINANCE and created matching engine
2026-09-16T06:17:56.099271798Z [INFO] EDGETRADER-VIRTUAL.SimulatedExchange(BINANCE): Added instrument EOSUSDT.BINANCE and created matching engine
2026-09-16T06:17:56.099314647Z [INFO] EDGETRADER-VIRTUAL.SimulatedExchange(BINANCE): Added instrument EOSBNB.BINANCE and created matching engine
2026-09-16T06:17:56.099478123Z [INFO] EDGETRADER-VIRTUAL.SimulatedExchange(BINANCE): Added instrument CVCBTC.BINANCE and created matching engine
2026-09-16T06:17:56.099609671Z [INFO] EDGETRADER-VIRTUAL.SimulatedExchange(BINANCE): Added instrument CVCETH.BINANCE and created matching engine
2026-09-16T06:17:56.099653544Z [INFO] EDGETRADER-VIRTUAL.SimulatedExchange(BINANCE): Added instrument CVCBNB.BINANCE and created matching engine
2026-09-16T06:17:56.099697838Z [INFO] EDGETRADER-VIRTUAL.SimulatedExchange(BINANCE): Added instrument THETABTC.BINANCE and created matching engine
2026-09-16T06:17:56.099730660Z [INFO] EDGETRADER-VIRTUAL.SimulatedExchange(BINANCE): Added instrument THETAETH.BINANCE and created matching engine
2026-09-16T06:17:56.099762113Z [INFO] EDGETRADER-VIRTUAL.SimulatedExchange(BINANCE): Added instrument THETABNB.BINANCE and created matching engine
2026-09-16T06:17:56.099795444Z [INFO] EDGETRADER-VIRTUAL.SimulatedExchange(BINANCE): Added instrument XRPBNB.BINANCE and created matching engine
2026-09-16T06:17:56.099830901Z [INFO] EDGETRADER-VIRTUAL.SimulatedExchange(BINANCE): Added instrument TUSDUSDT.BINANCE and created matching engine
2026-09-16T06:17:56.099876409Z [INFO] EDGETRADER-VIRTUAL.SimulatedExchange(BINANCE): Added instrument IOTAUSDT.BINANCE and created matching engine
2026-09-16T06:17:56.099917076Z [INFO] EDGETRADER-VIRTUAL.SimulatedExchange(BINANCE): Added instrument XLMUSDT.BINANCE and created matching engine
2026-09-16T06:17:56.099951250Z [INFO] EDGETRADER-VIRTUAL.SimulatedExchange(BINANCE): Added instrument IOTXBTC.BINANCE and created matching engine
2026-09-16T06:17:56.099984082Z [INFO] EDGETRADER-VIRTUAL.SimulatedExchange(BINANCE): Added instrument IOTXETH.BINANCE and created matching engine
2026-09-16T06:17:56.100021545Z [INFO] EDGETRADER-VIRTUAL.SimulatedExchange(BINANCE): Added instrument QKCBTC.BINANCE and created matching engine
2026-09-16T06:17:56.100193954Z [INFO] EDGETRADER-VIRTUAL.SimulatedExchange(BINANCE): Added instrument QKCETH.BINANCE and created matching engine
2026-09-16T06:17:56.100331805Z [INFO] EDGETRADER-VIRTUAL.SimulatedExchange(BINANCE): Added instrument AGIBTC.BINANCE and created matching engine
2026-09-16T06:17:56.100376519Z [INFO] EDGETRADER-VIRTUAL.SimulatedExchange(BINANCE): Added instrument AGIETH.BINANCE and created matching engine
2026-09-16T06:17:56.100466861Z [INFO] EDGETRADER-VIRTUAL.SimulatedExchange(BINANCE): Added instrument AGIBNB.BINANCE and created matching engine
2026-09-16T06:17:56.100503862Z [INFO] EDGETRADER-VIRTUAL.SimulatedExchange(BINANCE): Added instrument NXSBTC.BINANCE and created matching engine
2026-09-16T06:17:56.100536303Z [INFO] EDGETRADER-VIRTUAL.SimulatedExchange(BINANCE): Added instrument NXSETH.BINANCE and created matching engine
2026-09-16T06:17:56.100570785Z [INFO] EDGETRADER-VIRTUAL.SimulatedExchange(BINANCE): Added instrument NXSBNB.BINANCE and created matching engine
2026-09-16T06:17:56.100605138Z [INFO] EDGETRADER-VIRTUAL.SimulatedExchange(BINANCE): Added instrument ENJBNB.BINANCE and created matching engine
2026-09-16T06:17:56.100751258Z [INFO] EDGETRADER-VIRTUAL.SimulatedExchange(BINANCE): Added instrument DATABTC.BINANCE and created matching engine
2026-09-16T06:17:56.100932066Z [INFO] EDGETRADER-VIRTUAL.SimulatedExchange(BINANCE): Added instrument DATAETH.BINANCE and created matching engine
2026-09-16T06:17:56.101029360Z [INFO] EDGETRADER-VIRTUAL.SimulatedExchange(BINANCE): Added instrument ONTUSDT.BINANCE and created matching engine
2026-09-16T06:17:56.101074348Z [INFO] EDGETRADER-VIRTUAL.SimulatedExchange(BINANCE): Added instrument TRXBNB.BINANCE and created matching engine
2026-09-16T06:17:56.101109022Z [INFO] EDGETRADER-VIRTUAL.SimulatedExchange(BINANCE): Added instrument TRXUSDT.BINANCE and created matching engine
2026-09-16T06:17:56.101187186Z [INFO] EDGETRADER-VIRTUAL.SimulatedExchange(BINANCE): Added instrument ETCUSDT.BINANCE and created matching engine
2026-09-16T06:17:56.101265905Z [INFO] EDGETRADER-VIRTUAL.SimulatedExchange(BINANCE): Added instrument ETCBNB.BINANCE and created matching engine
2026-09-16T06:17:56.101620863Z [INFO] EDGETRADER-VIRTUAL.SimulatedExchange(BINANCE): Added instrument ICXUSDT.BINANCE and created matching engine
2026-09-16T06:17:56.102096596Z [INFO] EDGETRADER-VIRTUAL.SimulatedExchange(BINANCE): Added instrument SCBTC.BINANCE and created matching engine
2026-09-16T06:17:56.102374758Z [INFO] EDGETRADER-VIRTUAL.SimulatedExchange(BINANCE): Added instrument SCETH.BINANCE and created matching engine
2026-09-16T06:17:56.102559539Z [INFO] EDGETRADER-VIRTUAL.SimulatedExchange(BINANCE): Added instrument NPXSBTC.BINANCE and created matching engine
2026-09-16T06:17:56.102767362Z [INFO] EDGETRADER-VIRTUAL.SimulatedExchange(BINANCE): Added instrument NPXSETH.BINANCE and created matching engine
2026-09-16T06:17:56.102928159Z [INFO] EDGETRADER-VIRTUAL.SimulatedExchange(BINANCE): Added instrument VENUSDT.BINANCE and created matching engine
2026-09-16T06:17:56.103250189Z [INFO] EDGETRADER-VIRTUAL.SimulatedExchange(BINANCE): Added instrument KEYBTC.BINANCE and created matching engine
2026-09-16T06:17:56.103569805Z [INFO] EDGETRADER-VIRTUAL.SimulatedExchange(BINANCE): Added instrument KEYETH.BINANCE and created matching engine
2026-09-16T06:17:56.103667497Z [INFO] EDGETRADER-VIRTUAL.SimulatedExchange(BINANCE): Added instrument NASBTC.BINANCE and created matching engine
2026-09-16T06:17:56.103885955Z [INFO] EDGETRADER-VIRTUAL.SimulatedExchange(BINANCE): Added instrument NASETH.BINANCE and created matching engine
2026-09-16T06:17:56.104125767Z [INFO] EDGETRADER-VIRTUAL.SimulatedExchange(BINANCE): Added instrument NASBNB.BINANCE and created matching engine
2026-09-16T06:17:56.104225587Z [INFO] EDGETRADER-VIRTUAL.SimulatedExchange(BINANCE): Added instrument MFTBTC.BINANCE and created matching engine
2026-09-16T06:17:56.104281070Z [INFO] EDGETRADER-VIRTUAL.SimulatedExchange(BINANCE): Added instrument MFTETH.BINANCE and created matching engine
2026-09-16T06:17:56.104339252Z [INFO] EDGETRADER-VIRTUAL.SimulatedExchange(BINANCE): Added instrument MFTBNB.BINANCE and created matching engine
2026-09-16T06:17:56.104377027Z [INFO] EDGETRADER-VIRTUAL.SimulatedExchange(BINANCE): Added instrument DENTBTC.BINANCE and created matching engine
2026-09-16T06:17:56.104413224Z [INFO] EDGETRADER-VIRTUAL.SimulatedExchange(BINANCE): Added instrument DENTETH.BINANCE and created matching engine
2026-09-16T06:17:56.104497339Z [INFO] EDGETRADER-VIRTUAL.SimulatedExchange(BINANCE): Added instrument ARDRBTC.BINANCE and created matching engine
2026-09-16T06:17:56.104583687Z [INFO] EDGETRADER-VIRTUAL.SimulatedExchange(BINANCE): Added instrument ARDRETH.BINANCE and created matching engine
2026-09-16T06:17:56.104667640Z [INFO] EDGETRADER-VIRTUAL.SimulatedExchange(BINANCE): Added instrument ARDRBNB.BINANCE and created matching engine
2026-09-16T06:17:56.104725244Z [INFO] EDGETRADER-VIRTUAL.SimulatedExchange(BINANCE): Added instrument NULSUSDT.BINANCE and created matching engine
2026-09-16T06:17:56.104797169Z [INFO] EDGETRADER-VIRTUAL.SimulatedExchange(BINANCE): Added instrument HOTBTC.BINANCE and created matching engine
2026-09-16T06:17:56.104878164Z [INFO] EDGETRADER-VIRTUAL.SimulatedExchange(BINANCE): Added instrument HOTETH.BINANCE and created matching engine
2026-09-16T06:17:56.104922988Z [INFO] EDGETRADER-VIRTUAL.SimulatedExchange(BINANCE): Added instrument VETBTC.BINANCE and created matching engine
2026-09-16T06:17:56.104960107Z [INFO] EDGETRADER-VIRTUAL.SimulatedExchange(BINANCE): Added instrument VETETH.BINANCE and created matching engine
2026-09-16T06:17:56.104994905Z [INFO] EDGETRADER-VIRTUAL.SimulatedExchange(BINANCE): Added instrument VETUSDT.BINANCE and created matching engine
2026-09-16T06:17:56.105030721Z [INFO] EDGETRADER-VIRTUAL.SimulatedExchange(BINANCE): Added instrument VETBNB.BINANCE and created matching engine
2026-09-16T06:17:56.105067487Z [INFO] EDGETRADER-VIRTUAL.SimulatedExchange(BINANCE): Added instrument DOCKBTC.BINANCE and created matching engine
2026-09-16T06:17:56.105110684Z [INFO] EDGETRADER-VIRTUAL.SimulatedExchange(BINANCE): Added instrument DOCKETH.BINANCE and created matching engine
2026-09-16T06:17:56.105200620Z [INFO] EDGETRADER-VIRTUAL.SimulatedExchange(BINANCE): Added instrument POLYBTC.BINANCE and created matching engine
2026-09-16T06:17:56.105265765Z [INFO] EDGETRADER-VIRTUAL.SimulatedExchange(BINANCE): Added instrument POLYBNB.BINANCE and created matching engine
2026-09-16T06:17:56.105307946Z [INFO] EDGETRADER-VIRTUAL.SimulatedExchange(BINANCE): Added instrument PHXBTC.BINANCE and created matching engine
2026-09-16T06:17:56.105345209Z [INFO] EDGETRADER-VIRTUAL.SimulatedExchange(BINANCE): Added instrument PHXETH.BINANCE and created matching engine
2026-09-16T06:17:56.105387673Z [INFO] EDGETRADER-VIRTUAL.SimulatedExchange(BINANCE): Added instrument PHXBNB.BINANCE and created matching engine
2026-09-16T06:17:56.105424005Z [INFO] EDGETRADER-VIRTUAL.SimulatedExchange(BINANCE): Added instrument HCBTC.BINANCE and created matching engine
2026-09-16T06:17:56.105458339Z [INFO] EDGETRADER-VIRTUAL.SimulatedExchange(BINANCE): Added instrument HCETH.BINANCE and created matching engine
2026-09-16T06:17:56.105539592Z [INFO] EDGETRADER-VIRTUAL.SimulatedExchange(BINANCE): Added instrument GOBTC.BINANCE and created matching engine
2026-09-16T06:17:56.105578750Z [INFO] EDGETRADER-VIRTUAL.SimulatedExchange(BINANCE): Added instrument GOBNB.BINANCE and created matching engine
2026-09-16T06:17:56.105613307Z [INFO] EDGETRADER-VIRTUAL.SimulatedExchange(BINANCE): Added instrument PAXBTC.BINANCE and created matching engine
2026-09-16T06:17:56.105650255Z [INFO] EDGETRADER-VIRTUAL.SimulatedExchange(BINANCE): Added instrument PAXBNB.BINANCE and created matching engine
2026-09-16T06:17:56.105744160Z [INFO] EDGETRADER-VIRTUAL.SimulatedExchange(BINANCE): Added instrument PAXUSDT.BINANCE and created matching engine
2026-09-16T06:17:56.105828453Z [INFO] EDGETRADER-VIRTUAL.SimulatedExchange(BINANCE): Added instrument PAXETH.BINANCE and created matching engine
2026-09-16T06:17:56.105887363Z [INFO] EDGETRADER-VIRTUAL.SimulatedExchange(BINANCE): Added instrument RVNBTC.BINANCE and created matching engine
2026-09-16T06:17:56.105947099Z [INFO] EDGETRADER-VIRTUAL.SimulatedExchange(BINANCE): Added instrument DCRBTC.BINANCE and created matching engine
2026-09-16T06:17:56.105989304Z [INFO] EDGETRADER-VIRTUAL.SimulatedExchange(BINANCE): Added instrument DCRBNB.BINANCE and created matching engine
2026-09-16T06:17:56.106025702Z [INFO] EDGETRADER-VIRTUAL.SimulatedExchange(BINANCE): Added instrument USDCBNB.BINANCE and created matching engine
2026-09-16T06:17:56.106066967Z [INFO] EDGETRADER-VIRTUAL.SimulatedExchange(BINANCE): Added instrument MITHBTC.BINANCE and created matching engine
2026-09-16T06:17:56.106103595Z [INFO] EDGETRADER-VIRTUAL.SimulatedExchange(BINANCE): Added instrument MITHBNB.BINANCE and created matching engine
2026-09-16T06:17:56.106144752Z [INFO] EDGETRADER-VIRTUAL.SimulatedExchange(BINANCE): Added instrument BCHABCBTC.BINANCE and created matching engine
2026-09-16T06:17:56.106180397Z [INFO] EDGETRADER-VIRTUAL.SimulatedExchange(BINANCE): Added instrument BCHSVBTC.BINANCE and created matching engine
2026-09-16T06:17:56.106711481Z [INFO] EDGETRADER-VIRTUAL.SimulatedExchange(BINANCE): Added instrument BCHABCUSDT.BINANCE and created matching engine
2026-09-16T06:17:56.107065807Z [INFO] EDGETRADER-VIRTUAL.SimulatedExchange(BINANCE): Added instrument BCHSVUSDT.BINANCE and created matching engine
2026-09-16T06:17:56.107314119Z [INFO] EDGETRADER-VIRTUAL.SimulatedExchange(BINANCE): Added instrument BNBPAX.BINANCE and created matching engine
2026-09-16T06:17:56.107537096Z [INFO] EDGETRADER-VIRTUAL.SimulatedExchange(BINANCE): Added instrument BTCPAX.BINANCE and created matching engine
2026-09-16T06:17:56.107597519Z [INFO] EDGETRADER-VIRTUAL.SimulatedExchange(BINANCE): Added instrument ETHPAX.BINANCE and created matching engine
2026-09-16T06:17:56.107636185Z [INFO] EDGETRADER-VIRTUAL.SimulatedExchange(BINANCE): Added instrument XRPPAX.BINANCE and created matching engine
2026-09-16T06:17:56.107717534Z [INFO] EDGETRADER-VIRTUAL.SimulatedExchange(BINANCE): Added instrument EOSPAX.BINANCE and created matching engine
2026-09-16T06:17:56.107757767Z [INFO] EDGETRADER-VIRTUAL.SimulatedExchange(BINANCE): Added instrument XLMPAX.BINANCE and created matching engine
2026-09-16T06:17:56.107793455Z [INFO] EDGETRADER-VIRTUAL.SimulatedExchange(BINANCE): Added instrument RENBTC.BINANCE and created matching engine
2026-09-16T06:17:56.107863985Z [INFO] EDGETRADER-VIRTUAL.SimulatedExchange(BINANCE): Added instrument RENBNB.BINANCE and created matching engine
2026-09-16T06:17:56.107908235Z [INFO] EDGETRADER-VIRTUAL.SimulatedExchange(BINANCE): Added instrument BNBTUSD.BINANCE and created matching engine
2026-09-16T06:17:56.107943546Z [INFO] EDGETRADER-VIRTUAL.SimulatedExchange(BINANCE): Added instrument XRPTUSD.BINANCE and created matching engine
2026-09-16T06:17:56.107976736Z [INFO] EDGETRADER-VIRTUAL.SimulatedExchange(BINANCE): Added instrument EOSTUSD.BINANCE and created matching engine
2026-09-16T06:17:56.108075496Z [INFO] EDGETRADER-VIRTUAL.SimulatedExchange(BINANCE): Added instrument XLMTUSD.BINANCE and created matching engine
2026-09-16T06:17:56.108185677Z [INFO] EDGETRADER-VIRTUAL.SimulatedExchange(BINANCE): Added instrument BNBUSDC.BINANCE and created matching engine
2026-09-16T06:17:56.108298317Z [INFO] EDGETRADER-VIRTUAL.SimulatedExchange(BINANCE): Added instrument BTCUSDC.BINANCE and created matching engine
2026-09-16T06:17:56.108387743Z [INFO] EDGETRADER-VIRTUAL.SimulatedExchange(BINANCE): Added instrument ETHUSDC.BINANCE and created matching engine
2026-09-16T06:17:56.108427500Z [INFO] EDGETRADER-VIRTUAL.SimulatedExchange(BINANCE): Added instrument XRPUSDC.BINANCE and created matching engine
2026-09-16T06:17:56.108501255Z [INFO] EDGETRADER-VIRTUAL.SimulatedExchange(BINANCE): Added instrument EOSUSDC.BINANCE and created matching engine
2026-09-16T06:17:56.108544379Z [INFO] EDGETRADER-VIRTUAL.SimulatedExchange(BINANCE): Added instrument XLMUSDC.BINANCE and created matching engine
2026-09-16T06:17:56.108580524Z [INFO] EDGETRADER-VIRTUAL.SimulatedExchange(BINANCE): Added instrument USDCUSDT.BINANCE and created matching engine
2026-09-16T06:17:56.108707471Z [INFO] EDGETRADER-VIRTUAL.SimulatedExchange(BINANCE): Added instrument ADATUSD.BINANCE and created matching engine
2026-09-16T06:17:56.108769649Z [INFO] EDGETRADER-VIRTUAL.SimulatedExchange(BINANCE): Added instrument TRXTUSD.BINANCE and created matching engine
2026-09-16T06:17:56.108813161Z [INFO] EDGETRADER-VIRTUAL.SimulatedExchange(BINANCE): Added instrument NEOTUSD.BINANCE and created matching engine
2026-09-16T06:17:56.108848989Z [INFO] EDGETRADER-VIRTUAL.SimulatedExchange(BINANCE): Added instrument TRXXRP.BINANCE and created matching engine
2026-09-16T06:17:56.108894157Z [INFO] EDGETRADER-VIRTUAL.SimulatedExchange(BINANCE): Added instrument XZCXRP.BINANCE and created matching engine
2026-09-16T06:17:56.108945073Z [INFO] EDGETRADER-VIRTUAL.SimulatedExchange(BINANCE): Added instrument PAXTUSD.BINANCE and created matching engine
2026-09-16T06:17:56.108990339Z [INFO] EDGETRADER-VIRTUAL.SimulatedExchange(BINANCE): Added instrument USDCTUSD.BINANCE and created matching engine
2026-09-16T06:17:56.109024594Z [INFO] EDGETRADER-VIRTUAL.SimulatedExchange(BINANCE): Added instrument USDCPAX.BINANCE and created matching engine
2026-09-16T06:17:56.109059249Z [INFO] EDGETRADER-VIRTUAL.SimulatedExchange(BINANCE): Added instrument LINKUSDT.BINANCE and created matching engine
2026-09-16T06:17:56.109092933Z [INFO] EDGETRADER-VIRTUAL.SimulatedExchange(BINANCE): Added instrument LINKTUSD.BINANCE and created matching engine
2026-09-16T06:17:56.109127713Z [INFO] EDGETRADER-VIRTUAL.SimulatedExchange(BINANCE): Added instrument LINKPAX.BINANCE and created matching engine
2026-09-16T06:17:56.109233352Z [INFO] EDGETRADER-VIRTUAL.SimulatedExchange(BINANCE): Added instrument LINKUSDC.BINANCE and created matching engine
2026-09-16T06:17:56.109274235Z [INFO] EDGETRADER-VIRTUAL.SimulatedExchange(BINANCE): Added instrument WAVESUSDT.BINANCE and created matching engine
2026-09-16T06:17:56.109340930Z [INFO] EDGETRADER-VIRTUAL.SimulatedExchange(BINANCE): Added instrument WAVESTUSD.BINANCE and created matching engine
2026-09-16T06:17:56.109388374Z [INFO] EDGETRADER-VIRTUAL.SimulatedExchange(BINANCE): Added instrument WAVESPAX.BINANCE and created matching engine
2026-09-16T06:17:56.109423910Z [INFO] EDGETRADER-VIRTUAL.SimulatedExchange(BINANCE): Added instrument WAVESUSDC.BINANCE and created matching engine
2026-09-16T06:17:56.109459779Z [INFO] EDGETRADER-VIRTUAL.SimulatedExchange(BINANCE): Added instrument BCHABCTUSD.BINANCE and created matching engine
2026-09-16T06:17:56.109502091Z [INFO] EDGETRADER-VIRTUAL.SimulatedExchange(BINANCE): Added instrument BCHABCPAX.BINANCE and created matching engine
2026-09-16T06:17:56.109566764Z [INFO] EDGETRADER-VIRTUAL.SimulatedExchange(BINANCE): Added instrument BCHABCUSDC.BINANCE and created matching engine
2026-09-16T06:17:56.109603145Z [INFO] EDGETRADER-VIRTUAL.SimulatedExchange(BINANCE): Added instrument BCHSVTUSD.BINANCE and created matching engine
2026-09-16T06:17:56.109637975Z [INFO] EDGETRADER-VIRTUAL.SimulatedExchange(BINANCE): Added instrument BCHSVPAX.BINANCE and created matching engine
2026-09-16T06:17:56.109711393Z [INFO] EDGETRADER-VIRTUAL.SimulatedExchange(BINANCE): Added instrument BCHSVUSDC.BINANCE and created matching engine
2026-09-16T06:17:56.109768397Z [INFO] EDGETRADER-VIRTUAL.SimulatedExchange(BINANCE): Added instrument LTCTUSD.BINANCE and created matching engine
2026-09-16T06:17:56.109843890Z [INFO] EDGETRADER-VIRTUAL.SimulatedExchange(BINANCE): Added instrument LTCPAX.BINANCE and created matching engine
2026-09-16T06:17:56.109913765Z [INFO] EDGETRADER-VIRTUAL.SimulatedExchange(BINANCE): Added instrument LTCUSDC.BINANCE and created matching engine
2026-09-16T06:17:56.109955113Z [INFO] EDGETRADER-VIRTUAL.SimulatedExchange(BINANCE): Added instrument TRXPAX.BINANCE and created matching engine
2026-09-16T06:17:56.109992531Z [INFO] EDGETRADER-VIRTUAL.SimulatedExchange(BINANCE): Added instrument TRXUSDC.BINANCE and created matching engine
2026-09-16T06:17:56.110041539Z [INFO] EDGETRADER-VIRTUAL.SimulatedExchange(BINANCE): Added instrument BTTBTC.BINANCE and created matching engine
2026-09-16T06:17:56.110090677Z [INFO] EDGETRADER-VIRTUAL.SimulatedExchange(BINANCE): Added instrument BTTBNB.BINANCE and created matching engine
2026-09-16T06:17:56.110158577Z [INFO] EDGETRADER-VIRTUAL.SimulatedExchange(BINANCE): Added instrument BTTUSDT.BINANCE and created matching engine
2026-09-16T06:17:56.110199985Z [INFO] EDGETRADER-VIRTUAL.SimulatedExchange(BINANCE): Added instrument BNBUSDSOLD.BINANCE and created matching engine
2026-09-16T06:17:56.110289144Z [INFO] EDGETRADER-VIRTUAL.SimulatedExchange(BINANCE): Added instrument BTCUSDSOLD.BINANCE and created matching engine
2026-09-16T06:17:56.110368023Z [INFO] EDGETRADER-VIRTUAL.SimulatedExchange(BINANCE): Added instrument USDSOLDUSDT.BINANCE and created matching engine
2026-09-16T06:17:56.110413803Z [INFO] EDGETRADER-VIRTUAL.SimulatedExchange(BINANCE): Added instrument USDSOLDPAX.BINANCE and created matching engine
2026-09-16T06:17:56.110451161Z [INFO] EDGETRADER-VIRTUAL.SimulatedExchange(BINANCE): Added instrument USDSOLDTUSD.BINANCE and created matching engine
2026-09-16T06:17:56.110530062Z [INFO] EDGETRADER-VIRTUAL.SimulatedExchange(BINANCE): Added instrument USDSOLDUSDC.BINANCE and created matching engine
2026-09-16T06:17:56.110611629Z [INFO] EDGETRADER-VIRTUAL.SimulatedExchange(BINANCE): Added instrument BTTPAX.BINANCE and created matching engine
2026-09-16T06:17:56.110653076Z [INFO] EDGETRADER-VIRTUAL.SimulatedExchange(BINANCE): Added instrument BTTTUSD.BINANCE and created matching engine
2026-09-16T06:17:56.110695832Z [INFO] EDGETRADER-VIRTUAL.SimulatedExchange(BINANCE): Added instrument BTTUSDC.BINANCE and created matching engine
2026-09-16T06:17:56.110734466Z [INFO] EDGETRADER-VIRTUAL.SimulatedExchange(BINANCE): Added instrument ONGBNB.BINANCE and created matching engine
2026-09-16T06:17:56.110816810Z [INFO] EDGETRADER-VIRTUAL.SimulatedExchange(BINANCE): Added instrument ONGBTC.BINANCE and created matching engine
2026-09-16T06:17:56.110877553Z [INFO] EDGETRADER-VIRTUAL.SimulatedExchange(BINANCE): Added instrument ONGUSDT.BINANCE and created matching engine
2026-09-16T06:17:56.110917794Z [INFO] EDGETRADER-VIRTUAL.SimulatedExchange(BINANCE): Added instrument HOTBNB.BINANCE and created matching engine
2026-09-16T06:17:56.110960700Z [INFO] EDGETRADER-VIRTUAL.SimulatedExchange(BINANCE): Added instrument HOTUSDT.BINANCE and created matching engine
2026-09-16T06:17:56.110998277Z [INFO] EDGETRADER-VIRTUAL.SimulatedExchange(BINANCE): Added instrument ZILUSDT.BINANCE and created matching engine
2026-09-16T06:17:56.111034965Z [INFO] EDGETRADER-VIRTUAL.SimulatedExchange(BINANCE): Added instrument ZRXBNB.BINANCE and created matching engine
2026-09-16T06:17:56.111079339Z [INFO] EDGETRADER-VIRTUAL.SimulatedExchange(BINANCE): Added instrument ZRXUSDT.BINANCE and created matching engine
2026-09-16T06:17:56.111118714Z [INFO] EDGETRADER-VIRTUAL.SimulatedExchange(BINANCE): Added instrument FETBNB.BINANCE and created matching engine
2026-09-16T06:17:56.111155313Z [INFO] EDGETRADER-VIRTUAL.SimulatedExchange(BINANCE): Added instrument FETBTC.BINANCE and created matching engine
2026-09-16T06:17:56.111193972Z [INFO] EDGETRADER-VIRTUAL.SimulatedExchange(BINANCE): Added instrument FETUSDT.BINANCE and created matching engine
2026-09-16T06:17:56.111231412Z [INFO] EDGETRADER-VIRTUAL.SimulatedExchange(BINANCE): Added instrument BATUSDT.BINANCE and created matching engine
2026-09-16T06:17:56.111302598Z [INFO] EDGETRADER-VIRTUAL.SimulatedExchange(BINANCE): Added instrument XMRBNB.BINANCE and created matching engine
2026-09-16T06:17:56.111401749Z [INFO] EDGETRADER-VIRTUAL.SimulatedExchange(BINANCE): Added instrument XMRUSDT.BINANCE and created matching engine
2026-09-16T06:17:56.111453770Z [INFO] EDGETRADER-VIRTUAL.SimulatedExchange(BINANCE): Added instrument ZECBNB.BINANCE and created matching engine
2026-09-16T06:17:56.111492129Z [INFO] EDGETRADER-VIRTUAL.SimulatedExchange(BINANCE): Added instrument ZECUSDT.BINANCE and created matching engine
2026-09-16T06:17:56.111536430Z [INFO] EDGETRADER-VIRTUAL.SimulatedExchange(BINANCE): Added instrument ZECPAX.BINANCE and created matching engine
2026-09-16T06:17:56.111574645Z [INFO] EDGETRADER-VIRTUAL.SimulatedExchange(BINANCE): Added instrument ZECTUSD.BINANCE and created matching engine
2026-09-16T06:17:56.111611008Z [INFO] EDGETRADER-VIRTUAL.SimulatedExchange(BINANCE): Added instrument ZECUSDC.BINANCE and created matching engine
2026-09-16T06:17:56.111650562Z [INFO] EDGETRADER-VIRTUAL.SimulatedExchange(BINANCE): Added instrument IOSTUSDT.BINANCE and created matching engine
2026-09-16T06:17:56.111688229Z [INFO] EDGETRADER-VIRTUAL.SimulatedExchange(BINANCE): Added instrument CELRBNB.BINANCE and created matching engine
2026-09-16T06:17:56.111726346Z [INFO] EDGETRADER-VIRTUAL.SimulatedExchange(BINANCE): Added instrument CELRBTC.BINANCE and created matching engine
2026-09-16T06:17:56.111767767Z [INFO] EDGETRADER-VIRTUAL.SimulatedExchange(BINANCE): Added instrument CELRUSDT.BINANCE and created matching engine
2026-09-16T06:17:56.111805159Z [INFO] EDGETRADER-VIRTUAL.SimulatedExchange(BINANCE): Added instrument ADAPAX.BINANCE and created matching engine
2026-09-16T06:17:56.111889528Z [INFO] EDGETRADER-VIRTUAL.SimulatedExchange(BINANCE): Added instrument ADAUSDC.BINANCE and created matching engine
2026-09-16T06:17:56.111936581Z [INFO] EDGETRADER-VIRTUAL.SimulatedExchange(BINANCE): Added instrument NEOPAX.BINANCE and created matching engine
2026-09-16T06:17:56.111981886Z [INFO] EDGETRADER-VIRTUAL.SimulatedExchange(BINANCE): Added instrument NEOUSDC.BINANCE and created matching engine
2026-09-16T06:17:56.112053666Z [INFO] EDGETRADER-VIRTUAL.SimulatedExchange(BINANCE): Added instrument DASHBNB.BINANCE and created matching engine
2026-09-16T06:17:56.112099087Z [INFO] EDGETRADER-VIRTUAL.SimulatedExchange(BINANCE): Added instrument DASHUSDT.BINANCE and created matching engine
2026-09-16T06:17:56.112139172Z [INFO] EDGETRADER-VIRTUAL.SimulatedExchange(BINANCE): Added instrument NANOUSDT.BINANCE and created matching engine
2026-09-16T06:17:56.112178711Z [INFO] EDGETRADER-VIRTUAL.SimulatedExchange(BINANCE): Added instrument OMGBNB.BINANCE and created matching engine
2026-09-16T06:17:56.112261116Z [INFO] EDGETRADER-VIRTUAL.SimulatedExchange(BINANCE): Added instrument OMGUSDT.BINANCE and created matching engine
2026-09-16T06:17:56.112306350Z [INFO] EDGETRADER-VIRTUAL.SimulatedExchange(BINANCE): Added instrument THETAUSDT.BINANCE and created matching engine
2026-09-16T06:17:56.112402210Z [INFO] EDGETRADER-VIRTUAL.SimulatedExchange(BINANCE): Added instrument ENJUSDT.BINANCE and created matching engine
2026-09-16T06:17:56.112483701Z [INFO] EDGETRADER-VIRTUAL.SimulatedExchange(BINANCE): Added instrument MITHUSDT.BINANCE and created matching engine
2026-09-16T06:17:56.112529809Z [INFO] EDGETRADER-VIRTUAL.SimulatedExchange(BINANCE): Added instrument MATICBNB.BINANCE and created matching engine
2026-09-16T06:17:56.112572971Z [INFO] EDGETRADER-VIRTUAL.SimulatedExchange(BINANCE): Added instrument MATICBTC.BINANCE and created matching engine
2026-09-16T06:17:56.112610807Z [INFO] EDGETRADER-VIRTUAL.SimulatedExchange(BINANCE): Added instrument MATICUSDT.BINANCE and created matching engine
2026-09-16T06:17:56.112657636Z [INFO] EDGETRADER-VIRTUAL.SimulatedExchange(BINANCE): Added instrument ATOMBNB.BINANCE and created matching engine
2026-09-16T06:17:56.112697024Z [INFO] EDGETRADER-VIRTUAL.SimulatedExchange(BINANCE): Added instrument ATOMBTC.BINANCE and created matching engine
2026-09-16T06:17:56.112735822Z [INFO] EDGETRADER-VIRTUAL.SimulatedExchange(BINANCE): Added instrument ATOMUSDT.BINANCE and created matching engine
2026-09-16T06:17:56.112809431Z [INFO] EDGETRADER-VIRTUAL.SimulatedExchange(BINANCE): Added instrument ATOMUSDC.BINANCE and created matching engine
2026-09-16T06:17:56.112858510Z [INFO] EDGETRADER-VIRTUAL.SimulatedExchange(BINANCE): Added instrument ATOMPAX.BINANCE and created matching engine
2026-09-16T06:17:56.112941390Z [INFO] EDGETRADER-VIRTUAL.SimulatedExchange(BINANCE): Added instrument ATOMTUSD.BINANCE and created matching engine
2026-09-16T06:17:56.112996494Z [INFO] EDGETRADER-VIRTUAL.SimulatedExchange(BINANCE): Added instrument ETCUSDC.BINANCE and created matching engine
2026-09-16T06:17:56.113046487Z [INFO] EDGETRADER-VIRTUAL.SimulatedExchange(BINANCE): Added instrument ETCPAX.BINANCE and created matching engine
2026-09-16T06:17:56.113120819Z [INFO] EDGETRADER-VIRTUAL.SimulatedExchange(BINANCE): Added instrument ETCTUSD.BINANCE and created matching engine
2026-09-16T06:17:56.113167702Z [INFO] EDGETRADER-VIRTUAL.SimulatedExchange(BINANCE): Added instrument BATUSDC.BINANCE and created matching engine
2026-09-16T06:17:56.113227775Z [INFO] EDGETRADER-VIRTUAL.SimulatedExchange(BINANCE): Added instrument BATPAX.BINANCE and created matching engine
2026-09-16T06:17:56.113271626Z [INFO] EDGETRADER-VIRTUAL.SimulatedExchange(BINANCE): Added instrument BATTUSD.BINANCE and created matching engine
2026-09-16T06:17:56.113342743Z [INFO] EDGETRADER-VIRTUAL.SimulatedExchange(BINANCE): Added instrument PHBBNB.BINANCE and created matching engine
2026-09-16T06:17:56.113385340Z [INFO] EDGETRADER-VIRTUAL.SimulatedExchange(BINANCE): Added instrument PHBBTC.BINANCE and created matching engine
2026-09-16T06:17:56.113482795Z [INFO] EDGETRADER-VIRTUAL.SimulatedExchange(BINANCE): Added instrument PHBUSDC.BINANCE and created matching engine
2026-09-16T06:17:56.113564080Z [INFO] EDGETRADER-VIRTUAL.SimulatedExchange(BINANCE): Added instrument PHBTUSD.BINANCE and created matching engine
2026-09-16T06:17:56.113650449Z [INFO] EDGETRADER-VIRTUAL.SimulatedExchange(BINANCE): Added instrument PHBPAX.BINANCE and created matching engine
2026-09-16T06:17:56.113695866Z [INFO] EDGETRADER-VIRTUAL.SimulatedExchange(BINANCE): Added instrument TFUELBNB.BINANCE and created matching engine
2026-09-16T06:17:56.113738087Z [INFO] EDGETRADER-VIRTUAL.SimulatedExchange(BINANCE): Added instrument TFUELBTC.BINANCE and created matching engine
2026-09-16T06:17:56.113776017Z [INFO] EDGETRADER-VIRTUAL.SimulatedExchange(BINANCE): Added instrument TFUELUSDT.BINANCE and created matching engine
2026-09-16T06:17:56.113820290Z [INFO] EDGETRADER-VIRTUAL.SimulatedExchange(BINANCE): Added instrument TFUELUSDC.BINANCE and created matching engine
2026-09-16T06:17:56.113859691Z [INFO] EDGETRADER-VIRTUAL.SimulatedExchange(BINANCE): Added instrument TFUELTUSD.BINANCE and created matching engine
2026-09-16T06:17:56.113904030Z [INFO] EDGETRADER-VIRTUAL.SimulatedExchange(BINANCE): Added instrument TFUELPAX.BINANCE and created matching engine
2026-09-16T06:17:56.113945205Z [INFO] EDGETRADER-VIRTUAL.SimulatedExchange(BINANCE): Added instrument ONEBNB.BINANCE and created matching engine
2026-09-16T06:17:56.114050453Z [INFO] EDGETRADER-VIRTUAL.SimulatedExchange(BINANCE): Added instrument ONEBTC.BINANCE and created matching engine
2026-09-16T06:17:56.114136217Z [INFO] EDGETRADER-VIRTUAL.SimulatedExchange(BINANCE): Added instrument ONEUSDT.BINANCE and created matching engine
2026-09-16T06:17:56.114179978Z [INFO] EDGETRADER-VIRTUAL.SimulatedExchange(BINANCE): Added instrument ONETUSD.BINANCE and created matching engine
2026-09-16T06:17:56.114220109Z [INFO] EDGETRADER-VIRTUAL.SimulatedExchange(BINANCE): Added instrument ONEPAX.BINANCE and created matching engine
2026-09-16T06:17:56.114304493Z [INFO] EDGETRADER-VIRTUAL.SimulatedExchange(BINANCE): Added instrument ONEUSDC.BINANCE and created matching engine
2026-09-16T06:17:56.114382807Z [INFO] EDGETRADER-VIRTUAL.SimulatedExchange(BINANCE): Added instrument FTMBNB.BINANCE and created matching engine
2026-09-16T06:17:56.114443331Z [INFO] EDGETRADER-VIRTUAL.SimulatedExchange(BINANCE): Added instrument FTMBTC.BINANCE and created matching engine
2026-09-16T06:17:56.114595592Z [INFO] EDGETRADER-VIRTUAL.SimulatedExchange(BINANCE): Added instrument FTMUSDT.BINANCE and created matching engine
2026-09-16T06:17:56.114908319Z [INFO] EDGETRADER-VIRTUAL.SimulatedExchange(BINANCE): Added instrument FTMTUSD.BINANCE and created matching engine
2026-09-16T06:17:56.115019512Z [INFO] EDGETRADER-VIRTUAL.SimulatedExchange(BINANCE): Added instrument FTMPAX.BINANCE and created matching engine
2026-09-16T06:17:56.115078864Z [INFO] EDGETRADER-VIRTUAL.SimulatedExchange(BINANCE): Added instrument FTMUSDC.BINANCE and created matching engine
2026-09-16T06:17:56.115133349Z [INFO] EDGETRADER-VIRTUAL.SimulatedExchange(BINANCE): Added instrument BTCBBTC.BINANCE and created matching engine
2026-09-16T06:17:56.115224588Z [INFO] EDGETRADER-VIRTUAL.SimulatedExchange(BINANCE): Added instrument BCPTTUSD.BINANCE and created matching engine
2026-09-16T06:17:56.115275713Z [INFO] EDGETRADER-VIRTUAL.SimulatedExchange(BINANCE): Added instrument BCPTPAX.BINANCE and created matching engine
2026-09-16T06:17:56.115319678Z [INFO] EDGETRADER-VIRTUAL.SimulatedExchange(BINANCE): Added instrument BCPTUSDC.BINANCE and created matching engine
2026-09-16T06:17:56.115361324Z [INFO] EDGETRADER-VIRTUAL.SimulatedExchange(BINANCE): Added instrument ALGOBNB.BINANCE and created matching engine
2026-09-16T06:17:56.115403052Z [INFO] EDGETRADER-VIRTUAL.SimulatedExchange(BINANCE): Added instrument ALGOBTC.BINANCE and created matching engine
2026-09-16T06:17:56.115442548Z [INFO] EDGETRADER-VIRTUAL.SimulatedExchange(BINANCE): Added instrument ALGOUSDT.BINANCE and created matching engine
2026-09-16T06:17:56.115481764Z [INFO] EDGETRADER-VIRTUAL.SimulatedExchange(BINANCE): Added instrument ALGOTUSD.BINANCE and created matching engine
2026-09-16T06:17:56.115524161Z [INFO] EDGETRADER-VIRTUAL.SimulatedExchange(BINANCE): Added instrument ALGOPAX.BINANCE and created matching engine
2026-09-16T06:17:56.115564632Z [INFO] EDGETRADER-VIRTUAL.SimulatedExchange(BINANCE): Added instrument ALGOUSDC.BINANCE and created matching engine
2026-09-16T06:17:56.115612411Z [INFO] EDGETRADER-VIRTUAL.SimulatedExchange(BINANCE): Added instrument USDSBUSDT.BINANCE and created matching engine
2026-09-16T06:17:56.115665945Z [INFO] EDGETRADER-VIRTUAL.SimulatedExchange(BINANCE): Added instrument USDSBUSDSOLD.BINANCE and created matching engine
2026-09-16T06:17:56.115711123Z [INFO] EDGETRADER-VIRTUAL.SimulatedExchange(BINANCE): Added instrument GTOUSDT.BINANCE and created matching engine
2026-09-16T06:17:56.115776581Z [INFO] EDGETRADER-VIRTUAL.SimulatedExchange(BINANCE): Added instrument GTOPAX.BINANCE and created matching engine
2026-09-16T06:17:56.115985112Z [INFO] EDGETRADER-VIRTUAL.SimulatedExchange(BINANCE): Added instrument GTOTUSD.BINANCE and created matching engine
2026-09-16T06:17:56.116079713Z [INFO] EDGETRADER-VIRTUAL.SimulatedExchange(BINANCE): Added instrument GTOUSDC.BINANCE and created matching engine
2026-09-16T06:17:56.116263145Z [INFO] EDGETRADER-VIRTUAL.SimulatedExchange(BINANCE): Added instrument ERDBNB.BINANCE and created matching engine
2026-09-16T06:17:56.116627121Z [INFO] EDGETRADER-VIRTUAL.SimulatedExchange(BINANCE): Added instrument ERDBTC.BINANCE and created matching engine
2026-09-16T06:17:56.116805400Z [INFO] EDGETRADER-VIRTUAL.SimulatedExchange(BINANCE): Added instrument ERDUSDT.BINANCE and created matching engine
2026-09-16T06:17:56.116897518Z [INFO] EDGETRADER-VIRTUAL.SimulatedExchange(BINANCE): Added instrument ERDPAX.BINANCE and created matching engine
2026-09-16T06:17:56.116977546Z [INFO] EDGETRADER-VIRTUAL.SimulatedExchange(BINANCE): Added instrument ERDUSDC.BINANCE and created matching engine
2026-09-16T06:17:56.117025100Z [INFO] EDGETRADER-VIRTUAL.SimulatedExchange(BINANCE): Added instrument DOGEBNB.BINANCE and created matching engine
2026-09-16T06:17:56.117071794Z [INFO] EDGETRADER-VIRTUAL.SimulatedExchange(BINANCE): Added instrument DOGEBTC.BINANCE and created matching engine
2026-09-16T06:17:56.117117815Z [INFO] EDGETRADER-VIRTUAL.SimulatedExchange(BINANCE): Added instrument DOGEUSDT.BINANCE and created matching engine
2026-09-16T06:17:56.117159746Z [INFO] EDGETRADER-VIRTUAL.SimulatedExchange(BINANCE): Added instrument DOGEPAX.BINANCE and created matching engine
2026-09-16T06:17:56.117261030Z [INFO] EDGETRADER-VIRTUAL.SimulatedExchange(BINANCE): Added instrument DOGEUSDC.BINANCE and created matching engine
2026-09-16T06:17:56.117486757Z [INFO] EDGETRADER-VIRTUAL.SimulatedExchange(BINANCE): Added instrument DUSKBNB.BINANCE and created matching engine
2026-09-16T06:17:56.117569198Z [INFO] EDGETRADER-VIRTUAL.SimulatedExchange(BINANCE): Added instrument DUSKBTC.BINANCE and created matching engine
2026-09-16T06:17:56.117659395Z [INFO] EDGETRADER-VIRTUAL.SimulatedExchange(BINANCE): Added instrument DUSKUSDT.BINANCE and created matching engine
2026-09-16T06:17:56.117720763Z [INFO] EDGETRADER-VIRTUAL.SimulatedExchange(BINANCE): Added instrument DUSKUSDC.BINANCE and created matching engine
2026-09-16T06:17:56.117767981Z [INFO] EDGETRADER-VIRTUAL.SimulatedExchange(BINANCE): Added instrument DUSKPAX.BINANCE and created matching engine
2026-09-16T06:17:56.118224546Z [INFO] EDGETRADER-VIRTUAL.SimulatedExchange(BINANCE): Added instrument BGBPUSDC.BINANCE and created matching engine
2026-09-16T06:17:56.118831490Z [INFO] EDGETRADER-VIRTUAL.SimulatedExchange(BINANCE): Added instrument ANKRBNB.BINANCE and created matching engine
2026-09-16T06:17:56.119459037Z [INFO] EDGETRADER-VIRTUAL.SimulatedExchange(BINANCE): Added instrument ANKRBTC.BINANCE and created matching engine
2026-09-16T06:17:56.119927899Z [INFO] EDGETRADER-VIRTUAL.SimulatedExchange(BINANCE): Added instrument ANKRUSDT.BINANCE and created matching engine
2026-09-16T06:17:56.120135258Z [INFO] EDGETRADER-VIRTUAL.SimulatedExchange(BINANCE): Added instrument ANKRTUSD.BINANCE and created matching engine
2026-09-16T06:17:56.120401787Z [INFO] EDGETRADER-VIRTUAL.SimulatedExchange(BINANCE): Added instrument ANKRPAX.BINANCE and created matching engine
2026-09-16T06:17:56.120630623Z [INFO] EDGETRADER-VIRTUAL.SimulatedExchange(BINANCE): Added instrument ANKRUSDC.BINANCE and created matching engine
2026-09-16T06:17:56.120720793Z [INFO] EDGETRADER-VIRTUAL.SimulatedExchange(BINANCE): Added instrument ONTPAX.BINANCE and created matching engine
2026-09-16T06:17:56.120789386Z [INFO] EDGETRADER-VIRTUAL.SimulatedExchange(BINANCE): Added instrument ONTUSDC.BINANCE and created matching engine
2026-09-16T06:17:56.120925521Z [INFO] EDGETRADER-VIRTUAL.SimulatedExchange(BINANCE): Added instrument WINBNB.BINANCE and created matching engine
2026-09-16T06:17:56.121018291Z [INFO] EDGETRADER-VIRTUAL.SimulatedExchange(BINANCE): Added instrument WINBTC.BINANCE and created matching engine
2026-09-16T06:17:56.121167638Z [INFO] EDGETRADER-VIRTUAL.SimulatedExchange(BINANCE): Added instrument WINUSDT.BINANCE and created matching engine
2026-09-16T06:17:56.121308166Z [INFO] EDGETRADER-VIRTUAL.SimulatedExchange(BINANCE): Added instrument WINUSDC.BINANCE and created matching engine
2026-09-16T06:17:56.121389577Z [INFO] EDGETRADER-VIRTUAL.SimulatedExchange(BINANCE): Added instrument COSBNB.BINANCE and created matching engine
2026-09-16T06:17:56.121454428Z [INFO] EDGETRADER-VIRTUAL.SimulatedExchange(BINANCE): Added instrument COSBTC.BINANCE and created matching engine
2026-09-16T06:17:56.121505623Z [INFO] EDGETRADER-VIRTUAL.SimulatedExchange(BINANCE): Added instrument COSUSDT.BINANCE and created matching engine
2026-09-16T06:17:56.121552073Z [INFO] EDGETRADER-VIRTUAL.SimulatedExchange(BINANCE): Added instrument TUSDBTUSD.BINANCE and created matching engine
2026-09-16T06:17:56.121594895Z [INFO] EDGETRADER-VIRTUAL.SimulatedExchange(BINANCE): Added instrument NPXSUSDT.BINANCE and created matching engine
2026-09-16T06:17:56.121636897Z [INFO] EDGETRADER-VIRTUAL.SimulatedExchange(BINANCE): Added instrument NPXSUSDC.BINANCE and created matching engine
2026-09-16T06:17:56.121805248Z [INFO] EDGETRADER-VIRTUAL.SimulatedExchange(BINANCE): Added instrument COCOSBNB.BINANCE and created matching engine
2026-09-16T06:17:56.122067397Z [INFO] EDGETRADER-VIRTUAL.SimulatedExchange(BINANCE): Added instrument COCOSBTC.BINANCE and created matching engine
2026-09-16T06:17:56.122262590Z [INFO] EDGETRADER-VIRTUAL.SimulatedExchange(BINANCE): Added instrument COCOSUSDT.BINANCE and created matching engine
2026-09-16T06:17:56.122432906Z [INFO] EDGETRADER-VIRTUAL.SimulatedExchange(BINANCE): Added instrument MTLUSDT.BINANCE and created matching engine
2026-09-16T06:17:56.122703643Z [INFO] EDGETRADER-VIRTUAL.SimulatedExchange(BINANCE): Added instrument TOMOBNB.BINANCE and created matching engine
2026-09-16T06:17:56.122824309Z [INFO] EDGETRADER-VIRTUAL.SimulatedExchange(BINANCE): Added instrument TOMOBTC.BINANCE and created matching engine
2026-09-16T06:17:56.122954971Z [INFO] EDGETRADER-VIRTUAL.SimulatedExchange(BINANCE): Added instrument TOMOUSDT.BINANCE and created matching engine
2026-09-16T06:17:56.123059405Z [INFO] EDGETRADER-VIRTUAL.SimulatedExchange(BINANCE): Added instrument TOMOUSDC.BINANCE and created matching engine
2026-09-16T06:17:56.123138724Z [INFO] EDGETRADER-VIRTUAL.SimulatedExchange(BINANCE): Added instrument PERLBNB.BINANCE and created matching engine
2026-09-16T06:17:56.123224657Z [INFO] EDGETRADER-VIRTUAL.SimulatedExchange(BINANCE): Added instrument PERLBTC.BINANCE and created matching engine
2026-09-16T06:17:56.123468980Z [INFO] EDGETRADER-VIRTUAL.SimulatedExchange(BINANCE): Added instrument PERLUSDC.BINANCE and created matching engine
2026-09-16T06:17:56.123629051Z [INFO] EDGETRADER-VIRTUAL.SimulatedExchange(BINANCE): Added instrument PERLUSDT.BINANCE and created matching engine
2026-09-16T06:17:56.123803856Z [INFO] EDGETRADER-VIRTUAL.SimulatedExchange(BINANCE): Added instrument DENTUSDT.BINANCE and created matching engine
2026-09-16T06:17:56.124041767Z [INFO] EDGETRADER-VIRTUAL.SimulatedExchange(BINANCE): Added instrument MFTUSDT.BINANCE and created matching engine
2026-09-16T06:17:56.124154881Z [INFO] EDGETRADER-VIRTUAL.SimulatedExchange(BINANCE): Added instrument KEYUSDT.BINANCE and created matching engine
2026-09-16T06:17:56.124339991Z [INFO] EDGETRADER-VIRTUAL.SimulatedExchange(BINANCE): Added instrument STORMUSDT.BINANCE and created matching engine
2026-09-16T06:17:56.124529715Z [INFO] EDGETRADER-VIRTUAL.SimulatedExchange(BINANCE): Added instrument DOCKUSDT.BINANCE and created matching engine
2026-09-16T06:17:56.124649607Z [INFO] EDGETRADER-VIRTUAL.SimulatedExchange(BINANCE): Added instrument WANUSDT.BINANCE and created matching engine
2026-09-16T06:17:56.124724391Z [INFO] EDGETRADER-VIRTUAL.SimulatedExchange(BINANCE): Added instrument FUNUSDT.BINANCE and created matching engine
2026-09-16T06:17:56.124802364Z [INFO] EDGETRADER-VIRTUAL.SimulatedExchange(BINANCE): Added instrument CVCUSDT.BINANCE and created matching engine
2026-09-16T06:17:56.124883566Z [INFO] EDGETRADER-VIRTUAL.SimulatedExchange(BINANCE): Added instrument BTTTRX.BINANCE and created matching engine
2026-09-16T06:17:56.125023083Z [INFO] EDGETRADER-VIRTUAL.SimulatedExchange(BINANCE): Added instrument WINTRX.BINANCE and created matching engine
2026-09-16T06:17:56.125107385Z [INFO] EDGETRADER-VIRTUAL.SimulatedExchange(BINANCE): Added instrument CHZBNB.BINANCE and created matching engine
2026-09-16T06:17:56.125172848Z [INFO] EDGETRADER-VIRTUAL.SimulatedExchange(BINANCE): Added instrument CHZBTC.BINANCE and created matching engine
2026-09-16T06:17:56.125238787Z [INFO] EDGETRADER-VIRTUAL.SimulatedExchange(BINANCE): Added instrument CHZUSDT.BINANCE and created matching engine
2026-09-16T06:17:56.125307441Z [INFO] EDGETRADER-VIRTUAL.SimulatedExchange(BINANCE): Added instrument BANDBNB.BINANCE and created matching engine
2026-09-16T06:17:56.125418819Z [INFO] EDGETRADER-VIRTUAL.SimulatedExchange(BINANCE): Added instrument BANDBTC.BINANCE and created matching engine
2026-09-16T06:17:56.125534913Z [INFO] EDGETRADER-VIRTUAL.SimulatedExchange(BINANCE): Added instrument BANDUSDT.BINANCE and created matching engine
2026-09-16T06:17:56.125600663Z [INFO] EDGETRADER-VIRTUAL.SimulatedExchange(BINANCE): Added instrument BNBBUSD.BINANCE and created matching engine
2026-09-16T06:17:56.125689898Z [INFO] EDGETRADER-VIRTUAL.SimulatedExchange(BINANCE): Added instrument BTCBUSD.BINANCE and created matching engine
2026-09-16T06:17:56.125755788Z [INFO] EDGETRADER-VIRTUAL.SimulatedExchange(BINANCE): Added instrument BUSDUSDT.BINANCE and created matching engine
2026-09-16T06:17:56.125807183Z [INFO] EDGETRADER-VIRTUAL.SimulatedExchange(BINANCE): Added instrument BEAMBNB.BINANCE and created matching engine
2026-09-16T06:17:56.125871764Z [INFO] EDGETRADER-VIRTUAL.SimulatedExchange(BINANCE): Added instrument BEAMBTC.BINANCE and created matching engine
2026-09-16T06:17:56.125951563Z [INFO] EDGETRADER-VIRTUAL.SimulatedExchange(BINANCE): Added instrument BEAMUSDT.BINANCE and created matching engine
2026-09-16T06:17:56.126062318Z [INFO] EDGETRADER-VIRTUAL.SimulatedExchange(BINANCE): Added instrument XTZBNB.BINANCE and created matching engine
2026-09-16T06:17:56.126138090Z [INFO] EDGETRADER-VIRTUAL.SimulatedExchange(BINANCE): Added instrument XTZBTC.BINANCE and created matching engine
2026-09-16T06:17:56.126192349Z [INFO] EDGETRADER-VIRTUAL.SimulatedExchange(BINANCE): Added instrument XTZUSDT.BINANCE and created matching engine
2026-09-16T06:17:56.126248993Z [INFO] EDGETRADER-VIRTUAL.SimulatedExchange(BINANCE): Added instrument RENUSDT.BINANCE and created matching engine
2026-09-16T06:17:56.126297554Z [INFO] EDGETRADER-VIRTUAL.SimulatedExchange(BINANCE): Added instrument RVNUSDT.BINANCE and created matching engine
2026-09-16T06:17:56.126394784Z [INFO] EDGETRADER-VIRTUAL.SimulatedExchange(BINANCE): Added instrument HCUSDT.BINANCE and created matching engine
2026-09-16T06:17:56.126457484Z [INFO] EDGETRADER-VIRTUAL.SimulatedExchange(BINANCE): Added instrument HBARBNB.BINANCE and created matching engine
2026-09-16T06:17:56.126588005Z [INFO] EDGETRADER-VIRTUAL.SimulatedExchange(BINANCE): Added instrument HBARBTC.BINANCE and created matching engine
2026-09-16T06:17:56.126669147Z [INFO] EDGETRADER-VIRTUAL.SimulatedExchange(BINANCE): Added instrument HBARUSDT.BINANCE and created matching engine
2026-09-16T06:17:56.126738695Z [INFO] EDGETRADER-VIRTUAL.SimulatedExchange(BINANCE): Added instrument NKNBNB.BINANCE and created matching engine
2026-09-16T06:17:56.126857362Z [INFO] EDGETRADER-VIRTUAL.SimulatedExchange(BINANCE): Added instrument NKNBTC.BINANCE and created matching engine
2026-09-16T06:17:56.126915916Z [INFO] EDGETRADER-VIRTUAL.SimulatedExchange(BINANCE): Added instrument NKNUSDT.BINANCE and created matching engine
2026-09-16T06:17:56.126964159Z [INFO] EDGETRADER-VIRTUAL.SimulatedExchange(BINANCE): Added instrument XRPBUSD.BINANCE and created matching engine
2026-09-16T06:17:56.127010482Z [INFO] EDGETRADER-VIRTUAL.SimulatedExchange(BINANCE): Added instrument ETHBUSD.BINANCE and created matching engine
2026-09-16T06:17:56.127168350Z [INFO] EDGETRADER-VIRTUAL.SimulatedExchange(BINANCE): Added instrument BCHABCBUSD.BINANCE and created matching engine
2026-09-16T06:17:56.127281906Z [INFO] EDGETRADER-VIRTUAL.SimulatedExchange(BINANCE): Added instrument LTCBUSD.BINANCE and created matching engine
2026-09-16T06:17:56.127372639Z [INFO] EDGETRADER-VIRTUAL.SimulatedExchange(BINANCE): Added instrument LINKBUSD.BINANCE and created matching engine
2026-09-16T06:17:56.127430536Z [INFO] EDGETRADER-VIRTUAL.SimulatedExchange(BINANCE): Added instrument ETCBUSD.BINANCE and created matching engine
2026-09-16T06:17:56.127550259Z [INFO] EDGETRADER-VIRTUAL.SimulatedExchange(BINANCE): Added instrument STXBNB.BINANCE and created matching engine
2026-09-16T06:17:56.127675286Z [INFO] EDGETRADER-VIRTUAL.SimulatedExchange(BINANCE): Added instrument STXBTC.BINANCE and created matching engine
2026-09-16T06:17:56.127787389Z [INFO] EDGETRADER-VIRTUAL.SimulatedExchange(BINANCE): Added instrument STXUSDT.BINANCE and created matching engine
2026-09-16T06:17:56.127888357Z [INFO] EDGETRADER-VIRTUAL.SimulatedExchange(BINANCE): Added instrument KAVABNB.BINANCE and created matching engine
2026-09-16T06:17:56.127977314Z [INFO] EDGETRADER-VIRTUAL.SimulatedExchange(BINANCE): Added instrument KAVABTC.BINANCE and created matching engine
2026-09-16T06:17:56.128059046Z [INFO] EDGETRADER-VIRTUAL.SimulatedExchange(BINANCE): Added instrument KAVAUSDT.BINANCE and created matching engine
2026-09-16T06:17:56.128182364Z [INFO] EDGETRADER-VIRTUAL.SimulatedExchange(BINANCE): Added instrument BUSDNGN.BINANCE and created matching engine
2026-09-16T06:17:56.128271786Z [INFO] EDGETRADER-VIRTUAL.SimulatedExchange(BINANCE): Added instrument BNBNGN.BINANCE and created matching engine
2026-09-16T06:17:56.128332032Z [INFO] EDGETRADER-VIRTUAL.SimulatedExchange(BINANCE): Added instrument BTCNGN.BINANCE and created matching engine
2026-09-16T06:17:56.128410608Z [INFO] EDGETRADER-VIRTUAL.SimulatedExchange(BINANCE): Added instrument ARPABNB.BINANCE and created matching engine
2026-09-16T06:17:56.128478599Z [INFO] EDGETRADER-VIRTUAL.SimulatedExchange(BINANCE): Added instrument ARPABTC.BINANCE and created matching engine
2026-09-16T06:17:56.128537388Z [INFO] EDGETRADER-VIRTUAL.SimulatedExchange(BINANCE): Added instrument ARPAUSDT.BINANCE and created matching engine
2026-09-16T06:17:56.128600298Z [INFO] EDGETRADER-VIRTUAL.SimulatedExchange(BINANCE): Added instrument TRXBUSD.BINANCE and created matching engine
2026-09-16T06:17:56.128724150Z [INFO] EDGETRADER-VIRTUAL.SimulatedExchange(BINANCE): Added instrument EOSBUSD.BINANCE and created matching engine
2026-09-16T06:17:56.128790122Z [INFO] EDGETRADER-VIRTUAL.SimulatedExchange(BINANCE): Added instrument IOTXUSDT.BINANCE and created matching engine
2026-09-16T06:17:56.128843182Z [INFO] EDGETRADER-VIRTUAL.SimulatedExchange(BINANCE): Added instrument RLCUSDT.BINANCE and created matching engine
2026-09-16T06:17:56.128902314Z [INFO] EDGETRADER-VIRTUAL.SimulatedExchange(BINANCE): Added instrument MCOUSDT.BINANCE and created matching engine
2026-09-16T06:17:56.128952441Z [INFO] EDGETRADER-VIRTUAL.SimulatedExchange(BINANCE): Added instrument XLMBUSD.BINANCE and created matching engine
2026-09-16T06:17:56.129047456Z [INFO] EDGETRADER-VIRTUAL.SimulatedExchange(BINANCE): Added instrument ADABUSD.BINANCE and created matching engine
2026-09-16T06:17:56.129101323Z [INFO] EDGETRADER-VIRTUAL.SimulatedExchange(BINANCE): Added instrument CTXCBNB.BINANCE and created matching engine
2026-09-16T06:17:56.129147896Z [INFO] EDGETRADER-VIRTUAL.SimulatedExchange(BINANCE): Added instrument CTXCBTC.BINANCE and created matching engine
2026-09-16T06:17:56.129252738Z [INFO] EDGETRADER-VIRTUAL.SimulatedExchange(BINANCE): Added instrument CTXCUSDT.BINANCE and created matching engine
2026-09-16T06:17:56.129339586Z [INFO] EDGETRADER-VIRTUAL.SimulatedExchange(BINANCE): Added instrument BCHBNB.BINANCE and created matching engine
2026-09-16T06:17:56.129394674Z [INFO] EDGETRADER-VIRTUAL.SimulatedExchange(BINANCE): Added instrument BCHBTC.BINANCE and created matching engine
2026-09-16T06:17:56.129451352Z [INFO] EDGETRADER-VIRTUAL.SimulatedExchange(BINANCE): Added instrument BCHUSDT.BINANCE and created matching engine
2026-09-16T06:17:56.129505837Z [INFO] EDGETRADER-VIRTUAL.SimulatedExchange(BINANCE): Added instrument BCHUSDC.BINANCE and created matching engine
2026-09-16T06:17:56.129560486Z [INFO] EDGETRADER-VIRTUAL.SimulatedExchange(BINANCE): Added instrument BCHTUSD.BINANCE and created matching engine
2026-09-16T06:17:56.129623378Z [INFO] EDGETRADER-VIRTUAL.SimulatedExchange(BINANCE): Added instrument BCHPAX.BINANCE and created matching engine
2026-09-16T06:17:56.129692881Z [INFO] EDGETRADER-VIRTUAL.SimulatedExchange(BINANCE): Added instrument BCHBUSD.BINANCE and created matching engine
2026-09-16T06:17:56.129837590Z [INFO] EDGETRADER-VIRTUAL.SimulatedExchange(BINANCE): Added instrument BTCRUB.BINANCE and created matching engine
2026-09-16T06:17:56.129908063Z [INFO] EDGETRADER-VIRTUAL.SimulatedExchange(BINANCE): Added instrument ETHRUB.BINANCE and created matching engine
2026-09-16T06:17:56.130001796Z [INFO] EDGETRADER-VIRTUAL.SimulatedExchange(BINANCE): Added instrument XRPRUB.BINANCE and created matching engine
2026-09-16T06:17:56.130054808Z [INFO] EDGETRADER-VIRTUAL.SimulatedExchange(BINANCE): Added instrument BNBRUB.BINANCE and created matching engine
2026-09-16T06:17:56.130154782Z [INFO] EDGETRADER-VIRTUAL.SimulatedExchange(BINANCE): Added instrument TROYBNB.BINANCE and created matching engine
2026-09-16T06:17:56.130217801Z [INFO] EDGETRADER-VIRTUAL.SimulatedExchange(BINANCE): Added instrument TROYBTC.BINANCE and created matching engine
2026-09-16T06:17:56.130345850Z [INFO] EDGETRADER-VIRTUAL.SimulatedExchange(BINANCE): Added instrument TROYUSDT.BINANCE and created matching engine
2026-09-16T06:17:56.130504742Z [INFO] EDGETRADER-VIRTUAL.SimulatedExchange(BINANCE): Added instrument BUSDRUB.BINANCE and created matching engine
2026-09-16T06:17:56.130656987Z [INFO] EDGETRADER-VIRTUAL.SimulatedExchange(BINANCE): Added instrument QTUMBUSD.BINANCE and created matching engine
2026-09-16T06:17:56.130715863Z [INFO] EDGETRADER-VIRTUAL.SimulatedExchange(BINANCE): Added instrument VETBUSD.BINANCE and created matching engine
2026-09-16T06:17:56.130768719Z [INFO] EDGETRADER-VIRTUAL.SimulatedExchange(BINANCE): Added instrument VITEBNB.BINANCE and created matching engine
2026-09-16T06:17:56.130885827Z [INFO] EDGETRADER-VIRTUAL.SimulatedExchange(BINANCE): Added instrument VITEBTC.BINANCE and created matching engine
2026-09-16T06:17:56.130959238Z [INFO] EDGETRADER-VIRTUAL.SimulatedExchange(BINANCE): Added instrument VITEUSDT.BINANCE and created matching engine
2026-09-16T06:17:56.131081060Z [INFO] EDGETRADER-VIRTUAL.SimulatedExchange(BINANCE): Added instrument FTTBNB.BINANCE and created matching engine
2026-09-16T06:17:56.131159678Z [INFO] EDGETRADER-VIRTUAL.SimulatedExchange(BINANCE): Added instrument FTTBTC.BINANCE and created matching engine
2026-09-16T06:17:56.131238840Z [INFO] EDGETRADER-VIRTUAL.SimulatedExchange(BINANCE): Added instrument FTTUSDT.BINANCE and created matching engine
2026-09-16T06:17:56.131451917Z [INFO] EDGETRADER-VIRTUAL.SimulatedExchange(BINANCE): Added instrument BTCTRY.BINANCE and created matching engine
2026-09-16T06:17:56.131564905Z [INFO] EDGETRADER-VIRTUAL.SimulatedExchange(BINANCE): Added instrument BNBTRY.BINANCE and created matching engine
2026-09-16T06:17:56.131673099Z [INFO] EDGETRADER-VIRTUAL.SimulatedExchange(BINANCE): Added instrument BUSDTRY.BINANCE and created matching engine
2026-09-16T06:17:56.131737186Z [INFO] EDGETRADER-VIRTUAL.SimulatedExchange(BINANCE): Added instrument ETHTRY.BINANCE and created matching engine
2026-09-16T06:17:56.131793357Z [INFO] EDGETRADER-VIRTUAL.SimulatedExchange(BINANCE): Added instrument XRPTRY.BINANCE and created matching engine
2026-09-16T06:17:56.131879895Z [INFO] EDGETRADER-VIRTUAL.SimulatedExchange(BINANCE): Added instrument USDTTRY.BINANCE and created matching engine
2026-09-16T06:17:56.132005269Z [INFO] EDGETRADER-VIRTUAL.SimulatedExchange(BINANCE): Added instrument USDTRUB.BINANCE and created matching engine
2026-09-16T06:17:56.132085846Z [INFO] EDGETRADER-VIRTUAL.SimulatedExchange(BINANCE): Added instrument BTCEUR.BINANCE and created matching engine
2026-09-16T06:17:56.132153302Z [INFO] EDGETRADER-VIRTUAL.SimulatedExchange(BINANCE): Added instrument ETHEUR.BINANCE and created matching engine
2026-09-16T06:17:56.132243974Z [INFO] EDGETRADER-VIRTUAL.SimulatedExchange(BINANCE): Added instrument BNBEUR.BINANCE and created matching engine
2026-09-16T06:17:56.132301412Z [INFO] EDGETRADER-VIRTUAL.SimulatedExchange(BINANCE): Added instrument XRPEUR.BINANCE and created matching engine
2026-09-16T06:17:56.132356970Z [INFO] EDGETRADER-VIRTUAL.SimulatedExchange(BINANCE): Added instrument EURBUSD.BINANCE and created matching engine
2026-09-16T06:17:56.132407257Z [INFO] EDGETRADER-VIRTUAL.SimulatedExchange(BINANCE): Added instrument EURUSDT.BINANCE and created matching engine
2026-09-16T06:17:56.132533828Z [INFO] EDGETRADER-VIRTUAL.SimulatedExchange(BINANCE): Added instrument OGNBNB.BINANCE and created matching engine
2026-09-16T06:17:56.132607189Z [INFO] EDGETRADER-VIRTUAL.SimulatedExchange(BINANCE): Added instrument OGNBTC.BINANCE and created matching engine
2026-09-16T06:17:56.132687294Z [INFO] EDGETRADER-VIRTUAL.SimulatedExchange(BINANCE): Added instrument OGNUSDT.BINANCE and created matching engine
2026-09-16T06:17:56.132755763Z [INFO] EDGETRADER-VIRTUAL.SimulatedExchange(BINANCE): Added instrument DREPBNB.BINANCE and created matching engine
2026-09-16T06:17:56.132857769Z [INFO] EDGETRADER-VIRTUAL.SimulatedExchange(BINANCE): Added instrument DREPBTC.BINANCE and created matching engine
2026-09-16T06:17:56.132913556Z [INFO] EDGETRADER-VIRTUAL.SimulatedExchange(BINANCE): Added instrument DREPUSDT.BINANCE and created matching engine
2026-09-16T06:17:56.132961499Z [INFO] EDGETRADER-VIRTUAL.SimulatedExchange(BINANCE): Added instrument BULLUSDT.BINANCE and created matching engine
2026-09-16T06:17:56.133073363Z [INFO] EDGETRADER-VIRTUAL.SimulatedExchange(BINANCE): Added instrument BULLBUSD.BINANCE and created matching engine
2026-09-16T06:17:56.133880120Z [INFO] EDGETRADER-VIRTUAL.SimulatedExchange(BINANCE): Added instrument BEARUSDT.BINANCE and created matching engine
2026-09-16T06:17:56.134056772Z [INFO] EDGETRADER-VIRTUAL.SimulatedExchange(BINANCE): Added instrument BEARBUSD.BINANCE and created matching engine
2026-09-16T06:17:56.134185639Z [INFO] EDGETRADER-VIRTUAL.SimulatedExchange(BINANCE): Added instrument ETHBULLUSDT.BINANCE and created matching engine
2026-09-16T06:17:56.134239989Z [INFO] EDGETRADER-VIRTUAL.SimulatedExchange(BINANCE): Added instrument ETHBULLBUSD.BINANCE and created matching engine
2026-09-16T06:17:56.134292160Z [INFO] EDGETRADER-VIRTUAL.SimulatedExchange(BINANCE): Added instrument ETHBEARUSDT.BINANCE and created matching engine
2026-09-16T06:17:56.134348521Z [INFO] EDGETRADER-VIRTUAL.SimulatedExchange(BINANCE): Added instrument ETHBEARBUSD.BINANCE and created matching engine
2026-09-16T06:17:56.134403448Z [INFO] EDGETRADER-VIRTUAL.SimulatedExchange(BINANCE): Added instrument TCTBNB.BINANCE and created matching engine
2026-09-16T06:17:56.134492835Z [INFO] EDGETRADER-VIRTUAL.SimulatedExchange(BINANCE): Added instrument TCTBTC.BINANCE and created matching engine
2026-09-16T06:17:56.134673830Z [INFO] EDGETRADER-VIRTUAL.SimulatedExchange(BINANCE): Added instrument TCTUSDT.BINANCE and created matching engine
2026-09-16T06:17:56.135395280Z [INFO] EDGETRADER-VIRTUAL.SimulatedExchange(BINANCE): Added instrument WRXBNB.BINANCE and created matching engine
2026-09-16T06:17:56.135869444Z [INFO] EDGETRADER-VIRTUAL.SimulatedExchange(BINANCE): Added instrument WRXBTC.BINANCE and created matching engine
2026-09-16T06:17:56.136552717Z [INFO] EDGETRADER-VIRTUAL.SimulatedExchange(BINANCE): Added instrument WRXUSDT.BINANCE and created matching engine
2026-09-16T06:17:56.136742153Z [INFO] EDGETRADER-VIRTUAL.SimulatedExchange(BINANCE): Added instrument ICXBUSD.BINANCE and created matching engine
2026-09-16T06:17:56.136840903Z [INFO] EDGETRADER-VIRTUAL.SimulatedExchange(BINANCE): Added instrument BTSUSDT.BINANCE and created matching engine
2026-09-16T06:17:56.136924667Z [INFO] EDGETRADER-VIRTUAL.SimulatedExchange(BINANCE): Added instrument BTSBUSD.BINANCE and created matching engine
2026-09-16T06:17:56.136994279Z [INFO] EDGETRADER-VIRTUAL.SimulatedExchange(BINANCE): Added instrument LSKUSDT.BINANCE and created matching engine
2026-09-16T06:17:56.137052313Z [INFO] EDGETRADER-VIRTUAL.SimulatedExchange(BINANCE): Added instrument BNTUSDT.BINANCE and created matching engine
2026-09-16T06:17:56.137118192Z [INFO] EDGETRADER-VIRTUAL.SimulatedExchange(BINANCE): Added instrument BNTBUSD.BINANCE and created matching engine
2026-09-16T06:17:56.137217436Z [INFO] EDGETRADER-VIRTUAL.SimulatedExchange(BINANCE): Added instrument LTOBNB.BINANCE and created matching engine
2026-09-16T06:17:56.137291659Z [INFO] EDGETRADER-VIRTUAL.SimulatedExchange(BINANCE): Added instrument LTOBTC.BINANCE and created matching engine
2026-09-16T06:17:56.137371712Z [INFO] EDGETRADER-VIRTUAL.SimulatedExchange(BINANCE): Added instrument LTOUSDT.BINANCE and created matching engine
2026-09-16T06:17:56.137669334Z [INFO] EDGETRADER-VIRTUAL.SimulatedExchange(BINANCE): Added instrument ATOMBUSD.BINANCE and created matching engine
2026-09-16T06:17:56.137894211Z [INFO] EDGETRADER-VIRTUAL.SimulatedExchange(BINANCE): Added instrument DASHBUSD.BINANCE and created matching engine
2026-09-16T06:17:56.138187190Z [INFO] EDGETRADER-VIRTUAL.SimulatedExchange(BINANCE): Added instrument NEOBUSD.BINANCE and created matching engine
2026-09-16T06:17:56.138281042Z [INFO] EDGETRADER-VIRTUAL.SimulatedExchange(BINANCE): Added instrument WAVESBUSD.BINANCE and created matching engine
2026-09-16T06:17:56.138342081Z [INFO] EDGETRADER-VIRTUAL.SimulatedExchange(BINANCE): Added instrument XTZBUSD.BINANCE and created matching engine
2026-09-16T06:17:56.138472507Z [INFO] EDGETRADER-VIRTUAL.SimulatedExchange(BINANCE): Added instrument EOSBULLUSDT.BINANCE and created matching engine
2026-09-16T06:17:56.138565172Z [INFO] EDGETRADER-VIRTUAL.SimulatedExchange(BINANCE): Added instrument EOSBULLBUSD.BINANCE and created matching engine
2026-09-16T06:17:56.138673985Z [INFO] EDGETRADER-VIRTUAL.SimulatedExchange(BINANCE): Added instrument EOSBEARUSDT.BINANCE and created matching engine
2026-09-16T06:17:56.138733277Z [INFO] EDGETRADER-VIRTUAL.SimulatedExchange(BINANCE): Added instrument EOSBEARBUSD.BINANCE and created matching engine
2026-09-16T06:17:56.138787569Z [INFO] EDGETRADER-VIRTUAL.SimulatedExchange(BINANCE): Added instrument XRPBULLUSDT.BINANCE and created matching engine
2026-09-16T06:17:56.138845824Z [INFO] EDGETRADER-VIRTUAL.SimulatedExchange(BINANCE): Added instrument XRPBULLBUSD.BINANCE and created matching engine
2026-09-16T06:17:56.138904104Z [INFO] EDGETRADER-VIRTUAL.SimulatedExchange(BINANCE): Added instrument XRPBEARUSDT.BINANCE and created matching engine
2026-09-16T06:17:56.139036477Z [INFO] EDGETRADER-VIRTUAL.SimulatedExchange(BINANCE): Added instrument XRPBEARBUSD.BINANCE and created matching engine
2026-09-16T06:17:56.139166964Z [INFO] EDGETRADER-VIRTUAL.SimulatedExchange(BINANCE): Added instrument BATBUSD.BINANCE and created matching engine
2026-09-16T06:17:56.139318599Z [INFO] EDGETRADER-VIRTUAL.SimulatedExchange(BINANCE): Added instrument ENJBUSD.BINANCE and created matching engine
2026-09-16T06:17:56.139417407Z [INFO] EDGETRADER-VIRTUAL.SimulatedExchange(BINANCE): Added instrument NANOBUSD.BINANCE and created matching engine
2026-09-16T06:17:56.139738385Z [INFO] EDGETRADER-VIRTUAL.SimulatedExchange(BINANCE): Added instrument ONTBUSD.BINANCE and created matching engine
2026-09-16T06:17:56.139842681Z [INFO] EDGETRADER-VIRTUAL.SimulatedExchange(BINANCE): Added instrument RVNBUSD.BINANCE and created matching engine
2026-09-16T06:17:56.139970259Z [INFO] EDGETRADER-VIRTUAL.SimulatedExchange(BINANCE): Added instrument STRATBUSD.BINANCE and created matching engine
2026-09-16T06:17:56.140037459Z [INFO] EDGETRADER-VIRTUAL.SimulatedExchange(BINANCE): Added instrument STRATBNB.BINANCE and created matching engine
2026-09-16T06:17:56.140105391Z [INFO] EDGETRADER-VIRTUAL.SimulatedExchange(BINANCE): Added instrument STRATUSDT.BINANCE and created matching engine
2026-09-16T06:17:56.140180456Z [INFO] EDGETRADER-VIRTUAL.SimulatedExchange(BINANCE): Added instrument AIONBUSD.BINANCE and created matching engine
2026-09-16T06:17:56.140279321Z [INFO] EDGETRADER-VIRTUAL.SimulatedExchange(BINANCE): Added instrument AIONUSDT.BINANCE and created matching engine
2026-09-16T06:17:56.140359681Z [INFO] EDGETRADER-VIRTUAL.SimulatedExchange(BINANCE): Added instrument MBLBNB.BINANCE and created matching engine
2026-09-16T06:17:56.140418824Z [INFO] EDGETRADER-VIRTUAL.SimulatedExchange(BINANCE): Added instrument MBLBTC.BINANCE and created matching engine
2026-09-16T06:17:56.140473720Z [INFO] EDGETRADER-VIRTUAL.SimulatedExchange(BINANCE): Added instrument MBLUSDT.BINANCE and created matching engine
2026-09-16T06:17:56.140531579Z [INFO] EDGETRADER-VIRTUAL.SimulatedExchange(BINANCE): Added instrument COTIBNB.BINANCE and created matching engine
2026-09-16T06:17:56.140599088Z [INFO] EDGETRADER-VIRTUAL.SimulatedExchange(BINANCE): Added instrument COTIBTC.BINANCE and created matching engine
2026-09-16T06:17:56.140669177Z [INFO] EDGETRADER-VIRTUAL.SimulatedExchange(BINANCE): Added instrument COTIUSDT.BINANCE and created matching engine
2026-09-16T06:17:56.140808236Z [INFO] EDGETRADER-VIRTUAL.SimulatedExchange(BINANCE): Added instrument ALGOBUSD.BINANCE and created matching engine
2026-09-16T06:17:56.140883231Z [INFO] EDGETRADER-VIRTUAL.SimulatedExchange(BINANCE): Added instrument BTTBUSD.BINANCE and created matching engine
2026-09-16T06:17:56.140943307Z [INFO] EDGETRADER-VIRTUAL.SimulatedExchange(BINANCE): Added instrument TOMOBUSD.BINANCE and created matching engine
2026-09-16T06:17:56.141045735Z [INFO] EDGETRADER-VIRTUAL.SimulatedExchange(BINANCE): Added instrument XMRBUSD.BINANCE and created matching engine
2026-09-16T06:17:56.141148999Z [INFO] EDGETRADER-VIRTUAL.SimulatedExchange(BINANCE): Added instrument ZECBUSD.BINANCE and created matching engine
2026-09-16T06:17:56.141275621Z [INFO] EDGETRADER-VIRTUAL.SimulatedExchange(BINANCE): Added instrument BNBBULLUSDT.BINANCE and created matching engine
2026-09-16T06:17:56.141386825Z [INFO] EDGETRADER-VIRTUAL.SimulatedExchange(BINANCE): Added instrument BNBBULLBUSD.BINANCE and created matching engine
2026-09-16T06:17:56.141443661Z [INFO] EDGETRADER-VIRTUAL.SimulatedExchange(BINANCE): Added instrument BNBBEARUSDT.BINANCE and created matching engine
2026-09-16T06:17:56.141498840Z [INFO] EDGETRADER-VIRTUAL.SimulatedExchange(BINANCE): Added instrument BNBBEARBUSD.BINANCE and created matching engine
2026-09-16T06:17:56.141553382Z [INFO] EDGETRADER-VIRTUAL.SimulatedExchange(BINANCE): Added instrument STPTBNB.BINANCE and created matching engine
2026-09-16T06:17:56.141605969Z [INFO] EDGETRADER-VIRTUAL.SimulatedExchange(BINANCE): Added instrument STPTBTC.BINANCE and created matching engine
2026-09-16T06:17:56.141669469Z [INFO] EDGETRADER-VIRTUAL.SimulatedExchange(BINANCE): Added instrument STPTUSDT.BINANCE and created matching engine
2026-09-16T06:17:56.141747155Z [INFO] EDGETRADER-VIRTUAL.SimulatedExchange(BINANCE): Added instrument BTCZAR.BINANCE and created matching engine
2026-09-16T06:17:56.141840427Z [INFO] EDGETRADER-VIRTUAL.SimulatedExchange(BINANCE): Added instrument ETHZAR.BINANCE and created matching engine
2026-09-16T06:17:56.141932245Z [INFO] EDGETRADER-VIRTUAL.SimulatedExchange(BINANCE): Added instrument BNBZAR.BINANCE and created matching engine
2026-09-16T06:17:56.142026322Z [INFO] EDGETRADER-VIRTUAL.SimulatedExchange(BINANCE): Added instrument USDTZAR.BINANCE and created matching engine
2026-09-16T06:17:56.142122118Z [INFO] EDGETRADER-VIRTUAL.SimulatedExchange(BINANCE): Added instrument BUSDZAR.BINANCE and created matching engine
2026-09-16T06:17:56.142216380Z [INFO] EDGETRADER-VIRTUAL.SimulatedExchange(BINANCE): Added instrument BTCBKRW.BINANCE and created matching engine
2026-09-16T06:17:56.142288834Z [INFO] EDGETRADER-VIRTUAL.SimulatedExchange(BINANCE): Added instrument ETHBKRW.BINANCE and created matching engine
2026-09-16T06:17:56.142369327Z [INFO] EDGETRADER-VIRTUAL.SimulatedExchange(BINANCE): Added instrument BNBBKRW.BINANCE and created matching engine
2026-09-16T06:17:56.142481038Z [INFO] EDGETRADER-VIRTUAL.SimulatedExchange(BINANCE): Added instrument WTCUSDT.BINANCE and created matching engine
2026-09-16T06:17:56.142594568Z [INFO] EDGETRADER-VIRTUAL.SimulatedExchange(BINANCE): Added instrument DATABUSD.BINANCE and created matching engine
2026-09-16T06:17:56.142651143Z [INFO] EDGETRADER-VIRTUAL.SimulatedExchange(BINANCE): Added instrument DATAUSDT.BINANCE and created matching engine
2026-09-16T06:17:56.142705921Z [INFO] EDGETRADER-VIRTUAL.SimulatedExchange(BINANCE): Added instrument XZCUSDT.BINANCE and created matching engine
2026-09-16T06:17:56.142770953Z [INFO] EDGETRADER-VIRTUAL.SimulatedExchange(BINANCE): Added instrument SOLBNB.BINANCE and created matching engine
2026-09-16T06:17:56.142828714Z [INFO] EDGETRADER-VIRTUAL.SimulatedExchange(BINANCE): Added instrument SOLBTC.BINANCE and created matching engine
2026-09-16T06:17:56.142888719Z [INFO] EDGETRADER-VIRTUAL.SimulatedExchange(BINANCE): Added instrument SOLUSDT.BINANCE and created matching engine
2026-09-16T06:17:56.142941949Z [INFO] EDGETRADER-VIRTUAL.SimulatedExchange(BINANCE): Added instrument SOLBUSD.BINANCE and created matching engine
2026-09-16T06:17:56.143041263Z [INFO] EDGETRADER-VIRTUAL.SimulatedExchange(BINANCE): Added instrument BTCIDRT.BINANCE and created matching engine
2026-09-16T06:17:56.143101207Z [INFO] EDGETRADER-VIRTUAL.SimulatedExchange(BINANCE): Added instrument BNBIDRT.BINANCE and created matching engine
2026-09-16T06:17:56.143153037Z [INFO] EDGETRADER-VIRTUAL.SimulatedExchange(BINANCE): Added instrument USDTIDRT.BINANCE and created matching engine
2026-09-16T06:17:56.143224611Z [INFO] EDGETRADER-VIRTUAL.SimulatedExchange(BINANCE): Added instrument BUSDIDRT.BINANCE and created matching engine
2026-09-16T06:17:56.143351531Z [INFO] EDGETRADER-VIRTUAL.SimulatedExchange(BINANCE): Added instrument CTSIBTC.BINANCE and created matching engine
2026-09-16T06:17:56.143492075Z [INFO] EDGETRADER-VIRTUAL.SimulatedExchange(BINANCE): Added instrument CTSIUSDT.BINANCE and created matching engine
2026-09-16T06:17:56.143623529Z [INFO] EDGETRADER-VIRTUAL.SimulatedExchange(BINANCE): Added instrument CTSIBNB.BINANCE and created matching engine
2026-09-16T06:17:56.143729827Z [INFO] EDGETRADER-VIRTUAL.SimulatedExchange(BINANCE): Added instrument CTSIBUSD.BINANCE and created matching engine
2026-09-16T06:17:56.143839244Z [INFO] EDGETRADER-VIRTUAL.SimulatedExchange(BINANCE): Added instrument HIVEBNB.BINANCE and created matching engine
2026-09-16T06:17:56.143906041Z [INFO] EDGETRADER-VIRTUAL.SimulatedExchange(BINANCE): Added instrument HIVEBTC.BINANCE and created matching engine
2026-09-16T06:17:56.143967747Z [INFO] EDGETRADER-VIRTUAL.SimulatedExchange(BINANCE): Added instrument HIVEUSDT.BINANCE and created matching engine
2026-09-16T06:17:56.144054101Z [INFO] EDGETRADER-VIRTUAL.SimulatedExchange(BINANCE): Added instrument CHRBNB.BINANCE and created matching engine
2026-09-16T06:17:56.144125067Z [INFO] EDGETRADER-VIRTUAL.SimulatedExchange(BINANCE): Added instrument CHRBTC.BINANCE and created matching engine
2026-09-16T06:17:56.144181903Z [INFO] EDGETRADER-VIRTUAL.SimulatedExchange(BINANCE): Added instrument CHRUSDT.BINANCE and created matching engine
2026-09-16T06:17:56.144280513Z [INFO] EDGETRADER-VIRTUAL.SimulatedExchange(BINANCE): Added instrument BTCUPUSDT.BINANCE and created matching engine
2026-09-16T06:17:56.144384454Z [INFO] EDGETRADER-VIRTUAL.SimulatedExchange(BINANCE): Added instrument BTCDOWNUSDT.BINANCE and created matching engine
2026-09-16T06:17:56.144457820Z [INFO] EDGETRADER-VIRTUAL.SimulatedExchange(BINANCE): Added instrument GXSUSDT.BINANCE and created matching engine
2026-09-16T06:17:56.144512291Z [INFO] EDGETRADER-VIRTUAL.SimulatedExchange(BINANCE): Added instrument ARDRUSDT.BINANCE and created matching engine
2026-09-16T06:17:56.144567575Z [INFO] EDGETRADER-VIRTUAL.SimulatedExchange(BINANCE): Added instrument ERDBUSD.BINANCE and created matching engine
2026-09-16T06:17:56.144620544Z [INFO] EDGETRADER-VIRTUAL.SimulatedExchange(BINANCE): Added instrument LENDUSDT.BINANCE and created matching engine
2026-09-16T06:17:56.144673559Z [INFO] EDGETRADER-VIRTUAL.SimulatedExchange(BINANCE): Added instrument HBARBUSD.BINANCE and created matching engine
2026-09-16T06:17:56.144764094Z [INFO] EDGETRADER-VIRTUAL.SimulatedExchange(BINANCE): Added instrument MATICBUSD.BINANCE and created matching engine
2026-09-16T06:17:56.144822595Z [INFO] EDGETRADER-VIRTUAL.SimulatedExchange(BINANCE): Added instrument WRXBUSD.BINANCE and created matching engine
2026-09-16T06:17:56.144877609Z [INFO] EDGETRADER-VIRTUAL.SimulatedExchange(BINANCE): Added instrument ZILBUSD.BINANCE and created matching engine
2026-09-16T06:17:56.144952950Z [INFO] EDGETRADER-VIRTUAL.SimulatedExchange(BINANCE): Added instrument MDTBNB.BINANCE and created matching engine
2026-09-16T06:17:56.145012031Z [INFO] EDGETRADER-VIRTUAL.SimulatedExchange(BINANCE): Added instrument MDTBTC.BINANCE and created matching engine
2026-09-16T06:17:56.145074583Z [INFO] EDGETRADER-VIRTUAL.SimulatedExchange(BINANCE): Added instrument MDTUSDT.BINANCE and created matching engine
2026-09-16T06:17:56.145168811Z [INFO] EDGETRADER-VIRTUAL.SimulatedExchange(BINANCE): Added instrument STMXBTC.BINANCE and created matching engine
2026-09-16T06:17:56.145228493Z [INFO] EDGETRADER-VIRTUAL.SimulatedExchange(BINANCE): Added instrument STMXETH.BINANCE and created matching engine
2026-09-16T06:17:56.145299809Z [INFO] EDGETRADER-VIRTUAL.SimulatedExchange(BINANCE): Added instrument STMXUSDT.BINANCE and created matching engine
2026-09-16T06:17:56.145396207Z [INFO] EDGETRADER-VIRTUAL.SimulatedExchange(BINANCE): Added instrument KNCBUSD.BINANCE and created matching engine
2026-09-16T06:17:56.145460799Z [INFO] EDGETRADER-VIRTUAL.SimulatedExchange(BINANCE): Added instrument KNCUSDT.BINANCE and created matching engine
2026-09-16T06:17:56.145519637Z [INFO] EDGETRADER-VIRTUAL.SimulatedExchange(BINANCE): Added instrument REPBUSD.BINANCE and created matching engine
2026-09-16T06:17:56.145618173Z [INFO] EDGETRADER-VIRTUAL.SimulatedExchange(BINANCE): Added instrument REPUSDT.BINANCE and created matching engine
2026-09-16T06:17:56.145683128Z [INFO] EDGETRADER-VIRTUAL.SimulatedExchange(BINANCE): Added instrument LRCBUSD.BINANCE and created matching engine
2026-09-16T06:17:56.145777594Z [INFO] EDGETRADER-VIRTUAL.SimulatedExchange(BINANCE): Added instrument LRCUSDT.BINANCE and created matching engine
2026-09-16T06:17:56.145841469Z [INFO] EDGETRADER-VIRTUAL.SimulatedExchange(BINANCE): Added instrument IQBNB.BINANCE and created matching engine
2026-09-16T06:17:56.145905532Z [INFO] EDGETRADER-VIRTUAL.SimulatedExchange(BINANCE): Added instrument IQBUSD.BINANCE and created matching engine
2026-09-16T06:17:56.146010429Z [INFO] EDGETRADER-VIRTUAL.SimulatedExchange(BINANCE): Added instrument PNTBTC.BINANCE and created matching engine
2026-09-16T06:17:56.146087372Z [INFO] EDGETRADER-VIRTUAL.SimulatedExchange(BINANCE): Added instrument PNTUSDT.BINANCE and created matching engine
2026-09-16T06:17:56.146147958Z [INFO] EDGETRADER-VIRTUAL.SimulatedExchange(BINANCE): Added instrument BTCGBP.BINANCE and created matching engine
2026-09-16T06:17:56.146231266Z [INFO] EDGETRADER-VIRTUAL.SimulatedExchange(BINANCE): Added instrument ETHGBP.BINANCE and created matching engine
2026-09-16T06:17:56.146332915Z [INFO] EDGETRADER-VIRTUAL.SimulatedExchange(BINANCE): Added instrument XRPGBP.BINANCE and created matching engine
2026-09-16T06:17:56.146462075Z [INFO] EDGETRADER-VIRTUAL.SimulatedExchange(BINANCE): Added instrument BNBGBP.BINANCE and created matching engine
2026-09-16T06:17:56.146544488Z [INFO] EDGETRADER-VIRTUAL.SimulatedExchange(BINANCE): Added instrument GBPBUSD.BINANCE and created matching engine
2026-09-16T06:17:56.146675063Z [INFO] EDGETRADER-VIRTUAL.SimulatedExchange(BINANCE): Added instrument DGBBTC.BINANCE and created matching engine
2026-09-16T06:17:56.146755314Z [INFO] EDGETRADER-VIRTUAL.SimulatedExchange(BINANCE): Added instrument DGBBUSD.BINANCE and created matching engine
2026-09-16T06:17:56.146820494Z [INFO] EDGETRADER-VIRTUAL.SimulatedExchange(BINANCE): Added instrument BTCUAH.BINANCE and created matching engine
2026-09-16T06:17:56.146922317Z [INFO] EDGETRADER-VIRTUAL.SimulatedExchange(BINANCE): Added instrument USDTUAH.BINANCE and created matching engine
2026-09-16T06:17:56.146990269Z [INFO] EDGETRADER-VIRTUAL.SimulatedExchange(BINANCE): Added instrument COMPBTC.BINANCE and created matching engine
2026-09-16T06:17:56.147089949Z [INFO] EDGETRADER-VIRTUAL.SimulatedExchange(BINANCE): Added instrument COMPBNB.BINANCE and created matching engine
2026-09-16T06:17:56.147169056Z [INFO] EDGETRADER-VIRTUAL.SimulatedExchange(BINANCE): Added instrument COMPBUSD.BINANCE and created matching engine
2026-09-16T06:17:56.147280612Z [INFO] EDGETRADER-VIRTUAL.SimulatedExchange(BINANCE): Added instrument COMPUSDT.BINANCE and created matching engine
2026-09-16T06:17:56.147399961Z [INFO] EDGETRADER-VIRTUAL.SimulatedExchange(BINANCE): Added instrument BTCBIDR.BINANCE and created matching engine
2026-09-16T06:17:56.147516893Z [INFO] EDGETRADER-VIRTUAL.SimulatedExchange(BINANCE): Added instrument ETHBIDR.BINANCE and created matching engine
2026-09-16T06:17:56.147602261Z [INFO] EDGETRADER-VIRTUAL.SimulatedExchange(BINANCE): Added instrument BNBBIDR.BINANCE and created matching engine
2026-09-16T06:17:56.147725808Z [INFO] EDGETRADER-VIRTUAL.SimulatedExchange(BINANCE): Added instrument BUSDBIDR.BINANCE and created matching engine
2026-09-16T06:17:56.147793911Z [INFO] EDGETRADER-VIRTUAL.SimulatedExchange(BINANCE): Added instrument USDTBIDR.BINANCE and created matching engine
2026-09-16T06:17:56.147851851Z [INFO] EDGETRADER-VIRTUAL.SimulatedExchange(BINANCE): Added instrument BKRWUSDT.BINANCE and created matching engine
2026-09-16T06:17:56.147907361Z [INFO] EDGETRADER-VIRTUAL.SimulatedExchange(BINANCE): Added instrument BKRWBUSD.BINANCE and created matching engine
2026-09-16T06:17:56.147969773Z [INFO] EDGETRADER-VIRTUAL.SimulatedExchange(BINANCE): Added instrument SCUSDT.BINANCE and created matching engine
2026-09-16T06:17:56.148041705Z [INFO] EDGETRADER-VIRTUAL.SimulatedExchange(BINANCE): Added instrument ZENUSDT.BINANCE and created matching engine
2026-09-16T06:17:56.148146426Z [INFO] EDGETRADER-VIRTUAL.SimulatedExchange(BINANCE): Added instrument SXPBTC.BINANCE and created matching engine
2026-09-16T06:17:56.148245894Z [INFO] EDGETRADER-VIRTUAL.SimulatedExchange(BINANCE): Added instrument SXPBNB.BINANCE and created matching engine
2026-09-16T06:17:56.148348986Z [INFO] EDGETRADER-VIRTUAL.SimulatedExchange(BINANCE): Added instrument SXPBUSD.BINANCE and created matching engine
2026-09-16T06:17:56.148448021Z [INFO] EDGETRADER-VIRTUAL.SimulatedExchange(BINANCE): Added instrument SNXBTC.BINANCE and created matching engine
2026-09-16T06:17:56.148520574Z [INFO] EDGETRADER-VIRTUAL.SimulatedExchange(BINANCE): Added instrument SNXBNB.BINANCE and created matching engine
2026-09-16T06:17:56.148590861Z [INFO] EDGETRADER-VIRTUAL.SimulatedExchange(BINANCE): Added instrument SNXBUSD.BINANCE and created matching engine
2026-09-16T06:17:56.148651906Z [INFO] EDGETRADER-VIRTUAL.SimulatedExchange(BINANCE): Added instrument SNXUSDT.BINANCE and created matching engine
2026-09-16T06:17:56.148716992Z [INFO] EDGETRADER-VIRTUAL.SimulatedExchange(BINANCE): Added instrument ETHUPUSDT.BINANCE and created matching engine
2026-09-16T06:17:56.148775374Z [INFO] EDGETRADER-VIRTUAL.SimulatedExchange(BINANCE): Added instrument ETHDOWNUSDT.BINANCE and created matching engine
2026-09-16T06:17:56.148829030Z [INFO] EDGETRADER-VIRTUAL.SimulatedExchange(BINANCE): Added instrument ADAUPUSDT.BINANCE and created matching engine
2026-09-16T06:17:56.148882224Z [INFO] EDGETRADER-VIRTUAL.SimulatedExchange(BINANCE): Added instrument ADADOWNUSDT.BINANCE and created matching engine
2026-09-16T06:17:56.148935562Z [INFO] EDGETRADER-VIRTUAL.SimulatedExchange(BINANCE): Added instrument LINKUPUSDT.BINANCE and created matching engine
2026-09-16T06:17:56.148989960Z [INFO] EDGETRADER-VIRTUAL.SimulatedExchange(BINANCE): Added instrument LINKDOWNUSDT.BINANCE and created matching engine
2026-09-16T06:17:56.149109396Z [INFO] EDGETRADER-VIRTUAL.SimulatedExchange(BINANCE): Added instrument VTHOBNB.BINANCE and created matching engine
2026-09-16T06:17:56.149220959Z [INFO] EDGETRADER-VIRTUAL.SimulatedExchange(BINANCE): Added instrument VTHOBUSD.BINANCE and created matching engine
2026-09-16T06:17:56.149308802Z [INFO] EDGETRADER-VIRTUAL.SimulatedExchange(BINANCE): Added instrument VTHOUSDT.BINANCE and created matching engine
2026-09-16T06:17:56.149411666Z [INFO] EDGETRADER-VIRTUAL.SimulatedExchange(BINANCE): Added instrument DCRBUSD.BINANCE and created matching engine
2026-09-16T06:17:56.149513820Z [INFO] EDGETRADER-VIRTUAL.SimulatedExchange(BINANCE): Added instrument DGBUSDT.BINANCE and created matching engine
2026-09-16T06:17:56.149579917Z [INFO] EDGETRADER-VIRTUAL.SimulatedExchange(BINANCE): Added instrument GBPUSDT.BINANCE and created matching engine
2026-09-16T06:17:56.149678515Z [INFO] EDGETRADER-VIRTUAL.SimulatedExchange(BINANCE): Added instrument STORJBUSD.BINANCE and created matching engine
2026-09-16T06:17:56.149751376Z [INFO] EDGETRADER-VIRTUAL.SimulatedExchange(BINANCE): Added instrument SXPUSDT.BINANCE and created matching engine
2026-09-16T06:17:56.149816501Z [INFO] EDGETRADER-VIRTUAL.SimulatedExchange(BINANCE): Added instrument IRISBNB.BINANCE and created matching engine
2026-09-16T06:17:56.149882679Z [INFO] EDGETRADER-VIRTUAL.SimulatedExchange(BINANCE): Added instrument IRISBTC.BINANCE and created matching engine
2026-09-16T06:17:56.150002154Z [INFO] EDGETRADER-VIRTUAL.SimulatedExchange(BINANCE): Added instrument IRISBUSD.BINANCE and created matching engine
2026-09-16T06:17:56.150081712Z [INFO] EDGETRADER-VIRTUAL.SimulatedExchange(BINANCE): Added instrument MKRBNB.BINANCE and created matching engine
2026-09-16T06:17:56.150145308Z [INFO] EDGETRADER-VIRTUAL.SimulatedExchange(BINANCE): Added instrument MKRBTC.BINANCE and created matching engine
2026-09-16T06:17:56.150206486Z [INFO] EDGETRADER-VIRTUAL.SimulatedExchange(BINANCE): Added instrument MKRUSDT.BINANCE and created matching engine
2026-09-16T06:17:56.150312022Z [INFO] EDGETRADER-VIRTUAL.SimulatedExchange(BINANCE): Added instrument MKRBUSD.BINANCE and created matching engine
2026-09-16T06:17:56.150414929Z [INFO] EDGETRADER-VIRTUAL.SimulatedExchange(BINANCE): Added instrument DAIBNB.BINANCE and created matching engine
2026-09-16T06:17:56.150482764Z [INFO] EDGETRADER-VIRTUAL.SimulatedExchange(BINANCE): Added instrument DAIBTC.BINANCE and created matching engine
2026-09-16T06:17:56.150546888Z [INFO] EDGETRADER-VIRTUAL.SimulatedExchange(BINANCE): Added instrument DAIUSDT.BINANCE and created matching engine
2026-09-16T06:17:56.150651479Z [INFO] EDGETRADER-VIRTUAL.SimulatedExchange(BINANCE): Added instrument DAIBUSD.BINANCE and created matching engine
2026-09-16T06:17:56.150732975Z [INFO] EDGETRADER-VIRTUAL.SimulatedExchange(BINANCE): Added instrument RUNEBNB.BINANCE and created matching engine
2026-09-16T06:17:56.150913369Z [INFO] EDGETRADER-VIRTUAL.SimulatedExchange(BINANCE): Added instrument RUNEBTC.BINANCE and created matching engine
2026-09-16T06:17:56.150999237Z [INFO] EDGETRADER-VIRTUAL.SimulatedExchange(BINANCE): Added instrument RUNEBUSD.BINANCE and created matching engine
2026-09-16T06:17:56.151148707Z [INFO] EDGETRADER-VIRTUAL.SimulatedExchange(BINANCE): Added instrument MANABUSD.BINANCE and created matching engine
2026-09-16T06:17:56.151218953Z [INFO] EDGETRADER-VIRTUAL.SimulatedExchange(BINANCE): Added instrument DOGEBUSD.BINANCE and created matching engine
2026-09-16T06:17:56.151297976Z [INFO] EDGETRADER-VIRTUAL.SimulatedExchange(BINANCE): Added instrument LENDBUSD.BINANCE and created matching engine
2026-09-16T06:17:56.151787878Z [INFO] EDGETRADER-VIRTUAL.SimulatedExchange(BINANCE): Added instrument ZRXBUSD.BINANCE and created matching engine
2026-09-16T06:17:56.152768902Z [INFO] EDGETRADER-VIRTUAL.SimulatedExchange(BINANCE): Added instrument DCRUSDT.BINANCE and created matching engine
2026-09-16T06:17:56.153281644Z [INFO] EDGETRADER-VIRTUAL.SimulatedExchange(BINANCE): Added instrument STORJUSDT.BINANCE and created matching engine
2026-09-16T06:17:56.153528348Z [INFO] EDGETRADER-VIRTUAL.SimulatedExchange(BINANCE): Added instrument XRPBKRW.BINANCE and created matching engine
2026-09-16T06:17:56.153673973Z [INFO] EDGETRADER-VIRTUAL.SimulatedExchange(BINANCE): Added instrument ADABKRW.BINANCE and created matching engine
2026-09-16T06:17:56.153843865Z [INFO] EDGETRADER-VIRTUAL.SimulatedExchange(BINANCE): Added instrument BTCAUD.BINANCE and created matching engine
2026-09-16T06:17:56.153984379Z [INFO] EDGETRADER-VIRTUAL.SimulatedExchange(BINANCE): Added instrument ETHAUD.BINANCE and created matching engine
2026-09-16T06:17:56.154105560Z [INFO] EDGETRADER-VIRTUAL.SimulatedExchange(BINANCE): Added instrument AUDBUSD.BINANCE and created matching engine
2026-09-16T06:17:56.154205844Z [INFO] EDGETRADER-VIRTUAL.SimulatedExchange(BINANCE): Added instrument FIOBNB.BINANCE and created matching engine
2026-09-16T06:17:56.154285002Z [INFO] EDGETRADER-VIRTUAL.SimulatedExchange(BINANCE): Added instrument FIOBTC.BINANCE and created matching engine
2026-09-16T06:17:56.154421035Z [INFO] EDGETRADER-VIRTUAL.SimulatedExchange(BINANCE): Added instrument FIOBUSD.BINANCE and created matching engine
2026-09-16T06:17:56.154527424Z [INFO] EDGETRADER-VIRTUAL.SimulatedExchange(BINANCE): Added instrument BNBUPUSDT.BINANCE and created matching engine
2026-09-16T06:17:56.154594851Z [INFO] EDGETRADER-VIRTUAL.SimulatedExchange(BINANCE): Added instrument BNBDOWNUSDT.BINANCE and created matching engine
2026-09-16T06:17:56.154656907Z [INFO] EDGETRADER-VIRTUAL.SimulatedExchange(BINANCE): Added instrument XTZUPUSDT.BINANCE and created matching engine
2026-09-16T06:17:56.154723215Z [INFO] EDGETRADER-VIRTUAL.SimulatedExchange(BINANCE): Added instrument XTZDOWNUSDT.BINANCE and created matching engine
2026-09-16T06:17:56.154822052Z [INFO] EDGETRADER-VIRTUAL.SimulatedExchange(BINANCE): Added instrument AVABNB.BINANCE and created matching engine
2026-09-16T06:17:56.154924566Z [INFO] EDGETRADER-VIRTUAL.SimulatedExchange(BINANCE): Added instrument AVABTC.BINANCE and created matching engine
2026-09-16T06:17:56.155039172Z [INFO] EDGETRADER-VIRTUAL.SimulatedExchange(BINANCE): Added instrument AVABUSD.BINANCE and created matching engine
2026-09-16T06:17:56.155141102Z [INFO] EDGETRADER-VIRTUAL.SimulatedExchange(BINANCE): Added instrument USDTBKRW.BINANCE and created matching engine
2026-09-16T06:17:56.155248460Z [INFO] EDGETRADER-VIRTUAL.SimulatedExchange(BINANCE): Added instrument BUSDBKRW.BINANCE and created matching engine
2026-09-16T06:17:56.155315176Z [INFO] EDGETRADER-VIRTUAL.SimulatedExchange(BINANCE): Added instrument IOTABUSD.BINANCE and created matching engine
2026-09-16T06:17:56.155376457Z [INFO] EDGETRADER-VIRTUAL.SimulatedExchange(BINANCE): Added instrument MANAUSDT.BINANCE and created matching engine
2026-09-16T06:17:56.155443278Z [INFO] EDGETRADER-VIRTUAL.SimulatedExchange(BINANCE): Added instrument XRPAUD.BINANCE and created matching engine
2026-09-16T06:17:56.155506107Z [INFO] EDGETRADER-VIRTUAL.SimulatedExchange(BINANCE): Added instrument BNBAUD.BINANCE and created matching engine
2026-09-16T06:17:56.155717212Z [INFO] EDGETRADER-VIRTUAL.SimulatedExchange(BINANCE): Added instrument AUDUSDT.BINANCE and created matching engine
2026-09-16T06:17:56.156153631Z [INFO] EDGETRADER-VIRTUAL.SimulatedExchange(BINANCE): Added instrument BALBNB.BINANCE and created matching engine
2026-09-16T06:17:56.156359283Z [INFO] EDGETRADER-VIRTUAL.SimulatedExchange(BINANCE): Added instrument BALBTC.BINANCE and created matching engine
2026-09-16T06:17:56.156499693Z [INFO] EDGETRADER-VIRTUAL.SimulatedExchange(BINANCE): Added instrument BALBUSD.BINANCE and created matching engine
2026-09-16T06:17:56.156601070Z [INFO] EDGETRADER-VIRTUAL.SimulatedExchange(BINANCE): Added instrument YFIBNB.BINANCE and created matching engine
2026-09-16T06:17:56.156687338Z [INFO] EDGETRADER-VIRTUAL.SimulatedExchange(BINANCE): Added instrument YFIBTC.BINANCE and created matching engine
2026-09-16T06:17:56.156807495Z [INFO] EDGETRADER-VIRTUAL.SimulatedExchange(BINANCE): Added instrument YFIBUSD.BINANCE and created matching engine
2026-09-16T06:17:56.156925327Z [INFO] EDGETRADER-VIRTUAL.SimulatedExchange(BINANCE): Added instrument YFIUSDT.BINANCE and created matching engine
2026-09-16T06:17:56.157135683Z [INFO] EDGETRADER-VIRTUAL.SimulatedExchange(BINANCE): Added instrument BLZBUSD.BINANCE and created matching engine
2026-09-16T06:17:56.157322131Z [INFO] EDGETRADER-VIRTUAL.SimulatedExchange(BINANCE): Added instrument KMDBUSD.BINANCE and created matching engine
2026-09-16T06:17:56.157419339Z [INFO] EDGETRADER-VIRTUAL.SimulatedExchange(BINANCE): Added instrument BALUSDT.BINANCE and created matching engine
2026-09-16T06:17:56.157524974Z [INFO] EDGETRADER-VIRTUAL.SimulatedExchange(BINANCE): Added instrument BLZUSDT.BINANCE and created matching engine
2026-09-16T06:17:56.157593953Z [INFO] EDGETRADER-VIRTUAL.SimulatedExchange(BINANCE): Added instrument IRISUSDT.BINANCE and created matching engine
2026-09-16T06:17:56.157660996Z [INFO] EDGETRADER-VIRTUAL.SimulatedExchange(BINANCE): Added instrument KMDUSDT.BINANCE and created matching engine
2026-09-16T06:17:56.157727406Z [INFO] EDGETRADER-VIRTUAL.SimulatedExchange(BINANCE): Added instrument BTCDAI.BINANCE and created matching engine
2026-09-16T06:17:56.157796059Z [INFO] EDGETRADER-VIRTUAL.SimulatedExchange(BINANCE): Added instrument ETHDAI.BINANCE and created matching engine
2026-09-16T06:17:56.157923679Z [INFO] EDGETRADER-VIRTUAL.SimulatedExchange(BINANCE): Added instrument BNBDAI.BINANCE and created matching engine
2026-09-16T06:17:56.158045725Z [INFO] EDGETRADER-VIRTUAL.SimulatedExchange(BINANCE): Added instrument USDTDAI.BINANCE and created matching engine
2026-09-16T06:17:56.158125382Z [INFO] EDGETRADER-VIRTUAL.SimulatedExchange(BINANCE): Added instrument BUSDDAI.BINANCE and created matching engine
2026-09-16T06:17:56.158324337Z [INFO] EDGETRADER-VIRTUAL.SimulatedExchange(BINANCE): Added instrument JSTBNB.BINANCE and created matching engine
2026-09-16T06:17:56.158444610Z [INFO] EDGETRADER-VIRTUAL.SimulatedExchange(BINANCE): Added instrument JSTBTC.BINANCE and created matching engine
2026-09-16T06:17:56.158541998Z [INFO] EDGETRADER-VIRTUAL.SimulatedExchange(BINANCE): Added instrument JSTBUSD.BINANCE and created matching engine
2026-09-16T06:17:56.158612385Z [INFO] EDGETRADER-VIRTUAL.SimulatedExchange(BINANCE): Added instrument JSTUSDT.BINANCE and created matching engine
2026-09-16T06:17:56.158678568Z [INFO] EDGETRADER-VIRTUAL.SimulatedExchange(BINANCE): Added instrument SRMBNB.BINANCE and created matching engine
2026-09-16T06:17:56.158743890Z [INFO] EDGETRADER-VIRTUAL.SimulatedExchange(BINANCE): Added instrument SRMBTC.BINANCE and created matching engine
2026-09-16T06:17:56.158858424Z [INFO] EDGETRADER-VIRTUAL.SimulatedExchange(BINANCE): Added instrument SRMBUSD.BINANCE and created matching engine
2026-09-16T06:17:56.158926762Z [INFO] EDGETRADER-VIRTUAL.SimulatedExchange(BINANCE): Added instrument SRMUSDT.BINANCE and created matching engine
2026-09-16T06:17:56.158994275Z [INFO] EDGETRADER-VIRTUAL.SimulatedExchange(BINANCE): Added instrument ANTBNB.BINANCE and created matching engine
2026-09-16T06:17:56.159060161Z [INFO] EDGETRADER-VIRTUAL.SimulatedExchange(BINANCE): Added instrument ANTBTC.BINANCE and created matching engine
2026-09-16T06:17:56.159130259Z [INFO] EDGETRADER-VIRTUAL.SimulatedExchange(BINANCE): Added instrument ANTBUSD.BINANCE and created matching engine
2026-09-16T06:17:56.159242754Z [INFO] EDGETRADER-VIRTUAL.SimulatedExchange(BINANCE): Added instrument ANTUSDT.BINANCE and created matching engine
2026-09-16T06:17:56.159330386Z [INFO] EDGETRADER-VIRTUAL.SimulatedExchange(BINANCE): Added instrument CRVBNB.BINANCE and created matching engine
2026-09-16T06:17:56.159402898Z [INFO] EDGETRADER-VIRTUAL.SimulatedExchange(BINANCE): Added instrument CRVBTC.BINANCE and created matching engine
2026-09-16T06:17:56.159558065Z [INFO] EDGETRADER-VIRTUAL.SimulatedExchange(BINANCE): Added instrument CRVBUSD.BINANCE and created matching engine
2026-09-16T06:17:56.159688562Z [INFO] EDGETRADER-VIRTUAL.SimulatedExchange(BINANCE): Added instrument CRVUSDT.BINANCE and created matching engine
2026-09-16T06:17:56.159783130Z [INFO] EDGETRADER-VIRTUAL.SimulatedExchange(BINANCE): Added instrument SANDBNB.BINANCE and created matching engine
2026-09-16T06:17:56.159871209Z [INFO] EDGETRADER-VIRTUAL.SimulatedExchange(BINANCE): Added instrument SANDBTC.BINANCE and created matching engine
2026-09-16T06:17:56.159940071Z [INFO] EDGETRADER-VIRTUAL.SimulatedExchange(BINANCE): Added instrument SANDUSDT.BINANCE and created matching engine
2026-09-16T06:17:56.160037215Z [INFO] EDGETRADER-VIRTUAL.SimulatedExchange(BINANCE): Added instrument SANDBUSD.BINANCE and created matching engine
2026-09-16T06:17:56.160116914Z [INFO] EDGETRADER-VIRTUAL.SimulatedExchange(BINANCE): Added instrument OCEANBNB.BINANCE and created matching engine
2026-09-16T06:17:56.160183154Z [INFO] EDGETRADER-VIRTUAL.SimulatedExchange(BINANCE): Added instrument OCEANBTC.BINANCE and created matching engine
2026-09-16T06:17:56.160254658Z [INFO] EDGETRADER-VIRTUAL.SimulatedExchange(BINANCE): Added instrument OCEANBUSD.BINANCE and created matching engine
2026-09-16T06:17:56.160362699Z [INFO] EDGETRADER-VIRTUAL.SimulatedExchange(BINANCE): Added instrument OCEANUSDT.BINANCE and created matching engine
2026-09-16T06:17:56.160506639Z [INFO] EDGETRADER-VIRTUAL.SimulatedExchange(BINANCE): Added instrument NMRBTC.BINANCE and created matching engine
2026-09-16T06:17:56.160593584Z [INFO] EDGETRADER-VIRTUAL.SimulatedExchange(BINANCE): Added instrument NMRBUSD.BINANCE and created matching engine
2026-09-16T06:17:56.160663280Z [INFO] EDGETRADER-VIRTUAL.SimulatedExchange(BINANCE): Added instrument NMRUSDT.BINANCE and created matching engine
2026-09-16T06:17:56.160730556Z [INFO] EDGETRADER-VIRTUAL.SimulatedExchange(BINANCE): Added instrument DOTBNB.BINANCE and created matching engine
2026-09-16T06:17:56.160805470Z [INFO] EDGETRADER-VIRTUAL.SimulatedExchange(BINANCE): Added instrument DOTBTC.BINANCE and created matching engine
2026-09-16T06:17:56.160908903Z [INFO] EDGETRADER-VIRTUAL.SimulatedExchange(BINANCE): Added instrument DOTBUSD.BINANCE and created matching engine
2026-09-16T06:17:56.161020259Z [INFO] EDGETRADER-VIRTUAL.SimulatedExchange(BINANCE): Added instrument DOTUSDT.BINANCE and created matching engine
2026-09-16T06:17:56.161091672Z [INFO] EDGETRADER-VIRTUAL.SimulatedExchange(BINANCE): Added instrument LUNABNB.BINANCE and created matching engine
2026-09-16T06:17:56.161157537Z [INFO] EDGETRADER-VIRTUAL.SimulatedExchange(BINANCE): Added instrument LUNABTC.BINANCE and created matching engine
2026-09-16T06:17:56.161221283Z [INFO] EDGETRADER-VIRTUAL.SimulatedExchange(BINANCE): Added instrument LUNABUSD.BINANCE and created matching engine
2026-09-16T06:17:56.161284159Z [INFO] EDGETRADER-VIRTUAL.SimulatedExchange(BINANCE): Added instrument LUNAUSDT.BINANCE and created matching engine
2026-09-16T06:17:56.161350604Z [INFO] EDGETRADER-VIRTUAL.SimulatedExchange(BINANCE): Added instrument IDEXBTC.BINANCE and created matching engine
2026-09-16T06:17:56.161414211Z [INFO] EDGETRADER-VIRTUAL.SimulatedExchange(BINANCE): Added instrument IDEXBUSD.BINANCE and created matching engine
2026-09-16T06:17:56.161527031Z [INFO] EDGETRADER-VIRTUAL.SimulatedExchange(BINANCE): Added instrument RSRBNB.BINANCE and created matching engine
2026-09-16T06:17:56.161611944Z [INFO] EDGETRADER-VIRTUAL.SimulatedExchange(BINANCE): Added instrument RSRBTC.BINANCE and created matching engine
2026-09-16T06:17:56.161679370Z [INFO] EDGETRADER-VIRTUAL.SimulatedExchange(BINANCE): Added instrument RSRBUSD.BINANCE and created matching engine
2026-09-16T06:17:56.161745420Z [INFO] EDGETRADER-VIRTUAL.SimulatedExchange(BINANCE): Added instrument RSRUSDT.BINANCE and created matching engine
2026-09-16T06:17:56.161810328Z [INFO] EDGETRADER-VIRTUAL.SimulatedExchange(BINANCE): Added instrument PAXGBNB.BINANCE and created matching engine
2026-09-16T06:17:56.161875702Z [INFO] EDGETRADER-VIRTUAL.SimulatedExchange(BINANCE): Added instrument PAXGBTC.BINANCE and created matching engine
2026-09-16T06:17:56.161940081Z [INFO] EDGETRADER-VIRTUAL.SimulatedExchange(BINANCE): Added instrument PAXGBUSD.BINANCE and created matching engine
2026-09-16T06:17:56.162046261Z [INFO] EDGETRADER-VIRTUAL.SimulatedExchange(BINANCE): Added instrument PAXGUSDT.BINANCE and created matching engine
2026-09-16T06:17:56.162132704Z [INFO] EDGETRADER-VIRTUAL.SimulatedExchange(BINANCE): Added instrument WNXMBNB.BINANCE and created matching engine
2026-09-16T06:17:56.162205137Z [INFO] EDGETRADER-VIRTUAL.SimulatedExchange(BINANCE): Added instrument WNXMBTC.BINANCE and created matching engine
2026-09-16T06:17:56.162270155Z [INFO] EDGETRADER-VIRTUAL.SimulatedExchange(BINANCE): Added instrument WNXMBUSD.BINANCE and created matching engine
2026-09-16T06:17:56.162377651Z [INFO] EDGETRADER-VIRTUAL.SimulatedExchange(BINANCE): Added instrument WNXMUSDT.BINANCE and created matching engine
2026-09-16T06:17:56.162451491Z [INFO] EDGETRADER-VIRTUAL.SimulatedExchange(BINANCE): Added instrument TRBBNB.BINANCE and created matching engine
2026-09-16T06:17:56.162521613Z [INFO] EDGETRADER-VIRTUAL.SimulatedExchange(BINANCE): Added instrument TRBBTC.BINANCE and created matching engine
2026-09-16T06:17:56.162629560Z [INFO] EDGETRADER-VIRTUAL.SimulatedExchange(BINANCE): Added instrument TRBBUSD.BINANCE and created matching engine
2026-09-16T06:17:56.162729900Z [INFO] EDGETRADER-VIRTUAL.SimulatedExchange(BINANCE): Added instrument TRBUSDT.BINANCE and created matching engine
2026-09-16T06:17:56.162804217Z [INFO] EDGETRADER-VIRTUAL.SimulatedExchange(BINANCE): Added instrument ETHNGN.BINANCE and created matching engine
2026-09-16T06:17:56.162879310Z [INFO] EDGETRADER-VIRTUAL.SimulatedExchange(BINANCE): Added instrument DOTBIDR.BINANCE and created matching engine
2026-09-16T06:17:56.162946069Z [INFO] EDGETRADER-VIRTUAL.SimulatedExchange(BINANCE): Added instrument LINKAUD.BINANCE and created matching engine
2026-09-16T06:17:56.163013169Z [INFO] EDGETRADER-VIRTUAL.SimulatedExchange(BINANCE): Added instrument SXPAUD.BINANCE and created matching engine
2026-09-16T06:17:56.163082681Z [INFO] EDGETRADER-VIRTUAL.SimulatedExchange(BINANCE): Added instrument BZRXBNB.BINANCE and created matching engine
2026-09-16T06:17:56.163151453Z [INFO] EDGETRADER-VIRTUAL.SimulatedExchange(BINANCE): Added instrument BZRXBTC.BINANCE and created matching engine
2026-09-16T06:17:56.163295308Z [INFO] EDGETRADER-VIRTUAL.SimulatedExchange(BINANCE): Added instrument BZRXBUSD.BINANCE and created matching engine
2026-09-16T06:17:56.163372258Z [INFO] EDGETRADER-VIRTUAL.SimulatedExchange(BINANCE): Added instrument BZRXUSDT.BINANCE and created matching engine
2026-09-16T06:17:56.163444790Z [INFO] EDGETRADER-VIRTUAL.SimulatedExchange(BINANCE): Added instrument WBTCBTC.BINANCE and created matching engine
2026-09-16T06:17:56.163520115Z [INFO] EDGETRADER-VIRTUAL.SimulatedExchange(BINANCE): Added instrument WBTCETH.BINANCE and created matching engine
2026-09-16T06:17:56.163587784Z [INFO] EDGETRADER-VIRTUAL.SimulatedExchange(BINANCE): Added instrument SUSHIBNB.BINANCE and created matching engine
2026-09-16T06:17:56.163658418Z [INFO] EDGETRADER-VIRTUAL.SimulatedExchange(BINANCE): Added instrument SUSHIBTC.BINANCE and created matching engine
2026-09-16T06:17:56.163725378Z [INFO] EDGETRADER-VIRTUAL.SimulatedExchange(BINANCE): Added instrument SUSHIBUSD.BINANCE and created matching engine
2026-09-16T06:17:56.163790485Z [INFO] EDGETRADER-VIRTUAL.SimulatedExchange(BINANCE): Added instrument SUSHIUSDT.BINANCE and created matching engine
2026-09-16T06:17:56.163860826Z [INFO] EDGETRADER-VIRTUAL.SimulatedExchange(BINANCE): Added instrument YFIIBNB.BINANCE and created matching engine
2026-09-16T06:17:56.164031866Z [INFO] EDGETRADER-VIRTUAL.SimulatedExchange(BINANCE): Added instrument YFIIBTC.BINANCE and created matching engine
2026-09-16T06:17:56.164137236Z [INFO] EDGETRADER-VIRTUAL.SimulatedExchange(BINANCE): Added instrument YFIIBUSD.BINANCE and created matching engine
2026-09-16T06:17:56.164220591Z [INFO] EDGETRADER-VIRTUAL.SimulatedExchange(BINANCE): Added instrument YFIIUSDT.BINANCE and created matching engine
2026-09-16T06:17:56.164399074Z [INFO] EDGETRADER-VIRTUAL.SimulatedExchange(BINANCE): Added instrument KSMBNB.BINANCE and created matching engine
2026-09-16T06:17:56.164545849Z [INFO] EDGETRADER-VIRTUAL.SimulatedExchange(BINANCE): Added instrument KSMBTC.BINANCE and created matching engine
2026-09-16T06:17:56.164631952Z [INFO] EDGETRADER-VIRTUAL.SimulatedExchange(BINANCE): Added instrument KSMBUSD.BINANCE and created matching engine
2026-09-16T06:17:56.164714918Z [INFO] EDGETRADER-VIRTUAL.SimulatedExchange(BINANCE): Added instrument KSMUSDT.BINANCE and created matching engine
2026-09-16T06:17:56.164785852Z [INFO] EDGETRADER-VIRTUAL.SimulatedExchange(BINANCE): Added instrument EGLDBNB.BINANCE and created matching engine
2026-09-16T06:17:56.164854133Z [INFO] EDGETRADER-VIRTUAL.SimulatedExchange(BINANCE): Added instrument EGLDBTC.BINANCE and created matching engine
2026-09-16T06:17:56.164961489Z [INFO] EDGETRADER-VIRTUAL.SimulatedExchange(BINANCE): Added instrument EGLDBUSD.BINANCE and created matching engine
2026-09-16T06:17:56.165030573Z [INFO] EDGETRADER-VIRTUAL.SimulatedExchange(BINANCE): Added instrument EGLDUSDT.BINANCE and created matching engine
2026-09-16T06:17:56.165103773Z [INFO] EDGETRADER-VIRTUAL.SimulatedExchange(BINANCE): Added instrument DIABNB.BINANCE and created matching engine
2026-09-16T06:17:56.165218981Z [INFO] EDGETRADER-VIRTUAL.SimulatedExchange(BINANCE): Added instrument DIABTC.BINANCE and created matching engine
2026-09-16T06:17:56.165296135Z [INFO] EDGETRADER-VIRTUAL.SimulatedExchange(BINANCE): Added instrument DIABUSD.BINANCE and created matching engine
2026-09-16T06:17:56.165368725Z [INFO] EDGETRADER-VIRTUAL.SimulatedExchange(BINANCE): Added instrument DIAUSDT.BINANCE and created matching engine
2026-09-16T06:17:56.165466791Z [INFO] EDGETRADER-VIRTUAL.SimulatedExchange(BINANCE): Added instrument RUNEUSDT.BINANCE and created matching engine
2026-09-16T06:17:56.165632626Z [INFO] EDGETRADER-VIRTUAL.SimulatedExchange(BINANCE): Added instrument FIOUSDT.BINANCE and created matching engine
2026-09-16T06:17:56.165742169Z [INFO] EDGETRADER-VIRTUAL.SimulatedExchange(BINANCE): Added instrument UMABTC.BINANCE and created matching engine
2026-09-16T06:17:56.165814068Z [INFO] EDGETRADER-VIRTUAL.SimulatedExchange(BINANCE): Added instrument UMAUSDT.BINANCE and created matching engine
2026-09-16T06:17:56.165879592Z [INFO] EDGETRADER-VIRTUAL.SimulatedExchange(BINANCE): Added instrument EOSUPUSDT.BINANCE and created matching engine
2026-09-16T06:17:56.166011605Z [INFO] EDGETRADER-VIRTUAL.SimulatedExchange(BINANCE): Added instrument EOSDOWNUSDT.BINANCE and created matching engine
2026-09-16T06:17:56.166122288Z [INFO] EDGETRADER-VIRTUAL.SimulatedExchange(BINANCE): Added instrument TRXUPUSDT.BINANCE and created matching engine
2026-09-16T06:17:56.166193187Z [INFO] EDGETRADER-VIRTUAL.SimulatedExchange(BINANCE): Added instrument TRXDOWNUSDT.BINANCE and created matching engine
2026-09-16T06:17:56.166301158Z [INFO] EDGETRADER-VIRTUAL.SimulatedExchange(BINANCE): Added instrument XRPUPUSDT.BINANCE and created matching engine
2026-09-16T06:17:56.166369104Z [INFO] EDGETRADER-VIRTUAL.SimulatedExchange(BINANCE): Added instrument XRPDOWNUSDT.BINANCE and created matching engine
2026-09-16T06:17:56.166433858Z [INFO] EDGETRADER-VIRTUAL.SimulatedExchange(BINANCE): Added instrument DOTUPUSDT.BINANCE and created matching engine
2026-09-16T06:17:56.166621247Z [INFO] EDGETRADER-VIRTUAL.SimulatedExchange(BINANCE): Added instrument DOTDOWNUSDT.BINANCE and created matching engine
2026-09-16T06:17:56.166757612Z [INFO] EDGETRADER-VIRTUAL.SimulatedExchange(BINANCE): Added instrument SRMBIDR.BINANCE and created matching engine
2026-09-16T06:17:56.166855872Z [INFO] EDGETRADER-VIRTUAL.SimulatedExchange(BINANCE): Added instrument ONEBIDR.BINANCE and created matching engine
2026-09-16T06:17:56.166941863Z [INFO] EDGETRADER-VIRTUAL.SimulatedExchange(BINANCE): Added instrument LINKTRY.BINANCE and created matching engine
2026-09-16T06:17:56.167013120Z [INFO] EDGETRADER-VIRTUAL.SimulatedExchange(BINANCE): Added instrument USDTNGN.BINANCE and created matching engine
2026-09-16T06:17:56.167082531Z [INFO] EDGETRADER-VIRTUAL.SimulatedExchange(BINANCE): Added instrument BELBNB.BINANCE and created matching engine
2026-09-16T06:17:56.167151956Z [INFO] EDGETRADER-VIRTUAL.SimulatedExchange(BINANCE): Added instrument BELBTC.BINANCE and created matching engine
2026-09-16T06:17:56.167219390Z [INFO] EDGETRADER-VIRTUAL.SimulatedExchange(BINANCE): Added instrument BELBUSD.BINANCE and created matching engine
2026-09-16T06:17:56.167288535Z [INFO] EDGETRADER-VIRTUAL.SimulatedExchange(BINANCE): Added instrument BELUSDT.BINANCE and created matching engine
2026-09-16T06:17:56.167367800Z [INFO] EDGETRADER-VIRTUAL.SimulatedExchange(BINANCE): Added instrument WINGBNB.BINANCE and created matching engine
2026-09-16T06:17:56.167487457Z [INFO] EDGETRADER-VIRTUAL.SimulatedExchange(BINANCE): Added instrument WINGBTC.BINANCE and created matching engine
2026-09-16T06:17:56.167578374Z [INFO] EDGETRADER-VIRTUAL.SimulatedExchange(BINANCE): Added instrument SWRVBNB.BINANCE and created matching engine
2026-09-16T06:17:56.167650534Z [INFO] EDGETRADER-VIRTUAL.SimulatedExchange(BINANCE): Added instrument SWRVBUSD.BINANCE and created matching engine
2026-09-16T06:17:56.167717828Z [INFO] EDGETRADER-VIRTUAL.SimulatedExchange(BINANCE): Added instrument WINGBUSD.BINANCE and created matching engine
2026-09-16T06:17:56.167849711Z [INFO] EDGETRADER-VIRTUAL.SimulatedExchange(BINANCE): Added instrument WINGUSDT.BINANCE and created matching engine
2026-09-16T06:17:56.167956298Z [INFO] EDGETRADER-VIRTUAL.SimulatedExchange(BINANCE): Added instrument LTCUPUSDT.BINANCE and created matching engine
2026-09-16T06:17:56.168141214Z [INFO] EDGETRADER-VIRTUAL.SimulatedExchange(BINANCE): Added instrument LTCDOWNUSDT.BINANCE and created matching engine
2026-09-16T06:17:56.168301899Z [INFO] EDGETRADER-VIRTUAL.SimulatedExchange(BINANCE): Added instrument LENDBKRW.BINANCE and created matching engine
2026-09-16T06:17:56.169784471Z [INFO] EDGETRADER-VIRTUAL.SimulatedExchange(BINANCE): Added instrument SXPEUR.BINANCE and created matching engine
2026-09-16T06:17:56.170099336Z [INFO] EDGETRADER-VIRTUAL.SimulatedExchange(BINANCE): Added instrument CREAMBNB.BINANCE and created matching engine
2026-09-16T06:17:56.170260398Z [INFO] EDGETRADER-VIRTUAL.SimulatedExchange(BINANCE): Added instrument CREAMBUSD.BINANCE and created matching engine
2026-09-16T06:17:56.170394242Z [INFO] EDGETRADER-VIRTUAL.SimulatedExchange(BINANCE): Added instrument UNIBNB.BINANCE and created matching engine
2026-09-16T06:17:56.170477080Z [INFO] EDGETRADER-VIRTUAL.SimulatedExchange(BINANCE): Added instrument UNIBTC.BINANCE and created matching engine
2026-09-16T06:17:56.170557826Z [INFO] EDGETRADER-VIRTUAL.SimulatedExchange(BINANCE): Added instrument UNIBUSD.BINANCE and created matching engine
2026-09-16T06:17:56.170638785Z [INFO] EDGETRADER-VIRTUAL.SimulatedExchange(BINANCE): Added instrument UNIUSDT.BINANCE and created matching engine
2026-09-16T06:17:56.170814137Z [INFO] EDGETRADER-VIRTUAL.SimulatedExchange(BINANCE): Added instrument NBSBTC.BINANCE and created matching engine
2026-09-16T06:17:56.170925218Z [INFO] EDGETRADER-VIRTUAL.SimulatedExchange(BINANCE): Added instrument NBSUSDT.BINANCE and created matching engine
2026-09-16T06:17:56.171031950Z [INFO] EDGETRADER-VIRTUAL.SimulatedExchange(BINANCE): Added instrument OXTBTC.BINANCE and created matching engine
2026-09-16T06:17:56.171138672Z [INFO] EDGETRADER-VIRTUAL.SimulatedExchange(BINANCE): Added instrument OXTUSDT.BINANCE and created matching engine
2026-09-16T06:17:56.171227392Z [INFO] EDGETRADER-VIRTUAL.SimulatedExchange(BINANCE): Added instrument SUNBTC.BINANCE and created matching engine
2026-09-16T06:17:56.171652624Z [INFO] EDGETRADER-VIRTUAL.SimulatedExchange(BINANCE): Added instrument SUNUSDT.BINANCE and created matching engine
2026-09-16T06:17:56.171857696Z [INFO] EDGETRADER-VIRTUAL.SimulatedExchange(BINANCE): Added instrument AVAXBNB.BINANCE and created matching engine
2026-09-16T06:17:56.171989643Z [INFO] EDGETRADER-VIRTUAL.SimulatedExchange(BINANCE): Added instrument AVAXBTC.BINANCE and created matching engine
2026-09-16T06:17:56.172083766Z [INFO] EDGETRADER-VIRTUAL.SimulatedExchange(BINANCE): Added instrument AVAXBUSD.BINANCE and created matching engine
2026-09-16T06:17:56.172166043Z [INFO] EDGETRADER-VIRTUAL.SimulatedExchange(BINANCE): Added instrument AVAXUSDT.BINANCE and created matching engine
2026-09-16T06:17:56.172285509Z [INFO] EDGETRADER-VIRTUAL.SimulatedExchange(BINANCE): Added instrument HNTBTC.BINANCE and created matching engine
2026-09-16T06:17:56.172480124Z [INFO] EDGETRADER-VIRTUAL.SimulatedExchange(BINANCE): Added instrument HNTUSDT.BINANCE and created matching engine
2026-09-16T06:17:56.172584761Z [INFO] EDGETRADER-VIRTUAL.SimulatedExchange(BINANCE): Added instrument BAKEBNB.BINANCE and created matching engine
2026-09-16T06:17:56.172662600Z [INFO] EDGETRADER-VIRTUAL.SimulatedExchange(BINANCE): Added instrument BURGERBNB.BINANCE and created matching engine
2026-09-16T06:17:56.172748623Z [INFO] EDGETRADER-VIRTUAL.SimulatedExchange(BINANCE): Added instrument SXPBIDR.BINANCE and created matching engine
2026-09-16T06:17:56.172832631Z [INFO] EDGETRADER-VIRTUAL.SimulatedExchange(BINANCE): Added instrument LINKBKRW.BINANCE and created matching engine
2026-09-16T06:17:56.173564193Z [INFO] EDGETRADER-VIRTUAL.SimulatedExchange(BINANCE): Added instrument FLMBNB.BINANCE and created matching engine
2026-09-16T06:17:56.173801041Z [INFO] EDGETRADER-VIRTUAL.SimulatedExchange(BINANCE): Added instrument FLMBTC.BINANCE and created matching engine
2026-09-16T06:17:56.173943392Z [INFO] EDGETRADER-VIRTUAL.SimulatedExchange(BINANCE): Added instrument FLMBUSD.BINANCE and created matching engine
2026-09-16T06:17:56.174034318Z [INFO] EDGETRADER-VIRTUAL.SimulatedExchange(BINANCE): Added instrument FLMUSDT.BINANCE and created matching engine
2026-09-16T06:17:56.174116617Z [INFO] EDGETRADER-VIRTUAL.SimulatedExchange(BINANCE): Added instrument SCRTBTC.BINANCE and created matching engine
2026-09-16T06:17:56.174232454Z [INFO] EDGETRADER-VIRTUAL.SimulatedExchange(BINANCE): Added instrument SCRTETH.BINANCE and created matching engine
2026-09-16T06:17:56.174322017Z [INFO] EDGETRADER-VIRTUAL.SimulatedExchange(BINANCE): Added instrument CAKEBNB.BINANCE and created matching engine
2026-09-16T06:17:56.174399470Z [INFO] EDGETRADER-VIRTUAL.SimulatedExchange(BINANCE): Added instrument CAKEBUSD.BINANCE and created matching engine
2026-09-16T06:17:56.174473179Z [INFO] EDGETRADER-VIRTUAL.SimulatedExchange(BINANCE): Added instrument SPARTABNB.BINANCE and created matching engine
2026-09-16T06:17:56.174558175Z [INFO] EDGETRADER-VIRTUAL.SimulatedExchange(BINANCE): Added instrument UNIUPUSDT.BINANCE and created matching engine
2026-09-16T06:17:56.174640946Z [INFO] EDGETRADER-VIRTUAL.SimulatedExchange(BINANCE): Added instrument UNIDOWNUSDT.BINANCE and created matching engine
2026-09-16T06:17:56.174722481Z [INFO] EDGETRADER-VIRTUAL.SimulatedExchange(BINANCE): Added instrument ORNBTC.BINANCE and created matching engine
2026-09-16T06:17:56.174801404Z [INFO] EDGETRADER-VIRTUAL.SimulatedExchange(BINANCE): Added instrument ORNUSDT.BINANCE and created matching engine
2026-09-16T06:17:56.174883269Z [INFO] EDGETRADER-VIRTUAL.SimulatedExchange(BINANCE): Added instrument TRXNGN.BINANCE and created matching engine
2026-09-16T06:17:56.174962986Z [INFO] EDGETRADER-VIRTUAL.SimulatedExchange(BINANCE): Added instrument SXPTRY.BINANCE and created matching engine
2026-09-16T06:17:56.175087079Z [INFO] EDGETRADER-VIRTUAL.SimulatedExchange(BINANCE): Added instrument UTKBTC.BINANCE and created matching engine
2026-09-16T06:17:56.175243287Z [INFO] EDGETRADER-VIRTUAL.SimulatedExchange(BINANCE): Added instrument UTKUSDT.BINANCE and created matching engine
2026-09-16T06:17:56.175336797Z [INFO] EDGETRADER-VIRTUAL.SimulatedExchange(BINANCE): Added instrument XVSBNB.BINANCE and created matching engine
2026-09-16T06:17:56.175423058Z [INFO] EDGETRADER-VIRTUAL.SimulatedExchange(BINANCE): Added instrument XVSBTC.BINANCE and created matching engine
2026-09-16T06:17:56.175796466Z [INFO] EDGETRADER-VIRTUAL.SimulatedExchange(BINANCE): Added instrument XVSBUSD.BINANCE and created matching engine
2026-09-16T06:17:56.176009649Z [INFO] EDGETRADER-VIRTUAL.SimulatedExchange(BINANCE): Added instrument XVSUSDT.BINANCE and created matching engine
2026-09-16T06:17:56.176198068Z [INFO] EDGETRADER-VIRTUAL.SimulatedExchange(BINANCE): Added instrument ALPHABNB.BINANCE and created matching engine
2026-09-16T06:17:56.176347902Z [INFO] EDGETRADER-VIRTUAL.SimulatedExchange(BINANCE): Added instrument ALPHABTC.BINANCE and created matching engine
2026-09-16T06:17:56.176479778Z [INFO] EDGETRADER-VIRTUAL.SimulatedExchange(BINANCE): Added instrument ALPHABUSD.BINANCE and created matching engine
2026-09-16T06:17:56.176619376Z [INFO] EDGETRADER-VIRTUAL.SimulatedExchange(BINANCE): Added instrument ALPHAUSDT.BINANCE and created matching engine
2026-09-16T06:17:56.176806143Z [INFO] EDGETRADER-VIRTUAL.SimulatedExchange(BINANCE): Added instrument VIDTBTC.BINANCE and created matching engine
2026-09-16T06:17:56.176900724Z [INFO] EDGETRADER-VIRTUAL.SimulatedExchange(BINANCE): Added instrument VIDTBUSD.BINANCE and created matching engine
2026-09-16T06:17:56.176987516Z [INFO] EDGETRADER-VIRTUAL.SimulatedExchange(BINANCE): Added instrument AAVEBNB.BINANCE and created matching engine
2026-09-16T06:17:56.177125990Z [INFO] EDGETRADER-VIRTUAL.SimulatedExchange(BINANCE): Added instrument BTCBRL.BINANCE and created matching engine
2026-09-16T06:17:56.177322852Z [INFO] EDGETRADER-VIRTUAL.SimulatedExchange(BINANCE): Added instrument USDTBRL.BINANCE and created matching engine
2026-09-16T06:17:56.177505489Z [INFO] EDGETRADER-VIRTUAL.SimulatedExchange(BINANCE): Added instrument AAVEBTC.BINANCE and created matching engine
2026-09-16T06:17:56.177827801Z [INFO] EDGETRADER-VIRTUAL.SimulatedExchange(BINANCE): Added instrument AAVEETH.BINANCE and created matching engine
2026-09-16T06:17:56.177977197Z [INFO] EDGETRADER-VIRTUAL.SimulatedExchange(BINANCE): Added instrument AAVEBUSD.BINANCE and created matching engine
2026-09-16T06:17:56.178100270Z [INFO] EDGETRADER-VIRTUAL.SimulatedExchange(BINANCE): Added instrument AAVEUSDT.BINANCE and created matching engine
2026-09-16T06:17:56.178227196Z [INFO] EDGETRADER-VIRTUAL.SimulatedExchange(BINANCE): Added instrument AAVEBKRW.BINANCE and created matching engine
2026-09-16T06:17:56.178387850Z [INFO] EDGETRADER-VIRTUAL.SimulatedExchange(BINANCE): Added instrument NEARBNB.BINANCE and created matching engine
2026-09-16T06:17:56.178522976Z [INFO] EDGETRADER-VIRTUAL.SimulatedExchange(BINANCE): Added instrument NEARBTC.BINANCE and created matching engine
2026-09-16T06:17:56.178686718Z [INFO] EDGETRADER-VIRTUAL.SimulatedExchange(BINANCE): Added instrument NEARBUSD.BINANCE and created matching engine
2026-09-16T06:17:56.178828582Z [INFO] EDGETRADER-VIRTUAL.SimulatedExchange(BINANCE): Added instrument NEARUSDT.BINANCE and created matching engine
2026-09-16T06:17:56.178940316Z [INFO] EDGETRADER-VIRTUAL.SimulatedExchange(BINANCE): Added instrument SXPUPUSDT.BINANCE and created matching engine
2026-09-16T06:17:56.179066899Z [INFO] EDGETRADER-VIRTUAL.SimulatedExchange(BINANCE): Added instrument SXPDOWNUSDT.BINANCE and created matching engine
2026-09-16T06:17:56.179165000Z [INFO] EDGETRADER-VIRTUAL.SimulatedExchange(BINANCE): Added instrument DOTBKRW.BINANCE and created matching engine
2026-09-16T06:17:56.179298086Z [INFO] EDGETRADER-VIRTUAL.SimulatedExchange(BINANCE): Added instrument SXPGBP.BINANCE and created matching engine
2026-09-16T06:17:56.179438170Z [INFO] EDGETRADER-VIRTUAL.SimulatedExchange(BINANCE): Added instrument FILBNB.BINANCE and created matching engine
2026-09-16T06:17:56.179581454Z [INFO] EDGETRADER-VIRTUAL.SimulatedExchange(BINANCE): Added instrument FILBTC.BINANCE and created matching engine
2026-09-16T06:17:56.179723830Z [INFO] EDGETRADER-VIRTUAL.SimulatedExchange(BINANCE): Added instrument FILBUSD.BINANCE and created matching engine
2026-09-16T06:17:56.179874420Z [INFO] EDGETRADER-VIRTUAL.SimulatedExchange(BINANCE): Added instrument FILUSDT.BINANCE and created matching engine
2026-09-16T06:17:56.180028704Z [INFO] EDGETRADER-VIRTUAL.SimulatedExchange(BINANCE): Added instrument FILUPUSDT.BINANCE and created matching engine
2026-09-16T06:17:56.180153295Z [INFO] EDGETRADER-VIRTUAL.SimulatedExchange(BINANCE): Added instrument FILDOWNUSDT.BINANCE and created matching engine
2026-09-16T06:17:56.180301110Z [INFO] EDGETRADER-VIRTUAL.SimulatedExchange(BINANCE): Added instrument YFIUPUSDT.BINANCE and created matching engine
2026-09-16T06:17:56.180395737Z [INFO] EDGETRADER-VIRTUAL.SimulatedExchange(BINANCE): Added instrument YFIDOWNUSDT.BINANCE and created matching engine
2026-09-16T06:17:56.180574243Z [INFO] EDGETRADER-VIRTUAL.SimulatedExchange(BINANCE): Added instrument INJBNB.BINANCE and created matching engine
2026-09-16T06:17:56.180707838Z [INFO] EDGETRADER-VIRTUAL.SimulatedExchange(BINANCE): Added instrument INJBTC.BINANCE and created matching engine
2026-09-16T06:17:56.180859027Z [INFO] EDGETRADER-VIRTUAL.SimulatedExchange(BINANCE): Added instrument INJBUSD.BINANCE and created matching engine
2026-09-16T06:17:56.181057483Z [INFO] EDGETRADER-VIRTUAL.SimulatedExchange(BINANCE): Added instrument INJUSDT.BINANCE and created matching engine
2026-09-16T06:17:56.181251366Z [INFO] EDGETRADER-VIRTUAL.SimulatedExchange(BINANCE): Added instrument AERGOBTC.BINANCE and created matching engine
2026-09-16T06:17:56.181406832Z [INFO] EDGETRADER-VIRTUAL.SimulatedExchange(BINANCE): Added instrument AERGOBUSD.BINANCE and created matching engine
2026-09-16T06:17:56.181575898Z [INFO] EDGETRADER-VIRTUAL.SimulatedExchange(BINANCE): Added instrument LINKEUR.BINANCE and created matching engine
2026-09-16T06:17:56.181718555Z [INFO] EDGETRADER-VIRTUAL.SimulatedExchange(BINANCE): Added instrument ONEBUSD.BINANCE and created matching engine
2026-09-16T06:17:56.181864415Z [INFO] EDGETRADER-VIRTUAL.SimulatedExchange(BINANCE): Added instrument EASYETH.BINANCE and created matching engine
2026-09-16T06:17:56.181969789Z [INFO] EDGETRADER-VIRTUAL.SimulatedExchange(BINANCE): Added instrument AUDIOBTC.BINANCE and created matching engine
2026-09-16T06:17:56.182046284Z [INFO] EDGETRADER-VIRTUAL.SimulatedExchange(BINANCE): Added instrument AUDIOBUSD.BINANCE and created matching engine
2026-09-16T06:17:56.182115908Z [INFO] EDGETRADER-VIRTUAL.SimulatedExchange(BINANCE): Added instrument AUDIOUSDT.BINANCE and created matching engine
2026-09-16T06:17:56.182208105Z [INFO] EDGETRADER-VIRTUAL.SimulatedExchange(BINANCE): Added instrument CTKBNB.BINANCE and created matching engine
2026-09-16T06:17:56.182714524Z [INFO] EDGETRADER-VIRTUAL.SimulatedExchange(BINANCE): Added instrument CTKBTC.BINANCE and created matching engine
2026-09-16T06:17:56.182903346Z [INFO] EDGETRADER-VIRTUAL.SimulatedExchange(BINANCE): Added instrument CTKBUSD.BINANCE and created matching engine
2026-09-16T06:17:56.183039028Z [INFO] EDGETRADER-VIRTUAL.SimulatedExchange(BINANCE): Added instrument CTKUSDT.BINANCE and created matching engine
2026-09-16T06:17:56.183116822Z [INFO] EDGETRADER-VIRTUAL.SimulatedExchange(BINANCE): Added instrument BCHUPUSDT.BINANCE and created matching engine
2026-09-16T06:17:56.183221436Z [INFO] EDGETRADER-VIRTUAL.SimulatedExchange(BINANCE): Added instrument BCHDOWNUSDT.BINANCE and created matching engine
2026-09-16T06:17:56.183374936Z [INFO] EDGETRADER-VIRTUAL.SimulatedExchange(BINANCE): Added instrument BOTBTC.BINANCE and created matching engine
2026-09-16T06:17:56.183553042Z [INFO] EDGETRADER-VIRTUAL.SimulatedExchange(BINANCE): Added instrument BOTBUSD.BINANCE and created matching engine
2026-09-16T06:17:56.183725502Z [INFO] EDGETRADER-VIRTUAL.SimulatedExchange(BINANCE): Added instrument ETHBRL.BINANCE and created matching engine
2026-09-16T06:17:56.183943384Z [INFO] EDGETRADER-VIRTUAL.SimulatedExchange(BINANCE): Added instrument DOTEUR.BINANCE and created matching engine
2026-09-16T06:17:56.184116356Z [INFO] EDGETRADER-VIRTUAL.SimulatedExchange(BINANCE): Added instrument AKROBTC.BINANCE and created matching engine
2026-09-16T06:17:56.184244602Z [INFO] EDGETRADER-VIRTUAL.SimulatedExchange(BINANCE): Added instrument AKROUSDT.BINANCE and created matching engine
2026-09-16T06:17:56.184382302Z [INFO] EDGETRADER-VIRTUAL.SimulatedExchange(BINANCE): Added instrument KP3RBNB.BINANCE and created matching engine
2026-09-16T06:17:56.184513482Z [INFO] EDGETRADER-VIRTUAL.SimulatedExchange(BINANCE): Added instrument KP3RBUSD.BINANCE and created matching engine
2026-09-16T06:17:56.184724732Z [INFO] EDGETRADER-VIRTUAL.SimulatedExchange(BINANCE): Added instrument AXSBNB.BINANCE and created matching engine
2026-09-16T06:17:56.184885599Z [INFO] EDGETRADER-VIRTUAL.SimulatedExchange(BINANCE): Added instrument AXSBTC.BINANCE and created matching engine
2026-09-16T06:17:56.185047392Z [INFO] EDGETRADER-VIRTUAL.SimulatedExchange(BINANCE): Added instrument AXSBUSD.BINANCE and created matching engine
2026-09-16T06:17:56.185181069Z [INFO] EDGETRADER-VIRTUAL.SimulatedExchange(BINANCE): Added instrument AXSUSDT.BINANCE and created matching engine
2026-09-16T06:17:56.185307052Z [INFO] EDGETRADER-VIRTUAL.SimulatedExchange(BINANCE): Added instrument HARDBNB.BINANCE and created matching engine
2026-09-16T06:17:56.185541182Z [INFO] EDGETRADER-VIRTUAL.SimulatedExchange(BINANCE): Added instrument HARDBTC.BINANCE and created matching engine
2026-09-16T06:17:56.185696841Z [INFO] EDGETRADER-VIRTUAL.SimulatedExchange(BINANCE): Added instrument HARDBUSD.BINANCE and created matching engine
2026-09-16T06:17:56.185882959Z [INFO] EDGETRADER-VIRTUAL.SimulatedExchange(BINANCE): Added instrument HARDUSDT.BINANCE and created matching engine
2026-09-16T06:17:56.186117526Z [INFO] EDGETRADER-VIRTUAL.SimulatedExchange(BINANCE): Added instrument BNBBRL.BINANCE and created matching engine
2026-09-16T06:17:56.186350503Z [INFO] EDGETRADER-VIRTUAL.SimulatedExchange(BINANCE): Added instrument LTCEUR.BINANCE and created matching engine
2026-09-16T06:17:56.186540698Z [INFO] EDGETRADER-VIRTUAL.SimulatedExchange(BINANCE): Added instrument RENBTCBTC.BINANCE and created matching engine
2026-09-16T06:17:56.186687432Z [INFO] EDGETRADER-VIRTUAL.SimulatedExchange(BINANCE): Added instrument RENBTCETH.BINANCE and created matching engine
2026-09-16T06:17:56.186970702Z [INFO] EDGETRADER-VIRTUAL.SimulatedExchange(BINANCE): Added instrument DNTBUSD.BINANCE and created matching engine
2026-09-16T06:17:56.187162796Z [INFO] EDGETRADER-VIRTUAL.SimulatedExchange(BINANCE): Added instrument DNTUSDT.BINANCE and created matching engine
2026-09-16T06:17:56.187315923Z [INFO] EDGETRADER-VIRTUAL.SimulatedExchange(BINANCE): Added instrument SLPETH.BINANCE and created matching engine
2026-09-16T06:17:56.187421372Z [INFO] EDGETRADER-VIRTUAL.SimulatedExchange(BINANCE): Added instrument ADAEUR.BINANCE and created matching engine
2026-09-16T06:17:56.187587542Z [INFO] EDGETRADER-VIRTUAL.SimulatedExchange(BINANCE): Added instrument LTCNGN.BINANCE and created matching engine
2026-09-16T06:17:56.187790033Z [INFO] EDGETRADER-VIRTUAL.SimulatedExchange(BINANCE): Added instrument CVPETH.BINANCE and created matching engine
2026-09-16T06:17:56.187921700Z [INFO] EDGETRADER-VIRTUAL.SimulatedExchange(BINANCE): Added instrument CVPBUSD.BINANCE and created matching engine
2026-09-16T06:17:56.188007489Z [INFO] EDGETRADER-VIRTUAL.SimulatedExchange(BINANCE): Added instrument STRAXBTC.BINANCE and created matching engine
2026-09-16T06:17:56.188120795Z [INFO] EDGETRADER-VIRTUAL.SimulatedExchange(BINANCE): Added instrument STRAXETH.BINANCE and created matching engine
2026-09-16T06:17:56.188209682Z [INFO] EDGETRADER-VIRTUAL.SimulatedExchange(BINANCE): Added instrument STRAXBUSD.BINANCE and created matching engine
2026-09-16T06:17:56.188322033Z [INFO] EDGETRADER-VIRTUAL.SimulatedExchange(BINANCE): Added instrument STRAXUSDT.BINANCE and created matching engine
2026-09-16T06:17:56.188442705Z [INFO] EDGETRADER-VIRTUAL.SimulatedExchange(BINANCE): Added instrument FORBTC.BINANCE and created matching engine
2026-09-16T06:17:56.188597649Z [INFO] EDGETRADER-VIRTUAL.SimulatedExchange(BINANCE): Added instrument FORBUSD.BINANCE and created matching engine
2026-09-16T06:17:56.188704030Z [INFO] EDGETRADER-VIRTUAL.SimulatedExchange(BINANCE): Added instrument UNFIBNB.BINANCE and created matching engine
2026-09-16T06:17:56.188823063Z [INFO] EDGETRADER-VIRTUAL.SimulatedExchange(BINANCE): Added instrument UNFIBTC.BINANCE and created matching engine
2026-09-16T06:17:56.188930257Z [INFO] EDGETRADER-VIRTUAL.SimulatedExchange(BINANCE): Added instrument UNFIBUSD.BINANCE and created matching engine
2026-09-16T06:17:56.189050206Z [INFO] EDGETRADER-VIRTUAL.SimulatedExchange(BINANCE): Added instrument UNFIUSDT.BINANCE and created matching engine
2026-09-16T06:17:56.189192926Z [INFO] EDGETRADER-VIRTUAL.SimulatedExchange(BINANCE): Added instrument FRONTETH.BINANCE and created matching engine
2026-09-16T06:17:56.189332195Z [INFO] EDGETRADER-VIRTUAL.SimulatedExchange(BINANCE): Added instrument FRONTBUSD.BINANCE and created matching engine
2026-09-16T06:17:56.189496146Z [INFO] EDGETRADER-VIRTUAL.SimulatedExchange(BINANCE): Added instrument BCHABUSD.BINANCE and created matching engine
2026-09-16T06:17:56.189631927Z [INFO] EDGETRADER-VIRTUAL.SimulatedExchange(BINANCE): Added instrument ROSEBTC.BINANCE and created matching engine
2026-09-16T06:17:56.189790409Z [INFO] EDGETRADER-VIRTUAL.SimulatedExchange(BINANCE): Added instrument ROSEBUSD.BINANCE and created matching engine
2026-09-16T06:17:56.189895742Z [INFO] EDGETRADER-VIRTUAL.SimulatedExchange(BINANCE): Added instrument ROSEUSDT.BINANCE and created matching engine
2026-09-16T06:17:56.190231854Z [INFO] EDGETRADER-VIRTUAL.SimulatedExchange(BINANCE): Added instrument AVAXTRY.BINANCE and created matching engine
2026-09-16T06:17:56.190669615Z [INFO] EDGETRADER-VIRTUAL.SimulatedExchange(BINANCE): Added instrument BUSDBRL.BINANCE and created matching engine
2026-09-16T06:17:56.190813232Z [INFO] EDGETRADER-VIRTUAL.SimulatedExchange(BINANCE): Added instrument AVAUSDT.BINANCE and created matching engine
2026-09-16T06:17:56.190916450Z [INFO] EDGETRADER-VIRTUAL.SimulatedExchange(BINANCE): Added instrument SYSBUSD.BINANCE and created matching engine
2026-09-16T06:17:56.191009265Z [INFO] EDGETRADER-VIRTUAL.SimulatedExchange(BINANCE): Added instrument XEMUSDT.BINANCE and created matching engine
2026-09-16T06:17:56.191207532Z [INFO] EDGETRADER-VIRTUAL.SimulatedExchange(BINANCE): Added instrument HEGICETH.BINANCE and created matching engine
2026-09-16T06:17:56.191351392Z [INFO] EDGETRADER-VIRTUAL.SimulatedExchange(BINANCE): Added instrument HEGICBUSD.BINANCE and created matching engine
2026-09-16T06:17:56.191491382Z [INFO] EDGETRADER-VIRTUAL.SimulatedExchange(BINANCE): Added instrument AAVEUPUSDT.BINANCE and created matching engine
2026-09-16T06:17:56.191615346Z [INFO] EDGETRADER-VIRTUAL.SimulatedExchange(BINANCE): Added instrument AAVEDOWNUSDT.BINANCE and created matching engine
2026-09-16T06:17:56.191722054Z [INFO] EDGETRADER-VIRTUAL.SimulatedExchange(BINANCE): Added instrument PROMBNB.BINANCE and created matching engine
2026-09-16T06:17:56.191837591Z [INFO] EDGETRADER-VIRTUAL.SimulatedExchange(BINANCE): Added instrument PROMBUSD.BINANCE and created matching engine
2026-09-16T06:17:56.191927415Z [INFO] EDGETRADER-VIRTUAL.SimulatedExchange(BINANCE): Added instrument XRPBRL.BINANCE and created matching engine
2026-09-16T06:17:56.192013861Z [INFO] EDGETRADER-VIRTUAL.SimulatedExchange(BINANCE): Added instrument XRPNGN.BINANCE and created matching engine
2026-09-16T06:17:56.192149922Z [INFO] EDGETRADER-VIRTUAL.SimulatedExchange(BINANCE): Added instrument SKLBTC.BINANCE and created matching engine
2026-09-16T06:17:56.192289628Z [INFO] EDGETRADER-VIRTUAL.SimulatedExchange(BINANCE): Added instrument SKLBUSD.BINANCE and created matching engine
2026-09-16T06:17:56.192433490Z [INFO] EDGETRADER-VIRTUAL.SimulatedExchange(BINANCE): Added instrument SKLUSDT.BINANCE and created matching engine
2026-09-16T06:17:56.192575874Z [INFO] EDGETRADER-VIRTUAL.SimulatedExchange(BINANCE): Added instrument BCHEUR.BINANCE and created matching engine
2026-09-16T06:17:56.192669715Z [INFO] EDGETRADER-VIRTUAL.SimulatedExchange(BINANCE): Added instrument YFIEUR.BINANCE and created matching engine
2026-09-16T06:17:56.192755197Z [INFO] EDGETRADER-VIRTUAL.SimulatedExchange(BINANCE): Added instrument ZILBIDR.BINANCE and created matching engine
2026-09-16T06:17:56.192898694Z [INFO] EDGETRADER-VIRTUAL.SimulatedExchange(BINANCE): Added instrument SUSDBTC.BINANCE and created matching engine
2026-09-16T06:17:56.193003872Z [INFO] EDGETRADER-VIRTUAL.SimulatedExchange(BINANCE): Added instrument SUSDETH.BINANCE and created matching engine
2026-09-16T06:17:56.193126728Z [INFO] EDGETRADER-VIRTUAL.SimulatedExchange(BINANCE): Added instrument SUSDUSDT.BINANCE and created matching engine
2026-09-16T06:17:56.193248733Z [INFO] EDGETRADER-VIRTUAL.SimulatedExchange(BINANCE): Added instrument COVERETH.BINANCE and created matching engine
2026-09-16T06:17:56.193376823Z [INFO] EDGETRADER-VIRTUAL.SimulatedExchange(BINANCE): Added instrument COVERBUSD.BINANCE and created matching engine
2026-09-16T06:17:56.193467163Z [INFO] EDGETRADER-VIRTUAL.SimulatedExchange(BINANCE): Added instrument GLMBTC.BINANCE and created matching engine
2026-09-16T06:17:56.193545670Z [INFO] EDGETRADER-VIRTUAL.SimulatedExchange(BINANCE): Added instrument GLMETH.BINANCE and created matching engine
2026-09-16T06:17:56.193628181Z [INFO] EDGETRADER-VIRTUAL.SimulatedExchange(BINANCE): Added instrument GHSTETH.BINANCE and created matching engine
2026-09-16T06:17:56.193746538Z [INFO] EDGETRADER-VIRTUAL.SimulatedExchange(BINANCE): Added instrument GHSTBUSD.BINANCE and created matching engine
2026-09-16T06:17:56.193879659Z [INFO] EDGETRADER-VIRTUAL.SimulatedExchange(BINANCE): Added instrument SUSHIUPUSDT.BINANCE and created matching engine
2026-09-16T06:17:56.194004981Z [INFO] EDGETRADER-VIRTUAL.SimulatedExchange(BINANCE): Added instrument SUSHIDOWNUSDT.BINANCE and created matching engine
2026-09-16T06:17:56.194087236Z [INFO] EDGETRADER-VIRTUAL.SimulatedExchange(BINANCE): Added instrument XLMUPUSDT.BINANCE and created matching engine
2026-09-16T06:17:56.194205527Z [INFO] EDGETRADER-VIRTUAL.SimulatedExchange(BINANCE): Added instrument XLMDOWNUSDT.BINANCE and created matching engine
2026-09-16T06:17:56.194328541Z [INFO] EDGETRADER-VIRTUAL.SimulatedExchange(BINANCE): Added instrument LINKBRL.BINANCE and created matching engine
2026-09-16T06:17:56.194432887Z [INFO] EDGETRADER-VIRTUAL.SimulatedExchange(BINANCE): Added instrument LINKNGN.BINANCE and created matching engine
2026-09-16T06:17:56.194729753Z [INFO] EDGETRADER-VIRTUAL.SimulatedExchange(BINANCE): Added instrument LTCRUB.BINANCE and created matching engine
2026-09-16T06:17:56.194890417Z [INFO] EDGETRADER-VIRTUAL.SimulatedExchange(BINANCE): Added instrument TRXTRY.BINANCE and created matching engine
2026-09-16T06:17:56.194986894Z [INFO] EDGETRADER-VIRTUAL.SimulatedExchange(BINANCE): Added instrument XLMEUR.BINANCE and created matching engine
2026-09-16T06:17:56.195065925Z [INFO] EDGETRADER-VIRTUAL.SimulatedExchange(BINANCE): Added instrument DFETH.BINANCE and created matching engine
2026-09-16T06:17:56.195150119Z [INFO] EDGETRADER-VIRTUAL.SimulatedExchange(BINANCE): Added instrument DFBUSD.BINANCE and created matching engine
2026-09-16T06:17:56.195300883Z [INFO] EDGETRADER-VIRTUAL.SimulatedExchange(BINANCE): Added instrument GRTBTC.BINANCE and created matching engine
2026-09-16T06:17:56.195419644Z [INFO] EDGETRADER-VIRTUAL.SimulatedExchange(BINANCE): Added instrument GRTETH.BINANCE and created matching engine
2026-09-16T06:17:56.195549385Z [INFO] EDGETRADER-VIRTUAL.SimulatedExchange(BINANCE): Added instrument GRTUSDT.BINANCE and created matching engine
2026-09-16T06:17:56.195672370Z [INFO] EDGETRADER-VIRTUAL.SimulatedExchange(BINANCE): Added instrument JUVBTC.BINANCE and created matching engine
2026-09-16T06:17:56.195811960Z [INFO] EDGETRADER-VIRTUAL.SimulatedExchange(BINANCE): Added instrument JUVBUSD.BINANCE and created matching engine
2026-09-16T06:17:56.195976150Z [INFO] EDGETRADER-VIRTUAL.SimulatedExchange(BINANCE): Added instrument JUVUSDT.BINANCE and created matching engine
2026-09-16T06:17:56.196140078Z [INFO] EDGETRADER-VIRTUAL.SimulatedExchange(BINANCE): Added instrument PSGBTC.BINANCE and created matching engine
2026-09-16T06:17:56.196248982Z [INFO] EDGETRADER-VIRTUAL.SimulatedExchange(BINANCE): Added instrument PSGBUSD.BINANCE and created matching engine
2026-09-16T06:17:56.196374559Z [INFO] EDGETRADER-VIRTUAL.SimulatedExchange(BINANCE): Added instrument PSGUSDT.BINANCE and created matching engine
2026-09-16T06:17:56.196479845Z [INFO] EDGETRADER-VIRTUAL.SimulatedExchange(BINANCE): Added instrument BUSDBVND.BINANCE and created matching engine
2026-09-16T06:17:56.196566410Z [INFO] EDGETRADER-VIRTUAL.SimulatedExchange(BINANCE): Added instrument USDTBVND.BINANCE and created matching engine
2026-09-16T06:17:56.196649052Z [INFO] EDGETRADER-VIRTUAL.SimulatedExchange(BINANCE): Added instrument 1INCHBTC.BINANCE and created matching engine
2026-09-16T06:17:56.196750060Z [INFO] EDGETRADER-VIRTUAL.SimulatedExchange(BINANCE): Added instrument 1INCHUSDT.BINANCE and created matching engine
2026-09-16T06:17:56.196840722Z [INFO] EDGETRADER-VIRTUAL.SimulatedExchange(BINANCE): Added instrument REEFBTC.BINANCE and created matching engine
2026-09-16T06:17:56.196976542Z [INFO] EDGETRADER-VIRTUAL.SimulatedExchange(BINANCE): Added instrument REEFUSDT.BINANCE and created matching engine
2026-09-16T06:17:56.197092295Z [INFO] EDGETRADER-VIRTUAL.SimulatedExchange(BINANCE): Added instrument OGBTC.BINANCE and created matching engine
2026-09-16T06:17:56.197261749Z [INFO] EDGETRADER-VIRTUAL.SimulatedExchange(BINANCE): Added instrument OGUSDT.BINANCE and created matching engine
2026-09-16T06:17:56.197361516Z [INFO] EDGETRADER-VIRTUAL.SimulatedExchange(BINANCE): Added instrument ATMBTC.BINANCE and created matching engine
2026-09-16T06:17:56.197484997Z [INFO] EDGETRADER-VIRTUAL.SimulatedExchange(BINANCE): Added instrument ATMUSDT.BINANCE and created matching engine
2026-09-16T06:17:56.197577305Z [INFO] EDGETRADER-VIRTUAL.SimulatedExchange(BINANCE): Added instrument ASRBTC.BINANCE and created matching engine
2026-09-16T06:17:56.197674654Z [INFO] EDGETRADER-VIRTUAL.SimulatedExchange(BINANCE): Added instrument ASRUSDT.BINANCE and created matching engine
2026-09-16T06:17:56.197770602Z [INFO] EDGETRADER-VIRTUAL.SimulatedExchange(BINANCE): Added instrument CELOBTC.BINANCE and created matching engine
2026-09-16T06:17:56.197853388Z [INFO] EDGETRADER-VIRTUAL.SimulatedExchange(BINANCE): Added instrument CELOUSDT.BINANCE and created matching engine
2026-09-16T06:17:56.197938733Z [INFO] EDGETRADER-VIRTUAL.SimulatedExchange(BINANCE): Added instrument RIFBTC.BINANCE and created matching engine
2026-09-16T06:17:56.198022050Z [INFO] EDGETRADER-VIRTUAL.SimulatedExchange(BINANCE): Added instrument RIFUSDT.BINANCE and created matching engine
2026-09-16T06:17:56.198108577Z [INFO] EDGETRADER-VIRTUAL.SimulatedExchange(BINANCE): Added instrument CHZTRY.BINANCE and created matching engine
2026-09-16T06:17:56.198254884Z [INFO] EDGETRADER-VIRTUAL.SimulatedExchange(BINANCE): Added instrument XLMTRY.BINANCE and created matching engine
2026-09-16T06:17:56.198382932Z [INFO] EDGETRADER-VIRTUAL.SimulatedExchange(BINANCE): Added instrument LINKGBP.BINANCE and created matching engine
2026-09-16T06:17:56.198491973Z [INFO] EDGETRADER-VIRTUAL.SimulatedExchange(BINANCE): Added instrument GRTEUR.BINANCE and created matching engine
2026-09-16T06:17:56.198583799Z [INFO] EDGETRADER-VIRTUAL.SimulatedExchange(BINANCE): Added instrument BTCSTBTC.BINANCE and created matching engine
2026-09-16T06:17:56.198673420Z [INFO] EDGETRADER-VIRTUAL.SimulatedExchange(BINANCE): Added instrument BTCSTBUSD.BINANCE and created matching engine
2026-09-16T06:17:56.198804413Z [INFO] EDGETRADER-VIRTUAL.SimulatedExchange(BINANCE): Added instrument BTCSTUSDT.BINANCE and created matching engine
2026-09-16T06:17:56.198963856Z [INFO] EDGETRADER-VIRTUAL.SimulatedExchange(BINANCE): Added instrument TRUBTC.BINANCE and created matching engine
2026-09-16T06:17:56.199100477Z [INFO] EDGETRADER-VIRTUAL.SimulatedExchange(BINANCE): Added instrument TRUBUSD.BINANCE and created matching engine
2026-09-16T06:17:56.199240573Z [INFO] EDGETRADER-VIRTUAL.SimulatedExchange(BINANCE): Added instrument TRUUSDT.BINANCE and created matching engine
2026-09-16T06:17:56.199394688Z [INFO] EDGETRADER-VIRTUAL.SimulatedExchange(BINANCE): Added instrument DEXEETH.BINANCE and created matching engine
2026-09-16T06:17:56.199552196Z [INFO] EDGETRADER-VIRTUAL.SimulatedExchange(BINANCE): Added instrument DEXEBUSD.BINANCE and created matching engine
2026-09-16T06:17:56.199695517Z [INFO] EDGETRADER-VIRTUAL.SimulatedExchange(BINANCE): Added instrument EOSEUR.BINANCE and created matching engine
2026-09-16T06:17:56.199836489Z [INFO] EDGETRADER-VIRTUAL.SimulatedExchange(BINANCE): Added instrument LTCBRL.BINANCE and created matching engine
2026-09-16T06:17:56.199971623Z [INFO] EDGETRADER-VIRTUAL.SimulatedExchange(BINANCE): Added instrument USDCBUSD.BINANCE and created matching engine
2026-09-16T06:17:56.200194581Z [INFO] EDGETRADER-VIRTUAL.SimulatedExchange(BINANCE): Added instrument TUSDBUSD.BINANCE and created matching engine
2026-09-16T06:17:56.200401870Z [INFO] EDGETRADER-VIRTUAL.SimulatedExchange(BINANCE): Added instrument PAXBUSD.BINANCE and created matching engine
2026-09-16T06:17:56.200536862Z [INFO] EDGETRADER-VIRTUAL.SimulatedExchange(BINANCE): Added instrument CKBBTC.BINANCE and created matching engine
2026-09-16T06:17:56.200634881Z [INFO] EDGETRADER-VIRTUAL.SimulatedExchange(BINANCE): Added instrument CKBBUSD.BINANCE and created matching engine
2026-09-16T06:17:56.200722931Z [INFO] EDGETRADER-VIRTUAL.SimulatedExchange(BINANCE): Added instrument CKBUSDT.BINANCE and created matching engine
2026-09-16T06:17:56.200806309Z [INFO] EDGETRADER-VIRTUAL.SimulatedExchange(BINANCE): Added instrument TWTBTC.BINANCE and created matching engine
2026-09-16T06:17:56.200894306Z [INFO] EDGETRADER-VIRTUAL.SimulatedExchange(BINANCE): Added instrument TWTBUSD.BINANCE and created matching engine
2026-09-16T06:17:56.200974717Z [INFO] EDGETRADER-VIRTUAL.SimulatedExchange(BINANCE): Added instrument TWTUSDT.BINANCE and created matching engine
2026-09-16T06:17:56.201069637Z [INFO] EDGETRADER-VIRTUAL.SimulatedExchange(BINANCE): Added instrument FIROBTC.BINANCE and created matching engine
2026-09-16T06:17:56.201159182Z [INFO] EDGETRADER-VIRTUAL.SimulatedExchange(BINANCE): Added instrument FIROETH.BINANCE and created matching engine
2026-09-16T06:17:56.201272204Z [INFO] EDGETRADER-VIRTUAL.SimulatedExchange(BINANCE): Added instrument FIROUSDT.BINANCE and created matching engine
2026-09-16T06:17:56.201406861Z [INFO] EDGETRADER-VIRTUAL.SimulatedExchange(BINANCE): Added instrument BETHETH.BINANCE and created matching engine
2026-09-16T06:17:56.201634596Z [INFO] EDGETRADER-VIRTUAL.SimulatedExchange(BINANCE): Added instrument DOGEEUR.BINANCE and created matching engine
2026-09-16T06:17:56.201885385Z [INFO] EDGETRADER-VIRTUAL.SimulatedExchange(BINANCE): Added instrument DOGETRY.BINANCE and created matching engine
2026-09-16T06:17:56.202060570Z [INFO] EDGETRADER-VIRTUAL.SimulatedExchange(BINANCE): Added instrument DOGEAUD.BINANCE and created matching engine
2026-09-16T06:17:56.202217319Z [INFO] EDGETRADER-VIRTUAL.SimulatedExchange(BINANCE): Added instrument DOGEBRL.BINANCE and created matching engine
2026-09-16T06:17:56.202515654Z [INFO] EDGETRADER-VIRTUAL.SimulatedExchange(BINANCE): Added instrument DOTNGN.BINANCE and created matching engine
2026-09-16T06:17:56.202711767Z [INFO] EDGETRADER-VIRTUAL.SimulatedExchange(BINANCE): Added instrument PROSETH.BINANCE and created matching engine
2026-09-16T06:17:56.202851762Z [INFO] EDGETRADER-VIRTUAL.SimulatedExchange(BINANCE): Added instrument LITBTC.BINANCE and created matching engine
2026-09-16T06:17:56.202951038Z [INFO] EDGETRADER-VIRTUAL.SimulatedExchange(BINANCE): Added instrument LITBUSD.BINANCE and created matching engine
2026-09-16T06:17:56.203038811Z [INFO] EDGETRADER-VIRTUAL.SimulatedExchange(BINANCE): Added instrument LITUSDT.BINANCE and created matching engine
2026-09-16T06:17:56.203161352Z [INFO] EDGETRADER-VIRTUAL.SimulatedExchange(BINANCE): Added instrument BTCVAI.BINANCE and created matching engine
2026-09-16T06:17:56.203323570Z [INFO] EDGETRADER-VIRTUAL.SimulatedExchange(BINANCE): Added instrument BUSDVAI.BINANCE and created matching engine
2026-09-16T06:17:56.203540704Z [INFO] EDGETRADER-VIRTUAL.SimulatedExchange(BINANCE): Added instrument SFPBTC.BINANCE and created matching engine
2026-09-16T06:17:56.203648161Z [INFO] EDGETRADER-VIRTUAL.SimulatedExchange(BINANCE): Added instrument SFPBUSD.BINANCE and created matching engine
2026-09-16T06:17:56.203765288Z [INFO] EDGETRADER-VIRTUAL.SimulatedExchange(BINANCE): Added instrument SFPUSDT.BINANCE and created matching engine
2026-09-16T06:17:56.203891474Z [INFO] EDGETRADER-VIRTUAL.SimulatedExchange(BINANCE): Added instrument DOGEGBP.BINANCE and created matching engine
2026-09-16T06:17:56.203990915Z [INFO] EDGETRADER-VIRTUAL.SimulatedExchange(BINANCE): Added instrument DOTTRY.BINANCE and created matching engine
2026-09-16T06:17:56.204094565Z [INFO] EDGETRADER-VIRTUAL.SimulatedExchange(BINANCE): Added instrument FXSBTC.BINANCE and created matching engine
2026-09-16T06:17:56.204179164Z [INFO] EDGETRADER-VIRTUAL.SimulatedExchange(BINANCE): Added instrument FXSBUSD.BINANCE and created matching engine
2026-09-16T06:17:56.204264968Z [INFO] EDGETRADER-VIRTUAL.SimulatedExchange(BINANCE): Added instrument DODOBTC.BINANCE and created matching engine
2026-09-16T06:17:56.204421654Z [INFO] EDGETRADER-VIRTUAL.SimulatedExchange(BINANCE): Added instrument DODOBUSD.BINANCE and created matching engine
2026-09-16T06:17:56.204522692Z [INFO] EDGETRADER-VIRTUAL.SimulatedExchange(BINANCE): Added instrument DODOUSDT.BINANCE and created matching engine
2026-09-16T06:17:56.204613003Z [INFO] EDGETRADER-VIRTUAL.SimulatedExchange(BINANCE): Added instrument FRONTBTC.BINANCE and created matching engine
2026-09-16T06:17:56.204700622Z [INFO] EDGETRADER-VIRTUAL.SimulatedExchange(BINANCE): Added instrument EASYBTC.BINANCE and created matching engine
2026-09-16T06:17:56.204784152Z [INFO] EDGETRADER-VIRTUAL.SimulatedExchange(BINANCE): Added instrument CAKEBTC.BINANCE and created matching engine
2026-09-16T06:17:56.204864389Z [INFO] EDGETRADER-VIRTUAL.SimulatedExchange(BINANCE): Added instrument CAKEUSDT.BINANCE and created matching engine
2026-09-16T06:17:56.204943010Z [INFO] EDGETRADER-VIRTUAL.SimulatedExchange(BINANCE): Added instrument BAKEBUSD.BINANCE and created matching engine
2026-09-16T06:17:56.205026487Z [INFO] EDGETRADER-VIRTUAL.SimulatedExchange(BINANCE): Added instrument UFTETH.BINANCE and created matching engine
2026-09-16T06:17:56.205133587Z [INFO] EDGETRADER-VIRTUAL.SimulatedExchange(BINANCE): Added instrument UFTBUSD.BINANCE and created matching engine
2026-09-16T06:17:56.205253545Z [INFO] EDGETRADER-VIRTUAL.SimulatedExchange(BINANCE): Added instrument 1INCHBUSD.BINANCE and created matching engine
2026-09-16T06:17:56.205346275Z [INFO] EDGETRADER-VIRTUAL.SimulatedExchange(BINANCE): Added instrument BANDBUSD.BINANCE and created matching engine
2026-09-16T06:17:56.205437083Z [INFO] EDGETRADER-VIRTUAL.SimulatedExchange(BINANCE): Added instrument GRTBUSD.BINANCE and created matching engine
2026-09-16T06:17:56.205519854Z [INFO] EDGETRADER-VIRTUAL.SimulatedExchange(BINANCE): Added instrument IOSTBUSD.BINANCE and created matching engine
2026-09-16T06:17:56.205603864Z [INFO] EDGETRADER-VIRTUAL.SimulatedExchange(BINANCE): Added instrument OMGBUSD.BINANCE and created matching engine
2026-09-16T06:17:56.205686886Z [INFO] EDGETRADER-VIRTUAL.SimulatedExchange(BINANCE): Added instrument REEFBUSD.BINANCE and created matching engine
2026-09-16T06:17:56.205773028Z [INFO] EDGETRADER-VIRTUAL.SimulatedExchange(BINANCE): Added instrument ACMBTC.BINANCE and created matching engine
2026-09-16T06:17:56.205856961Z [INFO] EDGETRADER-VIRTUAL.SimulatedExchange(BINANCE): Added instrument ACMBUSD.BINANCE and created matching engine
2026-09-16T06:17:56.206021821Z [INFO] EDGETRADER-VIRTUAL.SimulatedExchange(BINANCE): Added instrument ACMUSDT.BINANCE and created matching engine
2026-09-16T06:17:56.206120727Z [INFO] EDGETRADER-VIRTUAL.SimulatedExchange(BINANCE): Added instrument AUCTIONBTC.BINANCE and created matching engine
2026-09-16T06:17:56.206222222Z [INFO] EDGETRADER-VIRTUAL.SimulatedExchange(BINANCE): Added instrument AUCTIONBUSD.BINANCE and created matching engine
2026-09-16T06:17:56.206343089Z [INFO] EDGETRADER-VIRTUAL.SimulatedExchange(BINANCE): Added instrument PHABTC.BINANCE and created matching engine
2026-09-16T06:17:56.206720598Z [INFO] EDGETRADER-VIRTUAL.SimulatedExchange(BINANCE): Added instrument PHABUSD.BINANCE and created matching engine
2026-09-16T06:17:56.206950142Z [INFO] EDGETRADER-VIRTUAL.SimulatedExchange(BINANCE): Added instrument DOTGBP.BINANCE and created matching engine
2026-09-16T06:17:56.207101052Z [INFO] EDGETRADER-VIRTUAL.SimulatedExchange(BINANCE): Added instrument ADATRY.BINANCE and created matching engine
2026-09-16T06:17:56.207219982Z [INFO] EDGETRADER-VIRTUAL.SimulatedExchange(BINANCE): Added instrument ADABRL.BINANCE and created matching engine
2026-09-16T06:17:56.207306666Z [INFO] EDGETRADER-VIRTUAL.SimulatedExchange(BINANCE): Added instrument ADAGBP.BINANCE and created matching engine
2026-09-16T06:17:56.207449857Z [INFO] EDGETRADER-VIRTUAL.SimulatedExchange(BINANCE): Added instrument TVKBTC.BINANCE and created matching engine
2026-09-16T06:17:56.207544269Z [INFO] EDGETRADER-VIRTUAL.SimulatedExchange(BINANCE): Added instrument TVKBUSD.BINANCE and created matching engine
2026-09-16T06:17:56.207699174Z [INFO] EDGETRADER-VIRTUAL.SimulatedExchange(BINANCE): Added instrument BADGERBTC.BINANCE and created matching engine
2026-09-16T06:17:56.207842227Z [INFO] EDGETRADER-VIRTUAL.SimulatedExchange(BINANCE): Added instrument BADGERBUSD.BINANCE and created matching engine
2026-09-16T06:17:56.207942346Z [INFO] EDGETRADER-VIRTUAL.SimulatedExchange(BINANCE): Added instrument BADGERUSDT.BINANCE and created matching engine
2026-09-16T06:17:56.208064826Z [INFO] EDGETRADER-VIRTUAL.SimulatedExchange(BINANCE): Added instrument FISBTC.BINANCE and created matching engine
2026-09-16T06:17:56.208169731Z [INFO] EDGETRADER-VIRTUAL.SimulatedExchange(BINANCE): Added instrument FISBUSD.BINANCE and created matching engine
2026-09-16T06:17:56.208399556Z [INFO] EDGETRADER-VIRTUAL.SimulatedExchange(BINANCE): Added instrument FISUSDT.BINANCE and created matching engine
2026-09-16T06:17:56.208562961Z [INFO] EDGETRADER-VIRTUAL.SimulatedExchange(BINANCE): Added instrument DOTBRL.BINANCE and created matching engine
2026-09-16T06:17:56.208671575Z [INFO] EDGETRADER-VIRTUAL.SimulatedExchange(BINANCE): Added instrument ADAAUD.BINANCE and created matching engine
2026-09-16T06:17:56.208762109Z [INFO] EDGETRADER-VIRTUAL.SimulatedExchange(BINANCE): Added instrument HOTTRY.BINANCE and created matching engine
2026-09-16T06:17:56.208850792Z [INFO] EDGETRADER-VIRTUAL.SimulatedExchange(BINANCE): Added instrument EGLDEUR.BINANCE and created matching engine
2026-09-16T06:17:56.208980994Z [INFO] EDGETRADER-VIRTUAL.SimulatedExchange(BINANCE): Added instrument OMBTC.BINANCE and created matching engine
2026-09-16T06:17:56.209111957Z [INFO] EDGETRADER-VIRTUAL.SimulatedExchange(BINANCE): Added instrument OMBUSD.BINANCE and created matching engine
2026-09-16T06:17:56.209237748Z [INFO] EDGETRADER-VIRTUAL.SimulatedExchange(BINANCE): Added instrument OMUSDT.BINANCE and created matching engine
2026-09-16T06:17:56.209363206Z [INFO] EDGETRADER-VIRTUAL.SimulatedExchange(BINANCE): Added instrument PONDBTC.BINANCE and created matching engine
2026-09-16T06:17:56.209462295Z [INFO] EDGETRADER-VIRTUAL.SimulatedExchange(BINANCE): Added instrument PONDBUSD.BINANCE and created matching engine
2026-09-16T06:17:56.209589972Z [INFO] EDGETRADER-VIRTUAL.SimulatedExchange(BINANCE): Added instrument PONDUSDT.BINANCE and created matching engine
2026-09-16T06:17:56.209746536Z [INFO] EDGETRADER-VIRTUAL.SimulatedExchange(BINANCE): Added instrument DEGOBTC.BINANCE and created matching engine
2026-09-16T06:17:56.209848111Z [INFO] EDGETRADER-VIRTUAL.SimulatedExchange(BINANCE): Added instrument DEGOBUSD.BINANCE and created matching engine
2026-09-16T06:17:56.209958164Z [INFO] EDGETRADER-VIRTUAL.SimulatedExchange(BINANCE): Added instrument DEGOUSDT.BINANCE and created matching engine
2026-09-16T06:17:56.210370240Z [INFO] EDGETRADER-VIRTUAL.SimulatedExchange(BINANCE): Added instrument AVAXEUR.BINANCE and created matching engine
2026-09-16T06:17:56.210560816Z [INFO] EDGETRADER-VIRTUAL.SimulatedExchange(BINANCE): Added instrument BTTTRY.BINANCE and created matching engine
2026-09-16T06:17:56.210786564Z [INFO] EDGETRADER-VIRTUAL.SimulatedExchange(BINANCE): Added instrument CHZBRL.BINANCE and created matching engine
2026-09-16T06:17:56.211036580Z [INFO] EDGETRADER-VIRTUAL.SimulatedExchange(BINANCE): Added instrument UNIEUR.BINANCE and created matching engine
2026-09-16T06:17:56.211207839Z [INFO] EDGETRADER-VIRTUAL.SimulatedExchange(BINANCE): Added instrument ALICEBTC.BINANCE and created matching engine
2026-09-16T06:17:56.211402185Z [INFO] EDGETRADER-VIRTUAL.SimulatedExchange(BINANCE): Added instrument ALICEBUSD.BINANCE and created matching engine
2026-09-16T06:17:56.211596720Z [INFO] EDGETRADER-VIRTUAL.SimulatedExchange(BINANCE): Added instrument ALICEUSDT.BINANCE and created matching engine
2026-09-16T06:17:56.211752666Z [INFO] EDGETRADER-VIRTUAL.SimulatedExchange(BINANCE): Added instrument CHZBUSD.BINANCE and created matching engine
2026-09-16T06:17:56.211849123Z [INFO] EDGETRADER-VIRTUAL.SimulatedExchange(BINANCE): Added instrument CHZEUR.BINANCE and created matching engine
2026-09-16T06:17:56.211937691Z [INFO] EDGETRADER-VIRTUAL.SimulatedExchange(BINANCE): Added instrument CHZGBP.BINANCE and created matching engine
2026-09-16T06:17:56.212061034Z [INFO] EDGETRADER-VIRTUAL.SimulatedExchange(BINANCE): Added instrument BIFIBNB.BINANCE and created matching engine
2026-09-16T06:17:56.212167447Z [INFO] EDGETRADER-VIRTUAL.SimulatedExchange(BINANCE): Added instrument BIFIBUSD.BINANCE and created matching engine
2026-09-16T06:17:56.212320379Z [INFO] EDGETRADER-VIRTUAL.SimulatedExchange(BINANCE): Added instrument LINABTC.BINANCE and created matching engine
2026-09-16T06:17:56.212471580Z [INFO] EDGETRADER-VIRTUAL.SimulatedExchange(BINANCE): Added instrument LINABUSD.BINANCE and created matching engine
2026-09-16T06:17:56.212590149Z [INFO] EDGETRADER-VIRTUAL.SimulatedExchange(BINANCE): Added instrument LINAUSDT.BINANCE and created matching engine
2026-09-16T06:17:56.212695710Z [INFO] EDGETRADER-VIRTUAL.SimulatedExchange(BINANCE): Added instrument ADARUB.BINANCE and created matching engine
2026-09-16T06:17:56.212811826Z [INFO] EDGETRADER-VIRTUAL.SimulatedExchange(BINANCE): Added instrument ENJBRL.BINANCE and created matching engine
2026-09-16T06:17:56.212901584Z [INFO] EDGETRADER-VIRTUAL.SimulatedExchange(BINANCE): Added instrument ENJEUR.BINANCE and created matching engine
2026-09-16T06:17:56.213010774Z [INFO] EDGETRADER-VIRTUAL.SimulatedExchange(BINANCE): Added instrument MATICEUR.BINANCE and created matching engine
2026-09-16T06:17:56.213109359Z [INFO] EDGETRADER-VIRTUAL.SimulatedExchange(BINANCE): Added instrument NEOTRY.BINANCE and created matching engine
2026-09-16T06:17:56.213262733Z [INFO] EDGETRADER-VIRTUAL.SimulatedExchange(BINANCE): Added instrument PERPBTC.BINANCE and created matching engine
2026-09-16T06:17:56.213357876Z [INFO] EDGETRADER-VIRTUAL.SimulatedExchange(BINANCE): Added instrument PERPBUSD.BINANCE and created matching engine
2026-09-16T06:17:56.213491533Z [INFO] EDGETRADER-VIRTUAL.SimulatedExchange(BINANCE): Added instrument PERPUSDT.BINANCE and created matching engine
2026-09-16T06:17:56.213638544Z [INFO] EDGETRADER-VIRTUAL.SimulatedExchange(BINANCE): Added instrument RAMPBTC.BINANCE and created matching engine
2026-09-16T06:17:56.213760769Z [INFO] EDGETRADER-VIRTUAL.SimulatedExchange(BINANCE): Added instrument RAMPBUSD.BINANCE and created matching engine
2026-09-16T06:17:56.213858288Z [INFO] EDGETRADER-VIRTUAL.SimulatedExchange(BINANCE): Added instrument RAMPUSDT.BINANCE and created matching engine
2026-09-16T06:17:56.213995117Z [INFO] EDGETRADER-VIRTUAL.SimulatedExchange(BINANCE): Added instrument SUPERBTC.BINANCE and created matching engine
2026-09-16T06:17:56.214138460Z [INFO] EDGETRADER-VIRTUAL.SimulatedExchange(BINANCE): Added instrument SUPERBUSD.BINANCE and created matching engine
2026-09-16T06:17:56.214476885Z [INFO] EDGETRADER-VIRTUAL.SimulatedExchange(BINANCE): Added instrument SUPERUSDT.BINANCE and created matching engine
2026-09-16T06:17:56.214912333Z [INFO] EDGETRADER-VIRTUAL.SimulatedExchange(BINANCE): Added instrument CFXBTC.BINANCE and created matching engine
2026-09-16T06:17:56.215131629Z [INFO] EDGETRADER-VIRTUAL.SimulatedExchange(BINANCE): Added instrument CFXBUSD.BINANCE and created matching engine
2026-09-16T06:17:56.215302552Z [INFO] EDGETRADER-VIRTUAL.SimulatedExchange(BINANCE): Added instrument CFXUSDT.BINANCE and created matching engine
2026-09-16T06:17:56.215461506Z [INFO] EDGETRADER-VIRTUAL.SimulatedExchange(BINANCE): Added instrument ENJGBP.BINANCE and created matching engine
2026-09-16T06:17:56.215610988Z [INFO] EDGETRADER-VIRTUAL.SimulatedExchange(BINANCE): Added instrument EOSTRY.BINANCE and created matching engine
2026-09-16T06:17:56.215724214Z [INFO] EDGETRADER-VIRTUAL.SimulatedExchange(BINANCE): Added instrument LTCGBP.BINANCE and created matching engine
2026-09-16T06:17:56.215823125Z [INFO] EDGETRADER-VIRTUAL.SimulatedExchange(BINANCE): Added instrument LUNAEUR.BINANCE and created matching engine
2026-09-16T06:17:56.215959066Z [INFO] EDGETRADER-VIRTUAL.SimulatedExchange(BINANCE): Added instrument RVNTRY.BINANCE and created matching engine
2026-09-16T06:17:56.216266646Z [INFO] EDGETRADER-VIRTUAL.SimulatedExchange(BINANCE): Added instrument THETAEUR.BINANCE and created matching engine
2026-09-16T06:17:56.216477326Z [INFO] EDGETRADER-VIRTUAL.SimulatedExchange(BINANCE): Added instrument XVGBUSD.BINANCE and created matching engine
2026-09-16T06:17:56.216599437Z [INFO] EDGETRADER-VIRTUAL.SimulatedExchange(BINANCE): Added instrument EPSBTC.BINANCE and created matching engine
2026-09-16T06:17:56.216804384Z [INFO] EDGETRADER-VIRTUAL.SimulatedExchange(BINANCE): Added instrument EPSBUSD.BINANCE and created matching engine
2026-09-16T06:17:56.216938061Z [INFO] EDGETRADER-VIRTUAL.SimulatedExchange(BINANCE): Added instrument EPSUSDT.BINANCE and created matching engine
2026-09-16T06:17:56.217057101Z [INFO] EDGETRADER-VIRTUAL.SimulatedExchange(BINANCE): Added instrument AUTOBTC.BINANCE and created matching engine
2026-09-16T06:17:56.217149008Z [INFO] EDGETRADER-VIRTUAL.SimulatedExchange(BINANCE): Added instrument AUTOBUSD.BINANCE and created matching engine
2026-09-16T06:17:56.217289999Z [INFO] EDGETRADER-VIRTUAL.SimulatedExchange(BINANCE): Added instrument AUTOUSDT.BINANCE and created matching engine
2026-09-16T06:17:56.217389741Z [INFO] EDGETRADER-VIRTUAL.SimulatedExchange(BINANCE): Added instrument TKOBTC.BINANCE and created matching engine
2026-09-16T06:17:56.217488382Z [INFO] EDGETRADER-VIRTUAL.SimulatedExchange(BINANCE): Added instrument TKOBIDR.BINANCE and created matching engine
2026-09-16T06:17:56.217603182Z [INFO] EDGETRADER-VIRTUAL.SimulatedExchange(BINANCE): Added instrument TKOBUSD.BINANCE and created matching engine
2026-09-16T06:17:56.217700917Z [INFO] EDGETRADER-VIRTUAL.SimulatedExchange(BINANCE): Added instrument TKOUSDT.BINANCE and created matching engine
2026-09-16T06:17:56.217844266Z [INFO] EDGETRADER-VIRTUAL.SimulatedExchange(BINANCE): Added instrument PUNDIXETH.BINANCE and created matching engine
2026-09-16T06:17:56.217997879Z [INFO] EDGETRADER-VIRTUAL.SimulatedExchange(BINANCE): Added instrument PUNDIXUSDT.BINANCE and created matching engine
2026-09-16T06:17:56.218147315Z [INFO] EDGETRADER-VIRTUAL.SimulatedExchange(BINANCE): Added instrument BTTBRL.BINANCE and created matching engine
2026-09-16T06:17:56.218288276Z [INFO] EDGETRADER-VIRTUAL.SimulatedExchange(BINANCE): Added instrument BTTEUR.BINANCE and created matching engine
2026-09-16T06:17:56.218523466Z [INFO] EDGETRADER-VIRTUAL.SimulatedExchange(BINANCE): Added instrument HOTEUR.BINANCE and created matching engine
2026-09-16T06:17:56.218730465Z [INFO] EDGETRADER-VIRTUAL.SimulatedExchange(BINANCE): Added instrument WINEUR.BINANCE and created matching engine
2026-09-16T06:17:56.218971443Z [INFO] EDGETRADER-VIRTUAL.SimulatedExchange(BINANCE): Added instrument TLMBTC.BINANCE and created matching engine
2026-09-16T06:17:56.219166590Z [INFO] EDGETRADER-VIRTUAL.SimulatedExchange(BINANCE): Added instrument TLMBUSD.BINANCE and created matching engine
2026-09-16T06:17:56.219384469Z [INFO] EDGETRADER-VIRTUAL.SimulatedExchange(BINANCE): Added instrument TLMUSDT.BINANCE and created matching engine
2026-09-16T06:17:56.219519232Z [INFO] EDGETRADER-VIRTUAL.SimulatedExchange(BINANCE): Added instrument 1INCHUPUSDT.BINANCE and created matching engine
2026-09-16T06:17:56.219719060Z [INFO] EDGETRADER-VIRTUAL.SimulatedExchange(BINANCE): Added instrument 1INCHDOWNUSDT.BINANCE and created matching engine
2026-09-16T06:17:56.219960368Z [INFO] EDGETRADER-VIRTUAL.SimulatedExchange(BINANCE): Added instrument BTGBUSD.BINANCE and created matching engine
2026-09-16T06:17:56.220131814Z [INFO] EDGETRADER-VIRTUAL.SimulatedExchange(BINANCE): Added instrument BTGUSDT.BINANCE and created matching engine
2026-09-16T06:17:56.220243134Z [INFO] EDGETRADER-VIRTUAL.SimulatedExchange(BINANCE): Added instrument HOTBUSD.BINANCE and created matching engine
2026-09-16T06:17:56.220359924Z [INFO] EDGETRADER-VIRTUAL.SimulatedExchange(BINANCE): Added instrument BNBUAH.BINANCE and created matching engine
2026-09-16T06:17:56.220467789Z [INFO] EDGETRADER-VIRTUAL.SimulatedExchange(BINANCE): Added instrument ONTTRY.BINANCE and created matching engine
2026-09-16T06:17:56.220632738Z [INFO] EDGETRADER-VIRTUAL.SimulatedExchange(BINANCE): Added instrument VETEUR.BINANCE and created matching engine
2026-09-16T06:17:56.220775295Z [INFO] EDGETRADER-VIRTUAL.SimulatedExchange(BINANCE): Added instrument VETGBP.BINANCE and created matching engine
2026-09-16T06:17:56.220887895Z [INFO] EDGETRADER-VIRTUAL.SimulatedExchange(BINANCE): Added instrument WINBRL.BINANCE and created matching engine
2026-09-16T06:17:56.220984970Z [INFO] EDGETRADER-VIRTUAL.SimulatedExchange(BINANCE): Added instrument MIRBTC.BINANCE and created matching engine
2026-09-16T06:17:56.221075478Z [INFO] EDGETRADER-VIRTUAL.SimulatedExchange(BINANCE): Added instrument MIRBUSD.BINANCE and created matching engine
2026-09-16T06:17:56.221173957Z [INFO] EDGETRADER-VIRTUAL.SimulatedExchange(BINANCE): Added instrument MIRUSDT.BINANCE and created matching engine
2026-09-16T06:17:56.221268044Z [INFO] EDGETRADER-VIRTUAL.SimulatedExchange(BINANCE): Added instrument BARBTC.BINANCE and created matching engine
2026-09-16T06:17:56.221364207Z [INFO] EDGETRADER-VIRTUAL.SimulatedExchange(BINANCE): Added instrument BARBUSD.BINANCE and created matching engine
2026-09-16T06:17:56.221478715Z [INFO] EDGETRADER-VIRTUAL.SimulatedExchange(BINANCE): Added instrument BARUSDT.BINANCE and created matching engine
2026-09-16T06:17:56.221608581Z [INFO] EDGETRADER-VIRTUAL.SimulatedExchange(BINANCE): Added instrument FORTHBTC.BINANCE and created matching engine
2026-09-16T06:17:56.221853534Z [INFO] EDGETRADER-VIRTUAL.SimulatedExchange(BINANCE): Added instrument FORTHBUSD.BINANCE and created matching engine
2026-09-16T06:17:56.221977042Z [INFO] EDGETRADER-VIRTUAL.SimulatedExchange(BINANCE): Added instrument FORTHUSDT.BINANCE and created matching engine
2026-09-16T06:17:56.222078617Z [INFO] EDGETRADER-VIRTUAL.SimulatedExchange(BINANCE): Added instrument CAKEGBP.BINANCE and created matching engine
2026-09-16T06:17:56.222175017Z [INFO] EDGETRADER-VIRTUAL.SimulatedExchange(BINANCE): Added instrument DOGERUB.BINANCE and created matching engine
2026-09-16T06:17:56.222267071Z [INFO] EDGETRADER-VIRTUAL.SimulatedExchange(BINANCE): Added instrument HOTBRL.BINANCE and created matching engine
2026-09-16T06:17:56.222370196Z [INFO] EDGETRADER-VIRTUAL.SimulatedExchange(BINANCE): Added instrument WRXEUR.BINANCE and created matching engine
2026-09-16T06:17:56.222460131Z [INFO] EDGETRADER-VIRTUAL.SimulatedExchange(BINANCE): Added instrument EZBTC.BINANCE and created matching engine
2026-09-16T06:17:56.222547359Z [INFO] EDGETRADER-VIRTUAL.SimulatedExchange(BINANCE): Added instrument EZETH.BINANCE and created matching engine
2026-09-16T06:17:56.222643232Z [INFO] EDGETRADER-VIRTUAL.SimulatedExchange(BINANCE): Added instrument BAKEUSDT.BINANCE and created matching engine
2026-09-16T06:17:56.222829055Z [INFO] EDGETRADER-VIRTUAL.SimulatedExchange(BINANCE): Added instrument BURGERBUSD.BINANCE and created matching engine
2026-09-16T06:17:56.222983478Z [INFO] EDGETRADER-VIRTUAL.SimulatedExchange(BINANCE): Added instrument BURGERUSDT.BINANCE and created matching engine
2026-09-16T06:17:56.223184321Z [INFO] EDGETRADER-VIRTUAL.SimulatedExchange(BINANCE): Added instrument SLPBUSD.BINANCE and created matching engine
2026-09-16T06:17:56.223294966Z [INFO] EDGETRADER-VIRTUAL.SimulatedExchange(BINANCE): Added instrument SLPUSDT.BINANCE and created matching engine
2026-09-16T06:17:56.223391137Z [INFO] EDGETRADER-VIRTUAL.SimulatedExchange(BINANCE): Added instrument TRXAUD.BINANCE and created matching engine
2026-09-16T06:17:56.223490233Z [INFO] EDGETRADER-VIRTUAL.SimulatedExchange(BINANCE): Added instrument TRXEUR.BINANCE and created matching engine
2026-09-16T06:17:56.223608737Z [INFO] EDGETRADER-VIRTUAL.SimulatedExchange(BINANCE): Added instrument VETTRY.BINANCE and created matching engine
2026-09-16T06:17:56.223710175Z [INFO] EDGETRADER-VIRTUAL.SimulatedExchange(BINANCE): Added instrument SHIBUSDT.BINANCE and created matching engine
2026-09-16T06:17:56.223857488Z [INFO] EDGETRADER-VIRTUAL.SimulatedExchange(BINANCE): Added instrument SHIBBUSD.BINANCE and created matching engine
2026-09-16T06:17:56.223959259Z [INFO] EDGETRADER-VIRTUAL.SimulatedExchange(BINANCE): Added instrument ICPBTC.BINANCE and created matching engine
2026-09-16T06:17:56.224050397Z [INFO] EDGETRADER-VIRTUAL.SimulatedExchange(BINANCE): Added instrument ICPBNB.BINANCE and created matching engine
2026-09-16T06:17:56.224159290Z [INFO] EDGETRADER-VIRTUAL.SimulatedExchange(BINANCE): Added instrument ICPBUSD.BINANCE and created matching engine
2026-09-16T06:17:56.224259370Z [INFO] EDGETRADER-VIRTUAL.SimulatedExchange(BINANCE): Added instrument ICPUSDT.BINANCE and created matching engine
2026-09-16T06:17:56.224367664Z [INFO] EDGETRADER-VIRTUAL.SimulatedExchange(BINANCE): Added instrument SHIBEUR.BINANCE and created matching engine
2026-09-16T06:17:56.224498268Z [INFO] EDGETRADER-VIRTUAL.SimulatedExchange(BINANCE): Added instrument SHIBRUB.BINANCE and created matching engine
2026-09-16T06:17:56.224659165Z [INFO] EDGETRADER-VIRTUAL.SimulatedExchange(BINANCE): Added instrument ETCEUR.BINANCE and created matching engine
2026-09-16T06:17:56.224799801Z [INFO] EDGETRADER-VIRTUAL.SimulatedExchange(BINANCE): Added instrument ETCBRL.BINANCE and created matching engine
2026-09-16T06:17:56.224920575Z [INFO] EDGETRADER-VIRTUAL.SimulatedExchange(BINANCE): Added instrument DOGEBIDR.BINANCE and created matching engine
2026-09-16T06:17:56.225037445Z [INFO] EDGETRADER-VIRTUAL.SimulatedExchange(BINANCE): Added instrument ARBTC.BINANCE and created matching engine
2026-09-16T06:17:56.225154587Z [INFO] EDGETRADER-VIRTUAL.SimulatedExchange(BINANCE): Added instrument ARBNB.BINANCE and created matching engine
2026-09-16T06:17:56.225307194Z [INFO] EDGETRADER-VIRTUAL.SimulatedExchange(BINANCE): Added instrument ARBUSD.BINANCE and created matching engine
2026-09-16T06:17:56.225459189Z [INFO] EDGETRADER-VIRTUAL.SimulatedExchange(BINANCE): Added instrument ARUSDT.BINANCE and created matching engine
2026-09-16T06:17:56.225573232Z [INFO] EDGETRADER-VIRTUAL.SimulatedExchange(BINANCE): Added instrument POLSBTC.BINANCE and created matching engine
2026-09-16T06:17:56.225668906Z [INFO] EDGETRADER-VIRTUAL.SimulatedExchange(BINANCE): Added instrument POLSBNB.BINANCE and created matching engine
2026-09-16T06:17:56.225759919Z [INFO] EDGETRADER-VIRTUAL.SimulatedExchange(BINANCE): Added instrument POLSBUSD.BINANCE and created matching engine
2026-09-16T06:17:56.225847898Z [INFO] EDGETRADER-VIRTUAL.SimulatedExchange(BINANCE): Added instrument POLSUSDT.BINANCE and created matching engine
2026-09-16T06:17:56.226029094Z [INFO] EDGETRADER-VIRTUAL.SimulatedExchange(BINANCE): Added instrument MDXBTC.BINANCE and created matching engine
2026-09-16T06:17:56.226169091Z [INFO] EDGETRADER-VIRTUAL.SimulatedExchange(BINANCE): Added instrument MDXBNB.BINANCE and created matching engine
2026-09-16T06:17:56.226291888Z [INFO] EDGETRADER-VIRTUAL.SimulatedExchange(BINANCE): Added instrument MDXBUSD.BINANCE and created matching engine
2026-09-16T06:17:56.226434019Z [INFO] EDGETRADER-VIRTUAL.SimulatedExchange(BINANCE): Added instrument MDXUSDT.BINANCE and created matching engine
2026-09-16T06:17:56.226574957Z [INFO] EDGETRADER-VIRTUAL.SimulatedExchange(BINANCE): Added instrument MASKBNB.BINANCE and created matching engine
2026-09-16T06:17:56.226768162Z [INFO] EDGETRADER-VIRTUAL.SimulatedExchange(BINANCE): Added instrument MASKBUSD.BINANCE and created matching engine
2026-09-16T06:17:56.226941993Z [INFO] EDGETRADER-VIRTUAL.SimulatedExchange(BINANCE): Added instrument MASKUSDT.BINANCE and created matching engine
2026-09-16T06:17:56.227106181Z [INFO] EDGETRADER-VIRTUAL.SimulatedExchange(BINANCE): Added instrument LPTBTC.BINANCE and created matching engine
2026-09-16T06:17:56.227219828Z [INFO] EDGETRADER-VIRTUAL.SimulatedExchange(BINANCE): Added instrument LPTBNB.BINANCE and created matching engine
2026-09-16T06:17:56.227344971Z [INFO] EDGETRADER-VIRTUAL.SimulatedExchange(BINANCE): Added instrument LPTBUSD.BINANCE and created matching engine
2026-09-16T06:17:56.227449163Z [INFO] EDGETRADER-VIRTUAL.SimulatedExchange(BINANCE): Added instrument LPTUSDT.BINANCE and created matching engine
2026-09-16T06:17:56.227549094Z [INFO] EDGETRADER-VIRTUAL.SimulatedExchange(BINANCE): Added instrument ETHUAH.BINANCE and created matching engine
2026-09-16T06:17:56.227641988Z [INFO] EDGETRADER-VIRTUAL.SimulatedExchange(BINANCE): Added instrument MATICBRL.BINANCE and created matching engine
2026-09-16T06:17:56.227773470Z [INFO] EDGETRADER-VIRTUAL.SimulatedExchange(BINANCE): Added instrument SOLEUR.BINANCE and created matching engine
2026-09-16T06:17:56.227898147Z [INFO] EDGETRADER-VIRTUAL.SimulatedExchange(BINANCE): Added instrument SHIBBRL.BINANCE and created matching engine
2026-09-16T06:17:56.228050078Z [INFO] EDGETRADER-VIRTUAL.SimulatedExchange(BINANCE): Added instrument AGIXBTC.BINANCE and created matching engine
2026-09-16T06:17:56.228199294Z [INFO] EDGETRADER-VIRTUAL.SimulatedExchange(BINANCE): Added instrument ICPEUR.BINANCE and created matching engine
2026-09-16T06:17:56.228299056Z [INFO] EDGETRADER-VIRTUAL.SimulatedExchange(BINANCE): Added instrument MATICGBP.BINANCE and created matching engine
2026-09-16T06:17:56.228398116Z [INFO] EDGETRADER-VIRTUAL.SimulatedExchange(BINANCE): Added instrument SHIBTRY.BINANCE and created matching engine
2026-09-16T06:17:56.228511806Z [INFO] EDGETRADER-VIRTUAL.SimulatedExchange(BINANCE): Added instrument MATICBIDR.BINANCE and created matching engine
2026-09-16T06:17:56.228665514Z [INFO] EDGETRADER-VIRTUAL.SimulatedExchange(BINANCE): Added instrument MATICRUB.BINANCE and created matching engine
2026-09-16T06:17:56.228805077Z [INFO] EDGETRADER-VIRTUAL.SimulatedExchange(BINANCE): Added instrument NUBTC.BINANCE and created matching engine
2026-09-16T06:17:56.228924349Z [INFO] EDGETRADER-VIRTUAL.SimulatedExchange(BINANCE): Added instrument NUBNB.BINANCE and created matching engine
2026-09-16T06:17:56.229040739Z [INFO] EDGETRADER-VIRTUAL.SimulatedExchange(BINANCE): Added instrument NUBUSD.BINANCE and created matching engine
2026-09-16T06:17:56.229185514Z [INFO] EDGETRADER-VIRTUAL.SimulatedExchange(BINANCE): Added instrument NUUSDT.BINANCE and created matching engine
2026-09-16T06:17:56.229302768Z [INFO] EDGETRADER-VIRTUAL.SimulatedExchange(BINANCE): Added instrument XVGUSDT.BINANCE and created matching engine
2026-09-16T06:17:56.229978118Z [INFO] EDGETRADER-VIRTUAL.SimulatedExchange(BINANCE): Added instrument RLCBUSD.BINANCE and created matching engine
2026-09-16T06:17:56.230484868Z [INFO] EDGETRADER-VIRTUAL.SimulatedExchange(BINANCE): Added instrument CELRBUSD.BINANCE and created matching engine
2026-09-16T06:17:56.231060276Z [INFO] EDGETRADER-VIRTUAL.SimulatedExchange(BINANCE): Added instrument ATMBUSD.BINANCE and created matching engine
2026-09-16T06:17:56.231233088Z [INFO] EDGETRADER-VIRTUAL.SimulatedExchange(BINANCE): Added instrument ZENBUSD.BINANCE and created matching engine
2026-09-16T06:17:56.231422785Z [INFO] EDGETRADER-VIRTUAL.SimulatedExchange(BINANCE): Added instrument FTMBUSD.BINANCE and created matching engine
2026-09-16T06:17:56.231591403Z [INFO] EDGETRADER-VIRTUAL.SimulatedExchange(BINANCE): Added instrument THETABUSD.BINANCE and created matching engine
2026-09-16T06:17:56.231713511Z [INFO] EDGETRADER-VIRTUAL.SimulatedExchange(BINANCE): Added instrument WINBUSD.BINANCE and created matching engine
2026-09-16T06:17:56.231815765Z [INFO] EDGETRADER-VIRTUAL.SimulatedExchange(BINANCE): Added instrument KAVABUSD.BINANCE and created matching engine
2026-09-16T06:17:56.232006470Z [INFO] EDGETRADER-VIRTUAL.SimulatedExchange(BINANCE): Added instrument XEMBUSD.BINANCE and created matching engine
2026-09-16T06:17:56.232182939Z [INFO] EDGETRADER-VIRTUAL.SimulatedExchange(BINANCE): Added instrument ATABTC.BINANCE and created matching engine
2026-09-16T06:17:56.232354456Z [INFO] EDGETRADER-VIRTUAL.SimulatedExchange(BINANCE): Added instrument ATABNB.BINANCE and created matching engine
2026-09-16T06:17:56.232522226Z [INFO] EDGETRADER-VIRTUAL.SimulatedExchange(BINANCE): Added instrument ATABUSD.BINANCE and created matching engine
2026-09-16T06:17:56.232662508Z [INFO] EDGETRADER-VIRTUAL.SimulatedExchange(BINANCE): Added instrument ATAUSDT.BINANCE and created matching engine
2026-09-16T06:17:56.232769503Z [INFO] EDGETRADER-VIRTUAL.SimulatedExchange(BINANCE): Added instrument GTCBTC.BINANCE and created matching engine
2026-09-16T06:17:56.232875569Z [INFO] EDGETRADER-VIRTUAL.SimulatedExchange(BINANCE): Added instrument GTCBNB.BINANCE and created matching engine
2026-09-16T06:17:56.232983832Z [INFO] EDGETRADER-VIRTUAL.SimulatedExchange(BINANCE): Added instrument GTCBUSD.BINANCE and created matching engine
2026-09-16T06:17:56.233209838Z [INFO] EDGETRADER-VIRTUAL.SimulatedExchange(BINANCE): Added instrument GTCUSDT.BINANCE and created matching engine
2026-09-16T06:17:56.233340335Z [INFO] EDGETRADER-VIRTUAL.SimulatedExchange(BINANCE): Added instrument TORNBTC.BINANCE and created matching engine
2026-09-16T06:17:56.233453162Z [INFO] EDGETRADER-VIRTUAL.SimulatedExchange(BINANCE): Added instrument TORNBNB.BINANCE and created matching engine
2026-09-16T06:17:56.233610784Z [INFO] EDGETRADER-VIRTUAL.SimulatedExchange(BINANCE): Added instrument TORNBUSD.BINANCE and created matching engine
2026-09-16T06:17:56.233759521Z [INFO] EDGETRADER-VIRTUAL.SimulatedExchange(BINANCE): Added instrument TORNUSDT.BINANCE and created matching engine
2026-09-16T06:17:56.233883366Z [INFO] EDGETRADER-VIRTUAL.SimulatedExchange(BINANCE): Added instrument MATICTRY.BINANCE and created matching engine
2026-09-16T06:17:56.233987706Z [INFO] EDGETRADER-VIRTUAL.SimulatedExchange(BINANCE): Added instrument ETCGBP.BINANCE and created matching engine
2026-09-16T06:17:56.234145725Z [INFO] EDGETRADER-VIRTUAL.SimulatedExchange(BINANCE): Added instrument SOLGBP.BINANCE and created matching engine
2026-09-16T06:17:56.234611916Z [INFO] EDGETRADER-VIRTUAL.SimulatedExchange(BINANCE): Added instrument BAKEBTC.BINANCE and created matching engine
2026-09-16T06:17:56.235762496Z [INFO] EDGETRADER-VIRTUAL.SimulatedExchange(BINANCE): Added instrument COTIBUSD.BINANCE and created matching engine
2026-09-16T06:17:56.236135154Z [INFO] EDGETRADER-VIRTUAL.SimulatedExchange(BINANCE): Added instrument KEEPBTC.BINANCE and created matching engine
2026-09-16T06:17:56.236392018Z [INFO] EDGETRADER-VIRTUAL.SimulatedExchange(BINANCE): Added instrument KEEPBNB.BINANCE and created matching engine
2026-09-16T06:17:56.236578959Z [INFO] EDGETRADER-VIRTUAL.SimulatedExchange(BINANCE): Added instrument KEEPBUSD.BINANCE and created matching engine
2026-09-16T06:17:56.236694895Z [INFO] EDGETRADER-VIRTUAL.SimulatedExchange(BINANCE): Added instrument KEEPUSDT.BINANCE and created matching engine
2026-09-16T06:17:56.236818777Z [INFO] EDGETRADER-VIRTUAL.SimulatedExchange(BINANCE): Added instrument SOLTRY.BINANCE and created matching engine
2026-09-16T06:17:56.237111538Z [INFO] EDGETRADER-VIRTUAL.SimulatedExchange(BINANCE): Added instrument RUNEGBP.BINANCE and created matching engine
2026-09-16T06:17:56.237439790Z [INFO] EDGETRADER-VIRTUAL.SimulatedExchange(BINANCE): Added instrument SOLBRL.BINANCE and created matching engine
2026-09-16T06:17:56.237662029Z [INFO] EDGETRADER-VIRTUAL.SimulatedExchange(BINANCE): Added instrument SCBUSD.BINANCE and created matching engine
2026-09-16T06:17:56.237825553Z [INFO] EDGETRADER-VIRTUAL.SimulatedExchange(BINANCE): Added instrument CHRBUSD.BINANCE and created matching engine
2026-09-16T06:17:56.237991985Z [INFO] EDGETRADER-VIRTUAL.SimulatedExchange(BINANCE): Added instrument STMXBUSD.BINANCE and created matching engine
2026-09-16T06:17:56.238115892Z [INFO] EDGETRADER-VIRTUAL.SimulatedExchange(BINANCE): Added instrument HNTBUSD.BINANCE and created matching engine
2026-09-16T06:17:56.238219822Z [INFO] EDGETRADER-VIRTUAL.SimulatedExchange(BINANCE): Added instrument FTTBUSD.BINANCE and created matching engine
2026-09-16T06:17:56.238368578Z [INFO] EDGETRADER-VIRTUAL.SimulatedExchange(BINANCE): Added instrument DOCKBUSD.BINANCE and created matching engine
2026-09-16T06:17:56.238564389Z [INFO] EDGETRADER-VIRTUAL.SimulatedExchange(BINANCE): Added instrument ADABIDR.BINANCE and created matching engine
2026-09-16T06:17:56.238696777Z [INFO] EDGETRADER-VIRTUAL.SimulatedExchange(BINANCE): Added instrument ERNBNB.BINANCE and created matching engine
2026-09-16T06:17:56.238804093Z [INFO] EDGETRADER-VIRTUAL.SimulatedExchange(BINANCE): Added instrument ERNBUSD.BINANCE and created matching engine
2026-09-16T06:17:56.238910052Z [INFO] EDGETRADER-VIRTUAL.SimulatedExchange(BINANCE): Added instrument ERNUSDT.BINANCE and created matching engine
2026-09-16T06:17:56.239065265Z [INFO] EDGETRADER-VIRTUAL.SimulatedExchange(BINANCE): Added instrument KLAYBTC.BINANCE and created matching engine
2026-09-16T06:17:56.239264599Z [INFO] EDGETRADER-VIRTUAL.SimulatedExchange(BINANCE): Added instrument KLAYBNB.BINANCE and created matching engine
2026-09-16T06:17:56.239386249Z [INFO] EDGETRADER-VIRTUAL.SimulatedExchange(BINANCE): Added instrument KLAYBUSD.BINANCE and created matching engine
2026-09-16T06:17:56.239599792Z [INFO] EDGETRADER-VIRTUAL.SimulatedExchange(BINANCE): Added instrument KLAYUSDT.BINANCE and created matching engine
2026-09-16T06:17:56.239764272Z [INFO] EDGETRADER-VIRTUAL.SimulatedExchange(BINANCE): Added instrument RUNEEUR.BINANCE and created matching engine
2026-09-16T06:17:56.239890568Z [INFO] EDGETRADER-VIRTUAL.SimulatedExchange(BINANCE): Added instrument MATICAUD.BINANCE and created matching engine
2026-09-16T06:17:56.239994477Z [INFO] EDGETRADER-VIRTUAL.SimulatedExchange(BINANCE): Added instrument DOTRUB.BINANCE and created matching engine
2026-09-16T06:17:56.240097478Z [INFO] EDGETRADER-VIRTUAL.SimulatedExchange(BINANCE): Added instrument UTKBUSD.BINANCE and created matching engine
2026-09-16T06:17:56.240213542Z [INFO] EDGETRADER-VIRTUAL.SimulatedExchange(BINANCE): Added instrument IOTXBUSD.BINANCE and created matching engine
2026-09-16T06:17:56.240320804Z [INFO] EDGETRADER-VIRTUAL.SimulatedExchange(BINANCE): Added instrument PHAUSDT.BINANCE and created matching engine
2026-09-16T06:17:56.240424408Z [INFO] EDGETRADER-VIRTUAL.SimulatedExchange(BINANCE): Added instrument SOLRUB.BINANCE and created matching engine
2026-09-16T06:17:56.240527858Z [INFO] EDGETRADER-VIRTUAL.SimulatedExchange(BINANCE): Added instrument RUNEAUD.BINANCE and created matching engine
2026-09-16T06:17:56.240681151Z [INFO] EDGETRADER-VIRTUAL.SimulatedExchange(BINANCE): Added instrument BUSDUAH.BINANCE and created matching engine
2026-09-16T06:17:56.240848155Z [INFO] EDGETRADER-VIRTUAL.SimulatedExchange(BINANCE): Added instrument BONDBTC.BINANCE and created matching engine
2026-09-16T06:17:56.240986434Z [INFO] EDGETRADER-VIRTUAL.SimulatedExchange(BINANCE): Added instrument BONDBNB.BINANCE and created matching engine
2026-09-16T06:17:56.241145006Z [INFO] EDGETRADER-VIRTUAL.SimulatedExchange(BINANCE): Added instrument BONDBUSD.BINANCE and created matching engine
2026-09-16T06:17:56.241297107Z [INFO] EDGETRADER-VIRTUAL.SimulatedExchange(BINANCE): Added instrument BONDUSDT.BINANCE and created matching engine
2026-09-16T06:17:56.241477526Z [INFO] EDGETRADER-VIRTUAL.SimulatedExchange(BINANCE): Added instrument MLNBTC.BINANCE and created matching engine
2026-09-16T06:17:56.241662222Z [INFO] EDGETRADER-VIRTUAL.SimulatedExchange(BINANCE): Added instrument MLNBNB.BINANCE and created matching engine
2026-09-16T06:17:56.241853186Z [INFO] EDGETRADER-VIRTUAL.SimulatedExchange(BINANCE): Added instrument MLNBUSD.BINANCE and created matching engine
2026-09-16T06:17:56.242040456Z [INFO] EDGETRADER-VIRTUAL.SimulatedExchange(BINANCE): Added instrument MLNUSDT.BINANCE and created matching engine
2026-09-16T06:17:56.242215865Z [INFO] EDGETRADER-VIRTUAL.SimulatedExchange(BINANCE): Added instrument GRTTRY.BINANCE and created matching engine
2026-09-16T06:17:56.242395729Z [INFO] EDGETRADER-VIRTUAL.SimulatedExchange(BINANCE): Added instrument CAKEBRL.BINANCE and created matching engine
2026-09-16T06:17:56.242600647Z [INFO] EDGETRADER-VIRTUAL.SimulatedExchange(BINANCE): Added instrument ICPRUB.BINANCE and created matching engine
2026-09-16T06:17:56.242725974Z [INFO] EDGETRADER-VIRTUAL.SimulatedExchange(BINANCE): Added instrument DOTAUD.BINANCE and created matching engine
2026-09-16T06:17:56.242855732Z [INFO] EDGETRADER-VIRTUAL.SimulatedExchange(BINANCE): Added instrument AAVEBRL.BINANCE and created matching engine
2026-09-16T06:17:56.243029042Z [INFO] EDGETRADER-VIRTUAL.SimulatedExchange(BINANCE): Added instrument EOSAUD.BINANCE and created matching engine
2026-09-16T06:17:56.243177637Z [INFO] EDGETRADER-VIRTUAL.SimulatedExchange(BINANCE): Added instrument DEXEUSDT.BINANCE and created matching engine
2026-09-16T06:17:56.243359660Z [INFO] EDGETRADER-VIRTUAL.SimulatedExchange(BINANCE): Added instrument LTOBUSD.BINANCE and created matching engine
2026-09-16T06:17:56.243496567Z [INFO] EDGETRADER-VIRTUAL.SimulatedExchange(BINANCE): Added instrument ADXBUSD.BINANCE and created matching engine
2026-09-16T06:17:56.243637737Z [INFO] EDGETRADER-VIRTUAL.SimulatedExchange(BINANCE): Added instrument QUICKBTC.BINANCE and created matching engine
2026-09-16T06:17:56.243747364Z [INFO] EDGETRADER-VIRTUAL.SimulatedExchange(BINANCE): Added instrument QUICKBNB.BINANCE and created matching engine
2026-09-16T06:17:56.243844962Z [INFO] EDGETRADER-VIRTUAL.SimulatedExchange(BINANCE): Added instrument QUICKBUSD.BINANCE and created matching engine
2026-09-16T06:17:56.244001782Z [INFO] EDGETRADER-VIRTUAL.SimulatedExchange(BINANCE): Added instrument C98USDT.BINANCE and created matching engine
2026-09-16T06:17:56.244129770Z [INFO] EDGETRADER-VIRTUAL.SimulatedExchange(BINANCE): Added instrument C98BUSD.BINANCE and created matching engine
2026-09-16T06:17:56.244237194Z [INFO] EDGETRADER-VIRTUAL.SimulatedExchange(BINANCE): Added instrument C98BNB.BINANCE and created matching engine
2026-09-16T06:17:56.244786621Z [INFO] EDGETRADER-VIRTUAL.SimulatedExchange(BINANCE): Added instrument C98BTC.BINANCE and created matching engine
2026-09-16T06:17:56.244947632Z [INFO] EDGETRADER-VIRTUAL.SimulatedExchange(BINANCE): Added instrument CLVBTC.BINANCE and created matching engine
2026-09-16T06:17:56.245153622Z [INFO] EDGETRADER-VIRTUAL.SimulatedExchange(BINANCE): Added instrument CLVBNB.BINANCE and created matching engine
2026-09-16T06:17:56.245356255Z [INFO] EDGETRADER-VIRTUAL.SimulatedExchange(BINANCE): Added instrument CLVBUSD.BINANCE and created matching engine
2026-09-16T06:17:56.245547641Z [INFO] EDGETRADER-VIRTUAL.SimulatedExchange(BINANCE): Added instrument CLVUSDT.BINANCE and created matching engine
2026-09-16T06:17:56.245668248Z [INFO] EDGETRADER-VIRTUAL.SimulatedExchange(BINANCE): Added instrument QNTBTC.BINANCE and created matching engine
2026-09-16T06:17:56.245772800Z [INFO] EDGETRADER-VIRTUAL.SimulatedExchange(BINANCE): Added instrument QNTBNB.BINANCE and created matching engine
2026-09-16T06:17:56.245886636Z [INFO] EDGETRADER-VIRTUAL.SimulatedExchange(BINANCE): Added instrument QNTBUSD.BINANCE and created matching engine
2026-09-16T06:17:56.246030478Z [INFO] EDGETRADER-VIRTUAL.SimulatedExchange(BINANCE): Added instrument QNTUSDT.BINANCE and created matching engine
2026-09-16T06:17:56.246140893Z [INFO] EDGETRADER-VIRTUAL.SimulatedExchange(BINANCE): Added instrument FLOWBTC.BINANCE and created matching engine
2026-09-16T06:17:56.246289751Z [INFO] EDGETRADER-VIRTUAL.SimulatedExchange(BINANCE): Added instrument FLOWBNB.BINANCE and created matching engine
2026-09-16T06:17:56.246414901Z [INFO] EDGETRADER-VIRTUAL.SimulatedExchange(BINANCE): Added instrument FLOWBUSD.BINANCE and created matching engine
2026-09-16T06:17:56.246578878Z [INFO] EDGETRADER-VIRTUAL.SimulatedExchange(BINANCE): Added instrument FLOWUSDT.BINANCE and created matching engine
2026-09-16T06:17:56.246744348Z [INFO] EDGETRADER-VIRTUAL.SimulatedExchange(BINANCE): Added instrument XECBUSD.BINANCE and created matching engine
2026-09-16T06:17:56.246855879Z [INFO] EDGETRADER-VIRTUAL.SimulatedExchange(BINANCE): Added instrument AXSBRL.BINANCE and created matching engine
2026-09-16T06:17:56.247036426Z [INFO] EDGETRADER-VIRTUAL.SimulatedExchange(BINANCE): Added instrument AXSAUD.BINANCE and created matching engine
2026-09-16T06:17:56.247159420Z [INFO] EDGETRADER-VIRTUAL.SimulatedExchange(BINANCE): Added instrument TVKUSDT.BINANCE and created matching engine
2026-09-16T06:17:56.247271941Z [INFO] EDGETRADER-VIRTUAL.SimulatedExchange(BINANCE): Added instrument MINABTC.BINANCE and created matching engine
2026-09-16T06:17:56.247426106Z [INFO] EDGETRADER-VIRTUAL.SimulatedExchange(BINANCE): Added instrument MINABNB.BINANCE and created matching engine
2026-09-16T06:17:56.247558761Z [INFO] EDGETRADER-VIRTUAL.SimulatedExchange(BINANCE): Added instrument MINABUSD.BINANCE and created matching engine
2026-09-16T06:17:56.247662045Z [INFO] EDGETRADER-VIRTUAL.SimulatedExchange(BINANCE): Added instrument MINAUSDT.BINANCE and created matching engine
2026-09-16T06:17:56.247818153Z [INFO] EDGETRADER-VIRTUAL.SimulatedExchange(BINANCE): Added instrument RAYBNB.BINANCE and created matching engine
2026-09-16T06:17:56.247928014Z [INFO] EDGETRADER-VIRTUAL.SimulatedExchange(BINANCE): Added instrument RAYBUSD.BINANCE and created matching engine
2026-09-16T06:17:56.248052206Z [INFO] EDGETRADER-VIRTUAL.SimulatedExchange(BINANCE): Added instrument RAYUSDT.BINANCE and created matching engine
2026-09-16T06:17:56.248211130Z [INFO] EDGETRADER-VIRTUAL.SimulatedExchange(BINANCE): Added instrument FARMBTC.BINANCE and created matching engine
2026-09-16T06:17:56.248367145Z [INFO] EDGETRADER-VIRTUAL.SimulatedExchange(BINANCE): Added instrument FARMBNB.BINANCE and created matching engine
2026-09-16T06:17:56.248512846Z [INFO] EDGETRADER-VIRTUAL.SimulatedExchange(BINANCE): Added instrument FARMBUSD.BINANCE and created matching engine
2026-09-16T06:17:56.248631565Z [INFO] EDGETRADER-VIRTUAL.SimulatedExchange(BINANCE): Added instrument FARMUSDT.BINANCE and created matching engine
2026-09-16T06:17:56.248739408Z [INFO] EDGETRADER-VIRTUAL.SimulatedExchange(BINANCE): Added instrument ALPACABTC.BINANCE and created matching engine
2026-09-16T06:17:56.248884340Z [INFO] EDGETRADER-VIRTUAL.SimulatedExchange(BINANCE): Added instrument ALPACABNB.BINANCE and created matching engine
2026-09-16T06:17:56.249152577Z [INFO] EDGETRADER-VIRTUAL.SimulatedExchange(BINANCE): Added instrument ALPACABUSD.BINANCE and created matching engine
2026-09-16T06:17:56.249344635Z [INFO] EDGETRADER-VIRTUAL.SimulatedExchange(BINANCE): Added instrument ALPACAUSDT.BINANCE and created matching engine
2026-09-16T06:17:56.249519661Z [INFO] EDGETRADER-VIRTUAL.SimulatedExchange(BINANCE): Added instrument TLMTRY.BINANCE and created matching engine
2026-09-16T06:17:56.249627598Z [INFO] EDGETRADER-VIRTUAL.SimulatedExchange(BINANCE): Added instrument QUICKUSDT.BINANCE and created matching engine
2026-09-16T06:17:56.249760407Z [INFO] EDGETRADER-VIRTUAL.SimulatedExchange(BINANCE): Added instrument ORNBUSD.BINANCE and created matching engine
2026-09-16T06:17:56.249976977Z [INFO] EDGETRADER-VIRTUAL.SimulatedExchange(BINANCE): Added instrument MBOXBTC.BINANCE and created matching engine
2026-09-16T06:17:56.250099188Z [INFO] EDGETRADER-VIRTUAL.SimulatedExchange(BINANCE): Added instrument MBOXBNB.BINANCE and created matching engine
2026-09-16T06:17:56.250201874Z [INFO] EDGETRADER-VIRTUAL.SimulatedExchange(BINANCE): Added instrument MBOXBUSD.BINANCE and created matching engine
2026-09-16T06:17:56.250300736Z [INFO] EDGETRADER-VIRTUAL.SimulatedExchange(BINANCE): Added instrument MBOXUSDT.BINANCE and created matching engine
2026-09-16T06:17:56.250408162Z [INFO] EDGETRADER-VIRTUAL.SimulatedExchange(BINANCE): Added instrument VGXBTC.BINANCE and created matching engine
2026-09-16T06:17:56.250523915Z [INFO] EDGETRADER-VIRTUAL.SimulatedExchange(BINANCE): Added instrument VGXETH.BINANCE and created matching engine
2026-09-16T06:17:56.250696564Z [INFO] EDGETRADER-VIRTUAL.SimulatedExchange(BINANCE): Added instrument FORUSDT.BINANCE and created matching engine
2026-09-16T06:17:56.250846490Z [INFO] EDGETRADER-VIRTUAL.SimulatedExchange(BINANCE): Added instrument REQUSDT.BINANCE and created matching engine
2026-09-16T06:17:56.251033817Z [INFO] EDGETRADER-VIRTUAL.SimulatedExchange(BINANCE): Added instrument GHSTUSDT.BINANCE and created matching engine
2026-09-16T06:17:56.252210133Z [INFO] EDGETRADER-VIRTUAL.SimulatedExchange(BINANCE): Added instrument TRURUB.BINANCE and created matching engine
2026-09-16T06:17:56.252613036Z [INFO] EDGETRADER-VIRTUAL.SimulatedExchange(BINANCE): Added instrument FISBRL.BINANCE and created matching engine
2026-09-16T06:17:56.252779549Z [INFO] EDGETRADER-VIRTUAL.SimulatedExchange(BINANCE): Added instrument WAXPUSDT.BINANCE and created matching engine
2026-09-16T06:17:56.252897513Z [INFO] EDGETRADER-VIRTUAL.SimulatedExchange(BINANCE): Added instrument WAXPBUSD.BINANCE and created matching engine
2026-09-16T06:17:56.253107124Z [INFO] EDGETRADER-VIRTUAL.SimulatedExchange(BINANCE): Added instrument WAXPBNB.BINANCE and created matching engine
2026-09-16T06:17:56.253242583Z [INFO] EDGETRADER-VIRTUAL.SimulatedExchange(BINANCE): Added instrument WAXPBTC.BINANCE and created matching engine
2026-09-16T06:17:56.253364292Z [INFO] EDGETRADER-VIRTUAL.SimulatedExchange(BINANCE): Added instrument TRIBEBTC.BINANCE and created matching engine
2026-09-16T06:17:56.253520913Z [INFO] EDGETRADER-VIRTUAL.SimulatedExchange(BINANCE): Added instrument TRIBEBNB.BINANCE and created matching engine
2026-09-16T06:17:56.253802078Z [INFO] EDGETRADER-VIRTUAL.SimulatedExchange(BINANCE): Added instrument TRIBEBUSD.BINANCE and created matching engine
2026-09-16T06:17:56.254030708Z [INFO] EDGETRADER-VIRTUAL.SimulatedExchange(BINANCE): Added instrument TRIBEUSDT.BINANCE and created matching engine
2026-09-16T06:17:56.254165484Z [INFO] EDGETRADER-VIRTUAL.SimulatedExchange(BINANCE): Added instrument GNOUSDT.BINANCE and created matching engine
2026-09-16T06:17:56.254282781Z [INFO] EDGETRADER-VIRTUAL.SimulatedExchange(BINANCE): Added instrument GNOBUSD.BINANCE and created matching engine
2026-09-16T06:17:56.254401051Z [INFO] EDGETRADER-VIRTUAL.SimulatedExchange(BINANCE): Added instrument GNOBNB.BINANCE and created matching engine
2026-09-16T06:17:56.254566318Z [INFO] EDGETRADER-VIRTUAL.SimulatedExchange(BINANCE): Added instrument GNOBTC.BINANCE and created matching engine
2026-09-16T06:17:56.254688966Z [INFO] EDGETRADER-VIRTUAL.SimulatedExchange(BINANCE): Added instrument ARPATRY.BINANCE and created matching engine
2026-09-16T06:17:56.254825344Z [INFO] EDGETRADER-VIRTUAL.SimulatedExchange(BINANCE): Added instrument PROMBTC.BINANCE and created matching engine
2026-09-16T06:17:56.255107795Z [INFO] EDGETRADER-VIRTUAL.SimulatedExchange(BINANCE): Added instrument MTLBUSD.BINANCE and created matching engine
2026-09-16T06:17:56.255247399Z [INFO] EDGETRADER-VIRTUAL.SimulatedExchange(BINANCE): Added instrument OGNBUSD.BINANCE and created matching engine
2026-09-16T06:17:56.255407959Z [INFO] EDGETRADER-VIRTUAL.SimulatedExchange(BINANCE): Added instrument XECUSDT.BINANCE and created matching engine
2026-09-16T06:17:56.255543515Z [INFO] EDGETRADER-VIRTUAL.SimulatedExchange(BINANCE): Added instrument C98BRL.BINANCE and created matching engine
2026-09-16T06:17:56.255664683Z [INFO] EDGETRADER-VIRTUAL.SimulatedExchange(BINANCE): Added instrument SOLAUD.BINANCE and created matching engine
2026-09-16T06:17:56.255829107Z [INFO] EDGETRADER-VIRTUAL.SimulatedExchange(BINANCE): Added instrument XRPBIDR.BINANCE and created matching engine
2026-09-16T06:17:56.255967160Z [INFO] EDGETRADER-VIRTUAL.SimulatedExchange(BINANCE): Added instrument POLYBUSD.BINANCE and created matching engine
2026-09-16T06:17:56.256166692Z [INFO] EDGETRADER-VIRTUAL.SimulatedExchange(BINANCE): Added instrument ELFUSDT.BINANCE and created matching engine
2026-09-16T06:17:56.256311143Z [INFO] EDGETRADER-VIRTUAL.SimulatedExchange(BINANCE): Added instrument DYDXUSDT.BINANCE and created matching engine
2026-09-16T06:17:56.256438087Z [INFO] EDGETRADER-VIRTUAL.SimulatedExchange(BINANCE): Added instrument DYDXBUSD.BINANCE and created matching engine
2026-09-16T06:17:56.256628777Z [INFO] EDGETRADER-VIRTUAL.SimulatedExchange(BINANCE): Added instrument DYDXBNB.BINANCE and created matching engine
2026-09-16T06:17:56.256765303Z [INFO] EDGETRADER-VIRTUAL.SimulatedExchange(BINANCE): Added instrument DYDXBTC.BINANCE and created matching engine
2026-09-16T06:17:56.256919211Z [INFO] EDGETRADER-VIRTUAL.SimulatedExchange(BINANCE): Added instrument ELFBUSD.BINANCE and created matching engine
2026-09-16T06:17:56.257026612Z [INFO] EDGETRADER-VIRTUAL.SimulatedExchange(BINANCE): Added instrument POLYUSDT.BINANCE and created matching engine
2026-09-16T06:17:56.257127549Z [INFO] EDGETRADER-VIRTUAL.SimulatedExchange(BINANCE): Added instrument IDEXUSDT.BINANCE and created matching engine
2026-09-16T06:17:56.257228058Z [INFO] EDGETRADER-VIRTUAL.SimulatedExchange(BINANCE): Added instrument VIDTUSDT.BINANCE and created matching engine
2026-09-16T06:17:56.257389530Z [INFO] EDGETRADER-VIRTUAL.SimulatedExchange(BINANCE): Added instrument SOLBIDR.BINANCE and created matching engine
2026-09-16T06:17:56.257546971Z [INFO] EDGETRADER-VIRTUAL.SimulatedExchange(BINANCE): Added instrument BTCUSDP.BINANCE and created matching engine
2026-09-16T06:17:56.257658683Z [INFO] EDGETRADER-VIRTUAL.SimulatedExchange(BINANCE): Added instrument ETHUSDP.BINANCE and created matching engine
2026-09-16T06:17:56.257768044Z [INFO] EDGETRADER-VIRTUAL.SimulatedExchange(BINANCE): Added instrument BNBUSDP.BINANCE and created matching engine
2026-09-16T06:17:56.257917233Z [INFO] EDGETRADER-VIRTUAL.SimulatedExchange(BINANCE): Added instrument USDPBUSD.BINANCE and created matching engine
2026-09-16T06:17:56.258064962Z [INFO] EDGETRADER-VIRTUAL.SimulatedExchange(BINANCE): Added instrument USDPUSDT.BINANCE and created matching engine
2026-09-16T06:17:56.258189229Z [INFO] EDGETRADER-VIRTUAL.SimulatedExchange(BINANCE): Added instrument GALAUSDT.BINANCE and created matching engine
2026-09-16T06:17:56.258369079Z [INFO] EDGETRADER-VIRTUAL.SimulatedExchange(BINANCE): Added instrument GALABUSD.BINANCE and created matching engine
2026-09-16T06:17:56.258485927Z [INFO] EDGETRADER-VIRTUAL.SimulatedExchange(BINANCE): Added instrument GALABNB.BINANCE and created matching engine
2026-09-16T06:17:56.258592045Z [INFO] EDGETRADER-VIRTUAL.SimulatedExchange(BINANCE): Added instrument GALABTC.BINANCE and created matching engine
2026-09-16T06:17:56.258703289Z [INFO] EDGETRADER-VIRTUAL.SimulatedExchange(BINANCE): Added instrument FTMBIDR.BINANCE and created matching engine
2026-09-16T06:17:56.258830358Z [INFO] EDGETRADER-VIRTUAL.SimulatedExchange(BINANCE): Added instrument ALGOBIDR.BINANCE and created matching engine
2026-09-16T06:17:56.258998155Z [INFO] EDGETRADER-VIRTUAL.SimulatedExchange(BINANCE): Added instrument CAKEAUD.BINANCE and created matching engine
2026-09-16T06:17:56.259184824Z [INFO] EDGETRADER-VIRTUAL.SimulatedExchange(BINANCE): Added instrument KSMAUD.BINANCE and created matching engine
2026-09-16T06:17:56.259304099Z [INFO] EDGETRADER-VIRTUAL.SimulatedExchange(BINANCE): Added instrument WAVESRUB.BINANCE and created matching engine
2026-09-16T06:17:56.259414730Z [INFO] EDGETRADER-VIRTUAL.SimulatedExchange(BINANCE): Added instrument SUNBUSD.BINANCE and created matching engine
2026-09-16T06:17:56.259529665Z [INFO] EDGETRADER-VIRTUAL.SimulatedExchange(BINANCE): Added instrument ILVUSDT.BINANCE and created matching engine
2026-09-16T06:17:56.259690288Z [INFO] EDGETRADER-VIRTUAL.SimulatedExchange(BINANCE): Added instrument ILVBUSD.BINANCE and created matching engine
2026-09-16T06:17:56.259847590Z [INFO] EDGETRADER-VIRTUAL.SimulatedExchange(BINANCE): Added instrument ILVBNB.BINANCE and created matching engine
2026-09-16T06:17:56.259958670Z [INFO] EDGETRADER-VIRTUAL.SimulatedExchange(BINANCE): Added instrument ILVBTC.BINANCE and created matching engine
2026-09-16T06:17:56.260064341Z [INFO] EDGETRADER-VIRTUAL.SimulatedExchange(BINANCE): Added instrument RENBUSD.BINANCE and created matching engine
2026-09-16T06:17:56.260174125Z [INFO] EDGETRADER-VIRTUAL.SimulatedExchange(BINANCE): Added instrument YGGUSDT.BINANCE and created matching engine
2026-09-16T06:17:56.260314373Z [INFO] EDGETRADER-VIRTUAL.SimulatedExchange(BINANCE): Added instrument YGGBUSD.BINANCE and created matching engine
2026-09-16T06:17:56.260437148Z [INFO] EDGETRADER-VIRTUAL.SimulatedExchange(BINANCE): Added instrument YGGBNB.BINANCE and created matching engine
2026-09-16T06:17:56.260598214Z [INFO] EDGETRADER-VIRTUAL.SimulatedExchange(BINANCE): Added instrument YGGBTC.BINANCE and created matching engine
2026-09-16T06:17:56.260726622Z [INFO] EDGETRADER-VIRTUAL.SimulatedExchange(BINANCE): Added instrument STXBUSD.BINANCE and created matching engine
2026-09-16T06:17:56.260868259Z [INFO] EDGETRADER-VIRTUAL.SimulatedExchange(BINANCE): Added instrument SYSUSDT.BINANCE and created matching engine
2026-09-16T06:17:56.260999556Z [INFO] EDGETRADER-VIRTUAL.SimulatedExchange(BINANCE): Added instrument DFUSDT.BINANCE and created matching engine
2026-09-16T06:17:56.261110799Z [INFO] EDGETRADER-VIRTUAL.SimulatedExchange(BINANCE): Added instrument SOLUSDC.BINANCE and created matching engine
2026-09-16T06:17:56.261302999Z [INFO] EDGETRADER-VIRTUAL.SimulatedExchange(BINANCE): Added instrument ARPARUB.BINANCE and created matching engine
2026-09-16T06:17:56.261533957Z [INFO] EDGETRADER-VIRTUAL.SimulatedExchange(BINANCE): Added instrument LTCUAH.BINANCE and created matching engine
2026-09-16T06:17:56.261734296Z [INFO] EDGETRADER-VIRTUAL.SimulatedExchange(BINANCE): Added instrument FETBUSD.BINANCE and created matching engine
2026-09-16T06:17:56.261907736Z [INFO] EDGETRADER-VIRTUAL.SimulatedExchange(BINANCE): Added instrument ARPABUSD.BINANCE and created matching engine
2026-09-16T06:17:56.262080680Z [INFO] EDGETRADER-VIRTUAL.SimulatedExchange(BINANCE): Added instrument LSKBUSD.BINANCE and created matching engine
2026-09-16T06:17:56.262262161Z [INFO] EDGETRADER-VIRTUAL.SimulatedExchange(BINANCE): Added instrument AVAXBIDR.BINANCE and created matching engine
2026-09-16T06:17:56.262395706Z [INFO] EDGETRADER-VIRTUAL.SimulatedExchange(BINANCE): Added instrument ALICEBIDR.BINANCE and created matching engine
2026-09-16T06:17:56.262504705Z [INFO] EDGETRADER-VIRTUAL.SimulatedExchange(BINANCE): Added instrument FIDAUSDT.BINANCE and created matching engine
2026-09-16T06:17:56.262608491Z [INFO] EDGETRADER-VIRTUAL.SimulatedExchange(BINANCE): Added instrument FIDABUSD.BINANCE and created matching engine
2026-09-16T06:17:56.262717320Z [INFO] EDGETRADER-VIRTUAL.SimulatedExchange(BINANCE): Added instrument FIDABNB.BINANCE and created matching engine
2026-09-16T06:17:56.262887664Z [INFO] EDGETRADER-VIRTUAL.SimulatedExchange(BINANCE): Added instrument FIDABTC.BINANCE and created matching engine
2026-09-16T06:17:56.263024454Z [INFO] EDGETRADER-VIRTUAL.SimulatedExchange(BINANCE): Added instrument DENTBUSD.BINANCE and created matching engine
2026-09-16T06:17:56.263184291Z [INFO] EDGETRADER-VIRTUAL.SimulatedExchange(BINANCE): Added instrument FRONTUSDT.BINANCE and created matching engine
2026-09-16T06:17:56.263310576Z [INFO] EDGETRADER-VIRTUAL.SimulatedExchange(BINANCE): Added instrument CVPUSDT.BINANCE and created matching engine
2026-09-16T06:17:56.263485474Z [INFO] EDGETRADER-VIRTUAL.SimulatedExchange(BINANCE): Added instrument AGLDBTC.BINANCE and created matching engine
2026-09-16T06:17:56.263655706Z [INFO] EDGETRADER-VIRTUAL.SimulatedExchange(BINANCE): Added instrument AGLDBNB.BINANCE and created matching engine
2026-09-16T06:17:56.263785397Z [INFO] EDGETRADER-VIRTUAL.SimulatedExchange(BINANCE): Added instrument AGLDBUSD.BINANCE and created matching engine
2026-09-16T06:17:56.263900648Z [INFO] EDGETRADER-VIRTUAL.SimulatedExchange(BINANCE): Added instrument AGLDUSDT.BINANCE and created matching engine
2026-09-16T06:17:56.264012807Z [INFO] EDGETRADER-VIRTUAL.SimulatedExchange(BINANCE): Added instrument RADBTC.BINANCE and created matching engine
2026-09-16T06:17:56.264123973Z [INFO] EDGETRADER-VIRTUAL.SimulatedExchange(BINANCE): Added instrument RADBNB.BINANCE and created matching engine
2026-09-16T06:17:56.264263224Z [INFO] EDGETRADER-VIRTUAL.SimulatedExchange(BINANCE): Added instrument RADBUSD.BINANCE and created matching engine
2026-09-16T06:17:56.264409095Z [INFO] EDGETRADER-VIRTUAL.SimulatedExchange(BINANCE): Added instrument RADUSDT.BINANCE and created matching engine
2026-09-16T06:17:56.264547988Z [INFO] EDGETRADER-VIRTUAL.SimulatedExchange(BINANCE): Added instrument UNIAUD.BINANCE and created matching engine
2026-09-16T06:17:56.264656562Z [INFO] EDGETRADER-VIRTUAL.SimulatedExchange(BINANCE): Added instrument HIVEBUSD.BINANCE and created matching engine
2026-09-16T06:17:56.264821018Z [INFO] EDGETRADER-VIRTUAL.SimulatedExchange(BINANCE): Added instrument STPTBUSD.BINANCE and created matching engine
2026-09-16T06:17:56.265022819Z [INFO] EDGETRADER-VIRTUAL.SimulatedExchange(BINANCE): Added instrument BETABTC.BINANCE and created matching engine
2026-09-16T06:17:56.265180059Z [INFO] EDGETRADER-VIRTUAL.SimulatedExchange(BINANCE): Added instrument BETABNB.BINANCE and created matching engine
2026-09-16T06:17:56.265294189Z [INFO] EDGETRADER-VIRTUAL.SimulatedExchange(BINANCE): Added instrument BETABUSD.BINANCE and created matching engine
2026-09-16T06:17:56.265400899Z [INFO] EDGETRADER-VIRTUAL.SimulatedExchange(BINANCE): Added instrument BETAUSDT.BINANCE and created matching engine
2026-09-16T06:17:56.265509259Z [INFO] EDGETRADER-VIRTUAL.SimulatedExchange(BINANCE): Added instrument SHIBAUD.BINANCE and created matching engine
2026-09-16T06:17:56.265617359Z [INFO] EDGETRADER-VIRTUAL.SimulatedExchange(BINANCE): Added instrument RAREBTC.BINANCE and created matching engine
2026-09-16T06:17:56.265725271Z [INFO] EDGETRADER-VIRTUAL.SimulatedExchange(BINANCE): Added instrument RAREBNB.BINANCE and created matching engine
2026-09-16T06:17:56.265878901Z [INFO] EDGETRADER-VIRTUAL.SimulatedExchange(BINANCE): Added instrument RAREBUSD.BINANCE and created matching engine
2026-09-16T06:17:56.266037445Z [INFO] EDGETRADER-VIRTUAL.SimulatedExchange(BINANCE): Added instrument RAREUSDT.BINANCE and created matching engine
2026-09-16T06:17:56.266163359Z [INFO] EDGETRADER-VIRTUAL.SimulatedExchange(BINANCE): Added instrument AVAXBRL.BINANCE and created matching engine
2026-09-16T06:17:56.266315702Z [INFO] EDGETRADER-VIRTUAL.SimulatedExchange(BINANCE): Added instrument AVAXAUD.BINANCE and created matching engine
2026-09-16T06:17:56.266449162Z [INFO] EDGETRADER-VIRTUAL.SimulatedExchange(BINANCE): Added instrument LUNAAUD.BINANCE and created matching engine
2026-09-16T06:17:56.266557185Z [INFO] EDGETRADER-VIRTUAL.SimulatedExchange(BINANCE): Added instrument TROYBUSD.BINANCE and created matching engine
2026-09-16T06:17:56.266667367Z [INFO] EDGETRADER-VIRTUAL.SimulatedExchange(BINANCE): Added instrument AXSETH.BINANCE and created matching engine
2026-09-16T06:17:56.266870494Z [INFO] EDGETRADER-VIRTUAL.SimulatedExchange(BINANCE): Added instrument FTMETH.BINANCE and created matching engine
2026-09-16T06:17:56.267029080Z [INFO] EDGETRADER-VIRTUAL.SimulatedExchange(BINANCE): Added instrument SOLETH.BINANCE and created matching engine
2026-09-16T06:17:56.267158991Z [INFO] EDGETRADER-VIRTUAL.SimulatedExchange(BINANCE): Added instrument SSVBTC.BINANCE and created matching engine
2026-09-16T06:17:56.267288846Z [INFO] EDGETRADER-VIRTUAL.SimulatedExchange(BINANCE): Added instrument SSVETH.BINANCE and created matching engine
2026-09-16T06:17:56.267425905Z [INFO] EDGETRADER-VIRTUAL.SimulatedExchange(BINANCE): Added instrument LAZIOTRY.BINANCE and created matching engine
2026-09-16T06:17:56.267569650Z [INFO] EDGETRADER-VIRTUAL.SimulatedExchange(BINANCE): Added instrument LAZIOEUR.BINANCE and created matching engine
2026-09-16T06:17:56.268253364Z [INFO] EDGETRADER-VIRTUAL.SimulatedExchange(BINANCE): Added instrument LAZIOBTC.BINANCE and created matching engine
2026-09-16T06:17:56.268886607Z [INFO] EDGETRADER-VIRTUAL.SimulatedExchange(BINANCE): Added instrument LAZIOUSDT.BINANCE and created matching engine
2026-09-16T06:17:56.269802792Z [INFO] EDGETRADER-VIRTUAL.SimulatedExchange(BINANCE): Added instrument CHESSBTC.BINANCE and created matching engine
2026-09-16T06:17:56.270233209Z [INFO] EDGETRADER-VIRTUAL.SimulatedExchange(BINANCE): Added instrument CHESSBNB.BINANCE and created matching engine
2026-09-16T06:17:56.270537514Z [INFO] EDGETRADER-VIRTUAL.SimulatedExchange(BINANCE): Added instrument CHESSBUSD.BINANCE and created matching engine
2026-09-16T06:17:56.270708302Z [INFO] EDGETRADER-VIRTUAL.SimulatedExchange(BINANCE): Added instrument CHESSUSDT.BINANCE and created matching engine
2026-09-16T06:17:56.270860672Z [INFO] EDGETRADER-VIRTUAL.SimulatedExchange(BINANCE): Added instrument FTMAUD.BINANCE and created matching engine
2026-09-16T06:17:56.271082121Z [INFO] EDGETRADER-VIRTUAL.SimulatedExchange(BINANCE): Added instrument FTMBRL.BINANCE and created matching engine
2026-09-16T06:17:56.271308271Z [INFO] EDGETRADER-VIRTUAL.SimulatedExchange(BINANCE): Added instrument SCRTBUSD.BINANCE and created matching engine
2026-09-16T06:17:56.271605479Z [INFO] EDGETRADER-VIRTUAL.SimulatedExchange(BINANCE): Added instrument ADXUSDT.BINANCE and created matching engine
2026-09-16T06:17:56.271781096Z [INFO] EDGETRADER-VIRTUAL.SimulatedExchange(BINANCE): Added instrument AUCTIONUSDT.BINANCE and created matching engine
2026-09-16T06:17:56.271997043Z [INFO] EDGETRADER-VIRTUAL.SimulatedExchange(BINANCE): Added instrument CELOBUSD.BINANCE and created matching engine
2026-09-16T06:17:56.272225727Z [INFO] EDGETRADER-VIRTUAL.SimulatedExchange(BINANCE): Added instrument FTMRUB.BINANCE and created matching engine
2026-09-16T06:17:56.272385642Z [INFO] EDGETRADER-VIRTUAL.SimulatedExchange(BINANCE): Added instrument NUAUD.BINANCE and created matching engine
2026-09-16T06:17:56.272585556Z [INFO] EDGETRADER-VIRTUAL.SimulatedExchange(BINANCE): Added instrument NURUB.BINANCE and created matching engine
2026-09-16T06:17:56.273181749Z [INFO] EDGETRADER-VIRTUAL.SimulatedExchange(BINANCE): Added instrument REEFTRY.BINANCE and created matching engine
2026-09-16T06:17:56.273417791Z [INFO] EDGETRADER-VIRTUAL.SimulatedExchange(BINANCE): Added instrument REEFBIDR.BINANCE and created matching engine
2026-09-16T06:17:56.273610621Z [INFO] EDGETRADER-VIRTUAL.SimulatedExchange(BINANCE): Added instrument SHIBDOGE.BINANCE and created matching engine
2026-09-16T06:17:56.273774291Z [INFO] EDGETRADER-VIRTUAL.SimulatedExchange(BINANCE): Added instrument DARUSDT.BINANCE and created matching engine
2026-09-16T06:17:56.273903154Z [INFO] EDGETRADER-VIRTUAL.SimulatedExchange(BINANCE): Added instrument DARBUSD.BINANCE and created matching engine
2026-09-16T06:17:56.274062024Z [INFO] EDGETRADER-VIRTUAL.SimulatedExchange(BINANCE): Added instrument DARBNB.BINANCE and created matching engine
2026-09-16T06:17:56.274248228Z [INFO] EDGETRADER-VIRTUAL.SimulatedExchange(BINANCE): Added instrument DARBTC.BINANCE and created matching engine
2026-09-16T06:17:56.274376725Z [INFO] EDGETRADER-VIRTUAL.SimulatedExchange(BINANCE): Added instrument BNXBTC.BINANCE and created matching engine
2026-09-16T06:17:56.274492156Z [INFO] EDGETRADER-VIRTUAL.SimulatedExchange(BINANCE): Added instrument BNXBNB.BINANCE and created matching engine
2026-09-16T06:17:56.274690451Z [INFO] EDGETRADER-VIRTUAL.SimulatedExchange(BINANCE): Added instrument BNXBUSD.BINANCE and created matching engine
2026-09-16T06:17:56.274904007Z [INFO] EDGETRADER-VIRTUAL.SimulatedExchange(BINANCE): Added instrument BNXUSDT.BINANCE and created matching engine
2026-09-16T06:17:56.275073136Z [INFO] EDGETRADER-VIRTUAL.SimulatedExchange(BINANCE): Added instrument RGTUSDT.BINANCE and created matching engine
2026-09-16T06:17:56.275287903Z [INFO] EDGETRADER-VIRTUAL.SimulatedExchange(BINANCE): Added instrument RGTBTC.BINANCE and created matching engine
2026-09-16T06:17:56.275440952Z [INFO] EDGETRADER-VIRTUAL.SimulatedExchange(BINANCE): Added instrument RGTBUSD.BINANCE and created matching engine
2026-09-16T06:17:56.275665952Z [INFO] EDGETRADER-VIRTUAL.SimulatedExchange(BINANCE): Added instrument RGTBNB.BINANCE and created matching engine
2026-09-16T06:17:56.275839626Z [INFO] EDGETRADER-VIRTUAL.SimulatedExchange(BINANCE): Added instrument LAZIOBUSD.BINANCE and created matching engine
2026-09-16T06:17:56.276014851Z [INFO] EDGETRADER-VIRTUAL.SimulatedExchange(BINANCE): Added instrument OXTBUSD.BINANCE and created matching engine
2026-09-16T06:17:56.276174805Z [INFO] EDGETRADER-VIRTUAL.SimulatedExchange(BINANCE): Added instrument MANATRY.BINANCE and created matching engine
2026-09-16T06:17:56.276314088Z [INFO] EDGETRADER-VIRTUAL.SimulatedExchange(BINANCE): Added instrument ALGORUB.BINANCE and created matching engine
2026-09-16T06:17:56.276488338Z [INFO] EDGETRADER-VIRTUAL.SimulatedExchange(BINANCE): Added instrument SHIBUAH.BINANCE and created matching engine
2026-09-16T06:17:56.276645500Z [INFO] EDGETRADER-VIRTUAL.SimulatedExchange(BINANCE): Added instrument LUNABIDR.BINANCE and created matching engine
2026-09-16T06:17:56.276914443Z [INFO] EDGETRADER-VIRTUAL.SimulatedExchange(BINANCE): Added instrument AUDUSDC.BINANCE and created matching engine
2026-09-16T06:17:56.277134131Z [INFO] EDGETRADER-VIRTUAL.SimulatedExchange(BINANCE): Added instrument MOVRBTC.BINANCE and created matching engine
2026-09-16T06:17:56.277301438Z [INFO] EDGETRADER-VIRTUAL.SimulatedExchange(BINANCE): Added instrument MOVRBNB.BINANCE and created matching engine
2026-09-16T06:17:56.277485258Z [INFO] EDGETRADER-VIRTUAL.SimulatedExchange(BINANCE): Added instrument MOVRBUSD.BINANCE and created matching engine
2026-09-16T06:17:56.277615250Z [INFO] EDGETRADER-VIRTUAL.SimulatedExchange(BINANCE): Added instrument MOVRUSDT.BINANCE and created matching engine
2026-09-16T06:17:56.277785389Z [INFO] EDGETRADER-VIRTUAL.SimulatedExchange(BINANCE): Added instrument CITYBTC.BINANCE and created matching engine
2026-09-16T06:17:56.277907069Z [INFO] EDGETRADER-VIRTUAL.SimulatedExchange(BINANCE): Added instrument CITYBNB.BINANCE and created matching engine
2026-09-16T06:17:56.278018691Z [INFO] EDGETRADER-VIRTUAL.SimulatedExchange(BINANCE): Added instrument CITYBUSD.BINANCE and created matching engine
2026-09-16T06:17:56.278203695Z [INFO] EDGETRADER-VIRTUAL.SimulatedExchange(BINANCE): Added instrument CITYUSDT.BINANCE and created matching engine
2026-09-16T06:17:56.278343459Z [INFO] EDGETRADER-VIRTUAL.SimulatedExchange(BINANCE): Added instrument ENSBTC.BINANCE and created matching engine
2026-09-16T06:17:56.278520513Z [INFO] EDGETRADER-VIRTUAL.SimulatedExchange(BINANCE): Added instrument ENSBNB.BINANCE and created matching engine
2026-09-16T06:17:56.278716085Z [INFO] EDGETRADER-VIRTUAL.SimulatedExchange(BINANCE): Added instrument ENSBUSD.BINANCE and created matching engine
2026-09-16T06:17:56.278903448Z [INFO] EDGETRADER-VIRTUAL.SimulatedExchange(BINANCE): Added instrument ENSUSDT.BINANCE and created matching engine
2026-09-16T06:17:56.279088753Z [INFO] EDGETRADER-VIRTUAL.SimulatedExchange(BINANCE): Added instrument SANDETH.BINANCE and created matching engine
2026-09-16T06:17:56.279261874Z [INFO] EDGETRADER-VIRTUAL.SimulatedExchange(BINANCE): Added instrument DOTETH.BINANCE and created matching engine
2026-09-16T06:17:56.279404310Z [INFO] EDGETRADER-VIRTUAL.SimulatedExchange(BINANCE): Added instrument MATICETH.BINANCE and created matching engine
2026-09-16T06:17:56.279592678Z [INFO] EDGETRADER-VIRTUAL.SimulatedExchange(BINANCE): Added instrument ANKRBUSD.BINANCE and created matching engine
2026-09-16T06:17:56.279796876Z [INFO] EDGETRADER-VIRTUAL.SimulatedExchange(BINANCE): Added instrument SANDTRY.BINANCE and created matching engine
2026-09-16T06:17:56.279931197Z [INFO] EDGETRADER-VIRTUAL.SimulatedExchange(BINANCE): Added instrument MANABRL.BINANCE and created matching engine
2026-09-16T06:17:56.280046044Z [INFO] EDGETRADER-VIRTUAL.SimulatedExchange(BINANCE): Added instrument KP3RUSDT.BINANCE and created matching engine
2026-09-16T06:17:56.280160632Z [INFO] EDGETRADER-VIRTUAL.SimulatedExchange(BINANCE): Added instrument QIUSDT.BINANCE and created matching engine
2026-09-16T06:17:56.280333245Z [INFO] EDGETRADER-VIRTUAL.SimulatedExchange(BINANCE): Added instrument QIBUSD.BINANCE and created matching engine
2026-09-16T06:17:56.280448594Z [INFO] EDGETRADER-VIRTUAL.SimulatedExchange(BINANCE): Added instrument QIBNB.BINANCE and created matching engine
2026-09-16T06:17:56.280554438Z [INFO] EDGETRADER-VIRTUAL.SimulatedExchange(BINANCE): Added instrument QIBTC.BINANCE and created matching engine
2026-09-16T06:17:56.280741575Z [INFO] EDGETRADER-VIRTUAL.SimulatedExchange(BINANCE): Added instrument PORTOBTC.BINANCE and created matching engine
2026-09-16T06:17:56.280945743Z [INFO] EDGETRADER-VIRTUAL.SimulatedExchange(BINANCE): Added instrument PORTOUSDT.BINANCE and created matching engine
2026-09-16T06:17:56.281086983Z [INFO] EDGETRADER-VIRTUAL.SimulatedExchange(BINANCE): Added instrument PORTOTRY.BINANCE and created matching engine
2026-09-16T06:17:56.281264411Z [INFO] EDGETRADER-VIRTUAL.SimulatedExchange(BINANCE): Added instrument PORTOEUR.BINANCE and created matching engine
2026-09-16T06:17:56.281437830Z [INFO] EDGETRADER-VIRTUAL.SimulatedExchange(BINANCE): Added instrument POWRUSDT.BINANCE and created matching engine
2026-09-16T06:17:56.281574470Z [INFO] EDGETRADER-VIRTUAL.SimulatedExchange(BINANCE): Added instrument POWRBUSD.BINANCE and created matching engine
2026-09-16T06:17:56.281704699Z [INFO] EDGETRADER-VIRTUAL.SimulatedExchange(BINANCE): Added instrument AVAXETH.BINANCE and created matching engine
2026-09-16T06:17:56.281824430Z [INFO] EDGETRADER-VIRTUAL.SimulatedExchange(BINANCE): Added instrument SLPTRY.BINANCE and created matching engine
2026-09-16T06:17:56.281944694Z [INFO] EDGETRADER-VIRTUAL.SimulatedExchange(BINANCE): Added instrument FISTRY.BINANCE and created matching engine
2026-09-16T06:17:56.282066419Z [INFO] EDGETRADER-VIRTUAL.SimulatedExchange(BINANCE): Added instrument LRCTRY.BINANCE and created matching engine
2026-09-16T06:17:56.282248556Z [INFO] EDGETRADER-VIRTUAL.SimulatedExchange(BINANCE): Added instrument CHRETH.BINANCE and created matching engine
2026-09-16T06:17:56.282400220Z [INFO] EDGETRADER-VIRTUAL.SimulatedExchange(BINANCE): Added instrument FISBIDR.BINANCE and created matching engine
2026-09-16T06:17:56.282525188Z [INFO] EDGETRADER-VIRTUAL.SimulatedExchange(BINANCE): Added instrument VGXUSDT.BINANCE and created matching engine
2026-09-16T06:17:56.282693326Z [INFO] EDGETRADER-VIRTUAL.SimulatedExchange(BINANCE): Added instrument GALAETH.BINANCE and created matching engine
2026-09-16T06:17:56.282835942Z [INFO] EDGETRADER-VIRTUAL.SimulatedExchange(BINANCE): Added instrument JASMYUSDT.BINANCE and created matching engine
2026-09-16T06:17:56.282955726Z [INFO] EDGETRADER-VIRTUAL.SimulatedExchange(BINANCE): Added instrument JASMYBUSD.BINANCE and created matching engine
2026-09-16T06:17:56.283133959Z [INFO] EDGETRADER-VIRTUAL.SimulatedExchange(BINANCE): Added instrument JASMYBNB.BINANCE and created matching engine
2026-09-16T06:17:56.283333565Z [INFO] EDGETRADER-VIRTUAL.SimulatedExchange(BINANCE): Added instrument JASMYBTC.BINANCE and created matching engine
2026-09-16T06:17:56.283552594Z [INFO] EDGETRADER-VIRTUAL.SimulatedExchange(BINANCE): Added instrument AMPBTC.BINANCE and created matching engine
2026-09-16T06:17:56.283753915Z [INFO] EDGETRADER-VIRTUAL.SimulatedExchange(BINANCE): Added instrument AMPBNB.BINANCE and created matching engine
2026-09-16T06:17:56.283896832Z [INFO] EDGETRADER-VIRTUAL.SimulatedExchange(BINANCE): Added instrument AMPBUSD.BINANCE and created matching engine
2026-09-16T06:17:56.284022453Z [INFO] EDGETRADER-VIRTUAL.SimulatedExchange(BINANCE): Added instrument AMPUSDT.BINANCE and created matching engine
2026-09-16T06:17:56.284142068Z [INFO] EDGETRADER-VIRTUAL.SimulatedExchange(BINANCE): Added instrument PLABTC.BINANCE and created matching engine
2026-09-16T06:17:56.284629555Z [INFO] EDGETRADER-VIRTUAL.SimulatedExchange(BINANCE): Added instrument PLABNB.BINANCE and created matching engine
2026-09-16T06:17:56.285708032Z [INFO] EDGETRADER-VIRTUAL.SimulatedExchange(BINANCE): Added instrument PLABUSD.BINANCE and created matching engine
2026-09-16T06:17:56.286464601Z [INFO] EDGETRADER-VIRTUAL.SimulatedExchange(BINANCE): Added instrument PLAUSDT.BINANCE and created matching engine
2026-09-16T06:17:56.286723274Z [INFO] EDGETRADER-VIRTUAL.SimulatedExchange(BINANCE): Added instrument PYRBTC.BINANCE and created matching engine
2026-09-16T06:17:56.286898331Z [INFO] EDGETRADER-VIRTUAL.SimulatedExchange(BINANCE): Added instrument PYRBUSD.BINANCE and created matching engine
2026-09-16T06:17:56.287035260Z [INFO] EDGETRADER-VIRTUAL.SimulatedExchange(BINANCE): Added instrument PYRUSDT.BINANCE and created matching engine
2026-09-16T06:17:56.287231018Z [INFO] EDGETRADER-VIRTUAL.SimulatedExchange(BINANCE): Added instrument RNDRBTC.BINANCE and created matching engine
2026-09-16T06:17:56.287399907Z [INFO] EDGETRADER-VIRTUAL.SimulatedExchange(BINANCE): Added instrument RNDRUSDT.BINANCE and created matching engine
2026-09-16T06:17:56.287530269Z [INFO] EDGETRADER-VIRTUAL.SimulatedExchange(BINANCE): Added instrument RNDRBUSD.BINANCE and created matching engine
2026-09-16T06:17:56.287668323Z [INFO] EDGETRADER-VIRTUAL.SimulatedExchange(BINANCE): Added instrument ALCXBTC.BINANCE and created matching engine
2026-09-16T06:17:56.287941951Z [INFO] EDGETRADER-VIRTUAL.SimulatedExchange(BINANCE): Added instrument ALCXBUSD.BINANCE and created matching engine
2026-09-16T06:17:56.288123736Z [INFO] EDGETRADER-VIRTUAL.SimulatedExchange(BINANCE): Added instrument ALCXUSDT.BINANCE and created matching engine
2026-09-16T06:17:56.288360700Z [INFO] EDGETRADER-VIRTUAL.SimulatedExchange(BINANCE): Added instrument SANTOSBTC.BINANCE and created matching engine
2026-09-16T06:17:56.288506100Z [INFO] EDGETRADER-VIRTUAL.SimulatedExchange(BINANCE): Added instrument SANTOSUSDT.BINANCE and created matching engine
2026-09-16T06:17:56.288716743Z [INFO] EDGETRADER-VIRTUAL.SimulatedExchange(BINANCE): Added instrument SANTOSBRL.BINANCE and created matching engine
2026-09-16T06:17:56.288874290Z [INFO] EDGETRADER-VIRTUAL.SimulatedExchange(BINANCE): Added instrument SANTOSTRY.BINANCE and created matching engine
2026-09-16T06:17:56.289014490Z [INFO] EDGETRADER-VIRTUAL.SimulatedExchange(BINANCE): Added instrument MCBTC.BINANCE and created matching engine
2026-09-16T06:17:56.289335435Z [INFO] EDGETRADER-VIRTUAL.SimulatedExchange(BINANCE): Added instrument MCBUSD.BINANCE and created matching engine
2026-09-16T06:17:56.289565924Z [INFO] EDGETRADER-VIRTUAL.SimulatedExchange(BINANCE): Added instrument MCUSDT.BINANCE and created matching engine
2026-09-16T06:17:56.289712981Z [INFO] EDGETRADER-VIRTUAL.SimulatedExchange(BINANCE): Added instrument BELTRY.BINANCE and created matching engine
2026-09-16T06:17:56.289837781Z [INFO] EDGETRADER-VIRTUAL.SimulatedExchange(BINANCE): Added instrument COCOSBUSD.BINANCE and created matching engine
2026-09-16T06:17:56.290104984Z [INFO] EDGETRADER-VIRTUAL.SimulatedExchange(BINANCE): Added instrument DENTTRY.BINANCE and created matching engine
2026-09-16T06:17:56.290301216Z [INFO] EDGETRADER-VIRTUAL.SimulatedExchange(BINANCE): Added instrument ENJTRY.BINANCE and created matching engine
2026-09-16T06:17:56.290564106Z [INFO] EDGETRADER-VIRTUAL.SimulatedExchange(BINANCE): Added instrument NEORUB.BINANCE and created matching engine
2026-09-16T06:17:56.290739167Z [INFO] EDGETRADER-VIRTUAL.SimulatedExchange(BINANCE): Added instrument SANDAUD.BINANCE and created matching engine
2026-09-16T06:17:56.290932405Z [INFO] EDGETRADER-VIRTUAL.SimulatedExchange(BINANCE): Added instrument SLPBIDR.BINANCE and created matching engine
2026-09-16T06:17:56.291095338Z [INFO] EDGETRADER-VIRTUAL.SimulatedExchange(BINANCE): Added instrument ANYBTC.BINANCE and created matching engine
2026-09-16T06:17:56.291269510Z [INFO] EDGETRADER-VIRTUAL.SimulatedExchange(BINANCE): Added instrument ANYBUSD.BINANCE and created matching engine
2026-09-16T06:17:56.291457761Z [INFO] EDGETRADER-VIRTUAL.SimulatedExchange(BINANCE): Added instrument ANYUSDT.BINANCE and created matching engine
2026-09-16T06:17:56.291712765Z [INFO] EDGETRADER-VIRTUAL.SimulatedExchange(BINANCE): Added instrument BICOBTC.BINANCE and created matching engine
2026-09-16T06:17:56.291938449Z [INFO] EDGETRADER-VIRTUAL.SimulatedExchange(BINANCE): Added instrument BICOBUSD.BINANCE and created matching engine
2026-09-16T06:17:56.292145870Z [INFO] EDGETRADER-VIRTUAL.SimulatedExchange(BINANCE): Added instrument BICOUSDT.BINANCE and created matching engine
2026-09-16T06:17:56.292388892Z [INFO] EDGETRADER-VIRTUAL.SimulatedExchange(BINANCE): Added instrument FLUXBTC.BINANCE and created matching engine
2026-09-16T06:17:56.292565767Z [INFO] EDGETRADER-VIRTUAL.SimulatedExchange(BINANCE): Added instrument FLUXBUSD.BINANCE and created matching engine
2026-09-16T06:17:56.292818694Z [INFO] EDGETRADER-VIRTUAL.SimulatedExchange(BINANCE): Added instrument FLUXUSDT.BINANCE and created matching engine
2026-09-16T06:17:56.293053800Z [INFO] EDGETRADER-VIRTUAL.SimulatedExchange(BINANCE): Added instrument ALICETRY.BINANCE and created matching engine
2026-09-16T06:17:56.293231531Z [INFO] EDGETRADER-VIRTUAL.SimulatedExchange(BINANCE): Added instrument FXSUSDT.BINANCE and created matching engine
2026-09-16T06:17:56.293423713Z [INFO] EDGETRADER-VIRTUAL.SimulatedExchange(BINANCE): Added instrument GALABRL.BINANCE and created matching engine
2026-09-16T06:17:56.293566823Z [INFO] EDGETRADER-VIRTUAL.SimulatedExchange(BINANCE): Added instrument GALATRY.BINANCE and created matching engine
2026-09-16T06:17:56.293745022Z [INFO] EDGETRADER-VIRTUAL.SimulatedExchange(BINANCE): Added instrument LUNATRY.BINANCE and created matching engine
2026-09-16T06:17:56.293979828Z [INFO] EDGETRADER-VIRTUAL.SimulatedExchange(BINANCE): Added instrument REQBUSD.BINANCE and created matching engine
2026-09-16T06:17:56.294143728Z [INFO] EDGETRADER-VIRTUAL.SimulatedExchange(BINANCE): Added instrument SANDBRL.BINANCE and created matching engine
2026-09-16T06:17:56.294335006Z [INFO] EDGETRADER-VIRTUAL.SimulatedExchange(BINANCE): Added instrument MANABIDR.BINANCE and created matching engine
2026-09-16T06:17:56.294469848Z [INFO] EDGETRADER-VIRTUAL.SimulatedExchange(BINANCE): Added instrument SANDBIDR.BINANCE and created matching engine
2026-09-16T06:17:56.294594658Z [INFO] EDGETRADER-VIRTUAL.SimulatedExchange(BINANCE): Added instrument VOXELBTC.BINANCE and created matching engine
2026-09-16T06:17:56.294716444Z [INFO] EDGETRADER-VIRTUAL.SimulatedExchange(BINANCE): Added instrument VOXELBNB.BINANCE and created matching engine
2026-09-16T06:17:56.294894417Z [INFO] EDGETRADER-VIRTUAL.SimulatedExchange(BINANCE): Added instrument VOXELBUSD.BINANCE and created matching engine
2026-09-16T06:17:56.295067466Z [INFO] EDGETRADER-VIRTUAL.SimulatedExchange(BINANCE): Added instrument VOXELUSDT.BINANCE and created matching engine
2026-09-16T06:17:56.295220896Z [INFO] EDGETRADER-VIRTUAL.SimulatedExchange(BINANCE): Added instrument COSBUSD.BINANCE and created matching engine
2026-09-16T06:17:56.295404605Z [INFO] EDGETRADER-VIRTUAL.SimulatedExchange(BINANCE): Added instrument CTXCBUSD.BINANCE and created matching engine
2026-09-16T06:17:56.295609967Z [INFO] EDGETRADER-VIRTUAL.SimulatedExchange(BINANCE): Added instrument FTMTRY.BINANCE and created matching engine
2026-09-16T06:17:56.295819601Z [INFO] EDGETRADER-VIRTUAL.SimulatedExchange(BINANCE): Added instrument MANABNB.BINANCE and created matching engine
2026-09-16T06:17:56.296032080Z [INFO] EDGETRADER-VIRTUAL.SimulatedExchange(BINANCE): Added instrument MINATRY.BINANCE and created matching engine
2026-09-16T06:17:56.296183625Z [INFO] EDGETRADER-VIRTUAL.SimulatedExchange(BINANCE): Added instrument XTZTRY.BINANCE and created matching engine
2026-09-16T06:17:56.296337562Z [INFO] EDGETRADER-VIRTUAL.SimulatedExchange(BINANCE): Added instrument HIGHBTC.BINANCE and created matching engine
2026-09-16T06:17:56.296464290Z [INFO] EDGETRADER-VIRTUAL.SimulatedExchange(BINANCE): Added instrument HIGHBUSD.BINANCE and created matching engine
2026-09-16T06:17:56.296612202Z [INFO] EDGETRADER-VIRTUAL.SimulatedExchange(BINANCE): Added instrument HIGHUSDT.BINANCE and created matching engine
2026-09-16T06:17:56.296841669Z [INFO] EDGETRADER-VIRTUAL.SimulatedExchange(BINANCE): Added instrument CVXBTC.BINANCE and created matching engine
2026-09-16T06:17:56.297059680Z [INFO] EDGETRADER-VIRTUAL.SimulatedExchange(BINANCE): Added instrument CVXBUSD.BINANCE and created matching engine
2026-09-16T06:17:56.297248048Z [INFO] EDGETRADER-VIRTUAL.SimulatedExchange(BINANCE): Added instrument CVXUSDT.BINANCE and created matching engine
2026-09-16T06:17:56.297423622Z [INFO] EDGETRADER-VIRTUAL.SimulatedExchange(BINANCE): Added instrument PEOPLEBTC.BINANCE and created matching engine
2026-09-16T06:17:56.297548087Z [INFO] EDGETRADER-VIRTUAL.SimulatedExchange(BINANCE): Added instrument PEOPLEBUSD.BINANCE and created matching engine
2026-09-16T06:17:56.297712958Z [INFO] EDGETRADER-VIRTUAL.SimulatedExchange(BINANCE): Added instrument PEOPLEUSDT.BINANCE and created matching engine
2026-09-16T06:17:56.297929074Z [INFO] EDGETRADER-VIRTUAL.SimulatedExchange(BINANCE): Added instrument OOKIBUSD.BINANCE and created matching engine
2026-09-16T06:17:56.298080070Z [INFO] EDGETRADER-VIRTUAL.SimulatedExchange(BINANCE): Added instrument OOKIUSDT.BINANCE and created matching engine
2026-09-16T06:17:56.298207843Z [INFO] EDGETRADER-VIRTUAL.SimulatedExchange(BINANCE): Added instrument COCOSTRY.BINANCE and created matching engine
2026-09-16T06:17:56.298341195Z [INFO] EDGETRADER-VIRTUAL.SimulatedExchange(BINANCE): Added instrument GXSBNB.BINANCE and created matching engine
2026-09-16T06:17:56.298541796Z [INFO] EDGETRADER-VIRTUAL.SimulatedExchange(BINANCE): Added instrument LINKBNB.BINANCE and created matching engine
2026-09-16T06:17:56.298734904Z [INFO] EDGETRADER-VIRTUAL.SimulatedExchange(BINANCE): Added instrument LUNAETH.BINANCE and created matching engine
2026-09-16T06:17:56.298888170Z [INFO] EDGETRADER-VIRTUAL.SimulatedExchange(BINANCE): Added instrument MDTBUSD.BINANCE and created matching engine
2026-09-16T06:17:56.299051734Z [INFO] EDGETRADER-VIRTUAL.SimulatedExchange(BINANCE): Added instrument NULSBUSD.BINANCE and created matching engine
2026-09-16T06:17:56.299190803Z [INFO] EDGETRADER-VIRTUAL.SimulatedExchange(BINANCE): Added instrument SPELLBTC.BINANCE and created matching engine
2026-09-16T06:17:56.299362960Z [INFO] EDGETRADER-VIRTUAL.SimulatedExchange(BINANCE): Added instrument SPELLUSDT.BINANCE and created matching engine
2026-09-16T06:17:56.299493059Z [INFO] EDGETRADER-VIRTUAL.SimulatedExchange(BINANCE): Added instrument SPELLBUSD.BINANCE and created matching engine
2026-09-16T06:17:56.299623580Z [INFO] EDGETRADER-VIRTUAL.SimulatedExchange(BINANCE): Added instrument USTBTC.BINANCE and created matching engine
2026-09-16T06:17:56.299842851Z [INFO] EDGETRADER-VIRTUAL.SimulatedExchange(BINANCE): Added instrument USTBUSD.BINANCE and created matching engine
2026-09-16T06:17:56.300116273Z [INFO] EDGETRADER-VIRTUAL.SimulatedExchange(BINANCE): Added instrument USTUSDT.BINANCE and created matching engine
2026-09-16T06:17:56.300330096Z [INFO] EDGETRADER-VIRTUAL.SimulatedExchange(BINANCE): Added instrument JOEBTC.BINANCE and created matching engine
2026-09-16T06:17:56.300471781Z [INFO] EDGETRADER-VIRTUAL.SimulatedExchange(BINANCE): Added instrument JOEBUSD.BINANCE and created matching engine
2026-09-16T06:17:56.300764366Z [INFO] EDGETRADER-VIRTUAL.SimulatedExchange(BINANCE): Added instrument JOEUSDT.BINANCE and created matching engine
2026-09-16T06:17:56.301914799Z [INFO] EDGETRADER-VIRTUAL.SimulatedExchange(BINANCE): Added instrument ATOMETH.BINANCE and created matching engine
2026-09-16T06:17:56.302614813Z [INFO] EDGETRADER-VIRTUAL.SimulatedExchange(BINANCE): Added instrument DUSKBUSD.BINANCE and created matching engine
2026-09-16T06:17:56.303339883Z [INFO] EDGETRADER-VIRTUAL.SimulatedExchange(BINANCE): Added instrument EGLDETH.BINANCE and created matching engine
2026-09-16T06:17:56.303834087Z [INFO] EDGETRADER-VIRTUAL.SimulatedExchange(BINANCE): Added instrument ICPETH.BINANCE and created matching engine
2026-09-16T06:17:56.304095106Z [INFO] EDGETRADER-VIRTUAL.SimulatedExchange(BINANCE): Added instrument LUNABRL.BINANCE and created matching engine
2026-09-16T06:17:56.304494451Z [INFO] EDGETRADER-VIRTUAL.SimulatedExchange(BINANCE): Added instrument LUNAUST.BINANCE and created matching engine
2026-09-16T06:17:56.304710002Z [INFO] EDGETRADER-VIRTUAL.SimulatedExchange(BINANCE): Added instrument NEARETH.BINANCE and created matching engine
2026-09-16T06:17:56.304910758Z [INFO] EDGETRADER-VIRTUAL.SimulatedExchange(BINANCE): Added instrument ROSEBNB.BINANCE and created matching engine
2026-09-16T06:17:56.305045325Z [INFO] EDGETRADER-VIRTUAL.SimulatedExchange(BINANCE): Added instrument VOXELETH.BINANCE and created matching engine
2026-09-16T06:17:56.305225453Z [INFO] EDGETRADER-VIRTUAL.SimulatedExchange(BINANCE): Added instrument ALICEBNB.BINANCE and created matching engine
2026-09-16T06:17:56.305377407Z [INFO] EDGETRADER-VIRTUAL.SimulatedExchange(BINANCE): Added instrument ATOMTRY.BINANCE and created matching engine
2026-09-16T06:17:56.305528611Z [INFO] EDGETRADER-VIRTUAL.SimulatedExchange(BINANCE): Added instrument ETHUST.BINANCE and created matching engine
2026-09-16T06:17:56.305664509Z [INFO] EDGETRADER-VIRTUAL.SimulatedExchange(BINANCE): Added instrument GALAAUD.BINANCE and created matching engine
2026-09-16T06:17:56.305809925Z [INFO] EDGETRADER-VIRTUAL.SimulatedExchange(BINANCE): Added instrument LRCBNB.BINANCE and created matching engine
2026-09-16T06:17:56.306093077Z [INFO] EDGETRADER-VIRTUAL.SimulatedExchange(BINANCE): Added instrument ONEETH.BINANCE and created matching engine
2026-09-16T06:17:56.306399819Z [INFO] EDGETRADER-VIRTUAL.SimulatedExchange(BINANCE): Added instrument OOKIBNB.BINANCE and created matching engine
2026-09-16T06:17:56.306680510Z [INFO] EDGETRADER-VIRTUAL.SimulatedExchange(BINANCE): Added instrument ACHBTC.BINANCE and created matching engine
2026-09-16T06:17:56.306874094Z [INFO] EDGETRADER-VIRTUAL.SimulatedExchange(BINANCE): Added instrument ACHBUSD.BINANCE and created matching engine
2026-09-16T06:17:56.307040743Z [INFO] EDGETRADER-VIRTUAL.SimulatedExchange(BINANCE): Added instrument ACHUSDT.BINANCE and created matching engine
2026-09-16T06:17:56.307169438Z [INFO] EDGETRADER-VIRTUAL.SimulatedExchange(BINANCE): Added instrument IMXBTC.BINANCE and created matching engine
2026-09-16T06:17:56.307357676Z [INFO] EDGETRADER-VIRTUAL.SimulatedExchange(BINANCE): Added instrument IMXBUSD.BINANCE and created matching engine
2026-09-16T06:17:56.307536587Z [INFO] EDGETRADER-VIRTUAL.SimulatedExchange(BINANCE): Added instrument IMXUSDT.BINANCE and created matching engine
2026-09-16T06:17:56.308308945Z [INFO] EDGETRADER-VIRTUAL.SimulatedExchange(BINANCE): Added instrument GLMRBTC.BINANCE and created matching engine
2026-09-16T06:17:56.308738933Z [INFO] EDGETRADER-VIRTUAL.SimulatedExchange(BINANCE): Added instrument GLMRBUSD.BINANCE and created matching engine
2026-09-16T06:17:56.309086973Z [INFO] EDGETRADER-VIRTUAL.SimulatedExchange(BINANCE): Added instrument GLMRUSDT.BINANCE and created matching engine
2026-09-16T06:17:56.309396078Z [INFO] EDGETRADER-VIRTUAL.SimulatedExchange(BINANCE): Added instrument ATOMBIDR.BINANCE and created matching engine
2026-09-16T06:17:56.309677240Z [INFO] EDGETRADER-VIRTUAL.SimulatedExchange(BINANCE): Added instrument DYDXETH.BINANCE and created matching engine
2026-09-16T06:17:56.309901885Z [INFO] EDGETRADER-VIRTUAL.SimulatedExchange(BINANCE): Added instrument FARMETH.BINANCE and created matching engine
2026-09-16T06:17:56.310139571Z [INFO] EDGETRADER-VIRTUAL.SimulatedExchange(BINANCE): Added instrument FORBNB.BINANCE and created matching engine
2026-09-16T06:17:56.310292467Z [INFO] EDGETRADER-VIRTUAL.SimulatedExchange(BINANCE): Added instrument ICPTRY.BINANCE and created matching engine
2026-09-16T06:17:56.310542850Z [INFO] EDGETRADER-VIRTUAL.SimulatedExchange(BINANCE): Added instrument JASMYETH.BINANCE and created matching engine
2026-09-16T06:17:56.310746312Z [INFO] EDGETRADER-VIRTUAL.SimulatedExchange(BINANCE): Added instrument LINABNB.BINANCE and created matching engine
2026-09-16T06:17:56.310943246Z [INFO] EDGETRADER-VIRTUAL.SimulatedExchange(BINANCE): Added instrument OOKIETH.BINANCE and created matching engine
2026-09-16T06:17:56.311138050Z [INFO] EDGETRADER-VIRTUAL.SimulatedExchange(BINANCE): Added instrument ROSEETH.BINANCE and created matching engine
2026-09-16T06:17:56.311280072Z [INFO] EDGETRADER-VIRTUAL.SimulatedExchange(BINANCE): Added instrument UMABUSD.BINANCE and created matching engine
2026-09-16T06:17:56.311437913Z [INFO] EDGETRADER-VIRTUAL.SimulatedExchange(BINANCE): Added instrument UNIETH.BINANCE and created matching engine
2026-09-16T06:17:56.311625294Z [INFO] EDGETRADER-VIRTUAL.SimulatedExchange(BINANCE): Added instrument XTZETH.BINANCE and created matching engine
2026-09-16T06:17:56.311817491Z [INFO] EDGETRADER-VIRTUAL.SimulatedExchange(BINANCE): Added instrument LOKABTC.BINANCE and created matching engine
2026-09-16T06:17:56.311959869Z [INFO] EDGETRADER-VIRTUAL.SimulatedExchange(BINANCE): Added instrument LOKABNB.BINANCE and created matching engine
2026-09-16T06:17:56.312101814Z [INFO] EDGETRADER-VIRTUAL.SimulatedExchange(BINANCE): Added instrument LOKABUSD.BINANCE and created matching engine
2026-09-16T06:17:56.312295512Z [INFO] EDGETRADER-VIRTUAL.SimulatedExchange(BINANCE): Added instrument LOKAUSDT.BINANCE and created matching engine
2026-09-16T06:17:56.312489795Z [INFO] EDGETRADER-VIRTUAL.SimulatedExchange(BINANCE): Added instrument ATOMBRL.BINANCE and created matching engine
2026-09-16T06:17:56.312760139Z [INFO] EDGETRADER-VIRTUAL.SimulatedExchange(BINANCE): Added instrument BNBUST.BINANCE and created matching engine
2026-09-16T06:17:56.312939002Z [INFO] EDGETRADER-VIRTUAL.SimulatedExchange(BINANCE): Added instrument CRVETH.BINANCE and created matching engine
2026-09-16T06:17:56.313142015Z [INFO] EDGETRADER-VIRTUAL.SimulatedExchange(BINANCE): Added instrument HIGHBNB.BINANCE and created matching engine
2026-09-16T06:17:56.313282051Z [INFO] EDGETRADER-VIRTUAL.SimulatedExchange(BINANCE): Added instrument NEARRUB.BINANCE and created matching engine
2026-09-16T06:17:56.313469741Z [INFO] EDGETRADER-VIRTUAL.SimulatedExchange(BINANCE): Added instrument ROSETRY.BINANCE and created matching engine
2026-09-16T06:17:56.313599747Z [INFO] EDGETRADER-VIRTUAL.SimulatedExchange(BINANCE): Added instrument SCRTUSDT.BINANCE and created matching engine
2026-09-16T06:17:56.313795738Z [INFO] EDGETRADER-VIRTUAL.SimulatedExchange(BINANCE): Added instrument API3BTC.BINANCE and created matching engine
2026-09-16T06:17:56.313934403Z [INFO] EDGETRADER-VIRTUAL.SimulatedExchange(BINANCE): Added instrument API3BUSD.BINANCE and created matching engine
2026-09-16T06:17:56.314114799Z [INFO] EDGETRADER-VIRTUAL.SimulatedExchange(BINANCE): Added instrument API3USDT.BINANCE and created matching engine
2026-09-16T06:17:56.314326724Z [INFO] EDGETRADER-VIRTUAL.SimulatedExchange(BINANCE): Added instrument BTTCUSDT.BINANCE and created matching engine
2026-09-16T06:17:56.314547285Z [INFO] EDGETRADER-VIRTUAL.SimulatedExchange(BINANCE): Added instrument BTTCUSDC.BINANCE and created matching engine
2026-09-16T06:17:56.314738655Z [INFO] EDGETRADER-VIRTUAL.SimulatedExchange(BINANCE): Added instrument BTTCTRY.BINANCE and created matching engine
2026-09-16T06:17:56.314907907Z [INFO] EDGETRADER-VIRTUAL.SimulatedExchange(BINANCE): Added instrument ACABTC.BINANCE and created matching engine
2026-09-16T06:17:56.315059194Z [INFO] EDGETRADER-VIRTUAL.SimulatedExchange(BINANCE): Added instrument ACABUSD.BINANCE and created matching engine
2026-09-16T06:17:56.315248545Z [INFO] EDGETRADER-VIRTUAL.SimulatedExchange(BINANCE): Added instrument ACAUSDT.BINANCE and created matching engine
2026-09-16T06:17:56.315462620Z [INFO] EDGETRADER-VIRTUAL.SimulatedExchange(BINANCE): Added instrument ANCBTC.BINANCE and created matching engine
2026-09-16T06:17:56.315658740Z [INFO] EDGETRADER-VIRTUAL.SimulatedExchange(BINANCE): Added instrument ANCBUSD.BINANCE and created matching engine
2026-09-16T06:17:56.315853136Z [INFO] EDGETRADER-VIRTUAL.SimulatedExchange(BINANCE): Added instrument ANCUSDT.BINANCE and created matching engine
2026-09-16T06:17:56.316143737Z [INFO] EDGETRADER-VIRTUAL.SimulatedExchange(BINANCE): Added instrument BDOTDOT.BINANCE and created matching engine
2026-09-16T06:17:56.316393522Z [INFO] EDGETRADER-VIRTUAL.SimulatedExchange(BINANCE): Added instrument XNOBTC.BINANCE and created matching engine
2026-09-16T06:17:56.316591216Z [INFO] EDGETRADER-VIRTUAL.SimulatedExchange(BINANCE): Added instrument XNOETH.BINANCE and created matching engine
2026-09-16T06:17:56.316791346Z [INFO] EDGETRADER-VIRTUAL.SimulatedExchange(BINANCE): Added instrument XNOBUSD.BINANCE and created matching engine
2026-09-16T06:17:56.316999951Z [INFO] EDGETRADER-VIRTUAL.SimulatedExchange(BINANCE): Added instrument XNOUSDT.BINANCE and created matching engine
2026-09-16T06:17:56.317182133Z [INFO] EDGETRADER-VIRTUAL.SimulatedExchange(BINANCE): Added instrument COSTRY.BINANCE and created matching engine
2026-09-16T06:17:56.317382498Z [INFO] EDGETRADER-VIRTUAL.SimulatedExchange(BINANCE): Added instrument KAVAETH.BINANCE and created matching engine
2026-09-16T06:17:56.317594506Z [INFO] EDGETRADER-VIRTUAL.SimulatedExchange(BINANCE): Added instrument MCBNB.BINANCE and created matching engine
2026-09-16T06:17:56.317838677Z [INFO] EDGETRADER-VIRTUAL.SimulatedExchange(BINANCE): Added instrument ONETRY.BINANCE and created matching engine
2026-09-16T06:17:56.318076739Z [INFO] EDGETRADER-VIRTUAL.SimulatedExchange(BINANCE): Added instrument WOOBTC.BINANCE and created matching engine
2026-09-16T06:17:56.318374167Z [INFO] EDGETRADER-VIRTUAL.SimulatedExchange(BINANCE): Added instrument WOOBNB.BINANCE and created matching engine
2026-09-16T06:17:56.318685997Z [INFO] EDGETRADER-VIRTUAL.SimulatedExchange(BINANCE): Added instrument WOOBUSD.BINANCE and created matching engine
2026-09-16T06:17:56.319419781Z [INFO] EDGETRADER-VIRTUAL.SimulatedExchange(BINANCE): Added instrument WOOUSDT.BINANCE and created matching engine
2026-09-16T06:17:56.319993978Z [INFO] EDGETRADER-VIRTUAL.SimulatedExchange(BINANCE): Added instrument CELRETH.BINANCE and created matching engine
2026-09-16T06:17:56.320266902Z [INFO] EDGETRADER-VIRTUAL.SimulatedExchange(BINANCE): Added instrument PEOPLEBNB.BINANCE and created matching engine
2026-09-16T06:17:56.320540682Z [INFO] EDGETRADER-VIRTUAL.SimulatedExchange(BINANCE): Added instrument SLPBNB.BINANCE and created matching engine
2026-09-16T06:17:56.320813405Z [INFO] EDGETRADER-VIRTUAL.SimulatedExchange(BINANCE): Added instrument SPELLBNB.BINANCE and created matching engine
2026-09-16T06:17:56.320980737Z [INFO] EDGETRADER-VIRTUAL.SimulatedExchange(BINANCE): Added instrument SPELLTRY.BINANCE and created matching engine
2026-09-16T06:17:56.321111755Z [INFO] EDGETRADER-VIRTUAL.SimulatedExchange(BINANCE): Added instrument TFUELBUSD.BINANCE and created matching engine
2026-09-16T06:17:56.321313116Z [INFO] EDGETRADER-VIRTUAL.SimulatedExchange(BINANCE): Added instrument AXSTRY.BINANCE and created matching engine
2026-09-16T06:17:56.321574693Z [INFO] EDGETRADER-VIRTUAL.SimulatedExchange(BINANCE): Added instrument DARTRY.BINANCE and created matching engine
2026-09-16T06:17:56.321801329Z [INFO] EDGETRADER-VIRTUAL.SimulatedExchange(BINANCE): Added instrument NEARTRY.BINANCE and created matching engine
2026-09-16T06:17:56.321987287Z [INFO] EDGETRADER-VIRTUAL.SimulatedExchange(BINANCE): Added instrument IDEXBNB.BINANCE and created matching engine
2026-09-16T06:17:56.322152945Z [INFO] EDGETRADER-VIRTUAL.SimulatedExchange(BINANCE): Added instrument ALPINEEUR.BINANCE and created matching engine
2026-09-16T06:17:56.322295845Z [INFO] EDGETRADER-VIRTUAL.SimulatedExchange(BINANCE): Added instrument ALPINETRY.BINANCE and created matching engine
2026-09-16T06:17:56.322873716Z [INFO] EDGETRADER-VIRTUAL.SimulatedExchange(BINANCE): Added instrument ALPINEUSDT.BINANCE and created matching engine
2026-09-16T06:17:56.323155578Z [INFO] EDGETRADER-VIRTUAL.SimulatedExchange(BINANCE): Added instrument ALPINEBTC.BINANCE and created matching engine
2026-09-16T06:17:56.323346435Z [INFO] EDGETRADER-VIRTUAL.SimulatedExchange(BINANCE): Added instrument TUSDT.BINANCE and created matching engine
2026-09-16T06:17:56.324241996Z [INFO] EDGETRADER-VIRTUAL.SimulatedExchange(BINANCE): Added instrument TBUSD.BINANCE and created matching engine
2026-09-16T06:17:56.324793360Z [INFO] EDGETRADER-VIRTUAL.SimulatedExchange(BINANCE): Added instrument API3BNB.BINANCE and created matching engine
2026-09-16T06:17:56.325124587Z [INFO] EDGETRADER-VIRTUAL.SimulatedExchange(BINANCE): Added instrument BETAETH.BINANCE and created matching engine
2026-09-16T06:17:56.325363385Z [INFO] EDGETRADER-VIRTUAL.SimulatedExchange(BINANCE): Added instrument INJTRY.BINANCE and created matching engine
2026-09-16T06:17:56.325854151Z [INFO] EDGETRADER-VIRTUAL.SimulatedExchange(BINANCE): Added instrument TLMBNB.BINANCE and created matching engine
2026-09-16T06:17:56.326156112Z [INFO] EDGETRADER-VIRTUAL.SimulatedExchange(BINANCE): Added instrument ASTRBUSD.BINANCE and created matching engine
2026-09-16T06:17:56.326341544Z [INFO] EDGETRADER-VIRTUAL.SimulatedExchange(BINANCE): Added instrument ASTRUSDT.BINANCE and created matching engine
2026-09-16T06:17:56.326574256Z [INFO] EDGETRADER-VIRTUAL.SimulatedExchange(BINANCE): Added instrument API3TRY.BINANCE and created matching engine
2026-09-16T06:17:56.326768875Z [INFO] EDGETRADER-VIRTUAL.SimulatedExchange(BINANCE): Added instrument GLMRBNB.BINANCE and created matching engine
2026-09-16T06:17:56.326993007Z [INFO] EDGETRADER-VIRTUAL.SimulatedExchange(BINANCE): Added instrument MBOXTRY.BINANCE and created matching engine
2026-09-16T06:17:56.327194202Z [INFO] EDGETRADER-VIRTUAL.SimulatedExchange(BINANCE): Added instrument GMTBTC.BINANCE and created matching engine
2026-09-16T06:17:56.327402816Z [INFO] EDGETRADER-VIRTUAL.SimulatedExchange(BINANCE): Added instrument GMTBNB.BINANCE and created matching engine
2026-09-16T06:17:56.327671985Z [INFO] EDGETRADER-VIRTUAL.SimulatedExchange(BINANCE): Added instrument GMTBUSD.BINANCE and created matching engine
2026-09-16T06:17:56.327923888Z [INFO] EDGETRADER-VIRTUAL.SimulatedExchange(BINANCE): Added instrument GMTUSDT.BINANCE and created matching engine
2026-09-16T06:17:56.328144071Z [INFO] EDGETRADER-VIRTUAL.SimulatedExchange(BINANCE): Added instrument ANCBNB.BINANCE and created matching engine
2026-09-16T06:17:56.328313253Z [INFO] EDGETRADER-VIRTUAL.SimulatedExchange(BINANCE): Added instrument ATOMEUR.BINANCE and created matching engine
2026-09-16T06:17:56.328472853Z [INFO] EDGETRADER-VIRTUAL.SimulatedExchange(BINANCE): Added instrument GALAEUR.BINANCE and created matching engine
2026-09-16T06:17:56.328614610Z [INFO] EDGETRADER-VIRTUAL.SimulatedExchange(BINANCE): Added instrument KSMETH.BINANCE and created matching engine
2026-09-16T06:17:56.328769757Z [INFO] EDGETRADER-VIRTUAL.SimulatedExchange(BINANCE): Added instrument UMATRY.BINANCE and created matching engine
2026-09-16T06:17:56.329473855Z [INFO] EDGETRADER-VIRTUAL.SimulatedExchange(BINANCE): Added instrument KDABTC.BINANCE and created matching engine
2026-09-16T06:17:56.329785136Z [INFO] EDGETRADER-VIRTUAL.SimulatedExchange(BINANCE): Added instrument KDABUSD.BINANCE and created matching engine
2026-09-16T06:17:56.330013339Z [INFO] EDGETRADER-VIRTUAL.SimulatedExchange(BINANCE): Added instrument KDAUSDT.BINANCE and created matching engine
2026-09-16T06:17:56.330218403Z [INFO] EDGETRADER-VIRTUAL.SimulatedExchange(BINANCE): Added instrument APEUSDT.BINANCE and created matching engine
2026-09-16T06:17:56.330417676Z [INFO] EDGETRADER-VIRTUAL.SimulatedExchange(BINANCE): Added instrument APEBUSD.BINANCE and created matching engine
2026-09-16T06:17:56.330620913Z [INFO] EDGETRADER-VIRTUAL.SimulatedExchange(BINANCE): Added instrument APEBTC.BINANCE and created matching engine
2026-09-16T06:17:56.330781325Z [INFO] EDGETRADER-VIRTUAL.SimulatedExchange(BINANCE): Added instrument ALPINEBUSD.BINANCE and created matching engine
2026-09-16T06:17:56.330957681Z [INFO] EDGETRADER-VIRTUAL.SimulatedExchange(BINANCE): Added instrument LUNAGBP.BINANCE and created matching engine
2026-09-16T06:17:56.331162690Z [INFO] EDGETRADER-VIRTUAL.SimulatedExchange(BINANCE): Added instrument NEAREUR.BINANCE and created matching engine
2026-09-16T06:17:56.331380627Z [INFO] EDGETRADER-VIRTUAL.SimulatedExchange(BINANCE): Added instrument TWTTRY.BINANCE and created matching engine
2026-09-16T06:17:56.331591456Z [INFO] EDGETRADER-VIRTUAL.SimulatedExchange(BINANCE): Added instrument WAVESEUR.BINANCE and created matching engine
2026-09-16T06:17:56.331767609Z [INFO] EDGETRADER-VIRTUAL.SimulatedExchange(BINANCE): Added instrument APEEUR.BINANCE and created matching engine
2026-09-16T06:17:56.331994345Z [INFO] EDGETRADER-VIRTUAL.SimulatedExchange(BINANCE): Added instrument APEGBP.BINANCE and created matching engine
2026-09-16T06:17:56.332155624Z [INFO] EDGETRADER-VIRTUAL.SimulatedExchange(BINANCE): Added instrument APETRY.BINANCE and created matching engine
2026-09-16T06:17:56.332307584Z [INFO] EDGETRADER-VIRTUAL.SimulatedExchange(BINANCE): Added instrument BSWUSDT.BINANCE and created matching engine
2026-09-16T06:17:56.332472965Z [INFO] EDGETRADER-VIRTUAL.SimulatedExchange(BINANCE): Added instrument BSWBUSD.BINANCE and created matching engine
2026-09-16T06:17:56.332644265Z [INFO] EDGETRADER-VIRTUAL.SimulatedExchange(BINANCE): Added instrument BSWBNB.BINANCE and created matching engine
2026-09-16T06:17:56.332845435Z [INFO] EDGETRADER-VIRTUAL.SimulatedExchange(BINANCE): Added instrument APEBNB.BINANCE and created matching engine
2026-09-16T06:17:56.333000276Z [INFO] EDGETRADER-VIRTUAL.SimulatedExchange(BINANCE): Added instrument GMTBRL.BINANCE and created matching engine
2026-09-16T06:17:56.333143837Z [INFO] EDGETRADER-VIRTUAL.SimulatedExchange(BINANCE): Added instrument GMTETH.BINANCE and created matching engine
2026-09-16T06:17:56.333280171Z [INFO] EDGETRADER-VIRTUAL.SimulatedExchange(BINANCE): Added instrument JASMYTRY.BINANCE and created matching engine
2026-09-16T06:17:56.333415084Z [INFO] EDGETRADER-VIRTUAL.SimulatedExchange(BINANCE): Added instrument SANTOSBUSD.BINANCE and created matching engine
2026-09-16T06:17:56.333735368Z [INFO] EDGETRADER-VIRTUAL.SimulatedExchange(BINANCE): Added instrument APEAUD.BINANCE and created matching engine
2026-09-16T06:17:56.333953210Z [INFO] EDGETRADER-VIRTUAL.SimulatedExchange(BINANCE): Added instrument BIFIUSDT.BINANCE and created matching engine
2026-09-16T06:17:56.334174152Z [INFO] EDGETRADER-VIRTUAL.SimulatedExchange(BINANCE): Added instrument GMTEUR.BINANCE and created matching engine
2026-09-16T06:17:56.334520404Z [INFO] EDGETRADER-VIRTUAL.SimulatedExchange(BINANCE): Added instrument IMXBNB.BINANCE and created matching engine
2026-09-16T06:17:56.334884647Z [INFO] EDGETRADER-VIRTUAL.SimulatedExchange(BINANCE): Added instrument RUNEETH.BINANCE and created matching engine
2026-09-16T06:17:56.335237586Z [INFO] EDGETRADER-VIRTUAL.SimulatedExchange(BINANCE): Added instrument AVAXGBP.BINANCE and created matching engine
2026-09-16T06:17:56.335573375Z [INFO] EDGETRADER-VIRTUAL.SimulatedExchange(BINANCE): Added instrument MULTIBTC.BINANCE and created matching engine
2026-09-16T06:17:56.335993546Z [INFO] EDGETRADER-VIRTUAL.SimulatedExchange(BINANCE): Added instrument MULTIBUSD.BINANCE and created matching engine
2026-09-16T06:17:56.336411104Z [INFO] EDGETRADER-VIRTUAL.SimulatedExchange(BINANCE): Added instrument MULTIUSDT.BINANCE and created matching engine
2026-09-16T06:17:56.336722056Z [INFO] EDGETRADER-VIRTUAL.SimulatedExchange(BINANCE): Added instrument APEETH.BINANCE and created matching engine
2026-09-16T06:17:56.337008769Z [INFO] EDGETRADER-VIRTUAL.SimulatedExchange(BINANCE): Added instrument BSWETH.BINANCE and created matching engine
2026-09-16T06:17:56.337321010Z [INFO] EDGETRADER-VIRTUAL.SimulatedExchange(BINANCE): Added instrument FILTRY.BINANCE and created matching engine
2026-09-16T06:17:56.337601888Z [INFO] EDGETRADER-VIRTUAL.SimulatedExchange(BINANCE): Added instrument FTMEUR.BINANCE and created matching engine
2026-09-16T06:17:56.337898401Z [INFO] EDGETRADER-VIRTUAL.SimulatedExchange(BINANCE): Added instrument GMTGBP.BINANCE and created matching engine
2026-09-16T06:17:56.338156270Z [INFO] EDGETRADER-VIRTUAL.SimulatedExchange(BINANCE): Added instrument ZILTRY.BINANCE and created matching engine
2026-09-16T06:17:56.338343349Z [INFO] EDGETRADER-VIRTUAL.SimulatedExchange(BINANCE): Added instrument GMTTRY.BINANCE and created matching engine
2026-09-16T06:17:56.338631986Z [INFO] EDGETRADER-VIRTUAL.SimulatedExchange(BINANCE): Added instrument WAVESTRY.BINANCE and created matching engine
2026-09-16T06:17:56.339029380Z [INFO] EDGETRADER-VIRTUAL.SimulatedExchange(BINANCE): Added instrument BTCUST.BINANCE and created matching engine
2026-09-16T06:17:56.339605876Z [INFO] EDGETRADER-VIRTUAL.SimulatedExchange(BINANCE): Added instrument ASTRBTC.BINANCE and created matching engine
2026-09-16T06:17:56.339875676Z [INFO] EDGETRADER-VIRTUAL.SimulatedExchange(BINANCE): Added instrument ASTRETH.BINANCE and created matching engine
2026-09-16T06:17:56.340110664Z [INFO] EDGETRADER-VIRTUAL.SimulatedExchange(BINANCE): Added instrument BSWTRY.BINANCE and created matching engine
2026-09-16T06:17:56.340306514Z [INFO] EDGETRADER-VIRTUAL.SimulatedExchange(BINANCE): Added instrument FTTETH.BINANCE and created matching engine
2026-09-16T06:17:56.340534016Z [INFO] EDGETRADER-VIRTUAL.SimulatedExchange(BINANCE): Added instrument FUNBNB.BINANCE and created matching engine
2026-09-16T06:17:56.340787008Z [INFO] EDGETRADER-VIRTUAL.SimulatedExchange(BINANCE): Added instrument PORTOBUSD.BINANCE and created matching engine
2026-09-16T06:17:56.341044763Z [INFO] EDGETRADER-VIRTUAL.SimulatedExchange(BINANCE): Added instrument STEEMUSDT.BINANCE and created matching engine
2026-09-16T06:17:56.341282226Z [INFO] EDGETRADER-VIRTUAL.SimulatedExchange(BINANCE): Added instrument ZILEUR.BINANCE and created matching engine
2026-09-16T06:17:56.341461310Z [INFO] EDGETRADER-VIRTUAL.SimulatedExchange(BINANCE): Added instrument APEBRL.BINANCE and created matching engine
2026-09-16T06:17:56.341657388Z [INFO] EDGETRADER-VIRTUAL.SimulatedExchange(BINANCE): Added instrument AUDIOTRY.BINANCE and created matching engine
2026-09-16T06:17:56.341839750Z [INFO] EDGETRADER-VIRTUAL.SimulatedExchange(BINANCE): Added instrument BTTCBUSD.BINANCE and created matching engine
2026-09-16T06:17:56.342359648Z [INFO] EDGETRADER-VIRTUAL.SimulatedExchange(BINANCE): Added instrument GMTAUD.BINANCE and created matching engine
2026-09-16T06:17:56.342684487Z [INFO] EDGETRADER-VIRTUAL.SimulatedExchange(BINANCE): Added instrument MBLBUSD.BINANCE and created matching engine
2026-09-16T06:17:56.343052963Z [INFO] EDGETRADER-VIRTUAL.SimulatedExchange(BINANCE): Added instrument MOBUSDT.BINANCE and created matching engine
2026-09-16T06:17:56.343418749Z [INFO] EDGETRADER-VIRTUAL.SimulatedExchange(BINANCE): Added instrument MOBBUSD.BINANCE and created matching engine
2026-09-16T06:17:56.343975945Z [INFO] EDGETRADER-VIRTUAL.SimulatedExchange(BINANCE): Added instrument MOBBTC.BINANCE and created matching engine
2026-09-16T06:17:56.344355134Z [INFO] EDGETRADER-VIRTUAL.SimulatedExchange(BINANCE): Added instrument NEXOUSDT.BINANCE and created matching engine
2026-09-16T06:17:56.344611525Z [INFO] EDGETRADER-VIRTUAL.SimulatedExchange(BINANCE): Added instrument NEXOBUSD.BINANCE and created matching engine
2026-09-16T06:17:56.344789200Z [INFO] EDGETRADER-VIRTUAL.SimulatedExchange(BINANCE): Added instrument NEXOBTC.BINANCE and created matching engine
2026-09-16T06:17:56.345047739Z [INFO] EDGETRADER-VIRTUAL.SimulatedExchange(BINANCE): Added instrument REIUSDT.BINANCE and created matching engine
2026-09-16T06:17:56.345254380Z [INFO] EDGETRADER-VIRTUAL.SimulatedExchange(BINANCE): Added instrument REIBNB.BINANCE and created matching engine
2026-09-16T06:17:56.345746676Z [INFO] EDGETRADER-VIRTUAL.SimulatedExchange(BINANCE): Added instrument REIETH.BINANCE and created matching engine
2026-09-16T06:17:56.346456309Z [INFO] EDGETRADER-VIRTUAL.SimulatedExchange(BINANCE): Added instrument GALUSDT.BINANCE and created matching engine
2026-09-16T06:17:56.346770996Z [INFO] EDGETRADER-VIRTUAL.SimulatedExchange(BINANCE): Added instrument GALBUSD.BINANCE and created matching engine
2026-09-16T06:17:56.346954428Z [INFO] EDGETRADER-VIRTUAL.SimulatedExchange(BINANCE): Added instrument GALBNB.BINANCE and created matching engine
2026-09-16T06:17:56.347117062Z [INFO] EDGETRADER-VIRTUAL.SimulatedExchange(BINANCE): Added instrument GALBTC.BINANCE and created matching engine
2026-09-16T06:17:56.347261915Z [INFO] EDGETRADER-VIRTUAL.SimulatedExchange(BINANCE): Added instrument JASMYEUR.BINANCE and created matching engine
2026-09-16T06:17:56.347432186Z [INFO] EDGETRADER-VIRTUAL.SimulatedExchange(BINANCE): Added instrument KNCBNB.BINANCE and created matching engine
2026-09-16T06:17:56.347793546Z [INFO] EDGETRADER-VIRTUAL.SimulatedExchange(BINANCE): Added instrument SHIBGBP.BINANCE and created matching engine
2026-09-16T06:17:56.348007546Z [INFO] EDGETRADER-VIRTUAL.SimulatedExchange(BINANCE): Added instrument GALEUR.BINANCE and created matching engine
2026-09-16T06:17:56.348243543Z [INFO] EDGETRADER-VIRTUAL.SimulatedExchange(BINANCE): Added instrument GALTRY.BINANCE and created matching engine
2026-09-16T06:17:56.348489043Z [INFO] EDGETRADER-VIRTUAL.SimulatedExchange(BINANCE): Added instrument LDOBUSD.BINANCE and created matching engine
2026-09-16T06:17:56.348739533Z [INFO] EDGETRADER-VIRTUAL.SimulatedExchange(BINANCE): Added instrument LDOUSDT.BINANCE and created matching engine
2026-09-16T06:17:56.348991572Z [INFO] EDGETRADER-VIRTUAL.SimulatedExchange(BINANCE): Added instrument LDOBTC.BINANCE and created matching engine
2026-09-16T06:17:56.349288759Z [INFO] EDGETRADER-VIRTUAL.SimulatedExchange(BINANCE): Added instrument ENSTRY.BINANCE and created matching engine
2026-09-16T06:17:56.349605708Z [INFO] EDGETRADER-VIRTUAL.SimulatedExchange(BINANCE): Added instrument DAREUR.BINANCE and created matching engine
2026-09-16T06:17:56.349918209Z [INFO] EDGETRADER-VIRTUAL.SimulatedExchange(BINANCE): Added instrument DARETH.BINANCE and created matching engine
2026-09-16T06:17:56.350193163Z [INFO] EDGETRADER-VIRTUAL.SimulatedExchange(BINANCE): Added instrument ALGOETH.BINANCE and created matching engine
2026-09-16T06:17:56.350493801Z [INFO] EDGETRADER-VIRTUAL.SimulatedExchange(BINANCE): Added instrument ALGOTRY.BINANCE and created matching engine
2026-09-16T06:17:56.350782363Z [INFO] EDGETRADER-VIRTUAL.SimulatedExchange(BINANCE): Added instrument GALETH.BINANCE and created matching engine
2026-09-16T06:17:56.351050000Z [INFO] EDGETRADER-VIRTUAL.SimulatedExchange(BINANCE): Added instrument EPXUSDT.BINANCE and created matching engine
2026-09-16T06:17:56.351429430Z [INFO] EDGETRADER-VIRTUAL.SimulatedExchange(BINANCE): Added instrument EPXBUSD.BINANCE and created matching engine
2026-09-16T06:17:56.351733406Z [INFO] EDGETRADER-VIRTUAL.SimulatedExchange(BINANCE): Added instrument RUNETRY.BINANCE and created matching engine
2026-09-16T06:17:56.352137232Z [INFO] EDGETRADER-VIRTUAL.SimulatedExchange(BINANCE): Added instrument GALBRL.BINANCE and created matching engine
2026-09-16T06:17:56.352948428Z [INFO] EDGETRADER-VIRTUAL.SimulatedExchange(BINANCE): Added instrument STEEMBUSD.BINANCE and created matching engine
2026-09-16T06:17:56.353761631Z [INFO] EDGETRADER-VIRTUAL.SimulatedExchange(BINANCE): Added instrument CVCBUSD.BINANCE and created matching engine
2026-09-16T06:17:56.354171394Z [INFO] EDGETRADER-VIRTUAL.SimulatedExchange(BINANCE): Added instrument REIBUSD.BINANCE and created matching engine
2026-09-16T06:17:56.354734794Z [INFO] EDGETRADER-VIRTUAL.SimulatedExchange(BINANCE): Added instrument DREPBUSD.BINANCE and created matching engine
2026-09-16T06:17:56.355074391Z [INFO] EDGETRADER-VIRTUAL.SimulatedExchange(BINANCE): Added instrument AKROBUSD.BINANCE and created matching engine
2026-09-16T06:17:56.355664589Z [INFO] EDGETRADER-VIRTUAL.SimulatedExchange(BINANCE): Added instrument PUNDIXBUSD.BINANCE and created matching engine
2026-09-16T06:17:56.356279800Z [INFO] EDGETRADER-VIRTUAL.SimulatedExchange(BINANCE): Added instrument LUNCBUSD.BINANCE and created matching engine
2026-09-16T06:17:56.356669690Z [INFO] EDGETRADER-VIRTUAL.SimulatedExchange(BINANCE): Added instrument USTCBUSD.BINANCE and created matching engine
2026-09-16T06:17:56.356847484Z [INFO] EDGETRADER-VIRTUAL.SimulatedExchange(BINANCE): Added instrument OPBTC.BINANCE and created matching engine
2026-09-16T06:17:56.356998723Z [INFO] EDGETRADER-VIRTUAL.SimulatedExchange(BINANCE): Added instrument OPBUSD.BINANCE and created matching engine
2026-09-16T06:17:56.357230438Z [INFO] EDGETRADER-VIRTUAL.SimulatedExchange(BINANCE): Added instrument OPUSDT.BINANCE and created matching engine
2026-09-16T06:17:56.357476734Z [INFO] EDGETRADER-VIRTUAL.SimulatedExchange(BINANCE): Added instrument OGBUSD.BINANCE and created matching engine
2026-09-16T06:17:56.357684989Z [INFO] EDGETRADER-VIRTUAL.SimulatedExchange(BINANCE): Added instrument KEYBUSD.BINANCE and created matching engine
2026-09-16T06:17:56.357893675Z [INFO] EDGETRADER-VIRTUAL.SimulatedExchange(BINANCE): Added instrument ASRBUSD.BINANCE and created matching engine
2026-09-16T06:17:56.358090332Z [INFO] EDGETRADER-VIRTUAL.SimulatedExchange(BINANCE): Added instrument FIROBUSD.BINANCE and created matching engine
2026-09-16T06:17:56.358341307Z [INFO] EDGETRADER-VIRTUAL.SimulatedExchange(BINANCE): Added instrument NKNBUSD.BINANCE and created matching engine
2026-09-16T06:17:56.358552928Z [INFO] EDGETRADER-VIRTUAL.SimulatedExchange(BINANCE): Added instrument OPBNB.BINANCE and created matching engine
2026-09-16T06:17:56.358743703Z [INFO] EDGETRADER-VIRTUAL.SimulatedExchange(BINANCE): Added instrument OPEUR.BINANCE and created matching engine
2026-09-16T06:17:56.359019882Z [INFO] EDGETRADER-VIRTUAL.SimulatedExchange(BINANCE): Added instrument GTOBUSD.BINANCE and created matching engine
2026-09-16T06:17:56.359230189Z [INFO] EDGETRADER-VIRTUAL.SimulatedExchange(BINANCE): Added instrument SNXETH.BINANCE and created matching engine
2026-09-16T06:17:56.359431440Z [INFO] EDGETRADER-VIRTUAL.SimulatedExchange(BINANCE): Added instrument WBTCBUSD.BINANCE and created matching engine
2026-09-16T06:17:56.359644242Z [INFO] EDGETRADER-VIRTUAL.SimulatedExchange(BINANCE): Added instrument BELETH.BINANCE and created matching engine
2026-09-16T06:17:56.359889917Z [INFO] EDGETRADER-VIRTUAL.SimulatedExchange(BINANCE): Added instrument LITETH.BINANCE and created matching engine
2026-09-16T06:17:56.360088142Z [INFO] EDGETRADER-VIRTUAL.SimulatedExchange(BINANCE): Added instrument LEVERUSDT.BINANCE and created matching engine
2026-09-16T06:17:56.360246386Z [INFO] EDGETRADER-VIRTUAL.SimulatedExchange(BINANCE): Added instrument LEVERBUSD.BINANCE and created matching engine
2026-09-16T06:17:56.360403608Z [INFO] EDGETRADER-VIRTUAL.SimulatedExchange(BINANCE): Added instrument BURGERETH.BINANCE and created matching engine
2026-09-16T06:17:56.360612651Z [INFO] EDGETRADER-VIRTUAL.SimulatedExchange(BINANCE): Added instrument PEOPLEETH.BINANCE and created matching engine
2026-09-16T06:17:56.360773496Z [INFO] EDGETRADER-VIRTUAL.SimulatedExchange(BINANCE): Added instrument UNFIETH.BINANCE and created matching engine
2026-09-16T06:17:56.360985301Z [INFO] EDGETRADER-VIRTUAL.SimulatedExchange(BINANCE): Added instrument BONDETH.BINANCE and created matching engine
2026-09-16T06:17:56.361143806Z [INFO] EDGETRADER-VIRTUAL.SimulatedExchange(BINANCE): Added instrument STORJTRY.BINANCE and created matching engine
2026-09-16T06:17:56.361274498Z [INFO] EDGETRADER-VIRTUAL.SimulatedExchange(BINANCE): Added instrument OPETH.BINANCE and created matching engine
2026-09-16T06:17:56.361507379Z [INFO] EDGETRADER-VIRTUAL.SimulatedExchange(BINANCE): Added instrument ETCTRY.BINANCE and created matching engine
2026-09-16T06:17:56.361735117Z [INFO] EDGETRADER-VIRTUAL.SimulatedExchange(BINANCE): Added instrument WINGETH.BINANCE and created matching engine
2026-09-16T06:17:56.362033437Z [INFO] EDGETRADER-VIRTUAL.SimulatedExchange(BINANCE): Added instrument FILETH.BINANCE and created matching engine
2026-09-16T06:17:56.362283069Z [INFO] EDGETRADER-VIRTUAL.SimulatedExchange(BINANCE): Added instrument GLMBUSD.BINANCE and created matching engine
2026-09-16T06:17:56.362492917Z [INFO] EDGETRADER-VIRTUAL.SimulatedExchange(BINANCE): Added instrument SSVBUSD.BINANCE and created matching engine
2026-09-16T06:17:56.362712731Z [INFO] EDGETRADER-VIRTUAL.SimulatedExchange(BINANCE): Added instrument STGBTC.BINANCE and created matching engine
2026-09-16T06:17:56.362914355Z [INFO] EDGETRADER-VIRTUAL.SimulatedExchange(BINANCE): Added instrument STGBUSD.BINANCE and created matching engine
2026-09-16T06:17:56.363142359Z [INFO] EDGETRADER-VIRTUAL.SimulatedExchange(BINANCE): Added instrument STGUSDT.BINANCE and created matching engine
2026-09-16T06:17:56.363369522Z [INFO] EDGETRADER-VIRTUAL.SimulatedExchange(BINANCE): Added instrument ANKRTRY.BINANCE and created matching engine
2026-09-16T06:17:56.363579430Z [INFO] EDGETRADER-VIRTUAL.SimulatedExchange(BINANCE): Added instrument ARKBUSD.BINANCE and created matching engine
2026-09-16T06:17:56.363770374Z [INFO] EDGETRADER-VIRTUAL.SimulatedExchange(BINANCE): Added instrument BETHBUSD.BINANCE and created matching engine
2026-09-16T06:17:56.363967041Z [INFO] EDGETRADER-VIRTUAL.SimulatedExchange(BINANCE): Added instrument LOOMBUSD.BINANCE and created matching engine
2026-09-16T06:17:56.364169685Z [INFO] EDGETRADER-VIRTUAL.SimulatedExchange(BINANCE): Added instrument SNMBUSD.BINANCE and created matching engine
2026-09-16T06:17:56.364379357Z [INFO] EDGETRADER-VIRTUAL.SimulatedExchange(BINANCE): Added instrument AMBBUSD.BINANCE and created matching engine
2026-09-16T06:17:56.364589752Z [INFO] EDGETRADER-VIRTUAL.SimulatedExchange(BINANCE): Added instrument LUNCUSDT.BINANCE and created matching engine
2026-09-16T06:17:56.364787338Z [INFO] EDGETRADER-VIRTUAL.SimulatedExchange(BINANCE): Added instrument PHBBUSD.BINANCE and created matching engine
2026-09-16T06:17:56.365000494Z [INFO] EDGETRADER-VIRTUAL.SimulatedExchange(BINANCE): Added instrument GASBUSD.BINANCE and created matching engine
2026-09-16T06:17:56.365211761Z [INFO] EDGETRADER-VIRTUAL.SimulatedExchange(BINANCE): Added instrument NEBLBUSD.BINANCE and created matching engine
2026-09-16T06:17:56.365436276Z [INFO] EDGETRADER-VIRTUAL.SimulatedExchange(BINANCE): Added instrument PROSBUSD.BINANCE and created matching engine
2026-09-16T06:17:56.365642438Z [INFO] EDGETRADER-VIRTUAL.SimulatedExchange(BINANCE): Added instrument VIBBUSD.BINANCE and created matching engine
2026-09-16T06:17:56.365849534Z [INFO] EDGETRADER-VIRTUAL.SimulatedExchange(BINANCE): Added instrument GMXBTC.BINANCE and created matching engine
2026-09-16T06:17:56.366059637Z [INFO] EDGETRADER-VIRTUAL.SimulatedExchange(BINANCE): Added instrument GMXBUSD.BINANCE and created matching engine
2026-09-16T06:17:56.366297618Z [INFO] EDGETRADER-VIRTUAL.SimulatedExchange(BINANCE): Added instrument GMXUSDT.BINANCE and created matching engine
2026-09-16T06:17:56.366514659Z [INFO] EDGETRADER-VIRTUAL.SimulatedExchange(BINANCE): Added instrument AGIXBUSD.BINANCE and created matching engine
2026-09-16T06:17:56.366678520Z [INFO] EDGETRADER-VIRTUAL.SimulatedExchange(BINANCE): Added instrument NEBLUSDT.BINANCE and created matching engine
2026-09-16T06:17:56.366852470Z [INFO] EDGETRADER-VIRTUAL.SimulatedExchange(BINANCE): Added instrument SNTBUSD.BINANCE and created matching engine
2026-09-16T06:17:56.367058311Z [INFO] EDGETRADER-VIRTUAL.SimulatedExchange(BINANCE): Added instrument POLYXBTC.BINANCE and created matching engine
2026-09-16T06:17:56.367206538Z [INFO] EDGETRADER-VIRTUAL.SimulatedExchange(BINANCE): Added instrument POLYXBUSD.BINANCE and created matching engine
2026-09-16T06:17:56.367494871Z [INFO] EDGETRADER-VIRTUAL.SimulatedExchange(BINANCE): Added instrument POLYXUSDT.BINANCE and created matching engine
2026-09-16T06:17:56.367747643Z [INFO] EDGETRADER-VIRTUAL.SimulatedExchange(BINANCE): Added instrument APTBTC.BINANCE and created matching engine
2026-09-16T06:17:56.368066388Z [INFO] EDGETRADER-VIRTUAL.SimulatedExchange(BINANCE): Added instrument APTUSDT.BINANCE and created matching engine
2026-09-16T06:17:56.368446997Z [INFO] EDGETRADER-VIRTUAL.SimulatedExchange(BINANCE): Added instrument APTBUSD.BINANCE and created matching engine
2026-09-16T06:17:56.368886014Z [INFO] EDGETRADER-VIRTUAL.SimulatedExchange(BINANCE): Added instrument BTCPLN.BINANCE and created matching engine
2026-09-16T06:17:56.369267470Z [INFO] EDGETRADER-VIRTUAL.SimulatedExchange(BINANCE): Added instrument ETHPLN.BINANCE and created matching engine
2026-09-16T06:17:56.369806253Z [INFO] EDGETRADER-VIRTUAL.SimulatedExchange(BINANCE): Added instrument BUSDPLN.BINANCE and created matching engine
2026-09-16T06:17:56.370046410Z [INFO] EDGETRADER-VIRTUAL.SimulatedExchange(BINANCE): Added instrument APTEUR.BINANCE and created matching engine
2026-09-16T06:17:56.370305179Z [INFO] EDGETRADER-VIRTUAL.SimulatedExchange(BINANCE): Added instrument APTTRY.BINANCE and created matching engine
2026-09-16T06:17:56.370522524Z [INFO] EDGETRADER-VIRTUAL.SimulatedExchange(BINANCE): Added instrument APTBRL.BINANCE and created matching engine
2026-09-16T06:17:56.370751961Z [INFO] EDGETRADER-VIRTUAL.SimulatedExchange(BINANCE): Added instrument QKCBUSD.BINANCE and created matching engine
2026-09-16T06:17:56.370939755Z [INFO] EDGETRADER-VIRTUAL.SimulatedExchange(BINANCE): Added instrument OSMOBTC.BINANCE and created matching engine
2026-09-16T06:17:56.371124543Z [INFO] EDGETRADER-VIRTUAL.SimulatedExchange(BINANCE): Added instrument OSMOUSDT.BINANCE and created matching engine
2026-09-16T06:17:56.371339187Z [INFO] EDGETRADER-VIRTUAL.SimulatedExchange(BINANCE): Added instrument OSMOBUSD.BINANCE and created matching engine
2026-09-16T06:17:56.371551343Z [INFO] EDGETRADER-VIRTUAL.SimulatedExchange(BINANCE): Added instrument HFTBTC.BINANCE and created matching engine
2026-09-16T06:17:56.371717334Z [INFO] EDGETRADER-VIRTUAL.SimulatedExchange(BINANCE): Added instrument HFTBUSD.BINANCE and created matching engine
2026-09-16T06:17:56.371892632Z [INFO] EDGETRADER-VIRTUAL.SimulatedExchange(BINANCE): Added instrument HFTUSDT.BINANCE and created matching engine
2026-09-16T06:17:56.372098416Z [INFO] EDGETRADER-VIRTUAL.SimulatedExchange(BINANCE): Added instrument ARPAETH.BINANCE and created matching engine
2026-09-16T06:17:56.372288872Z [INFO] EDGETRADER-VIRTUAL.SimulatedExchange(BINANCE): Added instrument PHBUSDT.BINANCE and created matching engine
2026-09-16T06:17:56.372619659Z [INFO] EDGETRADER-VIRTUAL.SimulatedExchange(BINANCE): Added instrument VITEBUSD.BINANCE and created matching engine
2026-09-16T06:17:56.372900297Z [INFO] EDGETRADER-VIRTUAL.SimulatedExchange(BINANCE): Added instrument HOOKBTC.BINANCE and created matching engine
2026-09-16T06:17:56.373113445Z [INFO] EDGETRADER-VIRTUAL.SimulatedExchange(BINANCE): Added instrument HOOKUSDT.BINANCE and created matching engine
2026-09-16T06:17:56.373262957Z [INFO] EDGETRADER-VIRTUAL.SimulatedExchange(BINANCE): Added instrument HOOKBUSD.BINANCE and created matching engine
2026-09-16T06:17:56.373443842Z [INFO] EDGETRADER-VIRTUAL.SimulatedExchange(BINANCE): Added instrument HOOKBNB.BINANCE and created matching engine
2026-09-16T06:17:56.373649333Z [INFO] EDGETRADER-VIRTUAL.SimulatedExchange(BINANCE): Added instrument MAGICBTC.BINANCE and created matching engine
2026-09-16T06:17:56.373835919Z [INFO] EDGETRADER-VIRTUAL.SimulatedExchange(BINANCE): Added instrument MAGICBUSD.BINANCE and created matching engine
2026-09-16T06:17:56.374080928Z [INFO] EDGETRADER-VIRTUAL.SimulatedExchange(BINANCE): Added instrument MAGICUSDT.BINANCE and created matching engine
2026-09-16T06:17:56.374284226Z [INFO] EDGETRADER-VIRTUAL.SimulatedExchange(BINANCE): Added instrument BUSDRON.BINANCE and created matching engine
2026-09-16T06:17:56.374477234Z [INFO] EDGETRADER-VIRTUAL.SimulatedExchange(BINANCE): Added instrument HIFIETH.BINANCE and created matching engine
2026-09-16T06:17:56.374698418Z [INFO] EDGETRADER-VIRTUAL.SimulatedExchange(BINANCE): Added instrument HIFIUSDT.BINANCE and created matching engine
2026-09-16T06:17:56.374896286Z [INFO] EDGETRADER-VIRTUAL.SimulatedExchange(BINANCE): Added instrument RPLBTC.BINANCE and created matching engine
2026-09-16T06:17:56.375115676Z [INFO] EDGETRADER-VIRTUAL.SimulatedExchange(BINANCE): Added instrument RPLBUSD.BINANCE and created matching engine
2026-09-16T06:17:56.375355321Z [INFO] EDGETRADER-VIRTUAL.SimulatedExchange(BINANCE): Added instrument RPLUSDT.BINANCE and created matching engine
2026-09-16T06:17:56.375517933Z [INFO] EDGETRADER-VIRTUAL.SimulatedExchange(BINANCE): Added instrument PROSUSDT.BINANCE and created matching engine
2026-09-16T06:17:56.375717367Z [INFO] EDGETRADER-VIRTUAL.SimulatedExchange(BINANCE): Added instrument FETTRY.BINANCE and created matching engine
2026-09-16T06:17:56.375938647Z [INFO] EDGETRADER-VIRTUAL.SimulatedExchange(BINANCE): Added instrument GFTBUSD.BINANCE and created matching engine
2026-09-16T06:17:56.376145410Z [INFO] EDGETRADER-VIRTUAL.SimulatedExchange(BINANCE): Added instrument AGIXUSDT.BINANCE and created matching engine
2026-09-16T06:17:56.376343294Z [INFO] EDGETRADER-VIRTUAL.SimulatedExchange(BINANCE): Added instrument APTETH.BINANCE and created matching engine
2026-09-16T06:17:56.376559921Z [INFO] EDGETRADER-VIRTUAL.SimulatedExchange(BINANCE): Added instrument BTCRON.BINANCE and created matching engine
2026-09-16T06:17:56.376748904Z [INFO] EDGETRADER-VIRTUAL.SimulatedExchange(BINANCE): Added instrument GNSUSDT.BINANCE and created matching engine
2026-09-16T06:17:56.376914597Z [INFO] EDGETRADER-VIRTUAL.SimulatedExchange(BINANCE): Added instrument GNSBTC.BINANCE and created matching engine
2026-09-16T06:17:56.377104226Z [INFO] EDGETRADER-VIRTUAL.SimulatedExchange(BINANCE): Added instrument SYNBTC.BINANCE and created matching engine
2026-09-16T06:17:56.377333393Z [INFO] EDGETRADER-VIRTUAL.SimulatedExchange(BINANCE): Added instrument SYNUSDT.BINANCE and created matching engine
2026-09-16T06:17:56.377505166Z [INFO] EDGETRADER-VIRTUAL.SimulatedExchange(BINANCE): Added instrument VIBUSDT.BINANCE and created matching engine
2026-09-16T06:17:56.377661473Z [INFO] EDGETRADER-VIRTUAL.SimulatedExchange(BINANCE): Added instrument SSVUSDT.BINANCE and created matching engine
2026-09-16T06:17:56.377878047Z [INFO] EDGETRADER-VIRTUAL.SimulatedExchange(BINANCE): Added instrument LQTYUSDT.BINANCE and created matching engine
2026-09-16T06:17:56.378057447Z [INFO] EDGETRADER-VIRTUAL.SimulatedExchange(BINANCE): Added instrument LQTYBTC.BINANCE and created matching engine
2026-09-16T06:17:56.378228634Z [INFO] EDGETRADER-VIRTUAL.SimulatedExchange(BINANCE): Added instrument AMBUSDT.BINANCE and created matching engine
2026-09-16T06:17:56.378473003Z [INFO] EDGETRADER-VIRTUAL.SimulatedExchange(BINANCE): Added instrument BETHUSDT.BINANCE and created matching engine
2026-09-16T06:17:56.378685949Z [INFO] EDGETRADER-VIRTUAL.SimulatedExchange(BINANCE): Added instrument CFXTRY.BINANCE and created matching engine
2026-09-16T06:17:56.378860406Z [INFO] EDGETRADER-VIRTUAL.SimulatedExchange(BINANCE): Added instrument STXTRY.BINANCE and created matching engine
2026-09-16T06:17:56.379098906Z [INFO] EDGETRADER-VIRTUAL.SimulatedExchange(BINANCE): Added instrument USTCUSDT.BINANCE and created matching engine
2026-09-16T06:17:56.379301634Z [INFO] EDGETRADER-VIRTUAL.SimulatedExchange(BINANCE): Added instrument GASUSDT.BINANCE and created matching engine
2026-09-16T06:17:56.379527863Z [INFO] EDGETRADER-VIRTUAL.SimulatedExchange(BINANCE): Added instrument GLMUSDT.BINANCE and created matching engine
2026-09-16T06:17:56.379740154Z [INFO] EDGETRADER-VIRTUAL.SimulatedExchange(BINANCE): Added instrument PROMUSDT.BINANCE and created matching engine
2026-09-16T06:17:56.379943690Z [INFO] EDGETRADER-VIRTUAL.SimulatedExchange(BINANCE): Added instrument QKCUSDT.BINANCE and created matching engine
2026-09-16T06:17:56.380181594Z [INFO] EDGETRADER-VIRTUAL.SimulatedExchange(BINANCE): Added instrument UFTUSDT.BINANCE and created matching engine
2026-09-16T06:17:56.380410505Z [INFO] EDGETRADER-VIRTUAL.SimulatedExchange(BINANCE): Added instrument IDBTC.BINANCE and created matching engine
2026-09-16T06:17:56.380631533Z [INFO] EDGETRADER-VIRTUAL.SimulatedExchange(BINANCE): Added instrument IDBNB.BINANCE and created matching engine
2026-09-16T06:17:56.380878656Z [INFO] EDGETRADER-VIRTUAL.SimulatedExchange(BINANCE): Added instrument IDUSDT.BINANCE and created matching engine
2026-09-16T06:17:56.381069403Z [INFO] EDGETRADER-VIRTUAL.SimulatedExchange(BINANCE): Added instrument ARBBTC.BINANCE and created matching engine
2026-09-16T06:17:56.381289688Z [INFO] EDGETRADER-VIRTUAL.SimulatedExchange(BINANCE): Added instrument ARBUSDT.BINANCE and created matching engine
2026-09-16T06:17:56.381491857Z [INFO] EDGETRADER-VIRTUAL.SimulatedExchange(BINANCE): Added instrument AGIXTRY.BINANCE and created matching engine
2026-09-16T06:17:56.381677323Z [INFO] EDGETRADER-VIRTUAL.SimulatedExchange(BINANCE): Added instrument LOOMUSDT.BINANCE and created matching engine
2026-09-16T06:17:56.381879605Z [INFO] EDGETRADER-VIRTUAL.SimulatedExchange(BINANCE): Added instrument OAXUSDT.BINANCE and created matching engine
2026-09-16T06:17:56.382090455Z [INFO] EDGETRADER-VIRTUAL.SimulatedExchange(BINANCE): Added instrument ARBTUSD.BINANCE and created matching engine
2026-09-16T06:17:56.382328451Z [INFO] EDGETRADER-VIRTUAL.SimulatedExchange(BINANCE): Added instrument ARBTRY.BINANCE and created matching engine
2026-09-16T06:17:56.382556037Z [INFO] EDGETRADER-VIRTUAL.SimulatedExchange(BINANCE): Added instrument ARBEUR.BINANCE and created matching engine
2026-09-16T06:17:56.382753357Z [INFO] EDGETRADER-VIRTUAL.SimulatedExchange(BINANCE): Added instrument IDTUSD.BINANCE and created matching engine
2026-09-16T06:17:56.382900274Z [INFO] EDGETRADER-VIRTUAL.SimulatedExchange(BINANCE): Added instrument IDTRY.BINANCE and created matching engine
2026-09-16T06:17:56.383102293Z [INFO] EDGETRADER-VIRTUAL.SimulatedExchange(BINANCE): Added instrument IDEUR.BINANCE and created matching engine
2026-09-16T06:17:56.383342181Z [INFO] EDGETRADER-VIRTUAL.SimulatedExchange(BINANCE): Added instrument LDOTUSD.BINANCE and created matching engine
2026-09-16T06:17:56.383567142Z [INFO] EDGETRADER-VIRTUAL.SimulatedExchange(BINANCE): Added instrument MATICTUSD.BINANCE and created matching engine
2026-09-16T06:17:56.383746517Z [INFO] EDGETRADER-VIRTUAL.SimulatedExchange(BINANCE): Added instrument OPTUSD.BINANCE and created matching engine
2026-09-16T06:17:56.384010235Z [INFO] EDGETRADER-VIRTUAL.SimulatedExchange(BINANCE): Added instrument SOLTUSD.BINANCE and created matching engine
2026-09-16T06:17:56.384759143Z [INFO] EDGETRADER-VIRTUAL.SimulatedExchange(BINANCE): Added instrument SSVTUSD.BINANCE and created matching engine
2026-09-16T06:17:56.385378993Z [INFO] EDGETRADER-VIRTUAL.SimulatedExchange(BINANCE): Added instrument RDNTBTC.BINANCE and created matching engine
2026-09-16T06:17:56.386071988Z [INFO] EDGETRADER-VIRTUAL.SimulatedExchange(BINANCE): Added instrument RDNTUSDT.BINANCE and created matching engine
2026-09-16T06:17:56.386535782Z [INFO] EDGETRADER-VIRTUAL.SimulatedExchange(BINANCE): Added instrument RDNTTUSD.BINANCE and created matching engine
2026-09-16T06:17:56.386893521Z [INFO] EDGETRADER-VIRTUAL.SimulatedExchange(BINANCE): Added instrument ARBRUB.BINANCE and created matching engine
2026-09-16T06:17:56.387137267Z [INFO] EDGETRADER-VIRTUAL.SimulatedExchange(BINANCE): Added instrument JOETRY.BINANCE and created matching engine
2026-09-16T06:17:56.387368726Z [INFO] EDGETRADER-VIRTUAL.SimulatedExchange(BINANCE): Added instrument MAGICTRY.BINANCE and created matching engine
2026-09-16T06:17:56.387572857Z [INFO] EDGETRADER-VIRTUAL.SimulatedExchange(BINANCE): Added instrument USDTPLN.BINANCE and created matching engine
2026-09-16T06:17:56.387742442Z [INFO] EDGETRADER-VIRTUAL.SimulatedExchange(BINANCE): Added instrument ACHTRY.BINANCE and created matching engine
2026-09-16T06:17:56.388002205Z [INFO] EDGETRADER-VIRTUAL.SimulatedExchange(BINANCE): Added instrument XVSTRY.BINANCE and created matching engine
2026-09-16T06:17:56.388184485Z [INFO] EDGETRADER-VIRTUAL.SimulatedExchange(BINANCE): Added instrument EGLDRON.BINANCE and created matching engine
2026-09-16T06:17:56.388407877Z [INFO] EDGETRADER-VIRTUAL.SimulatedExchange(BINANCE): Added instrument USDTRON.BINANCE and created matching engine
2026-09-16T06:17:56.388601532Z [INFO] EDGETRADER-VIRTUAL.SimulatedExchange(BINANCE): Added instrument USDTARS.BINANCE and created matching engine
2026-09-16T06:17:56.388822786Z [INFO] EDGETRADER-VIRTUAL.SimulatedExchange(BINANCE): Added instrument DOGETUSD.BINANCE and created matching engine
2026-09-16T06:17:56.389083830Z [INFO] EDGETRADER-VIRTUAL.SimulatedExchange(BINANCE): Added instrument WBTCUSDT.BINANCE and created matching engine
2026-09-16T06:17:56.389270035Z [INFO] EDGETRADER-VIRTUAL.SimulatedExchange(BINANCE): Added instrument EDUUSDT.BINANCE and created matching engine
2026-09-16T06:17:56.389592473Z [INFO] EDGETRADER-VIRTUAL.SimulatedExchange(BINANCE): Added instrument EDUTUSD.BINANCE and created matching engine
2026-09-16T06:17:56.389871671Z [INFO] EDGETRADER-VIRTUAL.SimulatedExchange(BINANCE): Added instrument EDUBNB.BINANCE and created matching engine
2026-09-16T06:17:56.390188439Z [INFO] EDGETRADER-VIRTUAL.SimulatedExchange(BINANCE): Added instrument EDUBTC.BINANCE and created matching engine
2026-09-16T06:17:56.390411778Z [INFO] EDGETRADER-VIRTUAL.SimulatedExchange(BINANCE): Added instrument EDUEUR.BINANCE and created matching engine
2026-09-16T06:17:56.390670713Z [INFO] EDGETRADER-VIRTUAL.SimulatedExchange(BINANCE): Added instrument EDUTRY.BINANCE and created matching engine
2026-09-16T06:17:56.390871624Z [INFO] EDGETRADER-VIRTUAL.SimulatedExchange(BINANCE): Added instrument SUIUSDT.BINANCE and created matching engine
2026-09-16T06:17:56.391142784Z [INFO] EDGETRADER-VIRTUAL.SimulatedExchange(BINANCE): Added instrument SUITUSD.BINANCE and created matching engine
2026-09-16T06:17:56.391327840Z [INFO] EDGETRADER-VIRTUAL.SimulatedExchange(BINANCE): Added instrument SUIBTC.BINANCE and created matching engine
2026-09-16T06:17:56.391558278Z [INFO] EDGETRADER-VIRTUAL.SimulatedExchange(BINANCE): Added instrument SUIBNB.BINANCE and created matching engine
2026-09-16T06:17:56.391815675Z [INFO] EDGETRADER-VIRTUAL.SimulatedExchange(BINANCE): Added instrument SUIEUR.BINANCE and created matching engine
2026-09-16T06:17:56.392017774Z [INFO] EDGETRADER-VIRTUAL.SimulatedExchange(BINANCE): Added instrument SUITRY.BINANCE and created matching engine
2026-09-16T06:17:56.392258418Z [INFO] EDGETRADER-VIRTUAL.SimulatedExchange(BINANCE): Added instrument AERGOUSDT.BINANCE and created matching engine
2026-09-16T06:17:56.392472506Z [INFO] EDGETRADER-VIRTUAL.SimulatedExchange(BINANCE): Added instrument RNDRTRY.BINANCE and created matching engine
2026-09-16T06:17:56.392647619Z [INFO] EDGETRADER-VIRTUAL.SimulatedExchange(BINANCE): Added instrument PEPEUSDT.BINANCE and created matching engine
2026-09-16T06:17:56.392899460Z [INFO] EDGETRADER-VIRTUAL.SimulatedExchange(BINANCE): Added instrument PEPETUSD.BINANCE and created matching engine
2026-09-16T06:17:56.393131776Z [INFO] EDGETRADER-VIRTUAL.SimulatedExchange(BINANCE): Added instrument FLOKIUSDT.BINANCE and created matching engine
2026-09-16T06:17:56.393388490Z [INFO] EDGETRADER-VIRTUAL.SimulatedExchange(BINANCE): Added instrument FLOKITUSD.BINANCE and created matching engine
2026-09-16T06:17:56.393587344Z [INFO] EDGETRADER-VIRTUAL.SimulatedExchange(BINANCE): Added instrument OGTRY.BINANCE and created matching engine
2026-09-16T06:17:56.393751619Z [INFO] EDGETRADER-VIRTUAL.SimulatedExchange(BINANCE): Added instrument PEPETRY.BINANCE and created matching engine
2026-09-16T06:17:56.393994609Z [INFO] EDGETRADER-VIRTUAL.SimulatedExchange(BINANCE): Added instrument WBETHETH.BINANCE and created matching engine
2026-09-16T06:17:56.394161474Z [INFO] EDGETRADER-VIRTUAL.SimulatedExchange(BINANCE): Added instrument ASTUSDT.BINANCE and created matching engine
2026-09-16T06:17:56.394390911Z [INFO] EDGETRADER-VIRTUAL.SimulatedExchange(BINANCE): Added instrument SNTUSDT.BINANCE and created matching engine
2026-09-16T06:17:56.394596460Z [INFO] EDGETRADER-VIRTUAL.SimulatedExchange(BINANCE): Added instrument FLOKITRY.BINANCE and created matching engine
2026-09-16T06:17:56.394803153Z [INFO] EDGETRADER-VIRTUAL.SimulatedExchange(BINANCE): Added instrument CITYTRY.BINANCE and created matching engine
2026-09-16T06:17:56.395062125Z [INFO] EDGETRADER-VIRTUAL.SimulatedExchange(BINANCE): Added instrument COMBOUSDT.BINANCE and created matching engine
2026-09-16T06:17:56.395296019Z [INFO] EDGETRADER-VIRTUAL.SimulatedExchange(BINANCE): Added instrument COMBOBNB.BINANCE and created matching engine
2026-09-16T06:17:56.395558308Z [INFO] EDGETRADER-VIRTUAL.SimulatedExchange(BINANCE): Added instrument COMBOTRY.BINANCE and created matching engine
2026-09-16T06:17:56.395777480Z [INFO] EDGETRADER-VIRTUAL.SimulatedExchange(BINANCE): Added instrument LTCTRY.BINANCE and created matching engine
2026-09-16T06:17:56.396068833Z [INFO] EDGETRADER-VIRTUAL.SimulatedExchange(BINANCE): Added instrument RADTRY.BINANCE and created matching engine
2026-09-16T06:17:56.396253309Z [INFO] EDGETRADER-VIRTUAL.SimulatedExchange(BINANCE): Added instrument BTCARS.BINANCE and created matching engine
2026-09-16T06:17:56.396411004Z [INFO] EDGETRADER-VIRTUAL.SimulatedExchange(BINANCE): Added instrument OPTRY.BINANCE and created matching engine
2026-09-16T06:17:56.396715151Z [INFO] EDGETRADER-VIRTUAL.SimulatedExchange(BINANCE): Added instrument PAXGTRY.BINANCE and created matching engine
2026-09-16T06:17:56.396917066Z [INFO] EDGETRADER-VIRTUAL.SimulatedExchange(BINANCE): Added instrument MAVBTC.BINANCE and created matching engine
2026-09-16T06:17:56.397199460Z [INFO] EDGETRADER-VIRTUAL.SimulatedExchange(BINANCE): Added instrument MAVUSDT.BINANCE and created matching engine
2026-09-16T06:17:56.397420415Z [INFO] EDGETRADER-VIRTUAL.SimulatedExchange(BINANCE): Added instrument MAVTUSD.BINANCE and created matching engine
2026-09-16T06:17:56.397709602Z [INFO] EDGETRADER-VIRTUAL.SimulatedExchange(BINANCE): Added instrument CFXTUSD.BINANCE and created matching engine
2026-09-16T06:17:56.397922669Z [INFO] EDGETRADER-VIRTUAL.SimulatedExchange(BINANCE): Added instrument PENDLEBTC.BINANCE and created matching engine
2026-09-16T06:17:56.398170875Z [INFO] EDGETRADER-VIRTUAL.SimulatedExchange(BINANCE): Added instrument PENDLEUSDT.BINANCE and created matching engine
2026-09-16T06:17:56.398356982Z [INFO] EDGETRADER-VIRTUAL.SimulatedExchange(BINANCE): Added instrument PENDLETUSD.BINANCE and created matching engine
2026-09-16T06:17:56.398572056Z [INFO] EDGETRADER-VIRTUAL.SimulatedExchange(BINANCE): Added instrument MAVTRY.BINANCE and created matching engine
2026-09-16T06:17:56.398833853Z [INFO] EDGETRADER-VIRTUAL.SimulatedExchange(BINANCE): Added instrument OCEANTRY.BINANCE and created matching engine
2026-09-16T06:17:56.399010261Z [INFO] EDGETRADER-VIRTUAL.SimulatedExchange(BINANCE): Added instrument TUSDTRY.BINANCE and created matching engine
2026-09-16T06:17:56.399171438Z [INFO] EDGETRADER-VIRTUAL.SimulatedExchange(BINANCE): Added instrument ARBETH.BINANCE and created matching engine
2026-09-16T06:17:56.399428956Z [INFO] EDGETRADER-VIRTUAL.SimulatedExchange(BINANCE): Added instrument BCHTRY.BINANCE and created matching engine
2026-09-16T06:17:56.399648144Z [INFO] EDGETRADER-VIRTUAL.SimulatedExchange(BINANCE): Added instrument XVGTRY.BINANCE and created matching engine
2026-09-16T06:17:56.400019305Z [INFO] EDGETRADER-VIRTUAL.SimulatedExchange(BINANCE): Added instrument XVGTUSD.BINANCE and created matching engine
2026-09-16T06:17:56.400336950Z [INFO] EDGETRADER-VIRTUAL.SimulatedExchange(BINANCE): Added instrument ARKMUSDT.BINANCE and created matching engine
2026-09-16T06:17:56.400542445Z [INFO] EDGETRADER-VIRTUAL.SimulatedExchange(BINANCE): Added instrument ARKMTUSD.BINANCE and created matching engine
2026-09-16T06:17:56.400790459Z [INFO] EDGETRADER-VIRTUAL.SimulatedExchange(BINANCE): Added instrument ARKMTRY.BINANCE and created matching engine
2026-09-16T06:17:56.401494208Z [INFO] EDGETRADER-VIRTUAL.SimulatedExchange(BINANCE): Added instrument ARKMBNB.BINANCE and created matching engine
2026-09-16T06:17:56.402332737Z [INFO] EDGETRADER-VIRTUAL.SimulatedExchange(BINANCE): Added instrument ARKMBTC.BINANCE and created matching engine
2026-09-16T06:17:56.402799021Z [INFO] EDGETRADER-VIRTUAL.SimulatedExchange(BINANCE): Added instrument WBETHUSDT.BINANCE and created matching engine
2026-09-16T06:17:56.403056374Z [INFO] EDGETRADER-VIRTUAL.SimulatedExchange(BINANCE): Added instrument ACATRY.BINANCE and created matching engine
2026-09-16T06:17:56.403248069Z [INFO] EDGETRADER-VIRTUAL.SimulatedExchange(BINANCE): Added instrument AVAXTUSD.BINANCE and created matching engine
2026-09-16T06:17:56.403424223Z [INFO] EDGETRADER-VIRTUAL.SimulatedExchange(BINANCE): Added instrument COMPTUSD.BINANCE and created matching engine
2026-09-16T06:17:56.403598095Z [INFO] EDGETRADER-VIRTUAL.SimulatedExchange(BINANCE): Added instrument COMPTRY.BINANCE and created matching engine
2026-09-16T06:17:56.403763420Z [INFO] EDGETRADER-VIRTUAL.SimulatedExchange(BINANCE): Added instrument XECTRY.BINANCE and created matching engine
2026-09-16T06:17:56.403913488Z [INFO] EDGETRADER-VIRTUAL.SimulatedExchange(BINANCE): Added instrument QUICKTUSD.BINANCE and created matching engine
2026-09-16T06:17:56.404127231Z [INFO] EDGETRADER-VIRTUAL.SimulatedExchange(BINANCE): Added instrument WLDUSDT.BINANCE and created matching engine
2026-09-16T06:17:56.404367366Z [INFO] EDGETRADER-VIRTUAL.SimulatedExchange(BINANCE): Added instrument WLDBTC.BINANCE and created matching engine
2026-09-16T06:17:56.404537788Z [INFO] EDGETRADER-VIRTUAL.SimulatedExchange(BINANCE): Added instrument BNBFDUSD.BINANCE and created matching engine
2026-09-16T06:17:56.404688805Z [INFO] EDGETRADER-VIRTUAL.SimulatedExchange(BINANCE): Added instrument FDUSDBUSD.BINANCE and created matching engine
2026-09-16T06:17:56.404897057Z [INFO] EDGETRADER-VIRTUAL.SimulatedExchange(BINANCE): Added instrument FDUSDUSDT.BINANCE and created matching engine
2026-09-16T06:17:56.405078042Z [INFO] EDGETRADER-VIRTUAL.SimulatedExchange(BINANCE): Added instrument ARKMRUB.BINANCE and created matching engine
2026-09-16T06:17:56.405321579Z [INFO] EDGETRADER-VIRTUAL.SimulatedExchange(BINANCE): Added instrument WLDTRY.BINANCE and created matching engine
2026-09-16T06:17:56.405541840Z [INFO] EDGETRADER-VIRTUAL.SimulatedExchange(BINANCE): Added instrument WLDRUB.BINANCE and created matching engine
2026-09-16T06:17:56.405764145Z [INFO] EDGETRADER-VIRTUAL.SimulatedExchange(BINANCE): Added instrument AMPTRY.BINANCE and created matching engine
2026-09-16T06:17:56.406114735Z [INFO] EDGETRADER-VIRTUAL.SimulatedExchange(BINANCE): Added instrument OGNTRY.BINANCE and created matching engine
2026-09-16T06:17:56.406351215Z [INFO] EDGETRADER-VIRTUAL.SimulatedExchange(BINANCE): Added instrument BTCFDUSD.BINANCE and created matching engine
2026-09-16T06:17:56.406574909Z [INFO] EDGETRADER-VIRTUAL.SimulatedExchange(BINANCE): Added instrument ETHFDUSD.BINANCE and created matching engine
2026-09-16T06:17:56.406755551Z [INFO] EDGETRADER-VIRTUAL.SimulatedExchange(BINANCE): Added instrument ASRTRY.BINANCE and created matching engine
2026-09-16T06:17:56.407015762Z [INFO] EDGETRADER-VIRTUAL.SimulatedExchange(BINANCE): Added instrument ATMTRY.BINANCE and created matching engine
2026-09-16T06:17:56.407248463Z [INFO] EDGETRADER-VIRTUAL.SimulatedExchange(BINANCE): Added instrument ACMTRY.BINANCE and created matching engine
2026-09-16T06:17:56.407467465Z [INFO] EDGETRADER-VIRTUAL.SimulatedExchange(BINANCE): Added instrument BARTRY.BINANCE and created matching engine
2026-09-16T06:17:56.407685225Z [INFO] EDGETRADER-VIRTUAL.SimulatedExchange(BINANCE): Added instrument JUVTRY.BINANCE and created matching engine
2026-09-16T06:17:56.407849180Z [INFO] EDGETRADER-VIRTUAL.SimulatedExchange(BINANCE): Added instrument PSGTRY.BINANCE and created matching engine
2026-09-16T06:17:56.408053434Z [INFO] EDGETRADER-VIRTUAL.SimulatedExchange(BINANCE): Added instrument SEIBNB.BINANCE and created matching engine
2026-09-16T06:17:56.408314910Z [INFO] EDGETRADER-VIRTUAL.SimulatedExchange(BINANCE): Added instrument SEIBTC.BINANCE and created matching engine
2026-09-16T06:17:56.408488157Z [INFO] EDGETRADER-VIRTUAL.SimulatedExchange(BINANCE): Added instrument SEIFDUSD.BINANCE and created matching engine
2026-09-16T06:17:56.408710979Z [INFO] EDGETRADER-VIRTUAL.SimulatedExchange(BINANCE): Added instrument SEITRY.BINANCE and created matching engine
2026-09-16T06:17:56.408879451Z [INFO] EDGETRADER-VIRTUAL.SimulatedExchange(BINANCE): Added instrument SEIUSDT.BINANCE and created matching engine
2026-09-16T06:17:56.409088139Z [INFO] EDGETRADER-VIRTUAL.SimulatedExchange(BINANCE): Added instrument CYBERBNB.BINANCE and created matching engine
2026-09-16T06:17:56.409343022Z [INFO] EDGETRADER-VIRTUAL.SimulatedExchange(BINANCE): Added instrument CYBERBTC.BINANCE and created matching engine
2026-09-16T06:17:56.409506017Z [INFO] EDGETRADER-VIRTUAL.SimulatedExchange(BINANCE): Added instrument CYBERFDUSD.BINANCE and created matching engine
2026-09-16T06:17:56.409731604Z [INFO] EDGETRADER-VIRTUAL.SimulatedExchange(BINANCE): Added instrument CYBERTRY.BINANCE and created matching engine
2026-09-16T06:17:56.409906832Z [INFO] EDGETRADER-VIRTUAL.SimulatedExchange(BINANCE): Added instrument CYBERUSDT.BINANCE and created matching engine
2026-09-16T06:17:56.410085124Z [INFO] EDGETRADER-VIRTUAL.SimulatedExchange(BINANCE): Added instrument CYBERTUSD.BINANCE and created matching engine
2026-09-16T06:17:56.410309647Z [INFO] EDGETRADER-VIRTUAL.SimulatedExchange(BINANCE): Added instrument SEITUSD.BINANCE and created matching engine
2026-09-16T06:17:56.410499906Z [INFO] EDGETRADER-VIRTUAL.SimulatedExchange(BINANCE): Added instrument LPTTRY.BINANCE and created matching engine
2026-09-16T06:17:56.410667342Z [INFO] EDGETRADER-VIRTUAL.SimulatedExchange(BINANCE): Added instrument UNITRY.BINANCE and created matching engine
2026-09-16T06:17:56.410821497Z [INFO] EDGETRADER-VIRTUAL.SimulatedExchange(BINANCE): Added instrument SOLFDUSD.BINANCE and created matching engine
2026-09-16T06:17:56.410979528Z [INFO] EDGETRADER-VIRTUAL.SimulatedExchange(BINANCE): Added instrument TOMOTRY.BINANCE and created matching engine
2026-09-16T06:17:56.411160326Z [INFO] EDGETRADER-VIRTUAL.SimulatedExchange(BINANCE): Added instrument UNFITRY.BINANCE and created matching engine
2026-09-16T06:17:56.411376749Z [INFO] EDGETRADER-VIRTUAL.SimulatedExchange(BINANCE): Added instrument XRPFDUSD.BINANCE and created matching engine
2026-09-16T06:17:56.411572441Z [INFO] EDGETRADER-VIRTUAL.SimulatedExchange(BINANCE): Added instrument DOGEFDUSD.BINANCE and created matching engine
2026-09-16T06:17:56.411721252Z [INFO] EDGETRADER-VIRTUAL.SimulatedExchange(BINANCE): Added instrument CYBERETH.BINANCE and created matching engine
2026-09-16T06:17:56.411925366Z [INFO] EDGETRADER-VIRTUAL.SimulatedExchange(BINANCE): Added instrument MTLTRY.BINANCE and created matching engine
2026-09-16T06:17:56.412124897Z [INFO] EDGETRADER-VIRTUAL.SimulatedExchange(BINANCE): Added instrument ARKUSDT.BINANCE and created matching engine
2026-09-16T06:17:56.412289830Z [INFO] EDGETRADER-VIRTUAL.SimulatedExchange(BINANCE): Added instrument CREAMUSDT.BINANCE and created matching engine
2026-09-16T06:17:56.412449351Z [INFO] EDGETRADER-VIRTUAL.SimulatedExchange(BINANCE): Added instrument GFTUSDT.BINANCE and created matching engine
2026-09-16T06:17:56.412658651Z [INFO] EDGETRADER-VIRTUAL.SimulatedExchange(BINANCE): Added instrument IQUSDT.BINANCE and created matching engine
2026-09-16T06:17:56.412864587Z [INFO] EDGETRADER-VIRTUAL.SimulatedExchange(BINANCE): Added instrument USDTVAI.BINANCE and created matching engine
2026-09-16T06:17:56.413103098Z [INFO] EDGETRADER-VIRTUAL.SimulatedExchange(BINANCE): Added instrument ARBFDUSD.BINANCE and created matching engine
2026-09-16T06:17:56.413308566Z [INFO] EDGETRADER-VIRTUAL.SimulatedExchange(BINANCE): Added instrument FDUSDTRY.BINANCE and created matching engine
2026-09-16T06:17:56.413510707Z [INFO] EDGETRADER-VIRTUAL.SimulatedExchange(BINANCE): Added instrument FRONTTRY.BINANCE and created matching engine
2026-09-16T06:17:56.413664098Z [INFO] EDGETRADER-VIRTUAL.SimulatedExchange(BINANCE): Added instrument SUIFDUSD.BINANCE and created matching engine
2026-09-16T06:17:56.413821376Z [INFO] EDGETRADER-VIRTUAL.SimulatedExchange(BINANCE): Added instrument NTRNBTC.BINANCE and created matching engine
2026-09-16T06:17:56.414025176Z [INFO] EDGETRADER-VIRTUAL.SimulatedExchange(BINANCE): Added instrument NTRNUSDT.BINANCE and created matching engine
2026-09-16T06:17:56.414261192Z [INFO] EDGETRADER-VIRTUAL.SimulatedExchange(BINANCE): Added instrument NTRNBNB.BINANCE and created matching engine
2026-09-16T06:17:56.414470529Z [INFO] EDGETRADER-VIRTUAL.SimulatedExchange(BINANCE): Added instrument FILFDUSD.BINANCE and created matching engine
2026-09-16T06:17:56.414678897Z [INFO] EDGETRADER-VIRTUAL.SimulatedExchange(BINANCE): Added instrument FRONTTUSD.BINANCE and created matching engine
2026-09-16T06:17:56.414836888Z [INFO] EDGETRADER-VIRTUAL.SimulatedExchange(BINANCE): Added instrument LEVERTRY.BINANCE and created matching engine
2026-09-16T06:17:56.415042471Z [INFO] EDGETRADER-VIRTUAL.SimulatedExchange(BINANCE): Added instrument LTCFDUSD.BINANCE and created matching engine
2026-09-16T06:17:56.415462244Z [INFO] EDGETRADER-VIRTUAL.SimulatedExchange(BINANCE): Added instrument ADAFDUSD.BINANCE and created matching engine
2026-09-16T06:17:56.416135958Z [INFO] EDGETRADER-VIRTUAL.SimulatedExchange(BINANCE): Added instrument RUNETUSD.BINANCE and created matching engine
2026-09-16T06:17:56.416624297Z [INFO] EDGETRADER-VIRTUAL.SimulatedExchange(BINANCE): Added instrument TRBTRY.BINANCE and created matching engine
2026-09-16T06:17:56.416979685Z [INFO] EDGETRADER-VIRTUAL.SimulatedExchange(BINANCE): Added instrument ATOMFDUSD.BINANCE and created matching engine
2026-09-16T06:17:56.417948971Z [INFO] EDGETRADER-VIRTUAL.SimulatedExchange(BINANCE): Added instrument AVAXFDUSD.BINANCE and created matching engine
2026-09-16T06:17:56.418416922Z [INFO] EDGETRADER-VIRTUAL.SimulatedExchange(BINANCE): Added instrument BANDTRY.BINANCE and created matching engine
2026-09-16T06:17:56.418820933Z [INFO] EDGETRADER-VIRTUAL.SimulatedExchange(BINANCE): Added instrument BCHFDUSD.BINANCE and created matching engine
2026-09-16T06:17:56.419192699Z [INFO] EDGETRADER-VIRTUAL.SimulatedExchange(BINANCE): Added instrument LOOMTRY.BINANCE and created matching engine
2026-09-16T06:17:56.419515120Z [INFO] EDGETRADER-VIRTUAL.SimulatedExchange(BINANCE): Added instrument MATICFDUSD.BINANCE and created matching engine
2026-09-16T06:17:56.419793032Z [INFO] EDGETRADER-VIRTUAL.SimulatedExchange(BINANCE): Added instrument ALGOFDUSD.BINANCE and created matching engine
2026-09-16T06:17:56.419987086Z [INFO] EDGETRADER-VIRTUAL.SimulatedExchange(BINANCE): Added instrument DOTFDUSD.BINANCE and created matching engine
2026-09-16T06:17:56.420218767Z [INFO] EDGETRADER-VIRTUAL.SimulatedExchange(BINANCE): Added instrument FTMFDUSD.BINANCE and created matching engine
2026-09-16T06:17:56.420463922Z [INFO] EDGETRADER-VIRTUAL.SimulatedExchange(BINANCE): Added instrument LINKFDUSD.BINANCE and created matching engine
2026-09-16T06:17:56.420640224Z [INFO] EDGETRADER-VIRTUAL.SimulatedExchange(BINANCE): Added instrument NEARFDUSD.BINANCE and created matching engine
2026-09-16T06:17:56.420839135Z [INFO] EDGETRADER-VIRTUAL.SimulatedExchange(BINANCE): Added instrument STRAXTRY.BINANCE and created matching engine
2026-09-16T06:17:56.421102287Z [INFO] EDGETRADER-VIRTUAL.SimulatedExchange(BINANCE): Added instrument TIABTC.BINANCE and created matching engine
2026-09-16T06:17:56.421292687Z [INFO] EDGETRADER-VIRTUAL.SimulatedExchange(BINANCE): Added instrument TIAUSDT.BINANCE and created matching engine
2026-09-16T06:17:56.421502439Z [INFO] EDGETRADER-VIRTUAL.SimulatedExchange(BINANCE): Added instrument TIATRY.BINANCE and created matching engine
2026-09-16T06:17:56.421721801Z [INFO] EDGETRADER-VIRTUAL.SimulatedExchange(BINANCE): Added instrument MEMEBNB.BINANCE and created matching engine
2026-09-16T06:17:56.421961828Z [INFO] EDGETRADER-VIRTUAL.SimulatedExchange(BINANCE): Added instrument MEMEUSDT.BINANCE and created matching engine
2026-09-16T06:17:56.422274833Z [INFO] EDGETRADER-VIRTUAL.SimulatedExchange(BINANCE): Added instrument MEMEFDUSD.BINANCE and created matching engine
2026-09-16T06:17:56.422545005Z [INFO] EDGETRADER-VIRTUAL.SimulatedExchange(BINANCE): Added instrument MEMETUSD.BINANCE and created matching engine
2026-09-16T06:17:56.422778595Z [INFO] EDGETRADER-VIRTUAL.SimulatedExchange(BINANCE): Added instrument MEMETRY.BINANCE and created matching engine
2026-09-16T06:17:56.423072993Z [INFO] EDGETRADER-VIRTUAL.SimulatedExchange(BINANCE): Added instrument ORDIBTC.BINANCE and created matching engine
2026-09-16T06:17:56.423310240Z [INFO] EDGETRADER-VIRTUAL.SimulatedExchange(BINANCE): Added instrument ORDIUSDT.BINANCE and created matching engine
2026-09-16T06:17:56.423531808Z [INFO] EDGETRADER-VIRTUAL.SimulatedExchange(BINANCE): Added instrument ORDITRY.BINANCE and created matching engine
2026-09-16T06:17:56.423759596Z [INFO] EDGETRADER-VIRTUAL.SimulatedExchange(BINANCE): Added instrument EGLDFDUSD.BINANCE and created matching engine
2026-09-16T06:17:56.423964897Z [INFO] EDGETRADER-VIRTUAL.SimulatedExchange(BINANCE): Added instrument FETFDUSD.BINANCE and created matching engine
2026-09-16T06:17:56.424152245Z [INFO] EDGETRADER-VIRTUAL.SimulatedExchange(BINANCE): Added instrument GASFDUSD.BINANCE and created matching engine
2026-09-16T06:17:56.424348448Z [INFO] EDGETRADER-VIRTUAL.SimulatedExchange(BINANCE): Added instrument INJETH.BINANCE and created matching engine
2026-09-16T06:17:56.424531968Z [INFO] EDGETRADER-VIRTUAL.SimulatedExchange(BINANCE): Added instrument INJTUSD.BINANCE and created matching engine
2026-09-16T06:17:56.424779057Z [INFO] EDGETRADER-VIRTUAL.SimulatedExchange(BINANCE): Added instrument OPFDUSD.BINANCE and created matching engine
2026-09-16T06:17:56.424986274Z [INFO] EDGETRADER-VIRTUAL.SimulatedExchange(BINANCE): Added instrument ORDIFDUSD.BINANCE and created matching engine
2026-09-16T06:17:56.425225064Z [INFO] EDGETRADER-VIRTUAL.SimulatedExchange(BINANCE): Added instrument ORDITUSD.BINANCE and created matching engine
2026-09-16T06:17:56.425431629Z [INFO] EDGETRADER-VIRTUAL.SimulatedExchange(BINANCE): Added instrument RNDRFDUSD.BINANCE and created matching engine
2026-09-16T06:17:56.425642039Z [INFO] EDGETRADER-VIRTUAL.SimulatedExchange(BINANCE): Added instrument SHIBTUSD.BINANCE and created matching engine
2026-09-16T06:17:56.425832564Z [INFO] EDGETRADER-VIRTUAL.SimulatedExchange(BINANCE): Added instrument BEAMXUSDT.BINANCE and created matching engine
2026-09-16T06:17:56.426056230Z [INFO] EDGETRADER-VIRTUAL.SimulatedExchange(BINANCE): Added instrument ARKTRY.BINANCE and created matching engine
2026-09-16T06:17:56.426299271Z [INFO] EDGETRADER-VIRTUAL.SimulatedExchange(BINANCE): Added instrument BEAMXTRY.BINANCE and created matching engine
2026-09-16T06:17:56.426543169Z [INFO] EDGETRADER-VIRTUAL.SimulatedExchange(BINANCE): Added instrument CAKETRY.BINANCE and created matching engine
2026-09-16T06:17:56.426754087Z [INFO] EDGETRADER-VIRTUAL.SimulatedExchange(BINANCE): Added instrument CAKETUSD.BINANCE and created matching engine
2026-09-16T06:17:56.427091503Z [INFO] EDGETRADER-VIRTUAL.SimulatedExchange(BINANCE): Added instrument DYDXFDUSD.BINANCE and created matching engine
2026-09-16T06:17:56.427353881Z [INFO] EDGETRADER-VIRTUAL.SimulatedExchange(BINANCE): Added instrument PIVXUSDT.BINANCE and created matching engine
2026-09-16T06:17:56.427525352Z [INFO] EDGETRADER-VIRTUAL.SimulatedExchange(BINANCE): Added instrument RUNEFDUSD.BINANCE and created matching engine
2026-09-16T06:17:56.427774657Z [INFO] EDGETRADER-VIRTUAL.SimulatedExchange(BINANCE): Added instrument TIATUSD.BINANCE and created matching engine
2026-09-16T06:17:56.428032214Z [INFO] EDGETRADER-VIRTUAL.SimulatedExchange(BINANCE): Added instrument DOTTUSD.BINANCE and created matching engine
2026-09-16T06:17:56.428205031Z [INFO] EDGETRADER-VIRTUAL.SimulatedExchange(BINANCE): Added instrument GALAFDUSD.BINANCE and created matching engine
2026-09-16T06:17:56.428425047Z [INFO] EDGETRADER-VIRTUAL.SimulatedExchange(BINANCE): Added instrument WLDFDUSD.BINANCE and created matching engine
2026-09-16T06:17:56.428740250Z [INFO] EDGETRADER-VIRTUAL.SimulatedExchange(BINANCE): Added instrument GASTRY.BINANCE and created matching engine
2026-09-16T06:17:56.429033259Z [INFO] EDGETRADER-VIRTUAL.SimulatedExchange(BINANCE): Added instrument NTRNTRY.BINANCE and created matching engine
2026-09-16T06:17:56.429249797Z [INFO] EDGETRADER-VIRTUAL.SimulatedExchange(BINANCE): Added instrument VICBTC.BINANCE and created matching engine
2026-09-16T06:17:56.429497996Z [INFO] EDGETRADER-VIRTUAL.SimulatedExchange(BINANCE): Added instrument VICUSDT.BINANCE and created matching engine
2026-09-16T06:17:56.429729441Z [INFO] EDGETRADER-VIRTUAL.SimulatedExchange(BINANCE): Added instrument VICTRY.BINANCE and created matching engine
2026-09-16T06:17:56.429940917Z [INFO] EDGETRADER-VIRTUAL.SimulatedExchange(BINANCE): Added instrument BLURBTC.BINANCE and created matching engine
2026-09-16T06:17:56.430179774Z [INFO] EDGETRADER-VIRTUAL.SimulatedExchange(BINANCE): Added instrument BLURUSDT.BINANCE and created matching engine
2026-09-16T06:17:56.430421388Z [INFO] EDGETRADER-VIRTUAL.SimulatedExchange(BINANCE): Added instrument BLURTRY.BINANCE and created matching engine
2026-09-16T06:17:56.431087310Z [INFO] EDGETRADER-VIRTUAL.SimulatedExchange(BINANCE): Added instrument BLURFDUSD.BINANCE and created matching engine
2026-09-16T06:17:56.431392318Z [INFO] EDGETRADER-VIRTUAL.SimulatedExchange(BINANCE): Added instrument SUPERFDUSD.BINANCE and created matching engine
2026-09-16T06:17:56.431571509Z [INFO] EDGETRADER-VIRTUAL.SimulatedExchange(BINANCE): Added instrument USTCFDUSD.BINANCE and created matching engine
2026-09-16T06:17:56.431793908Z [INFO] EDGETRADER-VIRTUAL.SimulatedExchange(BINANCE): Added instrument USTCTRY.BINANCE and created matching engine
2026-09-16T06:17:56.432034996Z [INFO] EDGETRADER-VIRTUAL.SimulatedExchange(BINANCE): Added instrument DYDXTRY.BINANCE and created matching engine
2026-09-16T06:17:56.432258333Z [INFO] EDGETRADER-VIRTUAL.SimulatedExchange(BINANCE): Added instrument VANRYUSDT.BINANCE and created matching engine
2026-09-16T06:17:56.432481328Z [INFO] EDGETRADER-VIRTUAL.SimulatedExchange(BINANCE): Added instrument VANRYBTC.BINANCE and created matching engine
2026-09-16T06:17:56.432688930Z [INFO] EDGETRADER-VIRTUAL.SimulatedExchange(BINANCE): Added instrument BTCAEUR.BINANCE and created matching engine
2026-09-16T06:17:56.432931750Z [INFO] EDGETRADER-VIRTUAL.SimulatedExchange(BINANCE): Added instrument AEURUSDT.BINANCE and created matching engine
2026-09-16T06:17:56.433172949Z [INFO] EDGETRADER-VIRTUAL.SimulatedExchange(BINANCE): Added instrument ETHAEUR.BINANCE and created matching engine
2026-09-16T06:17:56.433422301Z [INFO] EDGETRADER-VIRTUAL.SimulatedExchange(BINANCE): Added instrument EURAEUR.BINANCE and created matching engine
2026-09-16T06:17:56.433618032Z [INFO] EDGETRADER-VIRTUAL.SimulatedExchange(BINANCE): Added instrument AUCTIONFDUSD.BINANCE and created matching engine
2026-09-16T06:17:56.433890208Z [INFO] EDGETRADER-VIRTUAL.SimulatedExchange(BINANCE): Added instrument IOTAFDUSD.BINANCE and created matching engine
2026-09-16T06:17:56.434430965Z [INFO] EDGETRADER-VIRTUAL.SimulatedExchange(BINANCE): Added instrument LUNCTRY.BINANCE and created matching engine
2026-09-16T06:17:56.435314371Z [INFO] EDGETRADER-VIRTUAL.SimulatedExchange(BINANCE): Added instrument SUPERTRY.BINANCE and created matching engine
2026-09-16T06:17:56.435797060Z [INFO] EDGETRADER-VIRTUAL.SimulatedExchange(BINANCE): Added instrument JTOUSDT.BINANCE and created matching engine
2026-09-16T06:17:56.436417503Z [INFO] EDGETRADER-VIRTUAL.SimulatedExchange(BINANCE): Added instrument JTOFDUSD.BINANCE and created matching engine
2026-09-16T06:17:56.436655612Z [INFO] EDGETRADER-VIRTUAL.SimulatedExchange(BINANCE): Added instrument JTOTRY.BINANCE and created matching engine
2026-09-16T06:17:56.436913828Z [INFO] EDGETRADER-VIRTUAL.SimulatedExchange(BINANCE): Added instrument 1000SATSUSDT.BINANCE and created matching engine
2026-09-16T06:17:56.437089923Z [INFO] EDGETRADER-VIRTUAL.SimulatedExchange(BINANCE): Added instrument 1000SATSFDUSD.BINANCE and created matching engine
2026-09-16T06:17:56.437253914Z [INFO] EDGETRADER-VIRTUAL.SimulatedExchange(BINANCE): Added instrument 1000SATSTRY.BINANCE and created matching engine
2026-09-16T06:17:56.437517131Z [INFO] EDGETRADER-VIRTUAL.SimulatedExchange(BINANCE): Added instrument SHIBFDUSD.BINANCE and created matching engine
2026-09-16T06:17:56.437746321Z [INFO] EDGETRADER-VIRTUAL.SimulatedExchange(BINANCE): Added instrument SANDFDUSD.BINANCE and created matching engine
2026-09-16T06:17:56.438020024Z [INFO] EDGETRADER-VIRTUAL.SimulatedExchange(BINANCE): Added instrument MEMEETH.BINANCE and created matching engine
2026-09-16T06:17:56.438218625Z [INFO] EDGETRADER-VIRTUAL.SimulatedExchange(BINANCE): Added instrument IOTATRY.BINANCE and created matching engine
2026-09-16T06:17:56.438439313Z [INFO] EDGETRADER-VIRTUAL.SimulatedExchange(BINANCE): Added instrument INJFDUSD.BINANCE and created matching engine
2026-09-16T06:17:56.438675990Z [INFO] EDGETRADER-VIRTUAL.SimulatedExchange(BINANCE): Added instrument FIDATRY.BINANCE and created matching engine
2026-09-16T06:17:56.438887702Z [INFO] EDGETRADER-VIRTUAL.SimulatedExchange(BINANCE): Added instrument BONKUSDT.BINANCE and created matching engine
2026-09-16T06:17:56.439247023Z [INFO] EDGETRADER-VIRTUAL.SimulatedExchange(BINANCE): Added instrument BONKFDUSD.BINANCE and created matching engine
2026-09-16T06:17:56.439570784Z [INFO] EDGETRADER-VIRTUAL.SimulatedExchange(BINANCE): Added instrument BONKTRY.BINANCE and created matching engine
2026-09-16T06:17:56.439758127Z [INFO] EDGETRADER-VIRTUAL.SimulatedExchange(BINANCE): Added instrument ACEFDUSD.BINANCE and created matching engine
2026-09-16T06:17:56.439995241Z [INFO] EDGETRADER-VIRTUAL.SimulatedExchange(BINANCE): Added instrument ACEUSDT.BINANCE and created matching engine
2026-09-16T06:17:56.440243044Z [INFO] EDGETRADER-VIRTUAL.SimulatedExchange(BINANCE): Added instrument ACEBNB.BINANCE and created matching engine
2026-09-16T06:17:56.440421526Z [INFO] EDGETRADER-VIRTUAL.SimulatedExchange(BINANCE): Added instrument ACEBTC.BINANCE and created matching engine
2026-09-16T06:17:56.440728250Z [INFO] EDGETRADER-VIRTUAL.SimulatedExchange(BINANCE): Added instrument ACETRY.BINANCE and created matching engine
2026-09-16T06:17:56.440938546Z [INFO] EDGETRADER-VIRTUAL.SimulatedExchange(BINANCE): Added instrument BLZFDUSD.BINANCE and created matching engine
2026-09-16T06:17:56.441180850Z [INFO] EDGETRADER-VIRTUAL.SimulatedExchange(BINANCE): Added instrument RARETRY.BINANCE and created matching engine
2026-09-16T06:17:56.441369629Z [INFO] EDGETRADER-VIRTUAL.SimulatedExchange(BINANCE): Added instrument VANRYTRY.BINANCE and created matching engine
2026-09-16T06:17:56.441560174Z [INFO] EDGETRADER-VIRTUAL.SimulatedExchange(BINANCE): Added instrument NFPBTC.BINANCE and created matching engine
2026-09-16T06:17:56.441819378Z [INFO] EDGETRADER-VIRTUAL.SimulatedExchange(BINANCE): Added instrument NFPUSDT.BINANCE and created matching engine
2026-09-16T06:17:56.442062863Z [INFO] EDGETRADER-VIRTUAL.SimulatedExchange(BINANCE): Added instrument NFPBNB.BINANCE and created matching engine
2026-09-16T06:17:56.442322219Z [INFO] EDGETRADER-VIRTUAL.SimulatedExchange(BINANCE): Added instrument NFPFDUSD.BINANCE and created matching engine
2026-09-16T06:17:56.442555222Z [INFO] EDGETRADER-VIRTUAL.SimulatedExchange(BINANCE): Added instrument NFPTUSD.BINANCE and created matching engine
2026-09-16T06:17:56.442822154Z [INFO] EDGETRADER-VIRTUAL.SimulatedExchange(BINANCE): Added instrument NFPTRY.BINANCE and created matching engine
2026-09-16T06:17:56.443011098Z [INFO] EDGETRADER-VIRTUAL.SimulatedExchange(BINANCE): Added instrument ARBUSDC.BINANCE and created matching engine
2026-09-16T06:17:56.443190235Z [INFO] EDGETRADER-VIRTUAL.SimulatedExchange(BINANCE): Added instrument AVAXUSDC.BINANCE and created matching engine
2026-09-16T06:17:56.443436591Z [INFO] EDGETRADER-VIRTUAL.SimulatedExchange(BINANCE): Added instrument DOTUSDC.BINANCE and created matching engine
2026-09-16T06:17:56.443619500Z [INFO] EDGETRADER-VIRTUAL.SimulatedExchange(BINANCE): Added instrument INJUSDC.BINANCE and created matching engine
2026-09-16T06:17:56.443867325Z [INFO] EDGETRADER-VIRTUAL.SimulatedExchange(BINANCE): Added instrument MATICUSDC.BINANCE and created matching engine
2026-09-16T06:17:56.444062822Z [INFO] EDGETRADER-VIRTUAL.SimulatedExchange(BINANCE): Added instrument OPUSDC.BINANCE and created matching engine
2026-09-16T06:17:56.444288051Z [INFO] EDGETRADER-VIRTUAL.SimulatedExchange(BINANCE): Added instrument ORDIUSDC.BINANCE and created matching engine
2026-09-16T06:17:56.444531770Z [INFO] EDGETRADER-VIRTUAL.SimulatedExchange(BINANCE): Added instrument AIBTC.BINANCE and created matching engine
2026-09-16T06:17:56.444709601Z [INFO] EDGETRADER-VIRTUAL.SimulatedExchange(BINANCE): Added instrument AIUSDT.BINANCE and created matching engine
2026-09-16T06:17:56.444916685Z [INFO] EDGETRADER-VIRTUAL.SimulatedExchange(BINANCE): Added instrument AIBNB.BINANCE and created matching engine
2026-09-16T06:17:56.445140104Z [INFO] EDGETRADER-VIRTUAL.SimulatedExchange(BINANCE): Added instrument AIFDUSD.BINANCE and created matching engine
2026-09-16T06:17:56.445315728Z [INFO] EDGETRADER-VIRTUAL.SimulatedExchange(BINANCE): Added instrument AITUSD.BINANCE and created matching engine
2026-09-16T06:17:56.445522027Z [INFO] EDGETRADER-VIRTUAL.SimulatedExchange(BINANCE): Added instrument AITRY.BINANCE and created matching engine
2026-09-16T06:17:56.445700022Z [INFO] EDGETRADER-VIRTUAL.SimulatedExchange(BINANCE): Added instrument ICPFDUSD.BINANCE and created matching engine
2026-09-16T06:17:56.445878154Z [INFO] EDGETRADER-VIRTUAL.SimulatedExchange(BINANCE): Added instrument LDOFDUSD.BINANCE and created matching engine
2026-09-16T06:17:56.446298887Z [INFO] EDGETRADER-VIRTUAL.SimulatedExchange(BINANCE): Added instrument MOVRTRY.BINANCE and created matching engine
2026-09-16T06:17:56.446664659Z [INFO] EDGETRADER-VIRTUAL.SimulatedExchange(BINANCE): Added instrument XAIBTC.BINANCE and created matching engine
2026-09-16T06:17:56.446913454Z [INFO] EDGETRADER-VIRTUAL.SimulatedExchange(BINANCE): Added instrument XAIUSDT.BINANCE and created matching engine
2026-09-16T06:17:56.447185135Z [INFO] EDGETRADER-VIRTUAL.SimulatedExchange(BINANCE): Added instrument XAIBNB.BINANCE and created matching engine
2026-09-16T06:17:56.447394218Z [INFO] EDGETRADER-VIRTUAL.SimulatedExchange(BINANCE): Added instrument XAIFDUSD.BINANCE and created matching engine
2026-09-16T06:17:56.447797283Z [INFO] EDGETRADER-VIRTUAL.SimulatedExchange(BINANCE): Added instrument XAITUSD.BINANCE and created matching engine
2026-09-16T06:17:56.448050825Z [INFO] EDGETRADER-VIRTUAL.SimulatedExchange(BINANCE): Added instrument XAITRY.BINANCE and created matching engine
2026-09-16T06:17:56.448349523Z [INFO] EDGETRADER-VIRTUAL.SimulatedExchange(BINANCE): Added instrument SKLTRY.BINANCE and created matching engine
2026-09-16T06:17:56.448620221Z [INFO] EDGETRADER-VIRTUAL.SimulatedExchange(BINANCE): Added instrument STXFDUSD.BINANCE and created matching engine
2026-09-16T06:17:56.448880335Z [INFO] EDGETRADER-VIRTUAL.SimulatedExchange(BINANCE): Added instrument TIAFDUSD.BINANCE and created matching engine
2026-09-16T06:17:56.449100280Z [INFO] EDGETRADER-VIRTUAL.SimulatedExchange(BINANCE): Added instrument MANTABTC.BINANCE and created matching engine
2026-09-16T06:17:56.449273523Z [INFO] EDGETRADER-VIRTUAL.SimulatedExchange(BINANCE): Added instrument MANTAUSDT.BINANCE and created matching engine
2026-09-16T06:17:56.449518720Z [INFO] EDGETRADER-VIRTUAL.SimulatedExchange(BINANCE): Added instrument MANTABNB.BINANCE and created matching engine
2026-09-16T06:17:56.449675867Z [INFO] EDGETRADER-VIRTUAL.SimulatedExchange(BINANCE): Added instrument MANTAFDUSD.BINANCE and created matching engine
2026-09-16T06:17:56.449832532Z [INFO] EDGETRADER-VIRTUAL.SimulatedExchange(BINANCE): Added instrument MANTATRY.BINANCE and created matching engine
2026-09-16T06:17:56.450081772Z [INFO] EDGETRADER-VIRTUAL.SimulatedExchange(BINANCE): Added instrument ENSFDUSD.BINANCE and created matching engine
2026-09-16T06:17:56.450248713Z [INFO] EDGETRADER-VIRTUAL.SimulatedExchange(BINANCE): Added instrument ETCFDUSD.BINANCE and created matching engine
2026-09-16T06:17:56.450577527Z [INFO] EDGETRADER-VIRTUAL.SimulatedExchange(BINANCE): Added instrument SUIUSDC.BINANCE and created matching engine
2026-09-16T06:17:56.450898765Z [INFO] EDGETRADER-VIRTUAL.SimulatedExchange(BINANCE): Added instrument TIAUSDC.BINANCE and created matching engine
2026-09-16T06:17:56.451292856Z [INFO] EDGETRADER-VIRTUAL.SimulatedExchange(BINANCE): Added instrument CHZFDUSD.BINANCE and created matching engine
2026-09-16T06:17:56.451826714Z [INFO] EDGETRADER-VIRTUAL.SimulatedExchange(BINANCE): Added instrument MANTAUSDC.BINANCE and created matching engine
2026-09-16T06:17:56.452351992Z [INFO] EDGETRADER-VIRTUAL.SimulatedExchange(BINANCE): Added instrument ALTBTC.BINANCE and created matching engine
2026-09-16T06:17:56.453005169Z [INFO] EDGETRADER-VIRTUAL.SimulatedExchange(BINANCE): Added instrument ALTUSDT.BINANCE and created matching engine
2026-09-16T06:17:56.453328052Z [INFO] EDGETRADER-VIRTUAL.SimulatedExchange(BINANCE): Added instrument ALTBNB.BINANCE and created matching engine
2026-09-16T06:17:56.453544934Z [INFO] EDGETRADER-VIRTUAL.SimulatedExchange(BINANCE): Added instrument ALTFDUSD.BINANCE and created matching engine
2026-09-16T06:17:56.453840790Z [INFO] EDGETRADER-VIRTUAL.SimulatedExchange(BINANCE): Added instrument ALTTRY.BINANCE and created matching engine
2026-09-16T06:17:56.454047072Z [INFO] EDGETRADER-VIRTUAL.SimulatedExchange(BINANCE): Added instrument APTFDUSD.BINANCE and created matching engine
2026-09-16T06:17:56.454220028Z [INFO] EDGETRADER-VIRTUAL.SimulatedExchange(BINANCE): Added instrument BLURUSDC.BINANCE and created matching engine
2026-09-16T06:17:56.454458580Z [INFO] EDGETRADER-VIRTUAL.SimulatedExchange(BINANCE): Added instrument JUPUSDT.BINANCE and created matching engine
2026-09-16T06:17:56.454685037Z [INFO] EDGETRADER-VIRTUAL.SimulatedExchange(BINANCE): Added instrument JUPFDUSD.BINANCE and created matching engine
2026-09-16T06:17:56.454856711Z [INFO] EDGETRADER-VIRTUAL.SimulatedExchange(BINANCE): Added instrument JUPTRY.BINANCE and created matching engine
2026-09-16T06:17:56.455116920Z [INFO] EDGETRADER-VIRTUAL.SimulatedExchange(BINANCE): Added instrument ALTUSDC.BINANCE and created matching engine
2026-09-16T06:17:56.455281650Z [INFO] EDGETRADER-VIRTUAL.SimulatedExchange(BINANCE): Added instrument MAGICFDUSD.BINANCE and created matching engine
2026-09-16T06:17:56.455553679Z [INFO] EDGETRADER-VIRTUAL.SimulatedExchange(BINANCE): Added instrument SEIUSDC.BINANCE and created matching engine
2026-09-16T06:17:56.455746574Z [INFO] EDGETRADER-VIRTUAL.SimulatedExchange(BINANCE): Added instrument PYTHBTC.BINANCE and created matching engine
2026-09-16T06:17:56.456071231Z [INFO] EDGETRADER-VIRTUAL.SimulatedExchange(BINANCE): Added instrument PYTHUSDT.BINANCE and created matching engine
2026-09-16T06:17:56.456253055Z [INFO] EDGETRADER-VIRTUAL.SimulatedExchange(BINANCE): Added instrument PYTHFDUSD.BINANCE and created matching engine
2026-09-16T06:17:56.456426386Z [INFO] EDGETRADER-VIRTUAL.SimulatedExchange(BINANCE): Added instrument PYTHTRY.BINANCE and created matching engine
2026-09-16T06:17:56.456686281Z [INFO] EDGETRADER-VIRTUAL.SimulatedExchange(BINANCE): Added instrument RONINBTC.BINANCE and created matching engine
2026-09-16T06:17:56.456865782Z [INFO] EDGETRADER-VIRTUAL.SimulatedExchange(BINANCE): Added instrument RONINUSDT.BINANCE and created matching engine
2026-09-16T06:17:56.457123648Z [INFO] EDGETRADER-VIRTUAL.SimulatedExchange(BINANCE): Added instrument RONINFDUSD.BINANCE and created matching engine
2026-09-16T06:17:56.457311759Z [INFO] EDGETRADER-VIRTUAL.SimulatedExchange(BINANCE): Added instrument RONINTRY.BINANCE and created matching engine
2026-09-16T06:17:56.457538475Z [INFO] EDGETRADER-VIRTUAL.SimulatedExchange(BINANCE): Added instrument DYMBTC.BINANCE and created matching engine
2026-09-16T06:17:56.457772931Z [INFO] EDGETRADER-VIRTUAL.SimulatedExchange(BINANCE): Added instrument DYMUSDT.BINANCE and created matching engine
2026-09-16T06:17:56.457959296Z [INFO] EDGETRADER-VIRTUAL.SimulatedExchange(BINANCE): Added instrument DYMFDUSD.BINANCE and created matching engine
2026-09-16T06:17:56.458125509Z [INFO] EDGETRADER-VIRTUAL.SimulatedExchange(BINANCE): Added instrument DYMTRY.BINANCE and created matching engine
2026-09-16T06:17:56.458373873Z [INFO] EDGETRADER-VIRTUAL.SimulatedExchange(BINANCE): Added instrument JUPUSDC.BINANCE and created matching engine
2026-09-16T06:17:56.458535632Z [INFO] EDGETRADER-VIRTUAL.SimulatedExchange(BINANCE): Added instrument PENDLEFDUSD.BINANCE and created matching engine
2026-09-16T06:17:56.458756868Z [INFO] EDGETRADER-VIRTUAL.SimulatedExchange(BINANCE): Added instrument PIXELBTC.BINANCE and created matching engine
2026-09-16T06:17:56.458960464Z [INFO] EDGETRADER-VIRTUAL.SimulatedExchange(BINANCE): Added instrument PIXELBNB.BINANCE and created matching engine
2026-09-16T06:17:56.459140275Z [INFO] EDGETRADER-VIRTUAL.SimulatedExchange(BINANCE): Added instrument PIXELUSDT.BINANCE and created matching engine
2026-09-16T06:17:56.459378316Z [INFO] EDGETRADER-VIRTUAL.SimulatedExchange(BINANCE): Added instrument PIXELFDUSD.BINANCE and created matching engine
2026-09-16T06:17:56.459549436Z [INFO] EDGETRADER-VIRTUAL.SimulatedExchange(BINANCE): Added instrument PIXELTRY.BINANCE and created matching engine
2026-09-16T06:17:56.459829465Z [INFO] EDGETRADER-VIRTUAL.SimulatedExchange(BINANCE): Added instrument STRKBTC.BINANCE and created matching engine
2026-09-16T06:17:56.460023307Z [INFO] EDGETRADER-VIRTUAL.SimulatedExchange(BINANCE): Added instrument STRKUSDT.BINANCE and created matching engine
2026-09-16T06:17:56.460176997Z [INFO] EDGETRADER-VIRTUAL.SimulatedExchange(BINANCE): Added instrument STRKFDUSD.BINANCE and created matching engine
2026-09-16T06:17:56.460504121Z [INFO] EDGETRADER-VIRTUAL.SimulatedExchange(BINANCE): Added instrument STRKTRY.BINANCE and created matching engine
2026-09-16T06:17:56.460743408Z [INFO] EDGETRADER-VIRTUAL.SimulatedExchange(BINANCE): Added instrument FILUSDC.BINANCE and created matching engine
2026-09-16T06:17:56.461160605Z [INFO] EDGETRADER-VIRTUAL.SimulatedExchange(BINANCE): Added instrument HBARTRY.BINANCE and created matching engine
2026-09-16T06:17:56.461587251Z [INFO] EDGETRADER-VIRTUAL.SimulatedExchange(BINANCE): Added instrument PENDLETRY.BINANCE and created matching engine
2026-09-16T06:17:56.461847851Z [INFO] EDGETRADER-VIRTUAL.SimulatedExchange(BINANCE): Added instrument WLDUSDC.BINANCE and created matching engine
2026-09-16T06:17:56.462168023Z [INFO] EDGETRADER-VIRTUAL.SimulatedExchange(BINANCE): Added instrument CKBTRY.BINANCE and created matching engine
2026-09-16T06:17:56.462369122Z [INFO] EDGETRADER-VIRTUAL.SimulatedExchange(BINANCE): Added instrument COTITRY.BINANCE and created matching engine
2026-09-16T06:17:56.462587087Z [INFO] EDGETRADER-VIRTUAL.SimulatedExchange(BINANCE): Added instrument LDOTRY.BINANCE and created matching engine
2026-09-16T06:17:56.462817844Z [INFO] EDGETRADER-VIRTUAL.SimulatedExchange(BINANCE): Added instrument UNIUSDC.BINANCE and created matching engine
2026-09-16T06:17:56.462981848Z [INFO] EDGETRADER-VIRTUAL.SimulatedExchange(BINANCE): Added instrument PORTALBTC.BINANCE and created matching engine
2026-09-16T06:17:56.463239720Z [INFO] EDGETRADER-VIRTUAL.SimulatedExchange(BINANCE): Added instrument PORTALUSDT.BINANCE and created matching engine
2026-09-16T06:17:56.463447042Z [INFO] EDGETRADER-VIRTUAL.SimulatedExchange(BINANCE): Added instrument PORTALBNB.BINANCE and created matching engine
2026-09-16T06:17:56.463705601Z [INFO] EDGETRADER-VIRTUAL.SimulatedExchange(BINANCE): Added instrument PORTALFDUSD.BINANCE and created matching engine
2026-09-16T06:17:56.463903066Z [INFO] EDGETRADER-VIRTUAL.SimulatedExchange(BINANCE): Added instrument PORTALTRY.BINANCE and created matching engine
2026-09-16T06:17:56.464120510Z [INFO] EDGETRADER-VIRTUAL.SimulatedExchange(BINANCE): Added instrument PDABTC.BINANCE and created matching engine
2026-09-16T06:17:56.464357102Z [INFO] EDGETRADER-VIRTUAL.SimulatedExchange(BINANCE): Added instrument PDAUSDT.BINANCE and created matching engine
2026-09-16T06:17:56.464546568Z [INFO] EDGETRADER-VIRTUAL.SimulatedExchange(BINANCE): Added instrument AXLBTC.BINANCE and created matching engine
2026-09-16T06:17:56.464711672Z [INFO] EDGETRADER-VIRTUAL.SimulatedExchange(BINANCE): Added instrument AXLUSDT.BINANCE and created matching engine
2026-09-16T06:17:56.464958989Z [INFO] EDGETRADER-VIRTUAL.SimulatedExchange(BINANCE): Added instrument AXLFDUSD.BINANCE and created matching engine
2026-09-16T06:17:56.465201635Z [INFO] EDGETRADER-VIRTUAL.SimulatedExchange(BINANCE): Added instrument AXLTRY.BINANCE and created matching engine
2026-09-16T06:17:56.465457801Z [INFO] EDGETRADER-VIRTUAL.SimulatedExchange(BINANCE): Added instrument PEPEFDUSD.BINANCE and created matching engine
2026-09-16T06:17:56.465779941Z [INFO] EDGETRADER-VIRTUAL.SimulatedExchange(BINANCE): Added instrument PIXELUSDC.BINANCE and created matching engine
2026-09-16T06:17:56.466063774Z [INFO] EDGETRADER-VIRTUAL.SimulatedExchange(BINANCE): Added instrument STRKUSDC.BINANCE and created matching engine
2026-09-16T06:17:56.466247120Z [INFO] EDGETRADER-VIRTUAL.SimulatedExchange(BINANCE): Added instrument UNIFDUSD.BINANCE and created matching engine
2026-09-16T06:17:56.466501087Z [INFO] EDGETRADER-VIRTUAL.SimulatedExchange(BINANCE): Added instrument OMTRY.BINANCE and created matching engine
2026-09-16T06:17:56.466689531Z [INFO] EDGETRADER-VIRTUAL.SimulatedExchange(BINANCE): Added instrument THETATRY.BINANCE and created matching engine
2026-09-16T06:17:56.466856655Z [INFO] EDGETRADER-VIRTUAL.SimulatedExchange(BINANCE): Added instrument WIFBTC.BINANCE and created matching engine
2026-09-16T06:17:56.467188340Z [INFO] EDGETRADER-VIRTUAL.SimulatedExchange(BINANCE): Added instrument WIFUSDT.BINANCE and created matching engine
2026-09-16T06:17:56.467573703Z [INFO] EDGETRADER-VIRTUAL.SimulatedExchange(BINANCE): Added instrument WIFFDUSD.BINANCE and created matching engine
2026-09-16T06:17:56.467917168Z [INFO] EDGETRADER-VIRTUAL.SimulatedExchange(BINANCE): Added instrument WIFTRY.BINANCE and created matching engine
2026-09-16T06:17:56.468386795Z [INFO] EDGETRADER-VIRTUAL.SimulatedExchange(BINANCE): Added instrument AGIXFDUSD.BINANCE and created matching engine
2026-09-16T06:17:56.468876722Z [INFO] EDGETRADER-VIRTUAL.SimulatedExchange(BINANCE): Added instrument PEPEUSDC.BINANCE and created matching engine
2026-09-16T06:17:56.469117711Z [INFO] EDGETRADER-VIRTUAL.SimulatedExchange(BINANCE): Added instrument SHIBUSDC.BINANCE and created matching engine
2026-09-16T06:17:56.469604958Z [INFO] EDGETRADER-VIRTUAL.SimulatedExchange(BINANCE): Added instrument THETAFDUSD.BINANCE and created matching engine
2026-09-16T06:17:56.469952963Z [INFO] EDGETRADER-VIRTUAL.SimulatedExchange(BINANCE): Added instrument ARTRY.BINANCE and created matching engine
2026-09-16T06:17:56.470146796Z [INFO] EDGETRADER-VIRTUAL.SimulatedExchange(BINANCE): Added instrument METISBTC.BINANCE and created matching engine
2026-09-16T06:17:56.470363741Z [INFO] EDGETRADER-VIRTUAL.SimulatedExchange(BINANCE): Added instrument METISUSDT.BINANCE and created matching engine
2026-09-16T06:17:56.470538260Z [INFO] EDGETRADER-VIRTUAL.SimulatedExchange(BINANCE): Added instrument METISFDUSD.BINANCE and created matching engine
2026-09-16T06:17:56.470717050Z [INFO] EDGETRADER-VIRTUAL.SimulatedExchange(BINANCE): Added instrument METISTRY.BINANCE and created matching engine
2026-09-16T06:17:56.470945582Z [INFO] EDGETRADER-VIRTUAL.SimulatedExchange(BINANCE): Added instrument BNBJPY.BINANCE and created matching engine
2026-09-16T06:17:56.471170333Z [INFO] EDGETRADER-VIRTUAL.SimulatedExchange(BINANCE): Added instrument BTCJPY.BINANCE and created matching engine
2026-09-16T06:17:56.471435698Z [INFO] EDGETRADER-VIRTUAL.SimulatedExchange(BINANCE): Added instrument ETHJPY.BINANCE and created matching engine
2026-09-16T06:17:56.471653657Z [INFO] EDGETRADER-VIRTUAL.SimulatedExchange(BINANCE): Added instrument FLOKIFDUSD.BINANCE and created matching engine
2026-09-16T06:17:56.471818404Z [INFO] EDGETRADER-VIRTUAL.SimulatedExchange(BINANCE): Added instrument GRTFDUSD.BINANCE and created matching engine
2026-09-16T06:17:56.472065822Z [INFO] EDGETRADER-VIRTUAL.SimulatedExchange(BINANCE): Added instrument NEARUSDC.BINANCE and created matching engine
2026-09-16T06:17:56.472324953Z [INFO] EDGETRADER-VIRTUAL.SimulatedExchange(BINANCE): Added instrument SNXTRY.BINANCE and created matching engine
2026-09-16T06:17:56.472624258Z [INFO] EDGETRADER-VIRTUAL.SimulatedExchange(BINANCE): Added instrument AEVOBTC.BINANCE and created matching engine
2026-09-16T06:17:56.472911289Z [INFO] EDGETRADER-VIRTUAL.SimulatedExchange(BINANCE): Added instrument AEVOUSDT.BINANCE and created matching engine
2026-09-16T06:17:56.473238727Z [INFO] EDGETRADER-VIRTUAL.SimulatedExchange(BINANCE): Added instrument AEVOBNB.BINANCE and created matching engine
2026-09-16T06:17:56.473437911Z [INFO] EDGETRADER-VIRTUAL.SimulatedExchange(BINANCE): Added instrument AEVOFDUSD.BINANCE and created matching engine
2026-09-16T06:17:56.473709277Z [INFO] EDGETRADER-VIRTUAL.SimulatedExchange(BINANCE): Added instrument AEVOTRY.BINANCE and created matching engine
2026-09-16T06:17:56.473904925Z [INFO] EDGETRADER-VIRTUAL.SimulatedExchange(BINANCE): Added instrument FETUSDC.BINANCE and created matching engine
2026-09-16T06:17:56.474137424Z [INFO] EDGETRADER-VIRTUAL.SimulatedExchange(BINANCE): Added instrument IMXTRY.BINANCE and created matching engine
2026-09-16T06:17:56.474405252Z [INFO] EDGETRADER-VIRTUAL.SimulatedExchange(BINANCE): Added instrument EURUSDC.BINANCE and created matching engine
2026-09-16T06:17:56.474645492Z [INFO] EDGETRADER-VIRTUAL.SimulatedExchange(BINANCE): Added instrument BOMETRY.BINANCE and created matching engine
2026-09-16T06:17:56.474871043Z [INFO] EDGETRADER-VIRTUAL.SimulatedExchange(BINANCE): Added instrument BOMEBTC.BINANCE and created matching engine
2026-09-16T06:17:56.475037968Z [INFO] EDGETRADER-VIRTUAL.SimulatedExchange(BINANCE): Added instrument BOMEUSDT.BINANCE and created matching engine
2026-09-16T06:17:56.475294386Z [INFO] EDGETRADER-VIRTUAL.SimulatedExchange(BINANCE): Added instrument BOMEFDUSD.BINANCE and created matching engine
2026-09-16T06:17:56.475481138Z [INFO] EDGETRADER-VIRTUAL.SimulatedExchange(BINANCE): Added instrument ETHFIBTC.BINANCE and created matching engine
2026-09-16T06:17:56.476053507Z [INFO] EDGETRADER-VIRTUAL.SimulatedExchange(BINANCE): Added instrument ETHFIUSDT.BINANCE and created matching engine
2026-09-16T06:17:56.476726066Z [INFO] EDGETRADER-VIRTUAL.SimulatedExchange(BINANCE): Added instrument ETHFIBNB.BINANCE and created matching engine
2026-09-16T06:17:56.477055667Z [INFO] EDGETRADER-VIRTUAL.SimulatedExchange(BINANCE): Added instrument ETHFIFDUSD.BINANCE and created matching engine
2026-09-16T06:17:56.477294739Z [INFO] EDGETRADER-VIRTUAL.SimulatedExchange(BINANCE): Added instrument ETHFITRY.BINANCE and created matching engine
2026-09-16T06:17:56.477576364Z [INFO] EDGETRADER-VIRTUAL.SimulatedExchange(BINANCE): Added instrument AAVETRY.BINANCE and created matching engine
2026-09-16T06:17:56.477873776Z [INFO] EDGETRADER-VIRTUAL.SimulatedExchange(BINANCE): Added instrument ARKMFDUSD.BINANCE and created matching engine
2026-09-16T06:17:56.478146015Z [INFO] EDGETRADER-VIRTUAL.SimulatedExchange(BINANCE): Added instrument CRVTRY.BINANCE and created matching engine
2026-09-16T06:17:56.478387672Z [INFO] EDGETRADER-VIRTUAL.SimulatedExchange(BINANCE): Added instrument FETBRL.BINANCE and created matching engine
2026-09-16T06:17:56.478562095Z [INFO] EDGETRADER-VIRTUAL.SimulatedExchange(BINANCE): Added instrument RAYFDUSD.BINANCE and created matching engine
2026-09-16T06:17:56.478735915Z [INFO] EDGETRADER-VIRTUAL.SimulatedExchange(BINANCE): Added instrument RNDREUR.BINANCE and created matching engine
2026-09-16T06:17:56.478960750Z [INFO] EDGETRADER-VIRTUAL.SimulatedExchange(BINANCE): Added instrument BONKUSDC.BINANCE and created matching engine
2026-09-16T06:17:56.479191574Z [INFO] EDGETRADER-VIRTUAL.SimulatedExchange(BINANCE): Added instrument FLOKIUSDC.BINANCE and created matching engine
2026-09-16T06:17:56.479415035Z [INFO] EDGETRADER-VIRTUAL.SimulatedExchange(BINANCE): Added instrument MKRTRY.BINANCE and created matching engine
2026-09-16T06:17:56.479697495Z [INFO] EDGETRADER-VIRTUAL.SimulatedExchange(BINANCE): Added instrument RAYTRY.BINANCE and created matching engine
2026-09-16T06:17:56.480030639Z [INFO] EDGETRADER-VIRTUAL.SimulatedExchange(BINANCE): Added instrument RNDRBRL.BINANCE and created matching engine
2026-09-16T06:17:56.480230049Z [INFO] EDGETRADER-VIRTUAL.SimulatedExchange(BINANCE): Added instrument ENABTC.BINANCE and created matching engine
2026-09-16T06:17:56.480411688Z [INFO] EDGETRADER-VIRTUAL.SimulatedExchange(BINANCE): Added instrument ENAUSDT.BINANCE and created matching engine
2026-09-16T06:17:56.480581232Z [INFO] EDGETRADER-VIRTUAL.SimulatedExchange(BINANCE): Added instrument ENABNB.BINANCE and created matching engine
2026-09-16T06:17:56.480996817Z [INFO] EDGETRADER-VIRTUAL.SimulatedExchange(BINANCE): Added instrument ENAFDUSD.BINANCE and created matching engine
2026-09-16T06:17:56.481383612Z [INFO] EDGETRADER-VIRTUAL.SimulatedExchange(BINANCE): Added instrument ENATRY.BINANCE and created matching engine
2026-09-16T06:17:56.481694601Z [INFO] EDGETRADER-VIRTUAL.SimulatedExchange(BINANCE): Added instrument LQTYFDUSD.BINANCE and created matching engine
2026-09-16T06:17:56.482023644Z [INFO] EDGETRADER-VIRTUAL.SimulatedExchange(BINANCE): Added instrument MASKTRY.BINANCE and created matching engine
2026-09-16T06:17:56.482280390Z [INFO] EDGETRADER-VIRTUAL.SimulatedExchange(BINANCE): Added instrument PENDLEUSDC.BINANCE and created matching engine
2026-09-16T06:17:56.482495384Z [INFO] EDGETRADER-VIRTUAL.SimulatedExchange(BINANCE): Added instrument RDNTTRY.BINANCE and created matching engine
2026-09-16T06:17:56.482669096Z [INFO] EDGETRADER-VIRTUAL.SimulatedExchange(BINANCE): Added instrument WBTC.BINANCE and created matching engine
2026-09-16T06:17:56.482912513Z [INFO] EDGETRADER-VIRTUAL.SimulatedExchange(BINANCE): Added instrument WUSDT.BINANCE and created matching engine
2026-09-16T06:17:56.483125975Z [INFO] EDGETRADER-VIRTUAL.SimulatedExchange(BINANCE): Added instrument WFDUSD.BINANCE and created matching engine
2026-09-16T06:17:56.483396972Z [INFO] EDGETRADER-VIRTUAL.SimulatedExchange(BINANCE): Added instrument WTRY.BINANCE and created matching engine
2026-09-16T06:17:56.483617249Z [INFO] EDGETRADER-VIRTUAL.SimulatedExchange(BINANCE): Added instrument BOMEUSDC.BINANCE and created matching engine
2026-09-16T06:17:56.484011511Z [INFO] EDGETRADER-VIRTUAL.SimulatedExchange(BINANCE): Added instrument JTOUSDC.BINANCE and created matching engine
2026-09-16T06:17:56.484518600Z [INFO] EDGETRADER-VIRTUAL.SimulatedExchange(BINANCE): Added instrument WIFUSDC.BINANCE and created matching engine
2026-09-16T06:17:56.484990919Z [INFO] EDGETRADER-VIRTUAL.SimulatedExchange(BINANCE): Added instrument TNSRBTC.BINANCE and created matching engine
2026-09-16T06:17:56.485340102Z [INFO] EDGETRADER-VIRTUAL.SimulatedExchange(BINANCE): Added instrument TNSRUSDT.BINANCE and created matching engine
2026-09-16T06:17:56.485784354Z [INFO] EDGETRADER-VIRTUAL.SimulatedExchange(BINANCE): Added instrument TNSRFDUSD.BINANCE and created matching engine
2026-09-16T06:17:56.486319076Z [INFO] EDGETRADER-VIRTUAL.SimulatedExchange(BINANCE): Added instrument TNSRTRY.BINANCE and created matching engine
2026-09-16T06:17:56.486606317Z [INFO] EDGETRADER-VIRTUAL.SimulatedExchange(BINANCE): Added instrument SAGABTC.BINANCE and created matching engine
2026-09-16T06:17:56.486835825Z [INFO] EDGETRADER-VIRTUAL.SimulatedExchange(BINANCE): Added instrument SAGAUSDT.BINANCE and created matching engine
2026-09-16T06:17:56.487029448Z [INFO] EDGETRADER-VIRTUAL.SimulatedExchange(BINANCE): Added instrument SAGABNB.BINANCE and created matching engine
2026-09-16T06:17:56.487395301Z [INFO] EDGETRADER-VIRTUAL.SimulatedExchange(BINANCE): Added instrument SAGAFDUSD.BINANCE and created matching engine
2026-09-16T06:17:56.487657938Z [INFO] EDGETRADER-VIRTUAL.SimulatedExchange(BINANCE): Added instrument SAGATRY.BINANCE and created matching engine
2026-09-16T06:17:56.487902454Z [INFO] EDGETRADER-VIRTUAL.SimulatedExchange(BINANCE): Added instrument USDTMXN.BINANCE and created matching engine
2026-09-16T06:17:56.488139684Z [INFO] EDGETRADER-VIRTUAL.SimulatedExchange(BINANCE): Added instrument CKBUSDC.BINANCE and created matching engine
2026-09-16T06:17:56.488412663Z [INFO] EDGETRADER-VIRTUAL.SimulatedExchange(BINANCE): Added instrument ENAUSDC.BINANCE and created matching engine
2026-09-16T06:17:56.488645778Z [INFO] EDGETRADER-VIRTUAL.SimulatedExchange(BINANCE): Added instrument ETHFIUSDC.BINANCE and created matching engine
2026-09-16T06:17:56.488917855Z [INFO] EDGETRADER-VIRTUAL.SimulatedExchange(BINANCE): Added instrument YGGUSDC.BINANCE and created matching engine
2026-09-16T06:17:56.489221620Z [INFO] EDGETRADER-VIRTUAL.SimulatedExchange(BINANCE): Added instrument USDTCZK.BINANCE and created matching engine
2026-09-16T06:17:56.489424531Z [INFO] EDGETRADER-VIRTUAL.SimulatedExchange(BINANCE): Added instrument TAOBTC.BINANCE and created matching engine
2026-09-16T06:17:56.489600244Z [INFO] EDGETRADER-VIRTUAL.SimulatedExchange(BINANCE): Added instrument TAOUSDT.BINANCE and created matching engine
2026-09-16T06:17:56.489870005Z [INFO] EDGETRADER-VIRTUAL.SimulatedExchange(BINANCE): Added instrument TAOFDUSD.BINANCE and created matching engine
2026-09-16T06:17:56.490101343Z [INFO] EDGETRADER-VIRTUAL.SimulatedExchange(BINANCE): Added instrument TAOTRY.BINANCE and created matching engine
2026-09-16T06:17:56.490366505Z [INFO] EDGETRADER-VIRTUAL.SimulatedExchange(BINANCE): Added instrument CFXUSDC.BINANCE and created matching engine
2026-09-16T06:17:56.490572683Z [INFO] EDGETRADER-VIRTUAL.SimulatedExchange(BINANCE): Added instrument RNDRUSDC.BINANCE and created matching engine
2026-09-16T06:17:56.490752833Z [INFO] EDGETRADER-VIRTUAL.SimulatedExchange(BINANCE): Added instrument RUNEUSDC.BINANCE and created matching engine
2026-09-16T06:17:56.491149966Z [INFO] EDGETRADER-VIRTUAL.SimulatedExchange(BINANCE): Added instrument SAGAUSDC.BINANCE and created matching engine
2026-09-16T06:17:56.491466823Z [INFO] EDGETRADER-VIRTUAL.SimulatedExchange(BINANCE): Added instrument POLYXTRY.BINANCE and created matching engine
2026-09-16T06:17:56.491728126Z [INFO] EDGETRADER-VIRTUAL.SimulatedExchange(BINANCE): Added instrument OMNIBTC.BINANCE and created matching engine
2026-09-16T06:17:56.491956946Z [INFO] EDGETRADER-VIRTUAL.SimulatedExchange(BINANCE): Added instrument OMNIUSDT.BINANCE and created matching engine
2026-09-16T06:17:56.492182173Z [INFO] EDGETRADER-VIRTUAL.SimulatedExchange(BINANCE): Added instrument OMNIBNB.BINANCE and created matching engine
2026-09-16T06:17:56.492354381Z [INFO] EDGETRADER-VIRTUAL.SimulatedExchange(BINANCE): Added instrument OMNIFDUSD.BINANCE and created matching engine
2026-09-16T06:17:56.492621485Z [INFO] EDGETRADER-VIRTUAL.SimulatedExchange(BINANCE): Added instrument OMNITRY.BINANCE and created matching engine
2026-09-16T06:17:56.492852497Z [INFO] EDGETRADER-VIRTUAL.SimulatedExchange(BINANCE): Added instrument APTUSDC.BINANCE and created matching engine
2026-09-16T06:17:56.493158222Z [INFO] EDGETRADER-VIRTUAL.SimulatedExchange(BINANCE): Added instrument GALAUSDC.BINANCE and created matching engine
2026-09-16T06:17:56.493424132Z [INFO] EDGETRADER-VIRTUAL.SimulatedExchange(BINANCE): Added instrument OMNIBRL.BINANCE and created matching engine
2026-09-16T06:17:56.493671511Z [INFO] EDGETRADER-VIRTUAL.SimulatedExchange(BINANCE): Added instrument STXUSDC.BINANCE and created matching engine
2026-09-16T06:17:56.493974188Z [INFO] EDGETRADER-VIRTUAL.SimulatedExchange(BINANCE): Added instrument ICPUSDC.BINANCE and created matching engine
2026-09-16T06:17:56.494228620Z [INFO] EDGETRADER-VIRTUAL.SimulatedExchange(BINANCE): Added instrument OMNIUSDC.BINANCE and created matching engine
2026-09-16T06:17:56.494486334Z [INFO] EDGETRADER-VIRTUAL.SimulatedExchange(BINANCE): Added instrument PEPEBRL.BINANCE and created matching engine
2026-09-16T06:17:56.494775626Z [INFO] EDGETRADER-VIRTUAL.SimulatedExchange(BINANCE): Added instrument YGGTRY.BINANCE and created matching engine
2026-09-16T06:17:56.495032513Z [INFO] EDGETRADER-VIRTUAL.SimulatedExchange(BINANCE): Added instrument ADAJPY.BINANCE and created matching engine
2026-09-16T06:17:56.495225108Z [INFO] EDGETRADER-VIRTUAL.SimulatedExchange(BINANCE): Added instrument SHIBJPY.BINANCE and created matching engine
2026-09-16T06:17:56.495477846Z [INFO] EDGETRADER-VIRTUAL.SimulatedExchange(BINANCE): Added instrument SOLJPY.BINANCE and created matching engine
2026-09-16T06:17:56.495725503Z [INFO] EDGETRADER-VIRTUAL.SimulatedExchange(BINANCE): Added instrument XRPJPY.BINANCE and created matching engine
2026-09-16T06:17:56.496004696Z [INFO] EDGETRADER-VIRTUAL.SimulatedExchange(BINANCE): Added instrument REZBTC.BINANCE and created matching engine
2026-09-16T06:17:56.496252718Z [INFO] EDGETRADER-VIRTUAL.SimulatedExchange(BINANCE): Added instrument REZUSDT.BINANCE and created matching engine
2026-09-16T06:17:56.496506040Z [INFO] EDGETRADER-VIRTUAL.SimulatedExchange(BINANCE): Added instrument REZBNB.BINANCE and created matching engine
2026-09-16T06:17:56.496756016Z [INFO] EDGETRADER-VIRTUAL.SimulatedExchange(BINANCE): Added instrument REZFDUSD.BINANCE and created matching engine
2026-09-16T06:17:56.496967502Z [INFO] EDGETRADER-VIRTUAL.SimulatedExchange(BINANCE): Added instrument REZTRY.BINANCE and created matching engine
2026-09-16T06:17:56.497227474Z [INFO] EDGETRADER-VIRTUAL.SimulatedExchange(BINANCE): Added instrument EGLDTRY.BINANCE and created matching engine
2026-09-16T06:17:56.497515997Z [INFO] EDGETRADER-VIRTUAL.SimulatedExchange(BINANCE): Added instrument PHBTRY.BINANCE and created matching engine
2026-09-16T06:17:56.497720806Z [INFO] EDGETRADER-VIRTUAL.SimulatedExchange(BINANCE): Added instrument RSRTRY.BINANCE and created matching engine
2026-09-16T06:17:56.497885631Z [INFO] EDGETRADER-VIRTUAL.SimulatedExchange(BINANCE): Added instrument BBBTC.BINANCE and created matching engine
2026-09-16T06:17:56.498110606Z [INFO] EDGETRADER-VIRTUAL.SimulatedExchange(BINANCE): Added instrument BBUSDT.BINANCE and created matching engine
2026-09-16T06:17:56.498323959Z [INFO] EDGETRADER-VIRTUAL.SimulatedExchange(BINANCE): Added instrument BBBNB.BINANCE and created matching engine
2026-09-16T06:17:56.498518759Z [INFO] EDGETRADER-VIRTUAL.SimulatedExchange(BINANCE): Added instrument BBFDUSD.BINANCE and created matching engine
2026-09-16T06:17:56.498770589Z [INFO] EDGETRADER-VIRTUAL.SimulatedExchange(BINANCE): Added instrument BBTRY.BINANCE and created matching engine
2026-09-16T06:17:56.499016263Z [INFO] EDGETRADER-VIRTUAL.SimulatedExchange(BINANCE): Added instrument FRONTUSDC.BINANCE and created matching engine
2026-09-16T06:17:56.499241844Z [INFO] EDGETRADER-VIRTUAL.SimulatedExchange(BINANCE): Added instrument PEOPLETRY.BINANCE and created matching engine
2026-09-16T06:17:56.499502212Z [INFO] EDGETRADER-VIRTUAL.SimulatedExchange(BINANCE): Added instrument TRBUSDC.BINANCE and created matching engine
2026-09-16T06:17:56.499782203Z [INFO] EDGETRADER-VIRTUAL.SimulatedExchange(BINANCE): Added instrument NOTUSDT.BINANCE and created matching engine
2026-09-16T06:17:56.500023301Z [INFO] EDGETRADER-VIRTUAL.SimulatedExchange(BINANCE): Added instrument NOTBNB.BINANCE and created matching engine
2026-09-16T06:17:56.500261500Z [INFO] EDGETRADER-VIRTUAL.SimulatedExchange(BINANCE): Added instrument NOTFDUSD.BINANCE and created matching engine
2026-09-16T06:17:56.500591364Z [INFO] EDGETRADER-VIRTUAL.SimulatedExchange(BINANCE): Added instrument NOTTRY.BINANCE and created matching engine
2026-09-16T06:17:56.500974207Z [INFO] EDGETRADER-VIRTUAL.SimulatedExchange(BINANCE): Added instrument ARKMUSDC.BINANCE and created matching engine
2026-09-16T06:17:56.501270934Z [INFO] EDGETRADER-VIRTUAL.SimulatedExchange(BINANCE): Added instrument ARUSDC.BINANCE and created matching engine
2026-09-16T06:17:56.501657879Z [INFO] EDGETRADER-VIRTUAL.SimulatedExchange(BINANCE): Added instrument BBUSDC.BINANCE and created matching engine
2026-09-16T06:17:56.502037395Z [INFO] EDGETRADER-VIRTUAL.SimulatedExchange(BINANCE): Added instrument CRVUSDC.BINANCE and created matching engine
2026-09-16T06:17:56.502323417Z [INFO] EDGETRADER-VIRTUAL.SimulatedExchange(BINANCE): Added instrument PEOPLEUSDC.BINANCE and created matching engine
2026-09-16T06:17:56.502627660Z [INFO] EDGETRADER-VIRTUAL.SimulatedExchange(BINANCE): Added instrument ARFDUSD.BINANCE and created matching engine
2026-09-16T06:17:56.502931552Z [INFO] EDGETRADER-VIRTUAL.SimulatedExchange(BINANCE): Added instrument ENAEUR.BINANCE and created matching engine
2026-09-16T06:17:56.503234459Z [INFO] EDGETRADER-VIRTUAL.SimulatedExchange(BINANCE): Added instrument PEPEEUR.BINANCE and created matching engine
2026-09-16T06:17:56.503449552Z [INFO] EDGETRADER-VIRTUAL.SimulatedExchange(BINANCE): Added instrument REZUSDC.BINANCE and created matching engine
2026-09-16T06:17:56.503701485Z [INFO] EDGETRADER-VIRTUAL.SimulatedExchange(BINANCE): Added instrument TRBFDUSD.BINANCE and created matching engine
2026-09-16T06:17:56.503927793Z [INFO] EDGETRADER-VIRTUAL.SimulatedExchange(BINANCE): Added instrument USDCTRY.BINANCE and created matching engine
2026-09-16T06:17:56.504202049Z [INFO] EDGETRADER-VIRTUAL.SimulatedExchange(BINANCE): Added instrument BTCMXN.BINANCE and created matching engine
2026-09-16T06:17:56.504451977Z [INFO] EDGETRADER-VIRTUAL.SimulatedExchange(BINANCE): Added instrument XRPMXN.BINANCE and created matching engine
2026-09-16T06:17:56.504733928Z [INFO] EDGETRADER-VIRTUAL.SimulatedExchange(BINANCE): Added instrument ENSUSDC.BINANCE and created matching engine
2026-09-16T06:17:56.504984937Z [INFO] EDGETRADER-VIRTUAL.SimulatedExchange(BINANCE): Added instrument LDOUSDC.BINANCE and created matching engine
2026-09-16T06:17:56.505279953Z [INFO] EDGETRADER-VIRTUAL.SimulatedExchange(BINANCE): Added instrument NOTUSDC.BINANCE and created matching engine
2026-09-16T06:17:56.505546441Z [INFO] EDGETRADER-VIRTUAL.SimulatedExchange(BINANCE): Added instrument NEARBRL.BINANCE and created matching engine
2026-09-16T06:17:56.505842449Z [INFO] EDGETRADER-VIRTUAL.SimulatedExchange(BINANCE): Added instrument HIGHTRY.BINANCE and created matching engine
2026-09-16T06:17:56.506121559Z [INFO] EDGETRADER-VIRTUAL.SimulatedExchange(BINANCE): Added instrument PEOPLEFDUSD.BINANCE and created matching engine
2026-09-16T06:17:56.506420676Z [INFO] EDGETRADER-VIRTUAL.SimulatedExchange(BINANCE): Added instrument TNSRUSDC.BINANCE and created matching engine
2026-09-16T06:17:56.506703833Z [INFO] EDGETRADER-VIRTUAL.SimulatedExchange(BINANCE): Added instrument USDTCOP.BINANCE and created matching engine
2026-09-16T06:17:56.506949340Z [INFO] EDGETRADER-VIRTUAL.SimulatedExchange(BINANCE): Added instrument IOBTC.BINANCE and created matching engine
2026-09-16T06:17:56.507224240Z [INFO] EDGETRADER-VIRTUAL.SimulatedExchange(BINANCE): Added instrument IOUSDT.BINANCE and created matching engine
2026-09-16T06:17:56.507464231Z [INFO] EDGETRADER-VIRTUAL.SimulatedExchange(BINANCE): Added instrument IOBNB.BINANCE and created matching engine
2026-09-16T06:17:56.507745908Z [INFO] EDGETRADER-VIRTUAL.SimulatedExchange(BINANCE): Added instrument IOFDUSD.BINANCE and created matching engine
2026-09-16T06:17:56.508099774Z [INFO] EDGETRADER-VIRTUAL.SimulatedExchange(BINANCE): Added instrument IOTRY.BINANCE and created matching engine
2026-09-16T06:17:56.508319260Z [INFO] EDGETRADER-VIRTUAL.SimulatedExchange(BINANCE): Added instrument NOTBRL.BINANCE and created matching engine
2026-09-16T06:17:56.508585330Z [INFO] EDGETRADER-VIRTUAL.SimulatedExchange(BINANCE): Added instrument TRUTRY.BINANCE and created matching engine
2026-09-16T06:17:56.508864569Z [INFO] EDGETRADER-VIRTUAL.SimulatedExchange(BINANCE): Added instrument WIFEUR.BINANCE and created matching engine
2026-09-16T06:17:56.509083460Z [INFO] EDGETRADER-VIRTUAL.SimulatedExchange(BINANCE): Added instrument ZKBTC.BINANCE and created matching engine
2026-09-16T06:17:56.509345395Z [INFO] EDGETRADER-VIRTUAL.SimulatedExchange(BINANCE): Added instrument ZKUSDT.BINANCE and created matching engine
2026-09-16T06:17:56.509677306Z [INFO] EDGETRADER-VIRTUAL.SimulatedExchange(BINANCE): Added instrument ZKFDUSD.BINANCE and created matching engine
2026-09-16T06:17:56.509960320Z [INFO] EDGETRADER-VIRTUAL.SimulatedExchange(BINANCE): Added instrument ZKTRY.BINANCE and created matching engine
2026-09-16T06:17:56.510158372Z [INFO] EDGETRADER-VIRTUAL.SimulatedExchange(BINANCE): Added instrument LISTAUSDT.BINANCE and created matching engine
2026-09-16T06:17:56.510340860Z [INFO] EDGETRADER-VIRTUAL.SimulatedExchange(BINANCE): Added instrument LISTABNB.BINANCE and created matching engine
2026-09-16T06:17:56.510505580Z [INFO] EDGETRADER-VIRTUAL.SimulatedExchange(BINANCE): Added instrument LISTAFDUSD.BINANCE and created matching engine
2026-09-16T06:17:56.510717586Z [INFO] EDGETRADER-VIRTUAL.SimulatedExchange(BINANCE): Added instrument LISTATRY.BINANCE and created matching engine
2026-09-16T06:17:56.510904583Z [INFO] EDGETRADER-VIRTUAL.SimulatedExchange(BINANCE): Added instrument ZROBTC.BINANCE and created matching engine
2026-09-16T06:17:56.511153759Z [INFO] EDGETRADER-VIRTUAL.SimulatedExchange(BINANCE): Added instrument ZROUSDT.BINANCE and created matching engine
2026-09-16T06:17:56.511435546Z [INFO] EDGETRADER-VIRTUAL.SimulatedExchange(BINANCE): Added instrument ZROFDUSD.BINANCE and created matching engine
2026-09-16T06:17:56.511689541Z [INFO] EDGETRADER-VIRTUAL.SimulatedExchange(BINANCE): Added instrument ZROTRY.BINANCE and created matching engine
2026-09-16T06:17:56.511872280Z [INFO] EDGETRADER-VIRTUAL.SimulatedExchange(BINANCE): Added instrument LISTABRL.BINANCE and created matching engine
2026-09-16T06:17:56.512053274Z [INFO] EDGETRADER-VIRTUAL.SimulatedExchange(BINANCE): Added instrument BAKETRY.BINANCE and created matching engine
2026-09-16T06:17:56.512280693Z [INFO] EDGETRADER-VIRTUAL.SimulatedExchange(BINANCE): Added instrument WIFBRL.BINANCE and created matching engine
2026-09-16T06:17:56.512518127Z [INFO] EDGETRADER-VIRTUAL.SimulatedExchange(BINANCE): Added instrument ZKUSDC.BINANCE and created matching engine
2026-09-16T06:17:56.512705587Z [INFO] EDGETRADER-VIRTUAL.SimulatedExchange(BINANCE): Added instrument ZROUSDC.BINANCE and created matching engine
2026-09-16T06:17:56.512940796Z [INFO] EDGETRADER-VIRTUAL.SimulatedExchange(BINANCE): Added instrument IOUSDC.BINANCE and created matching engine
2026-09-16T06:17:56.513156252Z [INFO] EDGETRADER-VIRTUAL.SimulatedExchange(BINANCE): Added instrument 1000SATSUSDC.BINANCE and created matching engine
2026-09-16T06:17:56.513373374Z [INFO] EDGETRADER-VIRTUAL.SimulatedExchange(BINANCE): Added instrument BNXTRY.BINANCE and created matching engine
2026-09-16T06:17:56.513595668Z [INFO] EDGETRADER-VIRTUAL.SimulatedExchange(BINANCE): Added instrument ETHARS.BINANCE and created matching engine
2026-09-16T06:17:56.513766350Z [INFO] EDGETRADER-VIRTUAL.SimulatedExchange(BINANCE): Added instrument GUSDT.BINANCE and created matching engine
2026-09-16T06:17:56.513928963Z [INFO] EDGETRADER-VIRTUAL.SimulatedExchange(BINANCE): Added instrument GTRY.BINANCE and created matching engine
2026-09-16T06:17:56.514157885Z [INFO] EDGETRADER-VIRTUAL.SimulatedExchange(BINANCE): Added instrument BANANABTC.BINANCE and created matching engine
2026-09-16T06:17:56.514381033Z [INFO] EDGETRADER-VIRTUAL.SimulatedExchange(BINANCE): Added instrument BANANAUSDT.BINANCE and created matching engine
2026-09-16T06:17:56.514600203Z [INFO] EDGETRADER-VIRTUAL.SimulatedExchange(BINANCE): Added instrument BANANABNB.BINANCE and created matching engine
2026-09-16T06:17:56.514771518Z [INFO] EDGETRADER-VIRTUAL.SimulatedExchange(BINANCE): Added instrument BANANAFDUSD.BINANCE and created matching engine
2026-09-16T06:17:56.514958090Z [INFO] EDGETRADER-VIRTUAL.SimulatedExchange(BINANCE): Added instrument BANANATRY.BINANCE and created matching engine
2026-09-16T06:17:56.515137709Z [INFO] EDGETRADER-VIRTUAL.SimulatedExchange(BINANCE): Added instrument RENDERBTC.BINANCE and created matching engine
2026-09-16T06:17:56.515332196Z [INFO] EDGETRADER-VIRTUAL.SimulatedExchange(BINANCE): Added instrument RENDERUSDT.BINANCE and created matching engine
2026-09-16T06:17:56.515527492Z [INFO] EDGETRADER-VIRTUAL.SimulatedExchange(BINANCE): Added instrument RENDERFDUSD.BINANCE and created matching engine
2026-09-16T06:17:56.515694432Z [INFO] EDGETRADER-VIRTUAL.SimulatedExchange(BINANCE): Added instrument RENDERUSDC.BINANCE and created matching engine
2026-09-16T06:17:56.515858442Z [INFO] EDGETRADER-VIRTUAL.SimulatedExchange(BINANCE): Added instrument RENDERTRY.BINANCE and created matching engine
2026-09-16T06:17:56.516055861Z [INFO] EDGETRADER-VIRTUAL.SimulatedExchange(BINANCE): Added instrument RENDEREUR.BINANCE and created matching engine
2026-09-16T06:17:56.516223960Z [INFO] EDGETRADER-VIRTUAL.SimulatedExchange(BINANCE): Added instrument RENDERBRL.BINANCE and created matching engine
2026-09-16T06:17:56.516400548Z [INFO] EDGETRADER-VIRTUAL.SimulatedExchange(BINANCE): Added instrument TONBTC.BINANCE and created matching engine
2026-09-16T06:17:56.516579538Z [INFO] EDGETRADER-VIRTUAL.SimulatedExchange(BINANCE): Added instrument TONUSDT.BINANCE and created matching engine
2026-09-16T06:17:56.516870019Z [INFO] EDGETRADER-VIRTUAL.SimulatedExchange(BINANCE): Added instrument TONFDUSD.BINANCE and created matching engine
2026-09-16T06:17:56.517075503Z [INFO] EDGETRADER-VIRTUAL.SimulatedExchange(BINANCE): Added instrument TONTRY.BINANCE and created matching engine
2026-09-16T06:17:56.517273345Z [INFO] EDGETRADER-VIRTUAL.SimulatedExchange(BINANCE): Added instrument BONKBRL.BINANCE and created matching engine
2026-09-16T06:17:56.517602707Z [INFO] EDGETRADER-VIRTUAL.SimulatedExchange(BINANCE): Added instrument NOTEUR.BINANCE and created matching engine
2026-09-16T06:17:56.517841223Z [INFO] EDGETRADER-VIRTUAL.SimulatedExchange(BINANCE): Added instrument DOGEJPY.BINANCE and created matching engine
2026-09-16T06:17:56.518037217Z [INFO] EDGETRADER-VIRTUAL.SimulatedExchange(BINANCE): Added instrument MATICJPY.BINANCE and created matching engine
2026-09-16T06:17:56.518236465Z [INFO] EDGETRADER-VIRTUAL.SimulatedExchange(BINANCE): Added instrument NEARJPY.BINANCE and created matching engine
2026-09-16T06:17:56.518462983Z [INFO] EDGETRADER-VIRTUAL.SimulatedExchange(BINANCE): Added instrument TONUSDC.BINANCE and created matching engine
2026-09-16T06:17:56.518666227Z [INFO] EDGETRADER-VIRTUAL.SimulatedExchange(BINANCE): Added instrument AAVEFDUSD.BINANCE and created matching engine
2026-09-16T06:17:56.518854603Z [INFO] EDGETRADER-VIRTUAL.SimulatedExchange(BINANCE): Added instrument DOGSUSDT.BINANCE and created matching engine
2026-09-16T06:17:56.519156624Z [INFO] EDGETRADER-VIRTUAL.SimulatedExchange(BINANCE): Added instrument DOGSBNB.BINANCE and created matching engine
2026-09-16T06:17:56.519377484Z [INFO] EDGETRADER-VIRTUAL.SimulatedExchange(BINANCE): Added instrument DOGSFDUSD.BINANCE and created matching engine
2026-09-16T06:17:56.519608234Z [INFO] EDGETRADER-VIRTUAL.SimulatedExchange(BINANCE): Added instrument DOGSTRY.BINANCE and created matching engine
2026-09-16T06:17:56.519802513Z [INFO] EDGETRADER-VIRTUAL.SimulatedExchange(BINANCE): Added instrument EUREURI.BINANCE and created matching engine
2026-09-16T06:17:56.519978652Z [INFO] EDGETRADER-VIRTUAL.SimulatedExchange(BINANCE): Added instrument EURIUSDT.BINANCE and created matching engine
2026-09-16T06:17:56.520246281Z [INFO] EDGETRADER-VIRTUAL.SimulatedExchange(BINANCE): Added instrument DOGSBRL.BINANCE and created matching engine
2026-09-16T06:17:56.520448785Z [INFO] EDGETRADER-VIRTUAL.SimulatedExchange(BINANCE): Added instrument DOGSUSDC.BINANCE and created matching engine
2026-09-16T06:17:56.520697438Z [INFO] EDGETRADER-VIRTUAL.SimulatedExchange(BINANCE): Added instrument RAREBRL.BINANCE and created matching engine
2026-09-16T06:17:56.521041697Z [INFO] EDGETRADER-VIRTUAL.SimulatedExchange(BINANCE): Added instrument RAREUSDC.BINANCE and created matching engine
2026-09-16T06:17:56.521309205Z [INFO] EDGETRADER-VIRTUAL.SimulatedExchange(BINANCE): Added instrument SLFBTC.BINANCE and created matching engine
2026-09-16T06:17:56.521695545Z [INFO] EDGETRADER-VIRTUAL.SimulatedExchange(BINANCE): Added instrument SLFTRY.BINANCE and created matching engine
2026-09-16T06:17:56.522157553Z [INFO] EDGETRADER-VIRTUAL.SimulatedExchange(BINANCE): Added instrument SLFUSDC.BINANCE and created matching engine
2026-09-16T06:17:56.522494604Z [INFO] EDGETRADER-VIRTUAL.SimulatedExchange(BINANCE): Added instrument SLFUSDT.BINANCE and created matching engine
2026-09-16T06:17:56.522685959Z [INFO] EDGETRADER-VIRTUAL.SimulatedExchange(BINANCE): Added instrument AAVEUSDC.BINANCE and created matching engine
2026-09-16T06:17:56.523081419Z [INFO] EDGETRADER-VIRTUAL.SimulatedExchange(BINANCE): Added instrument SUNTRY.BINANCE and created matching engine
2026-09-16T06:17:56.523341112Z [INFO] EDGETRADER-VIRTUAL.SimulatedExchange(BINANCE): Added instrument STMXTRY.BINANCE and created matching engine
2026-09-16T06:17:56.523596096Z [INFO] EDGETRADER-VIRTUAL.SimulatedExchange(BINANCE): Added instrument POLBNB.BINANCE and created matching engine
2026-09-16T06:17:56.523783503Z [INFO] EDGETRADER-VIRTUAL.SimulatedExchange(BINANCE): Added instrument POLBRL.BINANCE and created matching engine
2026-09-16T06:17:56.524016103Z [INFO] EDGETRADER-VIRTUAL.SimulatedExchange(BINANCE): Added instrument POLBTC.BINANCE and created matching engine
2026-09-16T06:17:56.524200414Z [INFO] EDGETRADER-VIRTUAL.SimulatedExchange(BINANCE): Added instrument POLETH.BINANCE and created matching engine
2026-09-16T06:17:56.524378643Z [INFO] EDGETRADER-VIRTUAL.SimulatedExchange(BINANCE): Added instrument POLEUR.BINANCE and created matching engine
2026-09-16T06:17:56.524608252Z [INFO] EDGETRADER-VIRTUAL.SimulatedExchange(BINANCE): Added instrument POLFDUSD.BINANCE and created matching engine
2026-09-16T06:17:56.525535085Z [INFO] EDGETRADER-VIRTUAL.SimulatedExchange(BINANCE): Added instrument POLJPY.BINANCE and created matching engine
2026-09-16T06:17:56.525813213Z [INFO] EDGETRADER-VIRTUAL.SimulatedExchange(BINANCE): Added instrument POLTRY.BINANCE and created matching engine
2026-09-16T06:17:56.526047415Z [INFO] EDGETRADER-VIRTUAL.SimulatedExchange(BINANCE): Added instrument POLUSDC.BINANCE and created matching engine
2026-09-16T06:17:56.526299945Z [INFO] EDGETRADER-VIRTUAL.SimulatedExchange(BINANCE): Added instrument POLUSDT.BINANCE and created matching engine
2026-09-16T06:17:56.526525305Z [INFO] EDGETRADER-VIRTUAL.SimulatedExchange(BINANCE): Added instrument NEIROUSDT.BINANCE and created matching engine
2026-09-16T06:17:56.526738431Z [INFO] EDGETRADER-VIRTUAL.SimulatedExchange(BINANCE): Added instrument TURBOUSDT.BINANCE and created matching engine
2026-09-16T06:17:56.526906553Z [INFO] EDGETRADER-VIRTUAL.SimulatedExchange(BINANCE): Added instrument 1MBABYDOGEUSDT.BINANCE and created matching engine
2026-09-16T06:17:56.527156812Z [INFO] EDGETRADER-VIRTUAL.SimulatedExchange(BINANCE): Added instrument CATIUSDT.BINANCE and created matching engine
2026-09-16T06:17:56.527393755Z [INFO] EDGETRADER-VIRTUAL.SimulatedExchange(BINANCE): Added instrument CATIBNB.BINANCE and created matching engine
2026-09-16T06:17:56.527617893Z [INFO] EDGETRADER-VIRTUAL.SimulatedExchange(BINANCE): Added instrument CATIFDUSD.BINANCE and created matching engine
2026-09-16T06:17:56.527828295Z [INFO] EDGETRADER-VIRTUAL.SimulatedExchange(BINANCE): Added instrument CATITRY.BINANCE and created matching engine
2026-09-16T06:17:56.528013317Z [INFO] EDGETRADER-VIRTUAL.SimulatedExchange(BINANCE): Added instrument 1MBABYDOGEFDUSD.BINANCE and created matching engine
2026-09-16T06:17:56.528183179Z [INFO] EDGETRADER-VIRTUAL.SimulatedExchange(BINANCE): Added instrument 1MBABYDOGETRY.BINANCE and created matching engine
2026-09-16T06:17:56.528366649Z [INFO] EDGETRADER-VIRTUAL.SimulatedExchange(BINANCE): Added instrument CATIBRL.BINANCE and created matching engine
2026-09-16T06:17:56.528609063Z [INFO] EDGETRADER-VIRTUAL.SimulatedExchange(BINANCE): Added instrument BTCEURI.BINANCE and created matching engine
2026-09-16T06:17:56.528799052Z [INFO] EDGETRADER-VIRTUAL.SimulatedExchange(BINANCE): Added instrument NEIROFDUSD.BINANCE and created matching engine
2026-09-16T06:17:56.529109902Z [INFO] EDGETRADER-VIRTUAL.SimulatedExchange(BINANCE): Added instrument NEIROTRY.BINANCE and created matching engine
2026-09-16T06:17:56.529513882Z [INFO] EDGETRADER-VIRTUAL.SimulatedExchange(BINANCE): Added instrument HMSTRUSDT.BINANCE and created matching engine
2026-09-16T06:17:56.529739477Z [INFO] EDGETRADER-VIRTUAL.SimulatedExchange(BINANCE): Added instrument HMSTRBNB.BINANCE and created matching engine
2026-09-16T06:17:56.530024174Z [INFO] EDGETRADER-VIRTUAL.SimulatedExchange(BINANCE): Added instrument HMSTRFDUSD.BINANCE and created matching engine
2026-09-16T06:17:56.530226708Z [INFO] EDGETRADER-VIRTUAL.SimulatedExchange(BINANCE): Added instrument HMSTRTRY.BINANCE and created matching engine
2026-09-16T06:17:56.530466892Z [INFO] EDGETRADER-VIRTUAL.SimulatedExchange(BINANCE): Added instrument EIGENBTC.BINANCE and created matching engine
2026-09-16T06:17:56.530673074Z [INFO] EDGETRADER-VIRTUAL.SimulatedExchange(BINANCE): Added instrument EIGENUSDT.BINANCE and created matching engine
2026-09-16T06:17:56.530853413Z [INFO] EDGETRADER-VIRTUAL.SimulatedExchange(BINANCE): Added instrument EIGENFDUSD.BINANCE and created matching engine
2026-09-16T06:17:56.531119795Z [INFO] EDGETRADER-VIRTUAL.SimulatedExchange(BINANCE): Added instrument EIGENTRY.BINANCE and created matching engine
2026-09-16T06:17:56.531310761Z [INFO] EDGETRADER-VIRTUAL.SimulatedExchange(BINANCE): Added instrument NEIROBRL.BINANCE and created matching engine
2026-09-16T06:17:56.531707792Z [INFO] EDGETRADER-VIRTUAL.SimulatedExchange(BINANCE): Added instrument NEIROEUR.BINANCE and created matching engine
2026-09-16T06:17:56.531998150Z [INFO] EDGETRADER-VIRTUAL.SimulatedExchange(BINANCE): Added instrument BNSOLSOL.BINANCE and created matching engine
2026-09-16T06:17:56.532225016Z [INFO] EDGETRADER-VIRTUAL.SimulatedExchange(BINANCE): Added instrument SCRUSDT.BINANCE and created matching engine
2026-09-16T06:17:56.532428677Z [INFO] EDGETRADER-VIRTUAL.SimulatedExchange(BINANCE): Added instrument SUIBRL.BINANCE and created matching engine
2026-09-16T06:17:56.532618156Z [INFO] EDGETRADER-VIRTUAL.SimulatedExchange(BINANCE): Added instrument TURBOTRY.BINANCE and created matching engine
2026-09-16T06:17:56.532817593Z [INFO] EDGETRADER-VIRTUAL.SimulatedExchange(BINANCE): Added instrument BNSOLUSDT.BINANCE and created matching engine
2026-09-16T06:17:56.532996306Z [INFO] EDGETRADER-VIRTUAL.SimulatedExchange(BINANCE): Added instrument LUMIAUSDT.BINANCE and created matching engine
2026-09-16T06:17:56.533250724Z [INFO] EDGETRADER-VIRTUAL.SimulatedExchange(BINANCE): Added instrument SCRBTC.BINANCE and created matching engine
2026-09-16T06:17:56.533497137Z [INFO] EDGETRADER-VIRTUAL.SimulatedExchange(BINANCE): Added instrument SCRFDUSD.BINANCE and created matching engine
2026-09-16T06:17:56.534134933Z [INFO] EDGETRADER-VIRTUAL.SimulatedExchange(BINANCE): Added instrument SCRTRY.BINANCE and created matching engine
2026-09-16T06:17:56.535045845Z [INFO] EDGETRADER-VIRTUAL.SimulatedExchange(BINANCE): Added instrument KAIAUSDT.BINANCE and created matching engine
2026-09-16T06:17:56.536054724Z [INFO] EDGETRADER-VIRTUAL.SimulatedExchange(BINANCE): Added instrument COWUSDT.BINANCE and created matching engine
2026-09-16T06:17:56.537102217Z [INFO] EDGETRADER-VIRTUAL.SimulatedExchange(BINANCE): Added instrument CETUSUSDT.BINANCE and created matching engine
2026-09-16T06:17:56.537482217Z [INFO] EDGETRADER-VIRTUAL.SimulatedExchange(BINANCE): Added instrument PNUTUSDT.BINANCE and created matching engine
2026-09-16T06:17:56.537740069Z [INFO] EDGETRADER-VIRTUAL.SimulatedExchange(BINANCE): Added instrument ACTUSDT.BINANCE and created matching engine
2026-09-16T06:17:56.538008196Z [INFO] EDGETRADER-VIRTUAL.SimulatedExchange(BINANCE): Added instrument ACTTRY.BINANCE and created matching engine
2026-09-16T06:17:56.538220778Z [INFO] EDGETRADER-VIRTUAL.SimulatedExchange(BINANCE): Added instrument COWTRY.BINANCE and created matching engine
2026-09-16T06:17:56.538488252Z [INFO] EDGETRADER-VIRTUAL.SimulatedExchange(BINANCE): Added instrument CETUSTRY.BINANCE and created matching engine
2026-09-16T06:17:56.538765013Z [INFO] EDGETRADER-VIRTUAL.SimulatedExchange(BINANCE): Added instrument TROYTRY.BINANCE and created matching engine
2026-09-16T06:17:56.538964963Z [INFO] EDGETRADER-VIRTUAL.SimulatedExchange(BINANCE): Added instrument PNUTTRY.BINANCE and created matching engine
2026-09-16T06:17:56.539261225Z [INFO] EDGETRADER-VIRTUAL.SimulatedExchange(BINANCE): Added instrument ACTFDUSD.BINANCE and created matching engine
2026-09-16T06:17:56.539506986Z [INFO] EDGETRADER-VIRTUAL.SimulatedExchange(BINANCE): Added instrument ACTUSDC.BINANCE and created matching engine
2026-09-16T06:17:56.539733877Z [INFO] EDGETRADER-VIRTUAL.SimulatedExchange(BINANCE): Added instrument NEIROUSDC.BINANCE and created matching engine
2026-09-16T06:17:56.539933786Z [INFO] EDGETRADER-VIRTUAL.SimulatedExchange(BINANCE): Added instrument PNUTBTC.BINANCE and created matching engine
2026-09-16T06:17:56.540125478Z [INFO] EDGETRADER-VIRTUAL.SimulatedExchange(BINANCE): Added instrument PNUTFDUSD.BINANCE and created matching engine
2026-09-16T06:17:56.540304905Z [INFO] EDGETRADER-VIRTUAL.SimulatedExchange(BINANCE): Added instrument PNUTUSDC.BINANCE and created matching engine
2026-09-16T06:17:56.540528922Z [INFO] EDGETRADER-VIRTUAL.SimulatedExchange(BINANCE): Added instrument USUALUSDT.BINANCE and created matching engine
2026-09-16T06:17:56.540728654Z [INFO] EDGETRADER-VIRTUAL.SimulatedExchange(BINANCE): Added instrument ACTBRL.BINANCE and created matching engine
2026-09-16T06:17:56.540951056Z [INFO] EDGETRADER-VIRTUAL.SimulatedExchange(BINANCE): Added instrument ACTEUR.BINANCE and created matching engine
2026-09-16T06:17:56.541155281Z [INFO] EDGETRADER-VIRTUAL.SimulatedExchange(BINANCE): Added instrument CATIUSDC.BINANCE and created matching engine
2026-09-16T06:17:56.541353229Z [INFO] EDGETRADER-VIRTUAL.SimulatedExchange(BINANCE): Added instrument ETHEURI.BINANCE and created matching engine
2026-09-16T06:17:56.541587277Z [INFO] EDGETRADER-VIRTUAL.SimulatedExchange(BINANCE): Added instrument LUMIATRY.BINANCE and created matching engine
2026-09-16T06:17:56.541829387Z [INFO] EDGETRADER-VIRTUAL.SimulatedExchange(BINANCE): Added instrument PNUTBRL.BINANCE and created matching engine
2026-09-16T06:17:56.542049326Z [INFO] EDGETRADER-VIRTUAL.SimulatedExchange(BINANCE): Added instrument PNUTEUR.BINANCE and created matching engine
2026-09-16T06:17:56.542257433Z [INFO] EDGETRADER-VIRTUAL.SimulatedExchange(BINANCE): Added instrument APEFDUSD.BINANCE and created matching engine
2026-09-16T06:17:56.542438601Z [INFO] EDGETRADER-VIRTUAL.SimulatedExchange(BINANCE): Added instrument FDUSDUSDC.BINANCE and created matching engine
2026-09-16T06:17:56.542617107Z [INFO] EDGETRADER-VIRTUAL.SimulatedExchange(BINANCE): Added instrument HBARUSDC.BINANCE and created matching engine
2026-09-16T06:17:56.542805439Z [INFO] EDGETRADER-VIRTUAL.SimulatedExchange(BINANCE): Added instrument OMUSDC.BINANCE and created matching engine
2026-09-16T06:17:56.543076440Z [INFO] EDGETRADER-VIRTUAL.SimulatedExchange(BINANCE): Added instrument RAYUSDC.BINANCE and created matching engine
2026-09-16T06:17:56.543286161Z [INFO] EDGETRADER-VIRTUAL.SimulatedExchange(BINANCE): Added instrument TAOUSDC.BINANCE and created matching engine
2026-09-16T06:17:56.543509600Z [INFO] EDGETRADER-VIRTUAL.SimulatedExchange(BINANCE): Added instrument TURBOFDUSD.BINANCE and created matching engine
2026-09-16T06:17:56.543714437Z [INFO] EDGETRADER-VIRTUAL.SimulatedExchange(BINANCE): Added instrument THEBTC.BINANCE and created matching engine
2026-09-16T06:17:56.543900901Z [INFO] EDGETRADER-VIRTUAL.SimulatedExchange(BINANCE): Added instrument THEBNB.BINANCE and created matching engine
2026-09-16T06:17:56.544135178Z [INFO] EDGETRADER-VIRTUAL.SimulatedExchange(BINANCE): Added instrument THEFDUSD.BINANCE and created matching engine
2026-09-16T06:17:56.544374244Z [INFO] EDGETRADER-VIRTUAL.SimulatedExchange(BINANCE): Added instrument THETRY.BINANCE and created matching engine
2026-09-16T06:17:56.544566812Z [INFO] EDGETRADER-VIRTUAL.SimulatedExchange(BINANCE): Added instrument THEUSDT.BINANCE and created matching engine
2026-09-16T06:17:56.597911050Z [INFO] EDGETRADER-VIRTUAL.SimulatedExchange(BINANCE): Added instrument APEUSDC.BINANCE and created matching engine
2026-09-16T06:17:56.598463698Z [INFO] EDGETRADER-VIRTUAL.SimulatedExchange(BINANCE): Added instrument BOMEEUR.BINANCE and created matching engine
2026-09-16T06:17:56.598835283Z [INFO] EDGETRADER-VIRTUAL.SimulatedExchange(BINANCE): Added instrument EIGENUSDC.BINANCE and created matching engine
2026-09-16T06:17:56.599048118Z [INFO] EDGETRADER-VIRTUAL.SimulatedExchange(BINANCE): Added instrument HBARFDUSD.BINANCE and created matching engine
2026-09-16T06:17:56.599264424Z [INFO] EDGETRADER-VIRTUAL.SimulatedExchange(BINANCE): Added instrument MEMEUSDC.BINANCE and created matching engine
2026-09-16T06:17:56.599504196Z [INFO] EDGETRADER-VIRTUAL.SimulatedExchange(BINANCE): Added instrument TROYUSDC.BINANCE and created matching engine
2026-09-16T06:17:56.599819635Z [INFO] EDGETRADER-VIRTUAL.SimulatedExchange(BINANCE): Added instrument WLDEUR.BINANCE and created matching engine
2026-09-16T06:17:56.600084359Z [INFO] EDGETRADER-VIRTUAL.SimulatedExchange(BINANCE): Added instrument 1MBABYDOGEUSDC.BINANCE and created matching engine
2026-09-16T06:17:56.600294587Z [INFO] EDGETRADER-VIRTUAL.SimulatedExchange(BINANCE): Added instrument CETUSUSDC.BINANCE and created matching engine
2026-09-16T06:17:56.600546185Z [INFO] EDGETRADER-VIRTUAL.SimulatedExchange(BINANCE): Added instrument COWUSDC.BINANCE and created matching engine
2026-09-16T06:17:56.600802851Z [INFO] EDGETRADER-VIRTUAL.SimulatedExchange(BINANCE): Added instrument DYDXUSDC.BINANCE and created matching engine
2026-09-16T06:17:56.601074825Z [INFO] EDGETRADER-VIRTUAL.SimulatedExchange(BINANCE): Added instrument HMSTRUSDC.BINANCE and created matching engine
2026-09-16T06:17:56.601317391Z [INFO] EDGETRADER-VIRTUAL.SimulatedExchange(BINANCE): Added instrument TURBOUSDC.BINANCE and created matching engine
2026-09-16T06:17:56.601626587Z [INFO] EDGETRADER-VIRTUAL.SimulatedExchange(BINANCE): Added instrument ENABRL.BINANCE and created matching engine
2026-09-16T06:17:56.601868553Z [INFO] EDGETRADER-VIRTUAL.SimulatedExchange(BINANCE): Added instrument EOSFDUSD.BINANCE and created matching engine
2026-09-16T06:17:56.602111536Z [INFO] EDGETRADER-VIRTUAL.SimulatedExchange(BINANCE): Added instrument KAIAUSDC.BINANCE and created matching engine
2026-09-16T06:17:56.602394277Z [INFO] EDGETRADER-VIRTUAL.SimulatedExchange(BINANCE): Added instrument SANDUSDC.BINANCE and created matching engine
2026-09-16T06:17:56.602701672Z [INFO] EDGETRADER-VIRTUAL.SimulatedExchange(BINANCE): Added instrument XLMFDUSD.BINANCE and created matching engine
2026-09-16T06:17:56.603071528Z [INFO] EDGETRADER-VIRTUAL.SimulatedExchange(BINANCE): Added instrument CHZUSDC.BINANCE and created matching engine
2026-09-16T06:17:56.603391126Z [INFO] EDGETRADER-VIRTUAL.SimulatedExchange(BINANCE): Added instrument PYTHUSDC.BINANCE and created matching engine
2026-09-16T06:17:56.603704928Z [INFO] EDGETRADER-VIRTUAL.SimulatedExchange(BINANCE): Added instrument RSRUSDC.BINANCE and created matching engine
2026-09-16T06:17:56.603965601Z [INFO] EDGETRADER-VIRTUAL.SimulatedExchange(BINANCE): Added instrument RSRFDUSD.BINANCE and created matching engine
2026-09-16T06:17:56.604186326Z [INFO] EDGETRADER-VIRTUAL.SimulatedExchange(BINANCE): Added instrument WUSDC.BINANCE and created matching engine
2026-09-16T06:17:56.604430632Z [INFO] EDGETRADER-VIRTUAL.SimulatedExchange(BINANCE): Added instrument XTZUSDC.BINANCE and created matching engine
2026-09-16T06:17:56.604964656Z [INFO] EDGETRADER-VIRTUAL.SimulatedExchange(BINANCE): Added instrument ACXUSDT.BINANCE and created matching engine
2026-09-16T06:17:56.605232504Z [INFO] EDGETRADER-VIRTUAL.SimulatedExchange(BINANCE): Added instrument ORCAUSDT.BINANCE and created matching engine
2026-09-16T06:17:56.605497872Z [INFO] EDGETRADER-VIRTUAL.SimulatedExchange(BINANCE): Added instrument MOVEBTC.BINANCE and created matching engine
2026-09-16T06:17:56.605696713Z [INFO] EDGETRADER-VIRTUAL.SimulatedExchange(BINANCE): Added instrument MOVEUSDT.BINANCE and created matching engine
2026-09-16T06:17:56.606004951Z [INFO] EDGETRADER-VIRTUAL.SimulatedExchange(BINANCE): Added instrument MOVEBNB.BINANCE and created matching engine
2026-09-16T06:17:56.606164494Z [INFO] EDGETRADER-VIRTUAL.SimulatedExchange(BINANCE): Added instrument MOVEFDUSD.BINANCE and created matching engine
2026-09-16T06:17:56.606325072Z [INFO] EDGETRADER-VIRTUAL.SimulatedExchange(BINANCE): Added instrument MOVETRY.BINANCE and created matching engine
2026-09-16T06:17:56.606536875Z [INFO] EDGETRADER-VIRTUAL.SimulatedExchange(BINANCE): Added instrument MEBTC.BINANCE and created matching engine
2026-09-16T06:17:56.606750463Z [INFO] EDGETRADER-VIRTUAL.SimulatedExchange(BINANCE): Added instrument MEUSDT.BINANCE and created matching engine
2026-09-16T06:17:56.607086912Z [INFO] EDGETRADER-VIRTUAL.SimulatedExchange(BINANCE): Added instrument MEFDUSD.BINANCE and created matching engine
2026-09-16T06:17:56.607581384Z [INFO] EDGETRADER-VIRTUAL.SimulatedExchange(BINANCE): Added instrument METRY.BINANCE and created matching engine
2026-09-16T06:17:56.607842985Z [INFO] EDGETRADER-VIRTUAL.SimulatedExchange(BINANCE): Added instrument ACXUSDC.BINANCE and created matching engine
2026-09-16T06:17:56.608047372Z [INFO] EDGETRADER-VIRTUAL.SimulatedExchange(BINANCE): Added instrument ORCAUSDC.BINANCE and created matching engine
2026-09-16T06:17:56.608241532Z [INFO] EDGETRADER-VIRTUAL.SimulatedExchange(BINANCE): Added instrument ACXFDUSD.BINANCE and created matching engine
2026-09-16T06:17:56.608406123Z [INFO] EDGETRADER-VIRTUAL.SimulatedExchange(BINANCE): Added instrument ORCAFDUSD.BINANCE and created matching engine
2026-09-16T06:17:56.608562974Z [INFO] EDGETRADER-VIRTUAL.SimulatedExchange(BINANCE): Added instrument ACXTRY.BINANCE and created matching engine
2026-09-16T06:17:56.608721237Z [INFO] EDGETRADER-VIRTUAL.SimulatedExchange(BINANCE): Added instrument ORCATRY.BINANCE and created matching engine
2026-09-16T06:17:56.608877035Z [INFO] EDGETRADER-VIRTUAL.SimulatedExchange(BINANCE): Added instrument KSMTRY.BINANCE and created matching engine
2026-09-16T06:17:56.609039486Z [INFO] EDGETRADER-VIRTUAL.SimulatedExchange(BINANCE): Added instrument CELOTRY.BINANCE and created matching engine
2026-09-16T06:17:56.609255607Z [INFO] EDGETRADER-VIRTUAL.SimulatedExchange(BINANCE): Added instrument HIVEFDUSD.BINANCE and created matching engine
2026-09-16T06:17:56.609574958Z [INFO] EDGETRADER-VIRTUAL.SimulatedExchange(BINANCE): Added instrument HIVEUSDC.BINANCE and created matching engine
2026-09-16T06:17:56.609827234Z [INFO] EDGETRADER-VIRTUAL.SimulatedExchange(BINANCE): Added instrument IDEXFDUSD.BINANCE and created matching engine
2026-09-16T06:17:56.610254222Z [INFO] EDGETRADER-VIRTUAL.SimulatedExchange(BINANCE): Added instrument IDEXUSDC.BINANCE and created matching engine
2026-09-16T06:17:56.610494979Z [INFO] EDGETRADER-VIRTUAL.SimulatedExchange(BINANCE): Added instrument TLMFDUSD.BINANCE and created matching engine
2026-09-16T06:17:56.610676485Z [INFO] EDGETRADER-VIRTUAL.SimulatedExchange(BINANCE): Added instrument TLMUSDC.BINANCE and created matching engine
2026-09-16T06:17:56.610871619Z [INFO] EDGETRADER-VIRTUAL.SimulatedExchange(BINANCE): Added instrument VELODROMEUSDT.BINANCE and created matching engine
2026-09-16T06:17:56.611045162Z [INFO] EDGETRADER-VIRTUAL.SimulatedExchange(BINANCE): Added instrument VANAUSDT.BINANCE and created matching engine
2026-09-16T06:17:56.611209088Z [INFO] EDGETRADER-VIRTUAL.SimulatedExchange(BINANCE): Added instrument VANABNB.BINANCE and created matching engine
2026-09-16T06:17:56.611416659Z [INFO] EDGETRADER-VIRTUAL.SimulatedExchange(BINANCE): Added instrument VANAFDUSD.BINANCE and created matching engine
2026-09-16T06:17:56.611584718Z [INFO] EDGETRADER-VIRTUAL.SimulatedExchange(BINANCE): Added instrument VANATRY.BINANCE and created matching engine
2026-09-16T06:17:56.611728965Z [INFO] EDGETRADER-VIRTUAL.SimulatedExchange(BINANCE): Added instrument 1000CATUSDT.BINANCE and created matching engine
2026-09-16T06:17:56.611935525Z [INFO] EDGETRADER-VIRTUAL.SimulatedExchange(BINANCE): Added instrument 1000CATBNB.BINANCE and created matching engine
2026-09-16T06:17:56.612130825Z [INFO] EDGETRADER-VIRTUAL.SimulatedExchange(BINANCE): Added instrument 1000CATFDUSD.BINANCE and created matching engine
2026-09-16T06:17:56.612277053Z [INFO] EDGETRADER-VIRTUAL.SimulatedExchange(BINANCE): Added instrument 1000CATTRY.BINANCE and created matching engine
2026-09-16T06:17:56.612425209Z [INFO] EDGETRADER-VIRTUAL.SimulatedExchange(BINANCE): Added instrument PENGUUSDT.BINANCE and created matching engine
2026-09-16T06:17:56.612630701Z [INFO] EDGETRADER-VIRTUAL.SimulatedExchange(BINANCE): Added instrument PENGUBNB.BINANCE and created matching engine
2026-09-16T06:17:56.612777593Z [INFO] EDGETRADER-VIRTUAL.SimulatedExchange(BINANCE): Added instrument PENGUFDUSD.BINANCE and created matching engine
2026-09-16T06:17:56.612927379Z [INFO] EDGETRADER-VIRTUAL.SimulatedExchange(BINANCE): Added instrument PENGUTRY.BINANCE and created matching engine
2026-09-16T06:17:56.613077475Z [INFO] EDGETRADER-VIRTUAL.SimulatedExchange(BINANCE): Added instrument USUALBTC.BINANCE and created matching engine
2026-09-16T06:17:56.613217879Z [INFO] EDGETRADER-VIRTUAL.SimulatedExchange(BINANCE): Added instrument USUALFDUSD.BINANCE and created matching engine
2026-09-16T06:17:56.613845545Z [INFO] EDGETRADER-VIRTUAL.SimulatedExchange(BINANCE): Added instrument USUALTRY.BINANCE and created matching engine
2026-09-16T06:17:56.614162554Z [INFO] EDGETRADER-VIRTUAL.SimulatedExchange(BINANCE): Added instrument 1000CATUSDC.BINANCE and created matching engine
2026-09-16T06:17:56.614441873Z [INFO] EDGETRADER-VIRTUAL.SimulatedExchange(BINANCE): Added instrument PENGUUSDC.BINANCE and created matching engine
2026-09-16T06:17:56.614906369Z [INFO] EDGETRADER-VIRTUAL.SimulatedExchange(BINANCE): Added instrument BIOUSDT.BINANCE and created matching engine
2026-09-16T06:17:56.615128918Z [INFO] EDGETRADER-VIRTUAL.SimulatedExchange(BINANCE): Added instrument BIOBNB.BINANCE and created matching engine
2026-09-16T06:17:56.615427037Z [INFO] EDGETRADER-VIRTUAL.SimulatedExchange(BINANCE): Added instrument BIOFDUSD.BINANCE and created matching engine
2026-09-16T06:17:56.615672907Z [INFO] EDGETRADER-VIRTUAL.SimulatedExchange(BINANCE): Added instrument BIOTRY.BINANCE and created matching engine
2026-09-16T06:17:56.615972179Z [INFO] EDGETRADER-VIRTUAL.SimulatedExchange(BINANCE): Added instrument BIOUSDC.BINANCE and created matching engine
2026-09-16T06:17:56.616207175Z [INFO] EDGETRADER-VIRTUAL.SimulatedExchange(BINANCE): Added instrument HIVETRY.BINANCE and created matching engine
2026-09-16T06:17:56.616468670Z [INFO] EDGETRADER-VIRTUAL.SimulatedExchange(BINANCE): Added instrument MOVEUSDC.BINANCE and created matching engine
2026-09-16T06:17:56.616783505Z [INFO] EDGETRADER-VIRTUAL.SimulatedExchange(BINANCE): Added instrument PHATRY.BINANCE and created matching engine
2026-09-16T06:17:56.617107004Z [INFO] EDGETRADER-VIRTUAL.SimulatedExchange(BINANCE): Added instrument SUSHITRY.BINANCE and created matching engine
2026-09-16T06:17:56.617333278Z [INFO] EDGETRADER-VIRTUAL.SimulatedExchange(BINANCE): Added instrument DUSDT.BINANCE and created matching engine
2026-09-16T06:17:56.617576555Z [INFO] EDGETRADER-VIRTUAL.SimulatedExchange(BINANCE): Added instrument DTRY.BINANCE and created matching engine
2026-09-16T06:17:56.617803925Z [INFO] EDGETRADER-VIRTUAL.SimulatedExchange(BINANCE): Added instrument APTJPY.BINANCE and created matching engine
2026-09-16T06:17:56.618246192Z [INFO] EDGETRADER-VIRTUAL.SimulatedExchange(BINANCE): Added instrument SUIJPY.BINANCE and created matching engine
2026-09-16T06:17:56.618843533Z [INFO] EDGETRADER-VIRTUAL.SimulatedExchange(BINANCE): Added instrument XLMJPY.BINANCE and created matching engine
2026-09-16T06:17:56.619405964Z [INFO] EDGETRADER-VIRTUAL.SimulatedExchange(BINANCE): Added instrument PEPEJPY.BINANCE and created matching engine
2026-09-16T06:17:56.619762535Z [INFO] EDGETRADER-VIRTUAL.SimulatedExchange(BINANCE): Added instrument PHAUSDC.BINANCE and created matching engine
2026-09-16T06:17:56.620238487Z [INFO] EDGETRADER-VIRTUAL.SimulatedExchange(BINANCE): Added instrument USDCPLN.BINANCE and created matching engine
2026-09-16T06:17:56.620803150Z [INFO] EDGETRADER-VIRTUAL.SimulatedExchange(BINANCE): Added instrument STEEMUSDC.BINANCE and created matching engine
2026-09-16T06:17:56.621526437Z [INFO] EDGETRADER-VIRTUAL.SimulatedExchange(BINANCE): Added instrument USUALUSDC.BINANCE and created matching engine
2026-09-16T06:17:56.621930768Z [INFO] EDGETRADER-VIRTUAL.SimulatedExchange(BINANCE): Added instrument AIXBTUSDT.BINANCE and created matching engine
2026-09-16T06:17:56.623258169Z [INFO] EDGETRADER-VIRTUAL.SimulatedExchange(BINANCE): Added instrument AIXBTUSDC.BINANCE and created matching engine
2026-09-16T06:17:56.623939803Z [INFO] EDGETRADER-VIRTUAL.SimulatedExchange(BINANCE): Added instrument CGPTUSDT.BINANCE and created matching engine
2026-09-16T06:17:56.624470204Z [INFO] EDGETRADER-VIRTUAL.SimulatedExchange(BINANCE): Added instrument CGPTUSDC.BINANCE and created matching engine
2026-09-16T06:17:56.624878278Z [INFO] EDGETRADER-VIRTUAL.SimulatedExchange(BINANCE): Added instrument COOKIEUSDT.BINANCE and created matching engine
2026-09-16T06:17:56.625329961Z [INFO] EDGETRADER-VIRTUAL.SimulatedExchange(BINANCE): Added instrument COOKIEUSDC.BINANCE and created matching engine
2026-09-16T06:17:56.625862988Z [INFO] EDGETRADER-VIRTUAL.SimulatedExchange(BINANCE): Added instrument SBTC.BINANCE and created matching engine
2026-09-16T06:17:56.626169665Z [INFO] EDGETRADER-VIRTUAL.SimulatedExchange(BINANCE): Added instrument SBNB.BINANCE and created matching engine
2026-09-16T06:17:56.626401106Z [INFO] EDGETRADER-VIRTUAL.SimulatedExchange(BINANCE): Added instrument SETH.BINANCE and created matching engine
2026-09-16T06:17:56.626898677Z [INFO] EDGETRADER-VIRTUAL.SimulatedExchange(BINANCE): Added instrument SEUR.BINANCE and created matching engine
2026-09-16T06:17:56.627163794Z [INFO] EDGETRADER-VIRTUAL.SimulatedExchange(BINANCE): Added instrument SFDUSD.BINANCE and created matching engine
2026-09-16T06:17:56.627325057Z [INFO] EDGETRADER-VIRTUAL.SimulatedExchange(BINANCE): Added instrument STRY.BINANCE and created matching engine
2026-09-16T06:17:56.627721140Z [INFO] EDGETRADER-VIRTUAL.SimulatedExchange(BINANCE): Added instrument SUSDC.BINANCE and created matching engine
2026-09-16T06:17:56.627987675Z [INFO] EDGETRADER-VIRTUAL.SimulatedExchange(BINANCE): Added instrument SUSDT.BINANCE and created matching engine
2026-09-16T06:17:56.628220261Z [INFO] EDGETRADER-VIRTUAL.SimulatedExchange(BINANCE): Added instrument IOTXJPY.BINANCE and created matching engine
2026-09-16T06:17:56.629117344Z [INFO] EDGETRADER-VIRTUAL.SimulatedExchange(BINANCE): Added instrument SEIJPY.BINANCE and created matching engine
2026-09-16T06:17:56.629889227Z [INFO] EDGETRADER-VIRTUAL.SimulatedExchange(BINANCE): Added instrument SOLVUSDT.BINANCE and created matching engine
2026-09-16T06:17:56.630214791Z [INFO] EDGETRADER-VIRTUAL.SimulatedExchange(BINANCE): Added instrument SOLVBNB.BINANCE and created matching engine
2026-09-16T06:17:56.630409641Z [INFO] EDGETRADER-VIRTUAL.SimulatedExchange(BINANCE): Added instrument SOLVFDUSD.BINANCE and created matching engine
2026-09-16T06:17:56.630812184Z [INFO] EDGETRADER-VIRTUAL.SimulatedExchange(BINANCE): Added instrument SOLVTRY.BINANCE and created matching engine
2026-09-16T06:17:56.631028826Z [INFO] EDGETRADER-VIRTUAL.SimulatedExchange(BINANCE): Added instrument TRUMPUSDT.BINANCE and created matching engine
2026-09-16T06:17:56.631258326Z [INFO] EDGETRADER-VIRTUAL.SimulatedExchange(BINANCE): Added instrument TRUMPUSDC.BINANCE and created matching engine
2026-09-16T06:17:56.631646947Z [INFO] EDGETRADER-VIRTUAL.SimulatedExchange(BINANCE): Added instrument AIXBTTRY.BINANCE and created matching engine
2026-09-16T06:17:56.632300992Z [INFO] EDGETRADER-VIRTUAL.SimulatedExchange(BINANCE): Added instrument TRUMPTRY.BINANCE and created matching engine
2026-09-16T06:17:56.632552497Z [INFO] EDGETRADER-VIRTUAL.SimulatedExchange(BINANCE): Added instrument ANIMEUSDT.BINANCE and created matching engine
2026-09-16T06:17:56.632811006Z [INFO] EDGETRADER-VIRTUAL.SimulatedExchange(BINANCE): Added instrument ANIMEUSDC.BINANCE and created matching engine
2026-09-16T06:17:56.632980436Z [INFO] EDGETRADER-VIRTUAL.SimulatedExchange(BINANCE): Added instrument ANIMEBNB.BINANCE and created matching engine
2026-09-16T06:17:56.633207416Z [INFO] EDGETRADER-VIRTUAL.SimulatedExchange(BINANCE): Added instrument ANIMEFDUSD.BINANCE and created matching engine
2026-09-16T06:17:56.633483363Z [INFO] EDGETRADER-VIRTUAL.SimulatedExchange(BINANCE): Added instrument ANIMETRY.BINANCE and created matching engine
2026-09-16T06:17:56.633775013Z [INFO] EDGETRADER-VIRTUAL.SimulatedExchange(BINANCE): Added instrument BERABTC.BINANCE and created matching engine
2026-09-16T06:17:56.634019186Z [INFO] EDGETRADER-VIRTUAL.SimulatedExchange(BINANCE): Added instrument BERAUSDT.BINANCE and created matching engine
2026-09-16T06:17:56.634205287Z [INFO] EDGETRADER-VIRTUAL.SimulatedExchange(BINANCE): Added instrument BERAUSDC.BINANCE and created matching engine
2026-09-16T06:17:56.634715671Z [INFO] EDGETRADER-VIRTUAL.SimulatedExchange(BINANCE): Added instrument BERAFDUSD.BINANCE and created matching engine
2026-09-16T06:17:56.635464649Z [INFO] EDGETRADER-VIRTUAL.SimulatedExchange(BINANCE): Added instrument BERABNB.BINANCE and created matching engine
2026-09-16T06:17:56.636085678Z [INFO] EDGETRADER-VIRTUAL.SimulatedExchange(BINANCE): Added instrument BERATRY.BINANCE and created matching engine
2026-09-16T06:17:56.636577054Z [INFO] EDGETRADER-VIRTUAL.SimulatedExchange(BINANCE): Added instrument 1000CHEEMSUSDT.BINANCE and created matching engine
2026-09-16T06:17:56.636923679Z [INFO] EDGETRADER-VIRTUAL.SimulatedExchange(BINANCE): Added instrument 1000CHEEMSUSDC.BINANCE and created matching engine
2026-09-16T06:17:56.637296329Z [INFO] EDGETRADER-VIRTUAL.SimulatedExchange(BINANCE): Added instrument TSTUSDT.BINANCE and created matching engine
2026-09-16T06:17:56.637604434Z [INFO] EDGETRADER-VIRTUAL.SimulatedExchange(BINANCE): Added instrument TSTUSDC.BINANCE and created matching engine
2026-09-16T06:17:56.637884547Z [INFO] EDGETRADER-VIRTUAL.SimulatedExchange(BINANCE): Added instrument LAYERBTC.BINANCE and created matching engine
2026-09-16T06:17:56.638178924Z [INFO] EDGETRADER-VIRTUAL.SimulatedExchange(BINANCE): Added instrument LAYERUSDT.BINANCE and created matching engine
2026-09-16T06:17:56.638447907Z [INFO] EDGETRADER-VIRTUAL.SimulatedExchange(BINANCE): Added instrument LAYERUSDC.BINANCE and created matching engine
2026-09-16T06:17:56.638848697Z [INFO] EDGETRADER-VIRTUAL.SimulatedExchange(BINANCE): Added instrument LAYERBNB.BINANCE and created matching engine
2026-09-16T06:17:56.639107493Z [INFO] EDGETRADER-VIRTUAL.SimulatedExchange(BINANCE): Added instrument LAYERFDUSD.BINANCE and created matching engine
2026-09-16T06:17:56.639583961Z [INFO] EDGETRADER-VIRTUAL.SimulatedExchange(BINANCE): Added instrument LAYERTRY.BINANCE and created matching engine
2026-09-16T06:17:56.639944461Z [INFO] EDGETRADER-VIRTUAL.SimulatedExchange(BINANCE): Added instrument QTUMTRY.BINANCE and created matching engine
2026-09-16T06:17:56.640233241Z [INFO] EDGETRADER-VIRTUAL.SimulatedExchange(BINANCE): Added instrument TRUMPEUR.BINANCE and created matching engine
2026-09-16T06:17:56.640510202Z [INFO] EDGETRADER-VIRTUAL.SimulatedExchange(BINANCE): Added instrument VTHOTRY.BINANCE and created matching engine
2026-09-16T06:17:56.640737033Z [INFO] EDGETRADER-VIRTUAL.SimulatedExchange(BINANCE): Added instrument HEIBTC.BINANCE and created matching engine
2026-09-16T06:17:56.640966139Z [INFO] EDGETRADER-VIRTUAL.SimulatedExchange(BINANCE): Added instrument HEIUSDT.BINANCE and created matching engine
2026-09-16T06:17:56.641162414Z [INFO] EDGETRADER-VIRTUAL.SimulatedExchange(BINANCE): Added instrument CAKEUSDC.BINANCE and created matching engine
2026-09-16T06:17:56.641397929Z [INFO] EDGETRADER-VIRTUAL.SimulatedExchange(BINANCE): Added instrument HEIUSDC.BINANCE and created matching engine
2026-09-16T06:17:56.641595021Z [INFO] EDGETRADER-VIRTUAL.SimulatedExchange(BINANCE): Added instrument TRUMPFDUSD.BINANCE and created matching engine
2026-09-16T06:17:56.641813511Z [INFO] EDGETRADER-VIRTUAL.SimulatedExchange(BINANCE): Added instrument TSTFDUSD.BINANCE and created matching engine
2026-09-16T06:17:56.642113465Z [INFO] EDGETRADER-VIRTUAL.SimulatedExchange(BINANCE): Added instrument BNXUSDC.BINANCE and created matching engine
2026-09-16T06:17:56.642332565Z [INFO] EDGETRADER-VIRTUAL.SimulatedExchange(BINANCE): Added instrument LTCJPY.BINANCE and created matching engine
2026-09-16T06:17:56.642595470Z [INFO] EDGETRADER-VIRTUAL.SimulatedExchange(BINANCE): Added instrument BCHJPY.BINANCE and created matching engine
2026-09-16T06:17:56.642823007Z [INFO] EDGETRADER-VIRTUAL.SimulatedExchange(BINANCE): Added instrument LINKJPY.BINANCE and created matching engine
2026-09-16T06:17:56.643055619Z [INFO] EDGETRADER-VIRTUAL.SimulatedExchange(BINANCE): Added instrument KAITOBTC.BINANCE and created matching engine
2026-09-16T06:17:56.643248941Z [INFO] EDGETRADER-VIRTUAL.SimulatedExchange(BINANCE): Added instrument KAITOUSDT.BINANCE and created matching engine
2026-09-16T06:17:56.643449289Z [INFO] EDGETRADER-VIRTUAL.SimulatedExchange(BINANCE): Added instrument KAITOUSDC.BINANCE and created matching engine
2026-09-16T06:17:56.643699569Z [INFO] EDGETRADER-VIRTUAL.SimulatedExchange(BINANCE): Added instrument KAITOBNB.BINANCE and created matching engine
2026-09-16T06:17:56.643857219Z [INFO] EDGETRADER-VIRTUAL.SimulatedExchange(BINANCE): Added instrument KAITOFDUSD.BINANCE and created matching engine
2026-09-16T06:17:56.644014709Z [INFO] EDGETRADER-VIRTUAL.SimulatedExchange(BINANCE): Added instrument KAITOTRY.BINANCE and created matching engine
2026-09-16T06:17:56.644710388Z [INFO] EDGETRADER-VIRTUAL.SimulatedExchange(BINANCE): Added instrument ETHMXN.BINANCE and created matching engine
2026-09-16T06:17:56.644981465Z [INFO] EDGETRADER-VIRTUAL.SimulatedExchange(BINANCE): Added instrument KAITOBRL.BINANCE and created matching engine
2026-09-16T06:17:56.645283753Z [INFO] EDGETRADER-VIRTUAL.SimulatedExchange(BINANCE): Added instrument SOLMXN.BINANCE and created matching engine
2026-09-16T06:17:56.645544558Z [INFO] EDGETRADER-VIRTUAL.SimulatedExchange(BINANCE): Added instrument BNBARS.BINANCE and created matching engine
2026-09-16T06:17:56.645715908Z [INFO] EDGETRADER-VIRTUAL.SimulatedExchange(BINANCE): Added instrument SOLARS.BINANCE and created matching engine
2026-09-16T06:17:56.645977924Z [INFO] EDGETRADER-VIRTUAL.SimulatedExchange(BINANCE): Added instrument TRUMPBRL.BINANCE and created matching engine
2026-09-16T06:17:56.646144280Z [INFO] EDGETRADER-VIRTUAL.SimulatedExchange(BINANCE): Added instrument TRXFDUSD.BINANCE and created matching engine
2026-09-16T06:17:56.646396644Z [INFO] EDGETRADER-VIRTUAL.SimulatedExchange(BINANCE): Added instrument TSTTRY.BINANCE and created matching engine
2026-09-16T06:17:56.646587553Z [INFO] EDGETRADER-VIRTUAL.SimulatedExchange(BINANCE): Added instrument SHELLBTC.BINANCE and created matching engine
2026-09-16T06:17:56.646750582Z [INFO] EDGETRADER-VIRTUAL.SimulatedExchange(BINANCE): Added instrument SHELLUSDT.BINANCE and created matching engine
2026-09-16T06:17:56.646976896Z [INFO] EDGETRADER-VIRTUAL.SimulatedExchange(BINANCE): Added instrument SHELLUSDC.BINANCE and created matching engine
2026-09-16T06:17:56.647147345Z [INFO] EDGETRADER-VIRTUAL.SimulatedExchange(BINANCE): Added instrument SHELLBNB.BINANCE and created matching engine
2026-09-16T06:17:56.647324795Z [INFO] EDGETRADER-VIRTUAL.SimulatedExchange(BINANCE): Added instrument SHELLFDUSD.BINANCE and created matching engine
2026-09-16T06:17:56.647540753Z [INFO] EDGETRADER-VIRTUAL.SimulatedExchange(BINANCE): Added instrument SHELLTRY.BINANCE and created matching engine
2026-09-16T06:17:56.647761021Z [INFO] EDGETRADER-VIRTUAL.SimulatedExchange(BINANCE): Added instrument REDUSDT.BINANCE and created matching engine
2026-09-16T06:17:56.648019744Z [INFO] EDGETRADER-VIRTUAL.SimulatedExchange(BINANCE): Added instrument GPSUSDT.BINANCE and created matching engine
2026-09-16T06:17:56.648241745Z [INFO] EDGETRADER-VIRTUAL.SimulatedExchange(BINANCE): Added instrument GPSUSDC.BINANCE and created matching engine
2026-09-16T06:17:56.648497169Z [INFO] EDGETRADER-VIRTUAL.SimulatedExchange(BINANCE): Added instrument GPSFDUSD.BINANCE and created matching engine
2026-09-16T06:17:56.648694712Z [INFO] EDGETRADER-VIRTUAL.SimulatedExchange(BINANCE): Added instrument GPSTRY.BINANCE and created matching engine
2026-09-16T06:17:56.648860990Z [INFO] EDGETRADER-VIRTUAL.SimulatedExchange(BINANCE): Added instrument GPSBNB.BINANCE and created matching engine
2026-09-16T06:17:56.649106214Z [INFO] EDGETRADER-VIRTUAL.SimulatedExchange(BINANCE): Added instrument REDBTC.BINANCE and created matching engine
2026-09-16T06:17:56.649325000Z [INFO] EDGETRADER-VIRTUAL.SimulatedExchange(BINANCE): Added instrument REDUSDC.BINANCE and created matching engine
2026-09-16T06:17:56.649541475Z [INFO] EDGETRADER-VIRTUAL.SimulatedExchange(BINANCE): Added instrument REDFDUSD.BINANCE and created matching engine
2026-09-16T06:17:56.649737485Z [INFO] EDGETRADER-VIRTUAL.SimulatedExchange(BINANCE): Added instrument REDTRY.BINANCE and created matching engine
2026-09-16T06:17:56.650006490Z [INFO] EDGETRADER-VIRTUAL.SimulatedExchange(BINANCE): Added instrument CHESSUSDC.BINANCE and created matching engine
2026-09-16T06:17:56.651030900Z [INFO] EDGETRADER-VIRTUAL.SimulatedExchange(BINANCE): Added instrument EGLDUSDC.BINANCE and created matching engine
2026-09-16T06:17:56.651574671Z [INFO] EDGETRADER-VIRTUAL.SimulatedExchange(BINANCE): Added instrument OSMOUSDC.BINANCE and created matching engine
2026-09-16T06:17:56.651985155Z [INFO] EDGETRADER-VIRTUAL.SimulatedExchange(BINANCE): Added instrument UTKUSDC.BINANCE and created matching engine
2026-09-16T06:17:56.652336915Z [INFO] EDGETRADER-VIRTUAL.SimulatedExchange(BINANCE): Added instrument TUSDC.BINANCE and created matching engine
2026-09-16T06:17:56.652539137Z [INFO] EDGETRADER-VIRTUAL.SimulatedExchange(BINANCE): Added instrument CVCUSDC.BINANCE and created matching engine
2026-09-16T06:17:56.652721208Z [INFO] EDGETRADER-VIRTUAL.SimulatedExchange(BINANCE): Added instrument EURIUSDC.BINANCE and created matching engine
2026-09-16T06:17:56.652997289Z [INFO] EDGETRADER-VIRTUAL.SimulatedExchange(BINANCE): Added instrument SYNUSDC.BINANCE and created matching engine
2026-09-16T06:17:56.653226254Z [INFO] EDGETRADER-VIRTUAL.SimulatedExchange(BINANCE): Added instrument USDCRON.BINANCE and created matching engine
2026-09-16T06:17:56.653402032Z [INFO] EDGETRADER-VIRTUAL.SimulatedExchange(BINANCE): Added instrument VELODROMEUSDC.BINANCE and created matching engine
2026-09-16T06:17:56.653626412Z [INFO] EDGETRADER-VIRTUAL.SimulatedExchange(BINANCE): Added instrument EPICUSDT.BINANCE and created matching engine
2026-09-16T06:17:56.653822948Z [INFO] EDGETRADER-VIRTUAL.SimulatedExchange(BINANCE): Added instrument DFUSDC.BINANCE and created matching engine
2026-09-16T06:17:56.654103617Z [INFO] EDGETRADER-VIRTUAL.SimulatedExchange(BINANCE): Added instrument EPICUSDC.BINANCE and created matching engine
2026-09-16T06:17:56.654341380Z [INFO] EDGETRADER-VIRTUAL.SimulatedExchange(BINANCE): Added instrument GMXUSDC.BINANCE and created matching engine
2026-09-16T06:17:56.654569287Z [INFO] EDGETRADER-VIRTUAL.SimulatedExchange(BINANCE): Added instrument MKRUSDC.BINANCE and created matching engine
2026-09-16T06:17:56.654797553Z [INFO] EDGETRADER-VIRTUAL.SimulatedExchange(BINANCE): Added instrument RPLUSDC.BINANCE and created matching engine
2026-09-16T06:17:56.655030062Z [INFO] EDGETRADER-VIRTUAL.SimulatedExchange(BINANCE): Added instrument BMTUSDT.BINANCE and created matching engine
2026-09-16T06:17:56.655271124Z [INFO] EDGETRADER-VIRTUAL.SimulatedExchange(BINANCE): Added instrument BMTUSDC.BINANCE and created matching engine
2026-09-16T06:17:56.655456009Z [INFO] EDGETRADER-VIRTUAL.SimulatedExchange(BINANCE): Added instrument BMTBNB.BINANCE and created matching engine
2026-09-16T06:17:56.655617051Z [INFO] EDGETRADER-VIRTUAL.SimulatedExchange(BINANCE): Added instrument BMTFDUSD.BINANCE and created matching engine
2026-09-16T06:17:56.655783855Z [INFO] EDGETRADER-VIRTUAL.SimulatedExchange(BINANCE): Added instrument BMTTRY.BINANCE and created matching engine
2026-09-16T06:17:56.655977826Z [INFO] EDGETRADER-VIRTUAL.SimulatedExchange(BINANCE): Added instrument FORMUSDC.BINANCE and created matching engine
2026-09-16T06:17:56.656185057Z [INFO] EDGETRADER-VIRTUAL.SimulatedExchange(BINANCE): Added instrument FORMUSDT.BINANCE and created matching engine
2026-09-16T06:17:56.656364573Z [INFO] EDGETRADER-VIRTUAL.SimulatedExchange(BINANCE): Added instrument FORMTRY.BINANCE and created matching engine
2026-09-16T06:17:56.656549993Z [INFO] EDGETRADER-VIRTUAL.SimulatedExchange(BINANCE): Added instrument XUSDUSDT.BINANCE and created matching engine
2026-09-16T06:17:56.656841729Z [INFO] EDGETRADER-VIRTUAL.SimulatedExchange(BINANCE): Added instrument IOTAUSDC.BINANCE and created matching engine
2026-09-16T06:17:56.657098702Z [INFO] EDGETRADER-VIRTUAL.SimulatedExchange(BINANCE): Added instrument JUVUSDC.BINANCE and created matching engine
2026-09-16T06:17:56.657358533Z [INFO] EDGETRADER-VIRTUAL.SimulatedExchange(BINANCE): Added instrument THEUSDC.BINANCE and created matching engine
2026-09-16T06:17:56.657565976Z [INFO] EDGETRADER-VIRTUAL.SimulatedExchange(BINANCE): Added instrument VANRYUSDC.BINANCE and created matching engine
2026-09-16T06:17:56.657781449Z [INFO] EDGETRADER-VIRTUAL.SimulatedExchange(BINANCE): Added instrument USDCCZK.BINANCE and created matching engine
2026-09-16T06:17:56.657956813Z [INFO] EDGETRADER-VIRTUAL.SimulatedExchange(BINANCE): Added instrument NILUSDT.BINANCE and created matching engine
2026-09-16T06:17:56.658125322Z [INFO] EDGETRADER-VIRTUAL.SimulatedExchange(BINANCE): Added instrument NILBNB.BINANCE and created matching engine
2026-09-16T06:17:56.658333047Z [INFO] EDGETRADER-VIRTUAL.SimulatedExchange(BINANCE): Added instrument NILFDUSD.BINANCE and created matching engine
2026-09-16T06:17:56.658546882Z [INFO] EDGETRADER-VIRTUAL.SimulatedExchange(BINANCE): Added instrument NILUSDC.BINANCE and created matching engine
2026-09-16T06:17:56.658756969Z [INFO] EDGETRADER-VIRTUAL.SimulatedExchange(BINANCE): Added instrument NILTRY.BINANCE and created matching engine
2026-09-16T06:17:56.658940936Z [INFO] EDGETRADER-VIRTUAL.SimulatedExchange(BINANCE): Added instrument BEAMXUSDC.BINANCE and created matching engine
2026-09-16T06:17:56.659145836Z [INFO] EDGETRADER-VIRTUAL.SimulatedExchange(BINANCE): Added instrument VANAUSDC.BINANCE and created matching engine
2026-09-16T06:17:56.659415418Z [INFO] EDGETRADER-VIRTUAL.SimulatedExchange(BINANCE): Added instrument PARTIFDUSD.BINANCE and created matching engine
2026-09-16T06:17:56.659723052Z [INFO] EDGETRADER-VIRTUAL.SimulatedExchange(BINANCE): Added instrument PARTITRY.BINANCE and created matching engine
2026-09-16T06:17:56.660073660Z [INFO] EDGETRADER-VIRTUAL.SimulatedExchange(BINANCE): Added instrument PARTIUSDT.BINANCE and created matching engine
2026-09-16T06:17:56.660324950Z [INFO] EDGETRADER-VIRTUAL.SimulatedExchange(BINANCE): Added instrument PARTIUSDC.BINANCE and created matching engine
2026-09-16T06:17:56.660551547Z [INFO] EDGETRADER-VIRTUAL.SimulatedExchange(BINANCE): Added instrument PARTIBNB.BINANCE and created matching engine
2026-09-16T06:17:56.660761192Z [INFO] EDGETRADER-VIRTUAL.SimulatedExchange(BINANCE): Added instrument MUBARAKUSDT.BINANCE and created matching engine
2026-09-16T06:17:56.660958977Z [INFO] EDGETRADER-VIRTUAL.SimulatedExchange(BINANCE): Added instrument MUBARAKUSDC.BINANCE and created matching engine
2026-09-16T06:17:56.661157402Z [INFO] EDGETRADER-VIRTUAL.SimulatedExchange(BINANCE): Added instrument TUTUSDT.BINANCE and created matching engine
2026-09-16T06:17:56.661366774Z [INFO] EDGETRADER-VIRTUAL.SimulatedExchange(BINANCE): Added instrument BROCCOLI714USDT.BINANCE and created matching engine
2026-09-16T06:17:56.661621899Z [INFO] EDGETRADER-VIRTUAL.SimulatedExchange(BINANCE): Added instrument TUTUSDC.BINANCE and created matching engine
2026-09-16T06:17:56.661810656Z [INFO] EDGETRADER-VIRTUAL.SimulatedExchange(BINANCE): Added instrument BANANAS31USDT.BINANCE and created matching engine
2026-09-16T06:17:56.661972205Z [INFO] EDGETRADER-VIRTUAL.SimulatedExchange(BINANCE): Added instrument BANANAS31USDC.BINANCE and created matching engine
2026-09-16T06:17:56.662176289Z [INFO] EDGETRADER-VIRTUAL.SimulatedExchange(BINANCE): Added instrument BROCCOLI714USDC.BINANCE and created matching engine
2026-09-16T06:17:56.662406872Z [INFO] EDGETRADER-VIRTUAL.SimulatedExchange(BINANCE): Added instrument GUNUSDT.BINANCE and created matching engine
2026-09-16T06:17:56.662642229Z [INFO] EDGETRADER-VIRTUAL.SimulatedExchange(BINANCE): Added instrument GUNBNB.BINANCE and created matching engine
2026-09-16T06:17:56.662964894Z [INFO] EDGETRADER-VIRTUAL.SimulatedExchange(BINANCE): Added instrument GUNFDUSD.BINANCE and created matching engine
2026-09-16T06:17:56.663194255Z [INFO] EDGETRADER-VIRTUAL.SimulatedExchange(BINANCE): Added instrument GUNTRY.BINANCE and created matching engine
2026-09-16T06:17:56.663457264Z [INFO] EDGETRADER-VIRTUAL.SimulatedExchange(BINANCE): Added instrument THETAUSDC.BINANCE and created matching engine
2026-09-16T06:17:56.663646220Z [INFO] EDGETRADER-VIRTUAL.SimulatedExchange(BINANCE): Added instrument API3USDC.BINANCE and created matching engine
2026-09-16T06:17:56.663862821Z [INFO] EDGETRADER-VIRTUAL.SimulatedExchange(BINANCE): Added instrument AUCTIONTRY.BINANCE and created matching engine
2026-09-16T06:17:56.664069912Z [INFO] EDGETRADER-VIRTUAL.SimulatedExchange(BINANCE): Added instrument AUCTIONUSDC.BINANCE and created matching engine
2026-09-16T06:17:56.664233692Z [INFO] EDGETRADER-VIRTUAL.SimulatedExchange(BINANCE): Added instrument BANANAUSDC.BINANCE and created matching engine
2026-09-16T06:17:56.664469192Z [INFO] EDGETRADER-VIRTUAL.SimulatedExchange(BINANCE): Added instrument GUNUSDC.BINANCE and created matching engine
2026-09-16T06:17:56.664739028Z [INFO] EDGETRADER-VIRTUAL.SimulatedExchange(BINANCE): Added instrument QNTUSDC.BINANCE and created matching engine
2026-09-16T06:17:56.665001040Z [INFO] EDGETRADER-VIRTUAL.SimulatedExchange(BINANCE): Added instrument VETUSDC.BINANCE and created matching engine
2026-09-16T06:17:56.665195698Z [INFO] EDGETRADER-VIRTUAL.SimulatedExchange(BINANCE): Added instrument ZENUSDC.BINANCE and created matching engine
2026-09-16T06:17:56.665414439Z [INFO] EDGETRADER-VIRTUAL.SimulatedExchange(BINANCE): Added instrument BABYUSDT.BINANCE and created matching engine
2026-09-16T06:17:56.665586596Z [INFO] EDGETRADER-VIRTUAL.SimulatedExchange(BINANCE): Added instrument BABYUSDC.BINANCE and created matching engine
2026-09-16T06:17:56.665770532Z [INFO] EDGETRADER-VIRTUAL.SimulatedExchange(BINANCE): Added instrument BABYBNB.BINANCE and created matching engine
2026-09-16T06:17:56.665970335Z [INFO] EDGETRADER-VIRTUAL.SimulatedExchange(BINANCE): Added instrument BABYFDUSD.BINANCE and created matching engine
2026-09-16T06:17:56.666202634Z [INFO] EDGETRADER-VIRTUAL.SimulatedExchange(BINANCE): Added instrument BABYTRY.BINANCE and created matching engine
2026-09-16T06:17:56.666417551Z [INFO] EDGETRADER-VIRTUAL.SimulatedExchange(BINANCE): Added instrument ONDOUSDT.BINANCE and created matching engine
2026-09-16T06:17:56.666704230Z [INFO] EDGETRADER-VIRTUAL.SimulatedExchange(BINANCE): Added instrument ONDOUSDC.BINANCE and created matching engine
2026-09-16T06:17:56.667402745Z [INFO] EDGETRADER-VIRTUAL.SimulatedExchange(BINANCE): Added instrument BIGTIMEUSDT.BINANCE and created matching engine
2026-09-16T06:17:56.668292876Z [INFO] EDGETRADER-VIRTUAL.SimulatedExchange(BINANCE): Added instrument BIGTIMEUSDC.BINANCE and created matching engine
2026-09-16T06:17:56.668796869Z [INFO] EDGETRADER-VIRTUAL.SimulatedExchange(BINANCE): Added instrument VIRTUALUSDT.BINANCE and created matching engine
2026-09-16T06:17:56.669030451Z [INFO] EDGETRADER-VIRTUAL.SimulatedExchange(BINANCE): Added instrument VIRTUALUSDC.BINANCE and created matching engine
2026-09-16T06:17:56.669216629Z [INFO] EDGETRADER-VIRTUAL.SimulatedExchange(BINANCE): Added instrument KERNELBNB.BINANCE and created matching engine
2026-09-16T06:17:56.669436802Z [INFO] EDGETRADER-VIRTUAL.SimulatedExchange(BINANCE): Added instrument KERNELFDUSD.BINANCE and created matching engine
2026-09-16T06:17:56.669654563Z [INFO] EDGETRADER-VIRTUAL.SimulatedExchange(BINANCE): Added instrument KERNELTRY.BINANCE and created matching engine
2026-09-16T06:17:56.669826057Z [INFO] EDGETRADER-VIRTUAL.SimulatedExchange(BINANCE): Added instrument KERNELUSDC.BINANCE and created matching engine
2026-09-16T06:17:56.670023865Z [INFO] EDGETRADER-VIRTUAL.SimulatedExchange(BINANCE): Added instrument KERNELUSDT.BINANCE and created matching engine
2026-09-16T06:17:56.670223383Z [INFO] EDGETRADER-VIRTUAL.SimulatedExchange(BINANCE): Added instrument WCTTRY.BINANCE and created matching engine
2026-09-16T06:17:56.670401721Z [INFO] EDGETRADER-VIRTUAL.SimulatedExchange(BINANCE): Added instrument WCTFDUSD.BINANCE and created matching engine
2026-09-16T06:17:56.670632000Z [INFO] EDGETRADER-VIRTUAL.SimulatedExchange(BINANCE): Added instrument WCTBNB.BINANCE and created matching engine
2026-09-16T06:17:56.670860882Z [INFO] EDGETRADER-VIRTUAL.SimulatedExchange(BINANCE): Added instrument WCTUSDC.BINANCE and created matching engine
2026-09-16T06:17:56.671090513Z [INFO] EDGETRADER-VIRTUAL.SimulatedExchange(BINANCE): Added instrument WCTUSDT.BINANCE and created matching engine
2026-09-16T06:17:56.671342083Z [INFO] EDGETRADER-VIRTUAL.SimulatedExchange(BINANCE): Added instrument PAXGUSDC.BINANCE and created matching engine
2026-09-16T06:17:56.671560733Z [INFO] EDGETRADER-VIRTUAL.SimulatedExchange(BINANCE): Added instrument ONDOTRY.BINANCE and created matching engine
2026-09-16T06:17:56.671833982Z [INFO] EDGETRADER-VIRTUAL.SimulatedExchange(BINANCE): Added instrument BABYEUR.BINANCE and created matching engine
2026-09-16T06:17:56.672088712Z [INFO] EDGETRADER-VIRTUAL.SimulatedExchange(BINANCE): Added instrument ACHUSDC.BINANCE and created matching engine
2026-09-16T06:17:56.672282761Z [INFO] EDGETRADER-VIRTUAL.SimulatedExchange(BINANCE): Added instrument GMTUSDC.BINANCE and created matching engine
2026-09-16T06:17:56.672494989Z [INFO] EDGETRADER-VIRTUAL.SimulatedExchange(BINANCE): Added instrument HYPERUSDT.BINANCE and created matching engine
2026-09-16T06:17:56.672666378Z [INFO] EDGETRADER-VIRTUAL.SimulatedExchange(BINANCE): Added instrument HYPERUSDC.BINANCE and created matching engine
2026-09-16T06:17:56.672858796Z [INFO] EDGETRADER-VIRTUAL.SimulatedExchange(BINANCE): Added instrument HYPERBNB.BINANCE and created matching engine
2026-09-16T06:17:56.673065715Z [INFO] EDGETRADER-VIRTUAL.SimulatedExchange(BINANCE): Added instrument HYPERFDUSD.BINANCE and created matching engine
2026-09-16T06:17:56.673296660Z [INFO] EDGETRADER-VIRTUAL.SimulatedExchange(BINANCE): Added instrument HYPERTRY.BINANCE and created matching engine
2026-09-16T06:17:56.673550908Z [INFO] EDGETRADER-VIRTUAL.SimulatedExchange(BINANCE): Added instrument INITUSDT.BINANCE and created matching engine
2026-09-16T06:17:56.673770550Z [INFO] EDGETRADER-VIRTUAL.SimulatedExchange(BINANCE): Added instrument INITUSDC.BINANCE and created matching engine
2026-09-16T06:17:56.673978421Z [INFO] EDGETRADER-VIRTUAL.SimulatedExchange(BINANCE): Added instrument INITBNB.BINANCE and created matching engine
2026-09-16T06:17:56.674159692Z [INFO] EDGETRADER-VIRTUAL.SimulatedExchange(BINANCE): Added instrument INITFDUSD.BINANCE and created matching engine
2026-09-16T06:17:56.674572319Z [INFO] EDGETRADER-VIRTUAL.SimulatedExchange(BINANCE): Added instrument INITTRY.BINANCE and created matching engine
2026-09-16T06:17:56.674927424Z [INFO] EDGETRADER-VIRTUAL.SimulatedExchange(BINANCE): Added instrument SIGNUSDT.BINANCE and created matching engine
2026-09-16T06:17:56.675186247Z [INFO] EDGETRADER-VIRTUAL.SimulatedExchange(BINANCE): Added instrument SIGNUSDC.BINANCE and created matching engine
2026-09-16T06:17:56.675507658Z [INFO] EDGETRADER-VIRTUAL.SimulatedExchange(BINANCE): Added instrument SIGNBNB.BINANCE and created matching engine
2026-09-16T06:17:56.675744299Z [INFO] EDGETRADER-VIRTUAL.SimulatedExchange(BINANCE): Added instrument SIGNFDUSD.BINANCE and created matching engine
2026-09-16T06:17:56.676055789Z [INFO] EDGETRADER-VIRTUAL.SimulatedExchange(BINANCE): Added instrument SIGNTRY.BINANCE and created matching engine
2026-09-16T06:17:56.676280954Z [INFO] EDGETRADER-VIRTUAL.SimulatedExchange(BINANCE): Added instrument STOUSDT.BINANCE and created matching engine
2026-09-16T06:17:56.676562950Z [INFO] EDGETRADER-VIRTUAL.SimulatedExchange(BINANCE): Added instrument STOUSDC.BINANCE and created matching engine
2026-09-16T06:17:56.676809651Z [INFO] EDGETRADER-VIRTUAL.SimulatedExchange(BINANCE): Added instrument STOBNB.BINANCE and created matching engine
2026-09-16T06:17:56.677079713Z [INFO] EDGETRADER-VIRTUAL.SimulatedExchange(BINANCE): Added instrument STOFDUSD.BINANCE and created matching engine
2026-09-16T06:17:56.677337489Z [INFO] EDGETRADER-VIRTUAL.SimulatedExchange(BINANCE): Added instrument STOTRY.BINANCE and created matching engine
2026-09-16T06:17:56.677613068Z [INFO] EDGETRADER-VIRTUAL.SimulatedExchange(BINANCE): Added instrument ENJUSDC.BINANCE and created matching engine
2026-09-16T06:17:56.677818097Z [INFO] EDGETRADER-VIRTUAL.SimulatedExchange(BINANCE): Added instrument VIRTUALTRY.BINANCE and created matching engine
2026-09-16T06:17:56.678006054Z [INFO] EDGETRADER-VIRTUAL.SimulatedExchange(BINANCE): Added instrument SYRUPUSDT.BINANCE and created matching engine
2026-09-16T06:17:56.678258892Z [INFO] EDGETRADER-VIRTUAL.SimulatedExchange(BINANCE): Added instrument SYRUPUSDC.BINANCE and created matching engine
2026-09-16T06:17:56.678463497Z [INFO] EDGETRADER-VIRTUAL.SimulatedExchange(BINANCE): Added instrument KMNOUSDT.BINANCE and created matching engine
2026-09-16T06:17:56.678710974Z [INFO] EDGETRADER-VIRTUAL.SimulatedExchange(BINANCE): Added instrument KMNOUSDC.BINANCE and created matching engine
2026-09-16T06:17:56.678930645Z [INFO] EDGETRADER-VIRTUAL.SimulatedExchange(BINANCE): Added instrument SXTUSDT.BINANCE and created matching engine
2026-09-16T06:17:56.679206109Z [INFO] EDGETRADER-VIRTUAL.SimulatedExchange(BINANCE): Added instrument SXTUSDC.BINANCE and created matching engine
2026-09-16T06:17:56.679417924Z [INFO] EDGETRADER-VIRTUAL.SimulatedExchange(BINANCE): Added instrument SXTBNB.BINANCE and created matching engine
2026-09-16T06:17:56.679618122Z [INFO] EDGETRADER-VIRTUAL.SimulatedExchange(BINANCE): Added instrument SXTFDUSD.BINANCE and created matching engine
2026-09-16T06:17:56.679888041Z [INFO] EDGETRADER-VIRTUAL.SimulatedExchange(BINANCE): Added instrument SXTTRY.BINANCE and created matching engine
2026-09-16T06:17:56.680080637Z [INFO] EDGETRADER-VIRTUAL.SimulatedExchange(BINANCE): Added instrument PUNDIXUSDC.BINANCE and created matching engine
2026-09-16T06:17:56.680363059Z [INFO] EDGETRADER-VIRTUAL.SimulatedExchange(BINANCE): Added instrument SYRUPTRY.BINANCE and created matching engine
2026-09-16T06:17:56.680592802Z [INFO] EDGETRADER-VIRTUAL.SimulatedExchange(BINANCE): Added instrument NXPCUSDT.BINANCE and created matching engine
2026-09-16T06:17:56.680838054Z [INFO] EDGETRADER-VIRTUAL.SimulatedExchange(BINANCE): Added instrument NXPCUSDC.BINANCE and created matching engine
2026-09-16T06:17:56.681052947Z [INFO] EDGETRADER-VIRTUAL.SimulatedExchange(BINANCE): Added instrument NXPCBNB.BINANCE and created matching engine
2026-09-16T06:17:56.681236751Z [INFO] EDGETRADER-VIRTUAL.SimulatedExchange(BINANCE): Added instrument NXPCFDUSD.BINANCE and created matching engine
2026-09-16T06:17:56.681516066Z [INFO] EDGETRADER-VIRTUAL.SimulatedExchange(BINANCE): Added instrument NXPCTRY.BINANCE and created matching engine
2026-09-16T06:17:56.681800173Z [INFO] EDGETRADER-VIRTUAL.SimulatedExchange(BINANCE): Added instrument AWEBTC.BINANCE and created matching engine
2026-09-16T06:17:56.682089495Z [INFO] EDGETRADER-VIRTUAL.SimulatedExchange(BINANCE): Added instrument AWEUSDT.BINANCE and created matching engine
2026-09-16T06:17:56.682315733Z [INFO] EDGETRADER-VIRTUAL.SimulatedExchange(BINANCE): Added instrument HAEDALUSDT.BINANCE and created matching engine
2026-09-16T06:17:56.682548706Z [INFO] EDGETRADER-VIRTUAL.SimulatedExchange(BINANCE): Added instrument HAEDALUSDC.BINANCE and created matching engine
2026-09-16T06:17:56.682746942Z [INFO] EDGETRADER-VIRTUAL.SimulatedExchange(BINANCE): Added instrument HAEDALBNB.BINANCE and created matching engine
2026-09-16T06:17:56.682972334Z [INFO] EDGETRADER-VIRTUAL.SimulatedExchange(BINANCE): Added instrument HAEDALFDUSD.BINANCE and created matching engine
2026-09-16T06:17:56.683275904Z [INFO] EDGETRADER-VIRTUAL.SimulatedExchange(BINANCE): Added instrument HAEDALTRY.BINANCE and created matching engine
2026-09-16T06:17:56.683665732Z [INFO] EDGETRADER-VIRTUAL.SimulatedExchange(BINANCE): Added instrument USD1USDT.BINANCE and created matching engine
2026-09-16T06:17:56.684247477Z [INFO] EDGETRADER-VIRTUAL.SimulatedExchange(BINANCE): Added instrument HUMAUSDT.BINANCE and created matching engine
2026-09-16T06:17:56.685065216Z [INFO] EDGETRADER-VIRTUAL.SimulatedExchange(BINANCE): Added instrument HUMAUSDC.BINANCE and created matching engine
2026-09-16T06:17:56.685493121Z [INFO] EDGETRADER-VIRTUAL.SimulatedExchange(BINANCE): Added instrument HUMABNB.BINANCE and created matching engine
2026-09-16T06:17:56.685885449Z [INFO] EDGETRADER-VIRTUAL.SimulatedExchange(BINANCE): Added instrument HUMAFDUSD.BINANCE and created matching engine
2026-09-16T06:17:56.686160659Z [INFO] EDGETRADER-VIRTUAL.SimulatedExchange(BINANCE): Added instrument HUMATRY.BINANCE and created matching engine
2026-09-16T06:17:56.686449951Z [INFO] EDGETRADER-VIRTUAL.SimulatedExchange(BINANCE): Added instrument ABTC.BINANCE and created matching engine
2026-09-16T06:17:56.686704168Z [INFO] EDGETRADER-VIRTUAL.SimulatedExchange(BINANCE): Added instrument AETH.BINANCE and created matching engine
2026-09-16T06:17:56.686914289Z [INFO] EDGETRADER-VIRTUAL.SimulatedExchange(BINANCE): Added instrument AFDUSD.BINANCE and created matching engine
2026-09-16T06:17:56.687141022Z [INFO] EDGETRADER-VIRTUAL.SimulatedExchange(BINANCE): Added instrument ATRY.BINANCE and created matching engine
2026-09-16T06:17:56.687323343Z [INFO] EDGETRADER-VIRTUAL.SimulatedExchange(BINANCE): Added instrument AUSDC.BINANCE and created matching engine
2026-09-16T06:17:56.687495508Z [INFO] EDGETRADER-VIRTUAL.SimulatedExchange(BINANCE): Added instrument AUSDT.BINANCE and created matching engine
2026-09-16T06:17:56.687745752Z [INFO] EDGETRADER-VIRTUAL.SimulatedExchange(BINANCE): Added instrument SOPHUSDT.BINANCE and created matching engine
2026-09-16T06:17:56.688009551Z [INFO] EDGETRADER-VIRTUAL.SimulatedExchange(BINANCE): Added instrument SOPHUSDC.BINANCE and created matching engine
2026-09-16T06:17:56.688231289Z [INFO] EDGETRADER-VIRTUAL.SimulatedExchange(BINANCE): Added instrument SOPHBNB.BINANCE and created matching engine
2026-09-16T06:17:56.688412032Z [INFO] EDGETRADER-VIRTUAL.SimulatedExchange(BINANCE): Added instrument SOPHFDUSD.BINANCE and created matching engine
2026-09-16T06:17:56.688616056Z [INFO] EDGETRADER-VIRTUAL.SimulatedExchange(BINANCE): Added instrument SOPHTRY.BINANCE and created matching engine
2026-09-16T06:17:56.688817957Z [INFO] EDGETRADER-VIRTUAL.SimulatedExchange(BINANCE): Added instrument MUBARAKTRY.BINANCE and created matching engine
2026-09-16T06:17:56.689020628Z [INFO] EDGETRADER-VIRTUAL.SimulatedExchange(BINANCE): Added instrument TRXJPY.BINANCE and created matching engine
2026-09-16T06:17:56.689216689Z [INFO] EDGETRADER-VIRTUAL.SimulatedExchange(BINANCE): Added instrument DAIJPY.BINANCE and created matching engine
2026-09-16T06:17:56.689391238Z [INFO] EDGETRADER-VIRTUAL.SimulatedExchange(BINANCE): Added instrument RESOLVUSDT.BINANCE and created matching engine
2026-09-16T06:17:56.689798681Z [INFO] EDGETRADER-VIRTUAL.SimulatedExchange(BINANCE): Added instrument RESOLVUSDC.BINANCE and created matching engine
2026-09-16T06:17:56.690195933Z [INFO] EDGETRADER-VIRTUAL.SimulatedExchange(BINANCE): Added instrument RESOLVBNB.BINANCE and created matching engine
2026-09-16T06:17:56.690482099Z [INFO] EDGETRADER-VIRTUAL.SimulatedExchange(BINANCE): Added instrument RESOLVFDUSD.BINANCE and created matching engine
2026-09-16T06:17:56.690777491Z [INFO] EDGETRADER-VIRTUAL.SimulatedExchange(BINANCE): Added instrument RESOLVTRY.BINANCE and created matching engine
2026-09-16T06:17:56.691047045Z [INFO] EDGETRADER-VIRTUAL.SimulatedExchange(BINANCE): Added instrument HOMEUSDT.BINANCE and created matching engine
2026-09-16T06:17:56.691312152Z [INFO] EDGETRADER-VIRTUAL.SimulatedExchange(BINANCE): Added instrument HOMEUSDC.BINANCE and created matching engine
2026-09-16T06:17:56.691630130Z [INFO] EDGETRADER-VIRTUAL.SimulatedExchange(BINANCE): Added instrument HOMEBNB.BINANCE and created matching engine
2026-09-16T06:17:56.691906368Z [INFO] EDGETRADER-VIRTUAL.SimulatedExchange(BINANCE): Added instrument HOMEFDUSD.BINANCE and created matching engine
2026-09-16T06:17:56.692184725Z [INFO] EDGETRADER-VIRTUAL.SimulatedExchange(BINANCE): Added instrument HOMETRY.BINANCE and created matching engine
2026-09-16T06:17:56.692438004Z [INFO] EDGETRADER-VIRTUAL.SimulatedExchange(BINANCE): Added instrument FLUXUSDC.BINANCE and created matching engine
2026-09-16T06:17:56.692692125Z [INFO] EDGETRADER-VIRTUAL.SimulatedExchange(BINANCE): Added instrument MASKUSDC.BINANCE and created matching engine
2026-09-16T06:17:56.692873729Z [INFO] EDGETRADER-VIRTUAL.SimulatedExchange(BINANCE): Added instrument SUSHIUSDC.BINANCE and created matching engine
2026-09-16T06:17:56.693165837Z [INFO] EDGETRADER-VIRTUAL.SimulatedExchange(BINANCE): Added instrument SPKUSDT.BINANCE and created matching engine
2026-09-16T06:17:56.693451593Z [INFO] EDGETRADER-VIRTUAL.SimulatedExchange(BINANCE): Added instrument SPKUSDC.BINANCE and created matching engine
2026-09-16T06:17:56.693727910Z [INFO] EDGETRADER-VIRTUAL.SimulatedExchange(BINANCE): Added instrument SPKBNB.BINANCE and created matching engine
2026-09-16T06:17:56.693954507Z [INFO] EDGETRADER-VIRTUAL.SimulatedExchange(BINANCE): Added instrument SPKFDUSD.BINANCE and created matching engine
2026-09-16T06:17:56.694200486Z [INFO] EDGETRADER-VIRTUAL.SimulatedExchange(BINANCE): Added instrument SPKTRY.BINANCE and created matching engine
2026-09-16T06:17:56.694458000Z [INFO] EDGETRADER-VIRTUAL.SimulatedExchange(BINANCE): Added instrument NEWTUSDT.BINANCE and created matching engine
2026-09-16T06:17:56.694721219Z [INFO] EDGETRADER-VIRTUAL.SimulatedExchange(BINANCE): Added instrument NEWTUSDC.BINANCE and created matching engine
2026-09-16T06:17:56.694958180Z [INFO] EDGETRADER-VIRTUAL.SimulatedExchange(BINANCE): Added instrument NEWTBNB.BINANCE and created matching engine
2026-09-16T06:17:56.695218208Z [INFO] EDGETRADER-VIRTUAL.SimulatedExchange(BINANCE): Added instrument NEWTFDUSD.BINANCE and created matching engine
2026-09-16T06:17:56.695464918Z [INFO] EDGETRADER-VIRTUAL.SimulatedExchange(BINANCE): Added instrument NEWTTRY.BINANCE and created matching engine
2026-09-16T06:17:56.695682762Z [INFO] EDGETRADER-VIRTUAL.SimulatedExchange(BINANCE): Added instrument NEIROJPY.BINANCE and created matching engine
2026-09-16T06:17:56.695889704Z [INFO] EDGETRADER-VIRTUAL.SimulatedExchange(BINANCE): Added instrument SAHARAUSDT.BINANCE and created matching engine
2026-09-16T06:17:56.696101311Z [INFO] EDGETRADER-VIRTUAL.SimulatedExchange(BINANCE): Added instrument SAHARAUSDC.BINANCE and created matching engine
2026-09-16T06:17:56.696359844Z [INFO] EDGETRADER-VIRTUAL.SimulatedExchange(BINANCE): Added instrument SAHARABNB.BINANCE and created matching engine
2026-09-16T06:17:56.696583022Z [INFO] EDGETRADER-VIRTUAL.SimulatedExchange(BINANCE): Added instrument SAHARAFDUSD.BINANCE and created matching engine
2026-09-16T06:17:56.696818351Z [INFO] EDGETRADER-VIRTUAL.SimulatedExchange(BINANCE): Added instrument SAHARATRY.BINANCE and created matching engine
2026-09-16T06:17:56.697067345Z [INFO] EDGETRADER-VIRTUAL.SimulatedExchange(BINANCE): Added instrument LPTUSDC.BINANCE and created matching engine
2026-09-16T06:17:56.697346859Z [INFO] EDGETRADER-VIRTUAL.SimulatedExchange(BINANCE): Added instrument RVNUSDC.BINANCE and created matching engine
2026-09-16T06:17:56.697596506Z [INFO] EDGETRADER-VIRTUAL.SimulatedExchange(BINANCE): Added instrument LAUSDT.BINANCE and created matching engine
2026-09-16T06:17:56.697830270Z [INFO] EDGETRADER-VIRTUAL.SimulatedExchange(BINANCE): Added instrument LAUSDC.BINANCE and created matching engine
2026-09-16T06:17:56.698076528Z [INFO] EDGETRADER-VIRTUAL.SimulatedExchange(BINANCE): Added instrument LABNB.BINANCE and created matching engine
2026-09-16T06:17:56.698287105Z [INFO] EDGETRADER-VIRTUAL.SimulatedExchange(BINANCE): Added instrument LAFDUSD.BINANCE and created matching engine
2026-09-16T06:17:56.698523444Z [INFO] EDGETRADER-VIRTUAL.SimulatedExchange(BINANCE): Added instrument LATRY.BINANCE and created matching engine
2026-09-16T06:17:56.698759408Z [INFO] EDGETRADER-VIRTUAL.SimulatedExchange(BINANCE): Added instrument LPTJPY.BINANCE and created matching engine
2026-09-16T06:17:56.699046440Z [INFO] EDGETRADER-VIRTUAL.SimulatedExchange(BINANCE): Added instrument XAIUSDC.BINANCE and created matching engine
2026-09-16T06:17:56.699291644Z [INFO] EDGETRADER-VIRTUAL.SimulatedExchange(BINANCE): Added instrument AXSUSDC.BINANCE and created matching engine
2026-09-16T06:17:56.699533294Z [INFO] EDGETRADER-VIRTUAL.SimulatedExchange(BINANCE): Added instrument COMPUSDC.BINANCE and created matching engine
2026-09-16T06:17:56.699839121Z [INFO] EDGETRADER-VIRTUAL.SimulatedExchange(BINANCE): Added instrument ERAUSDT.BINANCE and created matching engine
2026-09-16T06:17:56.700179452Z [INFO] EDGETRADER-VIRTUAL.SimulatedExchange(BINANCE): Added instrument ERAUSDC.BINANCE and created matching engine
2026-09-16T06:17:56.700621323Z [INFO] EDGETRADER-VIRTUAL.SimulatedExchange(BINANCE): Added instrument ERABNB.BINANCE and created matching engine
2026-09-16T06:17:56.701088541Z [INFO] EDGETRADER-VIRTUAL.SimulatedExchange(BINANCE): Added instrument ERAFDUSD.BINANCE and created matching engine
2026-09-16T06:17:56.701746026Z [INFO] EDGETRADER-VIRTUAL.SimulatedExchange(BINANCE): Added instrument ERATRY.BINANCE and created matching engine
2026-09-16T06:17:56.702362562Z [INFO] EDGETRADER-VIRTUAL.SimulatedExchange(BINANCE): Added instrument CUSDT.BINANCE and created matching engine
2026-09-16T06:17:56.702679649Z [INFO] EDGETRADER-VIRTUAL.SimulatedExchange(BINANCE): Added instrument CUSDC.BINANCE and created matching engine
2026-09-16T06:17:56.702947925Z [INFO] EDGETRADER-VIRTUAL.SimulatedExchange(BINANCE): Added instrument CBNB.BINANCE and created matching engine
2026-09-16T06:17:56.703175059Z [INFO] EDGETRADER-VIRTUAL.SimulatedExchange(BINANCE): Added instrument CFDUSD.BINANCE and created matching engine
2026-09-16T06:17:56.703437523Z [INFO] EDGETRADER-VIRTUAL.SimulatedExchange(BINANCE): Added instrument CTRY.BINANCE and created matching engine
2026-09-16T06:17:56.703670642Z [INFO] EDGETRADER-VIRTUAL.SimulatedExchange(BINANCE): Added instrument GRTUSDC.BINANCE and created matching engine
2026-09-16T06:17:56.703952450Z [INFO] EDGETRADER-VIRTUAL.SimulatedExchange(BINANCE): Added instrument ROSEUSDC.BINANCE and created matching engine
2026-09-16T06:17:56.704217444Z [INFO] EDGETRADER-VIRTUAL.SimulatedExchange(BINANCE): Added instrument CVXUSDC.BINANCE and created matching engine
2026-09-16T06:17:56.704553657Z [INFO] EDGETRADER-VIRTUAL.SimulatedExchange(BINANCE): Added instrument FUNUSDC.BINANCE and created matching engine
2026-09-16T06:17:56.705028016Z [INFO] EDGETRADER-VIRTUAL.SimulatedExchange(BINANCE): Added instrument LISTAUSDC.BINANCE and created matching engine
2026-09-16T06:17:56.705546120Z [INFO] EDGETRADER-VIRTUAL.SimulatedExchange(BINANCE): Added instrument TREEUSDT.BINANCE and created matching engine
2026-09-16T06:17:56.705812847Z [INFO] EDGETRADER-VIRTUAL.SimulatedExchange(BINANCE): Added instrument TREEUSDC.BINANCE and created matching engine
2026-09-16T06:17:56.706112847Z [INFO] EDGETRADER-VIRTUAL.SimulatedExchange(BINANCE): Added instrument TREEBNB.BINANCE and created matching engine
2026-09-16T06:17:56.706337998Z [INFO] EDGETRADER-VIRTUAL.SimulatedExchange(BINANCE): Added instrument TREEFDUSD.BINANCE and created matching engine
2026-09-16T06:17:56.706605335Z [INFO] EDGETRADER-VIRTUAL.SimulatedExchange(BINANCE): Added instrument TREETRY.BINANCE and created matching engine
2026-09-16T06:17:56.706861955Z [INFO] EDGETRADER-VIRTUAL.SimulatedExchange(BINANCE): Added instrument A2ZUSDT.BINANCE and created matching engine
2026-09-16T06:17:56.707132204Z [INFO] EDGETRADER-VIRTUAL.SimulatedExchange(BINANCE): Added instrument TOWNSUSDT.BINANCE and created matching engine
2026-09-16T06:17:56.707370753Z [INFO] EDGETRADER-VIRTUAL.SimulatedExchange(BINANCE): Added instrument TOWNSUSDC.BINANCE and created matching engine
2026-09-16T06:17:56.707657219Z [INFO] EDGETRADER-VIRTUAL.SimulatedExchange(BINANCE): Added instrument TOWNSBNB.BINANCE and created matching engine
2026-09-16T06:17:56.707876322Z [INFO] EDGETRADER-VIRTUAL.SimulatedExchange(BINANCE): Added instrument TOWNSFDUSD.BINANCE and created matching engine
2026-09-16T06:17:56.708128898Z [INFO] EDGETRADER-VIRTUAL.SimulatedExchange(BINANCE): Added instrument TOWNSTRY.BINANCE and created matching engine
2026-09-16T06:17:56.708401253Z [INFO] EDGETRADER-VIRTUAL.SimulatedExchange(BINANCE): Added instrument PROVEUSDT.BINANCE and created matching engine
2026-09-16T06:17:56.708639909Z [INFO] EDGETRADER-VIRTUAL.SimulatedExchange(BINANCE): Added instrument PROVEUSDC.BINANCE and created matching engine
2026-09-16T06:17:56.708910281Z [INFO] EDGETRADER-VIRTUAL.SimulatedExchange(BINANCE): Added instrument PROVEBNB.BINANCE and created matching engine
2026-09-16T06:17:56.709144374Z [INFO] EDGETRADER-VIRTUAL.SimulatedExchange(BINANCE): Added instrument PROVEFDUSD.BINANCE and created matching engine
2026-09-16T06:17:56.709428560Z [INFO] EDGETRADER-VIRTUAL.SimulatedExchange(BINANCE): Added instrument PROVETRY.BINANCE and created matching engine
2026-09-16T06:17:56.709692617Z [INFO] EDGETRADER-VIRTUAL.SimulatedExchange(BINANCE): Added instrument ILVUSDC.BINANCE and created matching engine
2026-09-16T06:17:56.709959296Z [INFO] EDGETRADER-VIRTUAL.SimulatedExchange(BINANCE): Added instrument MAGICUSDC.BINANCE and created matching engine
2026-09-16T06:17:56.710203321Z [INFO] EDGETRADER-VIRTUAL.SimulatedExchange(BINANCE): Added instrument USDCBRL.BINANCE and created matching engine
2026-09-16T06:17:56.711141143Z [INFO] EDGETRADER-VIRTUAL.SimulatedExchange(BINANCE): Added instrument BFUSDUSDT.BINANCE and created matching engine
2026-09-16T06:17:56.711474008Z [INFO] EDGETRADER-VIRTUAL.SimulatedExchange(BINANCE): Added instrument PLUMEUSDT.BINANCE and created matching engine
2026-09-16T06:17:56.711744707Z [INFO] EDGETRADER-VIRTUAL.SimulatedExchange(BINANCE): Added instrument PLUMEUSDC.BINANCE and created matching engine
2026-09-16T06:17:56.712058483Z [INFO] EDGETRADER-VIRTUAL.SimulatedExchange(BINANCE): Added instrument PLUMEBNB.BINANCE and created matching engine
2026-09-16T06:17:56.712298066Z [INFO] EDGETRADER-VIRTUAL.SimulatedExchange(BINANCE): Added instrument PLUMEFDUSD.BINANCE and created matching engine
2026-09-16T06:17:56.712552586Z [INFO] EDGETRADER-VIRTUAL.SimulatedExchange(BINANCE): Added instrument PLUMETRY.BINANCE and created matching engine
2026-09-16T06:17:56.712787643Z [INFO] EDGETRADER-VIRTUAL.SimulatedExchange(BINANCE): Added instrument CYBERUSDC.BINANCE and created matching engine
2026-09-16T06:17:56.712992236Z [INFO] EDGETRADER-VIRTUAL.SimulatedExchange(BINANCE): Added instrument MAVUSDC.BINANCE and created matching engine
2026-09-16T06:17:56.713278301Z [INFO] EDGETRADER-VIRTUAL.SimulatedExchange(BINANCE): Added instrument SKLUSDC.BINANCE and created matching engine
2026-09-16T06:17:56.713496029Z [INFO] EDGETRADER-VIRTUAL.SimulatedExchange(BINANCE): Added instrument A2ZUSDC.BINANCE and created matching engine
2026-09-16T06:17:56.713761267Z [INFO] EDGETRADER-VIRTUAL.SimulatedExchange(BINANCE): Added instrument SSVUSDC.BINANCE and created matching engine
2026-09-16T06:17:56.714033917Z [INFO] EDGETRADER-VIRTUAL.SimulatedExchange(BINANCE): Added instrument UMAUSDC.BINANCE and created matching engine
2026-09-16T06:17:56.714297590Z [INFO] EDGETRADER-VIRTUAL.SimulatedExchange(BINANCE): Added instrument DOLOUSDT.BINANCE and created matching engine
2026-09-16T06:17:56.714556069Z [INFO] EDGETRADER-VIRTUAL.SimulatedExchange(BINANCE): Added instrument DOLOUSDC.BINANCE and created matching engine
2026-09-16T06:17:56.714839647Z [INFO] EDGETRADER-VIRTUAL.SimulatedExchange(BINANCE): Added instrument DOLOBNB.BINANCE and created matching engine
2026-09-16T06:17:56.715238019Z [INFO] EDGETRADER-VIRTUAL.SimulatedExchange(BINANCE): Added instrument DOLOFDUSD.BINANCE and created matching engine
2026-09-16T06:17:56.715510478Z [INFO] EDGETRADER-VIRTUAL.SimulatedExchange(BINANCE): Added instrument DOLOTRY.BINANCE and created matching engine
2026-09-16T06:17:56.715812369Z [INFO] EDGETRADER-VIRTUAL.SimulatedExchange(BINANCE): Added instrument MITOUSDT.BINANCE and created matching engine
2026-09-16T06:17:56.716063355Z [INFO] EDGETRADER-VIRTUAL.SimulatedExchange(BINANCE): Added instrument MITOUSDC.BINANCE and created matching engine
2026-09-16T06:17:56.716352261Z [INFO] EDGETRADER-VIRTUAL.SimulatedExchange(BINANCE): Added instrument MITOBNB.BINANCE and created matching engine
2026-09-16T06:17:56.716704930Z [INFO] EDGETRADER-VIRTUAL.SimulatedExchange(BINANCE): Added instrument MITOFDUSD.BINANCE and created matching engine
2026-09-16T06:17:56.717059685Z [INFO] EDGETRADER-VIRTUAL.SimulatedExchange(BINANCE): Added instrument MITOTRY.BINANCE and created matching engine
2026-09-16T06:17:56.717428956Z [INFO] EDGETRADER-VIRTUAL.SimulatedExchange(BINANCE): Added instrument WLFIUSDT.BINANCE and created matching engine
2026-09-16T06:17:56.717945414Z [INFO] EDGETRADER-VIRTUAL.SimulatedExchange(BINANCE): Added instrument WLFIUSDC.BINANCE and created matching engine
2026-09-16T06:17:56.718500213Z [INFO] EDGETRADER-VIRTUAL.SimulatedExchange(BINANCE): Added instrument WLFITRY.BINANCE and created matching engine
2026-09-16T06:17:56.718811591Z [INFO] EDGETRADER-VIRTUAL.SimulatedExchange(BINANCE): Added instrument BFUSDUSDC.BINANCE and created matching engine
2026-09-16T06:17:56.719145672Z [INFO] EDGETRADER-VIRTUAL.SimulatedExchange(BINANCE): Added instrument NMRUSDC.BINANCE and created matching engine
2026-09-16T06:17:56.719406027Z [INFO] EDGETRADER-VIRTUAL.SimulatedExchange(BINANCE): Added instrument QTUMUSDC.BINANCE and created matching engine
2026-09-16T06:17:56.719619854Z [INFO] EDGETRADER-VIRTUAL.SimulatedExchange(BINANCE): Added instrument SOMIUSDT.BINANCE and created matching engine
2026-09-16T06:17:56.719822065Z [INFO] EDGETRADER-VIRTUAL.SimulatedExchange(BINANCE): Added instrument SOMIUSDC.BINANCE and created matching engine
2026-09-16T06:17:56.720030718Z [INFO] EDGETRADER-VIRTUAL.SimulatedExchange(BINANCE): Added instrument SOMIBNB.BINANCE and created matching engine
2026-09-16T06:17:56.720286600Z [INFO] EDGETRADER-VIRTUAL.SimulatedExchange(BINANCE): Added instrument SOMIFDUSD.BINANCE and created matching engine
2026-09-16T06:17:56.720689371Z [INFO] EDGETRADER-VIRTUAL.SimulatedExchange(BINANCE): Added instrument SOMITRY.BINANCE and created matching engine
2026-09-16T06:17:56.721412963Z [INFO] EDGETRADER-VIRTUAL.SimulatedExchange(BINANCE): Added instrument WLFIBRL.BINANCE and created matching engine
2026-09-16T06:17:56.721858303Z [INFO] EDGETRADER-VIRTUAL.SimulatedExchange(BINANCE): Added instrument WLFIEUR.BINANCE and created matching engine
2026-09-16T06:17:56.722077428Z [INFO] EDGETRADER-VIRTUAL.SimulatedExchange(BINANCE): Added instrument OPENUSDT.BINANCE and created matching engine
2026-09-16T06:17:56.722321995Z [INFO] EDGETRADER-VIRTUAL.SimulatedExchange(BINANCE): Added instrument OPENUSDC.BINANCE and created matching engine
2026-09-16T06:17:56.722529133Z [INFO] EDGETRADER-VIRTUAL.SimulatedExchange(BINANCE): Added instrument OPENBNB.BINANCE and created matching engine
2026-09-16T06:17:56.722731386Z [INFO] EDGETRADER-VIRTUAL.SimulatedExchange(BINANCE): Added instrument OPENFDUSD.BINANCE and created matching engine
2026-09-16T06:17:56.723009182Z [INFO] EDGETRADER-VIRTUAL.SimulatedExchange(BINANCE): Added instrument OPENTRY.BINANCE and created matching engine
2026-09-16T06:17:56.723221539Z [INFO] EDGETRADER-VIRTUAL.SimulatedExchange(BINANCE): Added instrument USDEUSDC.BINANCE and created matching engine
2026-09-16T06:17:56.723419201Z [INFO] EDGETRADER-VIRTUAL.SimulatedExchange(BINANCE): Added instrument USDEUSDT.BINANCE and created matching engine
2026-09-16T06:17:56.723605277Z [INFO] EDGETRADER-VIRTUAL.SimulatedExchange(BINANCE): Added instrument LINEAUSDT.BINANCE and created matching engine
2026-09-16T06:17:56.723813364Z [INFO] EDGETRADER-VIRTUAL.SimulatedExchange(BINANCE): Added instrument LINEAUSDC.BINANCE and created matching engine
2026-09-16T06:17:56.724008692Z [INFO] EDGETRADER-VIRTUAL.SimulatedExchange(BINANCE): Added instrument LINEABNB.BINANCE and created matching engine
2026-09-16T06:17:56.724194714Z [INFO] EDGETRADER-VIRTUAL.SimulatedExchange(BINANCE): Added instrument LINEAFDUSD.BINANCE and created matching engine
2026-09-16T06:17:56.724387397Z [INFO] EDGETRADER-VIRTUAL.SimulatedExchange(BINANCE): Added instrument LINEATRY.BINANCE and created matching engine
2026-09-16T06:17:56.724578389Z [INFO] EDGETRADER-VIRTUAL.SimulatedExchange(BINANCE): Added instrument HOLOUSDT.BINANCE and created matching engine
2026-09-16T06:17:56.724834410Z [INFO] EDGETRADER-VIRTUAL.SimulatedExchange(BINANCE): Added instrument HOLOUSDC.BINANCE and created matching engine
2026-09-16T06:17:56.725090213Z [INFO] EDGETRADER-VIRTUAL.SimulatedExchange(BINANCE): Added instrument HOLOBNB.BINANCE and created matching engine
2026-09-16T06:17:56.725361952Z [INFO] EDGETRADER-VIRTUAL.SimulatedExchange(BINANCE): Added instrument HOLOFDUSD.BINANCE and created matching engine
2026-09-16T06:17:56.725632163Z [INFO] EDGETRADER-VIRTUAL.SimulatedExchange(BINANCE): Added instrument HOLOTRY.BINANCE and created matching engine
2026-09-16T06:17:56.725832195Z [INFO] EDGETRADER-VIRTUAL.SimulatedExchange(BINANCE): Added instrument PUMPUSDT.BINANCE and created matching engine
2026-09-16T06:17:56.726063494Z [INFO] EDGETRADER-VIRTUAL.SimulatedExchange(BINANCE): Added instrument PUMPTRY.BINANCE and created matching engine
2026-09-16T06:17:56.726310782Z [INFO] EDGETRADER-VIRTUAL.SimulatedExchange(BINANCE): Added instrument PUMPUSDC.BINANCE and created matching engine
2026-09-16T06:17:56.726511562Z [INFO] EDGETRADER-VIRTUAL.SimulatedExchange(BINANCE): Added instrument AVNTUSDT.BINANCE and created matching engine
2026-09-16T06:17:56.726705503Z [INFO] EDGETRADER-VIRTUAL.SimulatedExchange(BINANCE): Added instrument AVNTUSDC.BINANCE and created matching engine
2026-09-16T06:17:56.727005644Z [INFO] EDGETRADER-VIRTUAL.SimulatedExchange(BINANCE): Added instrument AVNTTRY.BINANCE and created matching engine
2026-09-16T06:17:56.727259208Z [INFO] EDGETRADER-VIRTUAL.SimulatedExchange(BINANCE): Added instrument ZKCUSDT.BINANCE and created matching engine
2026-09-16T06:17:56.727504420Z [INFO] EDGETRADER-VIRTUAL.SimulatedExchange(BINANCE): Added instrument ZKCUSDC.BINANCE and created matching engine
2026-09-16T06:17:56.727765775Z [INFO] EDGETRADER-VIRTUAL.SimulatedExchange(BINANCE): Added instrument ZKCFDUSD.BINANCE and created matching engine
2026-09-16T06:17:56.728061189Z [INFO] EDGETRADER-VIRTUAL.SimulatedExchange(BINANCE): Added instrument ZKCBNB.BINANCE and created matching engine
2026-09-16T06:17:56.728468286Z [INFO] EDGETRADER-VIRTUAL.SimulatedExchange(BINANCE): Added instrument ZKCTRY.BINANCE and created matching engine
2026-09-16T06:17:56.728748149Z [INFO] EDGETRADER-VIRTUAL.SimulatedExchange(BINANCE): Added instrument SKYBTC.BINANCE and created matching engine
2026-09-16T06:17:56.729015092Z [INFO] EDGETRADER-VIRTUAL.SimulatedExchange(BINANCE): Added instrument SKYTRY.BINANCE and created matching engine
2026-09-16T06:17:56.729244192Z [INFO] EDGETRADER-VIRTUAL.SimulatedExchange(BINANCE): Added instrument SKYUSDC.BINANCE and created matching engine
2026-09-16T06:17:56.729454970Z [INFO] EDGETRADER-VIRTUAL.SimulatedExchange(BINANCE): Added instrument SKYUSDT.BINANCE and created matching engine
2026-09-16T06:17:56.729694377Z [INFO] EDGETRADER-VIRTUAL.SimulatedExchange(BINANCE): Added instrument BARDUSDT.BINANCE and created matching engine
2026-09-16T06:17:56.729950402Z [INFO] EDGETRADER-VIRTUAL.SimulatedExchange(BINANCE): Added instrument BARDUSDC.BINANCE and created matching engine
2026-09-16T06:17:56.730192672Z [INFO] EDGETRADER-VIRTUAL.SimulatedExchange(BINANCE): Added instrument BARDFDUSD.BINANCE and created matching engine
2026-09-16T06:17:56.730456474Z [INFO] EDGETRADER-VIRTUAL.SimulatedExchange(BINANCE): Added instrument BARDTRY.BINANCE and created matching engine
2026-09-16T06:17:56.730714197Z [INFO] EDGETRADER-VIRTUAL.SimulatedExchange(BINANCE): Added instrument BARDBNB.BINANCE and created matching engine
2026-09-16T06:17:56.730990843Z [INFO] EDGETRADER-VIRTUAL.SimulatedExchange(BINANCE): Added instrument 0GUSDT.BINANCE and created matching engine
2026-09-16T06:17:56.731222840Z [INFO] EDGETRADER-VIRTUAL.SimulatedExchange(BINANCE): Added instrument 0GUSDC.BINANCE and created matching engine
2026-09-16T06:17:56.731409762Z [INFO] EDGETRADER-VIRTUAL.SimulatedExchange(BINANCE): Added instrument 0GBNB.BINANCE and created matching engine
2026-09-16T06:17:56.731614573Z [INFO] EDGETRADER-VIRTUAL.SimulatedExchange(BINANCE): Added instrument 0GFDUSD.BINANCE and created matching engine
2026-09-16T06:17:56.731798506Z [INFO] EDGETRADER-VIRTUAL.SimulatedExchange(BINANCE): Added instrument 0GTRY.BINANCE and created matching engine
2026-09-16T06:17:56.732049903Z [INFO] EDGETRADER-VIRTUAL.SimulatedExchange(BINANCE): Added instrument IMXUSDC.BINANCE and created matching engine
2026-09-16T06:17:56.732270137Z [INFO] EDGETRADER-VIRTUAL.SimulatedExchange(BINANCE): Added instrument NMRTRY.BINANCE and created matching engine
2026-09-16T06:17:56.732545299Z [INFO] EDGETRADER-VIRTUAL.SimulatedExchange(BINANCE): Added instrument TWTUSDC.BINANCE and created matching engine
2026-09-16T06:17:56.732756197Z [INFO] EDGETRADER-VIRTUAL.SimulatedExchange(BINANCE): Added instrument HEMIBNB.BINANCE and created matching engine
2026-09-16T06:17:56.733038653Z [INFO] EDGETRADER-VIRTUAL.SimulatedExchange(BINANCE): Added instrument HEMITRY.BINANCE and created matching engine
2026-09-16T06:17:56.733299761Z [INFO] EDGETRADER-VIRTUAL.SimulatedExchange(BINANCE): Added instrument HEMIUSDT.BINANCE and created matching engine
2026-09-16T06:17:56.733649991Z [INFO] EDGETRADER-VIRTUAL.SimulatedExchange(BINANCE): Added instrument HEMIUSDC.BINANCE and created matching engine
2026-09-16T06:17:56.734028015Z [INFO] EDGETRADER-VIRTUAL.SimulatedExchange(BINANCE): Added instrument HEMIFDUSD.BINANCE and created matching engine
2026-09-16T06:17:56.734525340Z [INFO] EDGETRADER-VIRTUAL.SimulatedExchange(BINANCE): Added instrument XPLUSDT.BINANCE and created matching engine
2026-09-16T06:17:56.735216636Z [INFO] EDGETRADER-VIRTUAL.SimulatedExchange(BINANCE): Added instrument XPLUSDC.BINANCE and created matching engine
2026-09-16T06:17:56.735659135Z [INFO] EDGETRADER-VIRTUAL.SimulatedExchange(BINANCE): Added instrument XPLBNB.BINANCE and created matching engine
2026-09-16T06:17:56.736070695Z [INFO] EDGETRADER-VIRTUAL.SimulatedExchange(BINANCE): Added instrument XPLFDUSD.BINANCE and created matching engine
2026-09-16T06:17:56.736501358Z [INFO] EDGETRADER-VIRTUAL.SimulatedExchange(BINANCE): Added instrument XPLTRY.BINANCE and created matching engine
2026-09-16T06:17:56.736934927Z [INFO] EDGETRADER-VIRTUAL.SimulatedExchange(BINANCE): Added instrument MIRAUSDT.BINANCE and created matching engine
2026-09-16T06:17:56.737325453Z [INFO] EDGETRADER-VIRTUAL.SimulatedExchange(BINANCE): Added instrument MIRAUSDC.BINANCE and created matching engine
2026-09-16T06:17:56.737726208Z [INFO] EDGETRADER-VIRTUAL.SimulatedExchange(BINANCE): Added instrument MIRABNB.BINANCE and created matching engine
2026-09-16T06:17:56.737989004Z [INFO] EDGETRADER-VIRTUAL.SimulatedExchange(BINANCE): Added instrument MIRAFDUSD.BINANCE and created matching engine
2026-09-16T06:17:56.738354700Z [INFO] EDGETRADER-VIRTUAL.SimulatedExchange(BINANCE): Added instrument MIRATRY.BINANCE and created matching engine
2026-09-16T06:17:56.738622906Z [INFO] EDGETRADER-VIRTUAL.SimulatedExchange(BINANCE): Added instrument FFUSDT.BINANCE and created matching engine
2026-09-16T06:17:56.738896482Z [INFO] EDGETRADER-VIRTUAL.SimulatedExchange(BINANCE): Added instrument FFUSDC.BINANCE and created matching engine
2026-09-16T06:17:56.739104496Z [INFO] EDGETRADER-VIRTUAL.SimulatedExchange(BINANCE): Added instrument FFBNB.BINANCE and created matching engine
2026-09-16T06:17:56.739382470Z [INFO] EDGETRADER-VIRTUAL.SimulatedExchange(BINANCE): Added instrument FFFDUSD.BINANCE and created matching engine
2026-09-16T06:17:56.739628960Z [INFO] EDGETRADER-VIRTUAL.SimulatedExchange(BINANCE): Added instrument FFTRY.BINANCE and created matching engine
2026-09-16T06:17:56.739947281Z [INFO] EDGETRADER-VIRTUAL.SimulatedExchange(BINANCE): Added instrument AEVOUSDC.BINANCE and created matching engine
2026-09-16T06:17:56.740222019Z [INFO] EDGETRADER-VIRTUAL.SimulatedExchange(BINANCE): Added instrument MEUSDC.BINANCE and created matching engine
2026-09-16T06:17:56.740526740Z [INFO] EDGETRADER-VIRTUAL.SimulatedExchange(BINANCE): Added instrument SNXUSDC.BINANCE and created matching engine
2026-09-16T06:17:56.740821750Z [INFO] EDGETRADER-VIRTUAL.SimulatedExchange(BINANCE): Added instrument EDENUSDT.BINANCE and created matching engine
2026-09-16T06:17:56.741050958Z [INFO] EDGETRADER-VIRTUAL.SimulatedExchange(BINANCE): Added instrument EDENUSDC.BINANCE and created matching engine
2026-09-16T06:17:56.741320702Z [INFO] EDGETRADER-VIRTUAL.SimulatedExchange(BINANCE): Added instrument EDENBNB.BINANCE and created matching engine
2026-09-16T06:17:56.741571281Z [INFO] EDGETRADER-VIRTUAL.SimulatedExchange(BINANCE): Added instrument EDENFDUSD.BINANCE and created matching engine
2026-09-16T06:17:56.741807952Z [INFO] EDGETRADER-VIRTUAL.SimulatedExchange(BINANCE): Added instrument EDENTRY.BINANCE and created matching engine
2026-09-16T06:17:56.742077639Z [INFO] EDGETRADER-VIRTUAL.SimulatedExchange(BINANCE): Added instrument NOMFDUSD.BINANCE and created matching engine
2026-09-16T06:17:56.742342445Z [INFO] EDGETRADER-VIRTUAL.SimulatedExchange(BINANCE): Added instrument NOMTRY.BINANCE and created matching engine
2026-09-16T06:17:56.742616938Z [INFO] EDGETRADER-VIRTUAL.SimulatedExchange(BINANCE): Added instrument NOMUSDC.BINANCE and created matching engine
2026-09-16T06:17:56.742875270Z [INFO] EDGETRADER-VIRTUAL.SimulatedExchange(BINANCE): Added instrument NOMUSDT.BINANCE and created matching engine
2026-09-16T06:17:56.743101415Z [INFO] EDGETRADER-VIRTUAL.SimulatedExchange(BINANCE): Added instrument 2ZUSDT.BINANCE and created matching engine
2026-09-16T06:17:56.743370517Z [INFO] EDGETRADER-VIRTUAL.SimulatedExchange(BINANCE): Added instrument 2ZUSDC.BINANCE and created matching engine
2026-09-16T06:17:56.743617213Z [INFO] EDGETRADER-VIRTUAL.SimulatedExchange(BINANCE): Added instrument 2ZBNB.BINANCE and created matching engine
2026-09-16T06:17:56.743835696Z [INFO] EDGETRADER-VIRTUAL.SimulatedExchange(BINANCE): Added instrument 2ZFDUSD.BINANCE and created matching engine
2026-09-16T06:17:56.744028752Z [INFO] EDGETRADER-VIRTUAL.SimulatedExchange(BINANCE): Added instrument 2ZTRY.BINANCE and created matching engine
2026-09-16T06:17:56.744276504Z [INFO] EDGETRADER-VIRTUAL.SimulatedExchange(BINANCE): Added instrument TRUMPJPY.BINANCE and created matching engine
2026-09-16T06:17:56.744525972Z [INFO] EDGETRADER-VIRTUAL.SimulatedExchange(BINANCE): Added instrument MORPHOUSDT.BINANCE and created matching engine
2026-09-16T06:17:56.744747499Z [INFO] EDGETRADER-VIRTUAL.SimulatedExchange(BINANCE): Added instrument MORPHOUSDC.BINANCE and created matching engine
2026-09-16T06:17:56.744972399Z [INFO] EDGETRADER-VIRTUAL.SimulatedExchange(BINANCE): Added instrument MORPHOBNB.BINANCE and created matching engine
2026-09-16T06:17:56.745164668Z [INFO] EDGETRADER-VIRTUAL.SimulatedExchange(BINANCE): Added instrument MORPHOFDUSD.BINANCE and created matching engine
2026-09-16T06:17:56.745357203Z [INFO] EDGETRADER-VIRTUAL.SimulatedExchange(BINANCE): Added instrument MORPHOTRY.BINANCE and created matching engine
2026-09-16T06:17:56.745603622Z [INFO] EDGETRADER-VIRTUAL.SimulatedExchange(BINANCE): Added instrument ASTERUSDT.BINANCE and created matching engine
2026-09-16T06:17:56.745854749Z [INFO] EDGETRADER-VIRTUAL.SimulatedExchange(BINANCE): Added instrument ASTERUSDC.BINANCE and created matching engine
2026-09-16T06:17:56.746092458Z [INFO] EDGETRADER-VIRTUAL.SimulatedExchange(BINANCE): Added instrument ASTERTRY.BINANCE and created matching engine
2026-09-16T06:17:56.746442600Z [INFO] EDGETRADER-VIRTUAL.SimulatedExchange(BINANCE): Added instrument WALUSDT.BINANCE and created matching engine
2026-09-16T06:17:56.746689752Z [INFO] EDGETRADER-VIRTUAL.SimulatedExchange(BINANCE): Added instrument WALUSDC.BINANCE and created matching engine
2026-09-16T06:17:56.746979350Z [INFO] EDGETRADER-VIRTUAL.SimulatedExchange(BINANCE): Added instrument WALBNB.BINANCE and created matching engine
2026-09-16T06:17:56.747194259Z [INFO] EDGETRADER-VIRTUAL.SimulatedExchange(BINANCE): Added instrument WALFDUSD.BINANCE and created matching engine
2026-09-16T06:17:56.747405427Z [INFO] EDGETRADER-VIRTUAL.SimulatedExchange(BINANCE): Added instrument WALTRY.BINANCE and created matching engine
2026-09-16T06:17:56.747614692Z [INFO] EDGETRADER-VIRTUAL.SimulatedExchange(BINANCE): Added instrument EULUSDT.BINANCE and created matching engine
2026-09-16T06:17:56.747883675Z [INFO] EDGETRADER-VIRTUAL.SimulatedExchange(BINANCE): Added instrument EULUSDC.BINANCE and created matching engine
2026-09-16T06:17:56.748134418Z [INFO] EDGETRADER-VIRTUAL.SimulatedExchange(BINANCE): Added instrument EULFDUSD.BINANCE and created matching engine
2026-09-16T06:17:56.748391718Z [INFO] EDGETRADER-VIRTUAL.SimulatedExchange(BINANCE): Added instrument EULBNB.BINANCE and created matching engine
2026-09-16T06:17:56.748655004Z [INFO] EDGETRADER-VIRTUAL.SimulatedExchange(BINANCE): Added instrument EULTRY.BINANCE and created matching engine
2026-09-16T06:17:56.748906315Z [INFO] EDGETRADER-VIRTUAL.SimulatedExchange(BINANCE): Added instrument ENSOUSDT.BINANCE and created matching engine
2026-09-16T06:17:56.749189599Z [INFO] EDGETRADER-VIRTUAL.SimulatedExchange(BINANCE): Added instrument ENSOUSDC.BINANCE and created matching engine
2026-09-16T06:17:56.749446854Z [INFO] EDGETRADER-VIRTUAL.SimulatedExchange(BINANCE): Added instrument ENSOFDUSD.BINANCE and created matching engine
2026-09-16T06:17:56.749664236Z [INFO] EDGETRADER-VIRTUAL.SimulatedExchange(BINANCE): Added instrument ENSOBNB.BINANCE and created matching engine
2026-09-16T06:17:56.749998006Z [INFO] EDGETRADER-VIRTUAL.SimulatedExchange(BINANCE): Added instrument ENSOTRY.BINANCE and created matching engine
2026-09-16T06:17:56.750418469Z [INFO] EDGETRADER-VIRTUAL.SimulatedExchange(BINANCE): Added instrument YBUSDT.BINANCE and created matching engine
2026-09-16T06:17:56.751183262Z [INFO] EDGETRADER-VIRTUAL.SimulatedExchange(BINANCE): Added instrument YBUSDC.BINANCE and created matching engine
2026-09-16T06:17:56.752376991Z [INFO] EDGETRADER-VIRTUAL.SimulatedExchange(BINANCE): Added instrument YBBNB.BINANCE and created matching engine
2026-09-16T06:17:56.752966643Z [INFO] EDGETRADER-VIRTUAL.SimulatedExchange(BINANCE): Added instrument YBFDUSD.BINANCE and created matching engine
2026-09-16T06:17:56.753379195Z [INFO] EDGETRADER-VIRTUAL.SimulatedExchange(BINANCE): Added instrument YBTRY.BINANCE and created matching engine
2026-09-16T06:17:56.753676051Z [INFO] EDGETRADER-VIRTUAL.SimulatedExchange(BINANCE): Added instrument ZBTUSDT.BINANCE and created matching engine
2026-09-16T06:17:56.753909694Z [INFO] EDGETRADER-VIRTUAL.SimulatedExchange(BINANCE): Added instrument ZBTUSDC.BINANCE and created matching engine
2026-09-16T06:17:56.754170628Z [INFO] EDGETRADER-VIRTUAL.SimulatedExchange(BINANCE): Added instrument ZBTBNB.BINANCE and created matching engine
2026-09-16T06:17:56.754515619Z [INFO] EDGETRADER-VIRTUAL.SimulatedExchange(BINANCE): Added instrument ZBTFDUSD.BINANCE and created matching engine
2026-09-16T06:17:56.754907886Z [INFO] EDGETRADER-VIRTUAL.SimulatedExchange(BINANCE): Added instrument ZBTTRY.BINANCE and created matching engine
2026-09-16T06:17:56.755137394Z [INFO] EDGETRADER-VIRTUAL.SimulatedExchange(BINANCE): Added instrument TURTLEUSDT.BINANCE and created matching engine
2026-09-16T06:17:56.755392135Z [INFO] EDGETRADER-VIRTUAL.SimulatedExchange(BINANCE): Added instrument TURTLEUSDC.BINANCE and created matching engine
2026-09-16T06:17:56.755654434Z [INFO] EDGETRADER-VIRTUAL.SimulatedExchange(BINANCE): Added instrument TURTLEBNB.BINANCE and created matching engine
2026-09-16T06:17:56.755881889Z [INFO] EDGETRADER-VIRTUAL.SimulatedExchange(BINANCE): Added instrument TURTLEFDUSD.BINANCE and created matching engine
2026-09-16T06:17:56.756161284Z [INFO] EDGETRADER-VIRTUAL.SimulatedExchange(BINANCE): Added instrument TURTLETRY.BINANCE and created matching engine
2026-09-16T06:17:56.756383161Z [INFO] EDGETRADER-VIRTUAL.SimulatedExchange(BINANCE): Added instrument GIGGLEUSDT.BINANCE and created matching engine
2026-09-16T06:17:56.756582228Z [INFO] EDGETRADER-VIRTUAL.SimulatedExchange(BINANCE): Added instrument GIGGLEUSDC.BINANCE and created matching engine
2026-09-16T06:17:56.756803007Z [INFO] EDGETRADER-VIRTUAL.SimulatedExchange(BINANCE): Added instrument GIGGLETRY.BINANCE and created matching engine
2026-09-16T06:17:56.757084953Z [INFO] EDGETRADER-VIRTUAL.SimulatedExchange(BINANCE): Added instrument FUSDT.BINANCE and created matching engine
2026-09-16T06:17:56.757336900Z [INFO] EDGETRADER-VIRTUAL.SimulatedExchange(BINANCE): Added instrument FUSDC.BINANCE and created matching engine
2026-09-16T06:17:56.757628967Z [INFO] EDGETRADER-VIRTUAL.SimulatedExchange(BINANCE): Added instrument FTRY.BINANCE and created matching engine
2026-09-16T06:17:56.757947688Z [INFO] EDGETRADER-VIRTUAL.SimulatedExchange(BINANCE): Added instrument KITEUSDT.BINANCE and created matching engine
2026-09-16T06:17:56.758169547Z [INFO] EDGETRADER-VIRTUAL.SimulatedExchange(BINANCE): Added instrument KITEUSDC.BINANCE and created matching engine
2026-09-16T06:17:56.758387209Z [INFO] EDGETRADER-VIRTUAL.SimulatedExchange(BINANCE): Added instrument KITEBNB.BINANCE and created matching engine
2026-09-16T06:17:56.758655624Z [INFO] EDGETRADER-VIRTUAL.SimulatedExchange(BINANCE): Added instrument KITETRY.BINANCE and created matching engine
2026-09-16T06:17:56.758909953Z [INFO] EDGETRADER-VIRTUAL.SimulatedExchange(BINANCE): Added instrument MMTUSDT.BINANCE and created matching engine
2026-09-16T06:17:56.759223098Z [INFO] EDGETRADER-VIRTUAL.SimulatedExchange(BINANCE): Added instrument MMTUSDC.BINANCE and created matching engine
2026-09-16T06:17:56.759450396Z [INFO] EDGETRADER-VIRTUAL.SimulatedExchange(BINANCE): Added instrument MMTBNB.BINANCE and created matching engine
2026-09-16T06:17:56.759681899Z [INFO] EDGETRADER-VIRTUAL.SimulatedExchange(BINANCE): Added instrument MMTTRY.BINANCE and created matching engine
2026-09-16T06:17:56.759892706Z [INFO] EDGETRADER-VIRTUAL.SimulatedExchange(BINANCE): Added instrument DASHUSDC.BINANCE and created matching engine
2026-09-16T06:17:56.760087215Z [INFO] EDGETRADER-VIRTUAL.SimulatedExchange(BINANCE): Added instrument SAPIENUSDT.BINANCE and created matching engine
2026-09-16T06:17:56.760278652Z [INFO] EDGETRADER-VIRTUAL.SimulatedExchange(BINANCE): Added instrument SAPIENUSDC.BINANCE and created matching engine
2026-09-16T06:17:56.760473699Z [INFO] EDGETRADER-VIRTUAL.SimulatedExchange(BINANCE): Added instrument SAPIENBNB.BINANCE and created matching engine
2026-09-16T06:17:56.760729848Z [INFO] EDGETRADER-VIRTUAL.SimulatedExchange(BINANCE): Added instrument SAPIENTRY.BINANCE and created matching engine
2026-09-16T06:17:56.761010320Z [INFO] EDGETRADER-VIRTUAL.SimulatedExchange(BINANCE): Added instrument MINAUSDC.BINANCE and created matching engine
2026-09-16T06:17:56.761239969Z [INFO] EDGETRADER-VIRTUAL.SimulatedExchange(BINANCE): Added instrument XVGUSDC.BINANCE and created matching engine
2026-09-16T06:17:56.761509136Z [INFO] EDGETRADER-VIRTUAL.SimulatedExchange(BINANCE): Added instrument ALLOUSDT.BINANCE and created matching engine
2026-09-16T06:17:56.761775074Z [INFO] EDGETRADER-VIRTUAL.SimulatedExchange(BINANCE): Added instrument ALLOUSDC.BINANCE and created matching engine
2026-09-16T06:17:56.761998401Z [INFO] EDGETRADER-VIRTUAL.SimulatedExchange(BINANCE): Added instrument ALLOBNB.BINANCE and created matching engine
2026-09-16T06:17:56.762219019Z [INFO] EDGETRADER-VIRTUAL.SimulatedExchange(BINANCE): Added instrument ALLOTRY.BINANCE and created matching engine
2026-09-16T06:17:56.762426040Z [INFO] EDGETRADER-VIRTUAL.SimulatedExchange(BINANCE): Added instrument SOLVUSDC.BINANCE and created matching engine
2026-09-16T06:17:56.762633578Z [INFO] EDGETRADER-VIRTUAL.SimulatedExchange(BINANCE): Added instrument USD1USDC.BINANCE and created matching engine
2026-09-16T06:17:56.762855207Z [INFO] EDGETRADER-VIRTUAL.SimulatedExchange(BINANCE): Added instrument WLFIUSD1.BINANCE and created matching engine
2026-09-16T06:17:56.763118474Z [INFO] EDGETRADER-VIRTUAL.SimulatedExchange(BINANCE): Added instrument BANKUSDT.BINANCE and created matching engine
2026-09-16T06:17:56.763339251Z [INFO] EDGETRADER-VIRTUAL.SimulatedExchange(BINANCE): Added instrument BANKUSDC.BINANCE and created matching engine
2026-09-16T06:17:56.763579436Z [INFO] EDGETRADER-VIRTUAL.SimulatedExchange(BINANCE): Added instrument BANKTRY.BINANCE and created matching engine
2026-09-16T06:17:56.763799155Z [INFO] EDGETRADER-VIRTUAL.SimulatedExchange(BINANCE): Added instrument METUSDT.BINANCE and created matching engine
2026-09-16T06:17:56.764075483Z [INFO] EDGETRADER-VIRTUAL.SimulatedExchange(BINANCE): Added instrument METUSDC.BINANCE and created matching engine
2026-09-16T06:17:56.764294693Z [INFO] EDGETRADER-VIRTUAL.SimulatedExchange(BINANCE): Added instrument METTRY.BINANCE and created matching engine
2026-09-16T06:17:56.764517992Z [INFO] EDGETRADER-VIRTUAL.SimulatedExchange(BINANCE): Added instrument 1INCHUSDC.BINANCE and created matching engine
2026-09-16T06:17:56.764779613Z [INFO] EDGETRADER-VIRTUAL.SimulatedExchange(BINANCE): Added instrument COTIUSDC.BINANCE and created matching engine
2026-09-16T06:17:56.765053642Z [INFO] EDGETRADER-VIRTUAL.SimulatedExchange(BINANCE): Added instrument LSKUSDC.BINANCE and created matching engine
2026-09-16T06:17:56.765283590Z [INFO] EDGETRADER-VIRTUAL.SimulatedExchange(BINANCE): Added instrument USDTUSD.BINANCE and created matching engine
2026-09-16T06:17:56.765560167Z [INFO] EDGETRADER-VIRTUAL.SimulatedExchange(BINANCE): Added instrument USDCUSD.BINANCE and created matching engine
2026-09-16T06:17:56.765785461Z [INFO] EDGETRADER-VIRTUAL.SimulatedExchange(BINANCE): Added instrument DODOTRY.BINANCE and created matching engine
2026-09-16T06:17:56.766357141Z [INFO] EDGETRADER-VIRTUAL.SimulatedExchange(BINANCE): Added instrument HEITRY.BINANCE and created matching engine
2026-09-16T06:17:56.767005274Z [INFO] EDGETRADER-VIRTUAL.SimulatedExchange(BINANCE): Added instrument MANTAIDR.BINANCE and created matching engine
2026-09-16T06:17:56.767564019Z [INFO] EDGETRADER-VIRTUAL.SimulatedExchange(BINANCE): Added instrument SCRIDR.BINANCE and created matching engine
2026-09-16T06:17:56.768109710Z [INFO] EDGETRADER-VIRTUAL.SimulatedExchange(BINANCE): Added instrument WLDIDR.BINANCE and created matching engine
2026-09-16T06:17:56.768795484Z [INFO] EDGETRADER-VIRTUAL.SimulatedExchange(BINANCE): Added instrument HBARIDR.BINANCE and created matching engine
2026-09-16T06:17:56.769296044Z [INFO] EDGETRADER-VIRTUAL.SimulatedExchange(BINANCE): Added instrument ATUSDT.BINANCE and created matching engine
2026-09-16T06:17:56.769660943Z [INFO] EDGETRADER-VIRTUAL.SimulatedExchange(BINANCE): Added instrument ATUSDC.BINANCE and created matching engine
2026-09-16T06:17:56.770017738Z [INFO] EDGETRADER-VIRTUAL.SimulatedExchange(BINANCE): Added instrument ATBNB.BINANCE and created matching engine
2026-09-16T06:17:56.770277558Z [INFO] EDGETRADER-VIRTUAL.SimulatedExchange(BINANCE): Added instrument ATTRY.BINANCE and created matching engine
2026-09-16T06:17:56.770606792Z [INFO] EDGETRADER-VIRTUAL.SimulatedExchange(BINANCE): Added instrument ASTERIDR.BINANCE and created matching engine
2026-09-16T06:17:56.770874575Z [INFO] EDGETRADER-VIRTUAL.SimulatedExchange(BINANCE): Added instrument AVAXIDR.BINANCE and created matching engine
2026-09-16T06:17:56.771231341Z [INFO] EDGETRADER-VIRTUAL.SimulatedExchange(BINANCE): Added instrument BOMEIDR.BINANCE and created matching engine
2026-09-16T06:17:56.771605391Z [INFO] EDGETRADER-VIRTUAL.SimulatedExchange(BINANCE): Added instrument DOGSIDR.BINANCE and created matching engine
2026-09-16T06:17:56.771954417Z [INFO] EDGETRADER-VIRTUAL.SimulatedExchange(BINANCE): Added instrument FLOKIIDR.BINANCE and created matching engine
2026-09-16T06:17:56.772337982Z [INFO] EDGETRADER-VIRTUAL.SimulatedExchange(BINANCE): Added instrument POLIDR.BINANCE and created matching engine
2026-09-16T06:17:56.772650986Z [INFO] EDGETRADER-VIRTUAL.SimulatedExchange(BINANCE): Added instrument RENDERIDR.BINANCE and created matching engine
2026-09-16T06:17:56.772901810Z [INFO] EDGETRADER-VIRTUAL.SimulatedExchange(BINANCE): Added instrument TAOIDR.BINANCE and created matching engine
2026-09-16T06:17:56.773236025Z [INFO] EDGETRADER-VIRTUAL.SimulatedExchange(BINANCE): Added instrument TIAIDR.BINANCE and created matching engine
2026-09-16T06:17:56.773515978Z [INFO] EDGETRADER-VIRTUAL.SimulatedExchange(BINANCE): Added instrument TONIDR.BINANCE and created matching engine
2026-09-16T06:17:56.773838656Z [INFO] EDGETRADER-VIRTUAL.SimulatedExchange(BINANCE): Added instrument VIRTUALIDR.BINANCE and created matching engine
2026-09-16T06:17:56.774121397Z [INFO] EDGETRADER-VIRTUAL.SimulatedExchange(BINANCE): Added instrument WIFIDR.BINANCE and created matching engine
2026-09-16T06:17:56.774441024Z [INFO] EDGETRADER-VIRTUAL.SimulatedExchange(BINANCE): Added instrument ZILIDR.BINANCE and created matching engine
2026-09-16T06:17:56.774674704Z [INFO] EDGETRADER-VIRTUAL.SimulatedExchange(BINANCE): Added instrument ARBIDR.BINANCE and created matching engine
2026-09-16T06:17:56.774999734Z [INFO] EDGETRADER-VIRTUAL.SimulatedExchange(BINANCE): Added instrument ADAIDR.BINANCE and created matching engine
2026-09-16T06:17:56.775349620Z [INFO] EDGETRADER-VIRTUAL.SimulatedExchange(BINANCE): Added instrument BNBIDR.BINANCE and created matching engine
2026-09-16T06:17:56.775632615Z [INFO] EDGETRADER-VIRTUAL.SimulatedExchange(BINANCE): Added instrument BTCIDR.BINANCE and created matching engine
2026-09-16T06:17:56.775964580Z [INFO] EDGETRADER-VIRTUAL.SimulatedExchange(BINANCE): Added instrument DOGEIDR.BINANCE and created matching engine
2026-09-16T06:17:56.776263970Z [INFO] EDGETRADER-VIRTUAL.SimulatedExchange(BINANCE): Added instrument ETHIDR.BINANCE and created matching engine
2026-09-16T06:17:56.776706330Z [INFO] EDGETRADER-VIRTUAL.SimulatedExchange(BINANCE): Added instrument NEIROIDR.BINANCE and created matching engine
2026-09-16T06:17:56.777051824Z [INFO] EDGETRADER-VIRTUAL.SimulatedExchange(BINANCE): Added instrument ONDOIDR.BINANCE and created matching engine
2026-09-16T06:17:56.777341765Z [INFO] EDGETRADER-VIRTUAL.SimulatedExchange(BINANCE): Added instrument SUIIDR.BINANCE and created matching engine
2026-09-16T06:17:56.777637903Z [INFO] EDGETRADER-VIRTUAL.SimulatedExchange(BINANCE): Added instrument TKOIDR.BINANCE and created matching engine
2026-09-16T06:17:56.777897382Z [INFO] EDGETRADER-VIRTUAL.SimulatedExchange(BINANCE): Added instrument XRPIDR.BINANCE and created matching engine
2026-09-16T06:17:56.778238248Z [INFO] EDGETRADER-VIRTUAL.SimulatedExchange(BINANCE): Added instrument USDTIDR.BINANCE and created matching engine
2026-09-16T06:17:56.778487235Z [INFO] EDGETRADER-VIRTUAL.SimulatedExchange(BINANCE): Added instrument USDCIDR.BINANCE and created matching engine
2026-09-16T06:17:56.778834621Z [INFO] EDGETRADER-VIRTUAL.SimulatedExchange(BINANCE): Added instrument SOLIDR.BINANCE and created matching engine
2026-09-16T06:17:56.779170016Z [INFO] EDGETRADER-VIRTUAL.SimulatedExchange(BINANCE): Added instrument BTCUSD.BINANCE and created matching engine
2026-09-16T06:17:56.779425715Z [INFO] EDGETRADER-VIRTUAL.SimulatedExchange(BINANCE): Added instrument BTCUSD1.BINANCE and created matching engine
2026-09-16T06:17:56.779758954Z [INFO] EDGETRADER-VIRTUAL.SimulatedExchange(BINANCE): Added instrument DYMUSDC.BINANCE and created matching engine
2026-09-16T06:17:56.780049469Z [INFO] EDGETRADER-VIRTUAL.SimulatedExchange(BINANCE): Added instrument BNBUSD1.BINANCE and created matching engine
2026-09-16T06:17:56.780387562Z [INFO] EDGETRADER-VIRTUAL.SimulatedExchange(BINANCE): Added instrument ETHUSD1.BINANCE and created matching engine
2026-09-16T06:17:56.780626912Z [INFO] EDGETRADER-VIRTUAL.SimulatedExchange(BINANCE): Added instrument SOLUSD1.BINANCE and created matching engine
2026-09-16T06:17:56.780933443Z [INFO] EDGETRADER-VIRTUAL.SimulatedExchange(BINANCE): Added instrument DASHTRY.BINANCE and created matching engine
2026-09-16T06:17:56.781214971Z [INFO] EDGETRADER-VIRTUAL.SimulatedExchange(BINANCE): Added instrument DOGEUSD1.BINANCE and created matching engine
2026-09-16T06:17:56.782027049Z [INFO] EDGETRADER-VIRTUAL.SimulatedExchange(BINANCE): Added instrument SUIUSD1.BINANCE and created matching engine
2026-09-16T06:17:56.782437630Z [INFO] EDGETRADER-VIRTUAL.SimulatedExchange(BINANCE): Added instrument XRPUSD1.BINANCE and created matching engine
2026-09-16T06:17:56.782745692Z [INFO] EDGETRADER-VIRTUAL.SimulatedExchange(BINANCE): Added instrument KGSTUSDT.BINANCE and created matching engine
2026-09-16T06:17:56.783199526Z [INFO] EDGETRADER-VIRTUAL.SimulatedExchange(BINANCE): Added instrument ADAUSD1.BINANCE and created matching engine
2026-09-16T06:17:56.783600882Z [INFO] EDGETRADER-VIRTUAL.SimulatedExchange(BINANCE): Added instrument ASTERUSD1.BINANCE and created matching engine
2026-09-16T06:17:56.783992890Z [INFO] EDGETRADER-VIRTUAL.SimulatedExchange(BINANCE): Added instrument LUNAUSDC.BINANCE and created matching engine
2026-09-16T06:17:56.784870095Z [INFO] EDGETRADER-VIRTUAL.SimulatedExchange(BINANCE): Added instrument LUNCUSDC.BINANCE and created matching engine
2026-09-16T06:17:56.785598524Z [INFO] EDGETRADER-VIRTUAL.SimulatedExchange(BINANCE): Added instrument ZECUSD1.BINANCE and created matching engine
2026-09-16T06:17:56.785997872Z [INFO] EDGETRADER-VIRTUAL.SimulatedExchange(BINANCE): Added instrument AVAXUSD1.BINANCE and created matching engine
2026-09-16T06:17:56.786363218Z [INFO] EDGETRADER-VIRTUAL.SimulatedExchange(BINANCE): Added instrument BCHUSD1.BINANCE and created matching engine
2026-09-16T06:17:56.786651973Z [INFO] EDGETRADER-VIRTUAL.SimulatedExchange(BINANCE): Added instrument UNIUSD1.BINANCE and created matching engine
2026-09-16T06:17:56.787017385Z [INFO] EDGETRADER-VIRTUAL.SimulatedExchange(BINANCE): Added instrument BREVUSDT.BINANCE and created matching engine
2026-09-16T06:17:56.787271727Z [INFO] EDGETRADER-VIRTUAL.SimulatedExchange(BINANCE): Added instrument BREVUSDC.BINANCE and created matching engine
2026-09-16T06:17:56.787638774Z [INFO] EDGETRADER-VIRTUAL.SimulatedExchange(BINANCE): Added instrument BREVBNB.BINANCE and created matching engine
2026-09-16T06:17:56.788027483Z [INFO] EDGETRADER-VIRTUAL.SimulatedExchange(BINANCE): Added instrument BREVTRY.BINANCE and created matching engine
2026-09-16T06:17:56.788452822Z [INFO] EDGETRADER-VIRTUAL.SimulatedExchange(BINANCE): Added instrument 币安人生USDT.BINANCE and created matching engine
2026-09-16T06:17:56.788895486Z [INFO] EDGETRADER-VIRTUAL.SimulatedExchange(BINANCE): Added instrument 币安人生USDC.BINANCE and created matching engine
2026-09-16T06:17:56.789237442Z [INFO] EDGETRADER-VIRTUAL.SimulatedExchange(BINANCE): Added instrument 币安人生TRY.BINANCE and created matching engine
2026-09-16T06:17:56.789608732Z [INFO] EDGETRADER-VIRTUAL.SimulatedExchange(BINANCE): Added instrument ZKPUSDT.BINANCE and created matching engine
2026-09-16T06:17:56.789922626Z [INFO] EDGETRADER-VIRTUAL.SimulatedExchange(BINANCE): Added instrument ZKPUSDC.BINANCE and created matching engine
2026-09-16T06:17:56.790256306Z [INFO] EDGETRADER-VIRTUAL.SimulatedExchange(BINANCE): Added instrument ZKPTRY.BINANCE and created matching engine
2026-09-16T06:17:56.790556915Z [INFO] EDGETRADER-VIRTUAL.SimulatedExchange(BINANCE): Added instrument FETJPY.BINANCE and created matching engine
2026-09-16T06:17:56.790905363Z [INFO] EDGETRADER-VIRTUAL.SimulatedExchange(BINANCE): Added instrument TAOJPY.BINANCE and created matching engine
2026-09-16T06:17:56.791193766Z [INFO] EDGETRADER-VIRTUAL.SimulatedExchange(BINANCE): Added instrument LINKUSD1.BINANCE and created matching engine
2026-09-16T06:17:56.791500041Z [INFO] EDGETRADER-VIRTUAL.SimulatedExchange(BINANCE): Added instrument USDCMXN.BINANCE and created matching engine
2026-09-16T06:17:56.791808116Z [INFO] EDGETRADER-VIRTUAL.SimulatedExchange(BINANCE): Added instrument PEPEUSD1.BINANCE and created matching engine
2026-09-16T06:17:56.792073535Z [INFO] EDGETRADER-VIRTUAL.SimulatedExchange(BINANCE): Added instrument UUSDT.BINANCE and created matching engine
2026-09-16T06:17:56.792373354Z [INFO] EDGETRADER-VIRTUAL.SimulatedExchange(BINANCE): Added instrument UUSDC.BINANCE and created matching engine
2026-09-16T06:17:56.792701384Z [INFO] EDGETRADER-VIRTUAL.SimulatedExchange(BINANCE): Added instrument FRAXUSDT.BINANCE and created matching engine
2026-09-16T06:17:56.793053528Z [INFO] EDGETRADER-VIRTUAL.SimulatedExchange(BINANCE): Added instrument FOGOUSDT.BINANCE and created matching engine
2026-09-16T06:17:56.793393666Z [INFO] EDGETRADER-VIRTUAL.SimulatedExchange(BINANCE): Added instrument FOGOUSDC.BINANCE and created matching engine
2026-09-16T06:17:56.793706668Z [INFO] EDGETRADER-VIRTUAL.SimulatedExchange(BINANCE): Added instrument FOGOTRY.BINANCE and created matching engine
2026-09-16T06:17:56.794048574Z [INFO] EDGETRADER-VIRTUAL.SimulatedExchange(BINANCE): Added instrument BTCU.BINANCE and created matching engine
2026-09-16T06:17:56.794323551Z [INFO] EDGETRADER-VIRTUAL.SimulatedExchange(BINANCE): Added instrument LTCUSD1.BINANCE and created matching engine
2026-09-16T06:17:56.794656573Z [INFO] EDGETRADER-VIRTUAL.SimulatedExchange(BINANCE): Added instrument UTRY.BINANCE and created matching engine
2026-09-16T06:17:56.794918716Z [INFO] EDGETRADER-VIRTUAL.SimulatedExchange(BINANCE): Added instrument XRPRLUSD.BINANCE and created matching engine
2026-09-16T06:17:56.795218692Z [INFO] EDGETRADER-VIRTUAL.SimulatedExchange(BINANCE): Added instrument RLUSDUSDT.BINANCE and created matching engine
2026-09-16T06:17:56.795570053Z [INFO] EDGETRADER-VIRTUAL.SimulatedExchange(BINANCE): Added instrument RLUSDU.BINANCE and created matching engine
2026-09-16T06:17:56.795874298Z [INFO] EDGETRADER-VIRTUAL.SimulatedExchange(BINANCE): Added instrument SENTUSDT.BINANCE and created matching engine
2026-09-16T06:17:56.796214770Z [INFO] EDGETRADER-VIRTUAL.SimulatedExchange(BINANCE): Added instrument SENTUSDC.BINANCE and created matching engine
2026-09-16T06:17:56.796536558Z [INFO] EDGETRADER-VIRTUAL.SimulatedExchange(BINANCE): Added instrument SENTTRY.BINANCE and created matching engine
2026-09-16T06:17:56.797050532Z [INFO] EDGETRADER-VIRTUAL.SimulatedExchange(BINANCE): Added instrument BNBU.BINANCE and created matching engine
2026-09-16T06:17:56.797408029Z [INFO] EDGETRADER-VIRTUAL.SimulatedExchange(BINANCE): Added instrument KGSTU.BINANCE and created matching engine
2026-09-16T06:17:56.797663633Z [INFO] EDGETRADER-VIRTUAL.SimulatedExchange(BINANCE): Added instrument SOLU.BINANCE and created matching engine
2026-09-16T06:17:56.797964103Z [INFO] EDGETRADER-VIRTUAL.SimulatedExchange(BINANCE): Added instrument TRXUSD1.BINANCE and created matching engine
2026-09-16T06:17:56.798201467Z [INFO] EDGETRADER-VIRTUAL.SimulatedExchange(BINANCE): Added instrument USD1U.BINANCE and created matching engine
2026-09-16T06:17:56.798517250Z [INFO] EDGETRADER-VIRTUAL.SimulatedExchange(BINANCE): Added instrument ETHU.BINANCE and created matching engine
2026-09-16T06:17:56.798785725Z [INFO] EDGETRADER-VIRTUAL.SimulatedExchange(BINANCE): Added instrument ZAMAUSDT.BINANCE and created matching engine
2026-09-16T06:17:56.799091428Z [INFO] EDGETRADER-VIRTUAL.SimulatedExchange(BINANCE): Added instrument ZAMAUSDC.BINANCE and created matching engine
2026-09-16T06:17:56.799351673Z [INFO] EDGETRADER-VIRTUAL.SimulatedExchange(BINANCE): Added instrument ZAMATRY.BINANCE and created matching engine
2026-09-16T06:17:56.799902410Z [INFO] EDGETRADER-VIRTUAL.SimulatedExchange(BINANCE): Added instrument ASTERU.BINANCE and created matching engine
2026-09-16T06:17:56.800568428Z [INFO] EDGETRADER-VIRTUAL.SimulatedExchange(BINANCE): Added instrument PAXGUSD1.BINANCE and created matching engine
2026-09-16T06:17:56.801231057Z [INFO] EDGETRADER-VIRTUAL.SimulatedExchange(BINANCE): Added instrument SUIU.BINANCE and created matching engine
2026-09-16T06:17:56.801792111Z [INFO] EDGETRADER-VIRTUAL.SimulatedExchange(BINANCE): Added instrument XRPU.BINANCE and created matching engine
2026-09-16T06:17:56.802203324Z [INFO] EDGETRADER-VIRTUAL.SimulatedExchange(BINANCE): Added instrument ESPUSDT.BINANCE and created matching engine
2026-09-16T06:17:56.802553505Z [INFO] EDGETRADER-VIRTUAL.SimulatedExchange(BINANCE): Added instrument ESPUSDC.BINANCE and created matching engine
2026-09-16T06:17:56.802884164Z [INFO] EDGETRADER-VIRTUAL.SimulatedExchange(BINANCE): Added instrument ESPTRY.BINANCE and created matching engine
2026-09-16T06:17:56.803202788Z [INFO] EDGETRADER-VIRTUAL.SimulatedExchange(BINANCE): Added instrument ADAU.BINANCE and created matching engine
2026-09-16T06:17:56.803482095Z [INFO] EDGETRADER-VIRTUAL.SimulatedExchange(BINANCE): Added instrument DOGEU.BINANCE and created matching engine
2026-09-16T06:17:56.803762104Z [INFO] EDGETRADER-VIRTUAL.SimulatedExchange(BINANCE): Added instrument PEPEU.BINANCE and created matching engine
2026-09-16T06:17:56.804022971Z [INFO] EDGETRADER-VIRTUAL.SimulatedExchange(BINANCE): Added instrument TAOUSD1.BINANCE and created matching engine
2026-09-16T06:17:56.804315319Z [INFO] EDGETRADER-VIRTUAL.SimulatedExchange(BINANCE): Added instrument BNBUSD.BINANCE and created matching engine
2026-09-16T06:17:56.804589800Z [INFO] EDGETRADER-VIRTUAL.SimulatedExchange(BINANCE): Added instrument ETHUSD.BINANCE and created matching engine
2026-09-16T06:17:56.804842232Z [INFO] EDGETRADER-VIRTUAL.SimulatedExchange(BINANCE): Added instrument SOLUSD.BINANCE and created matching engine
2026-09-16T06:17:56.805165282Z [INFO] EDGETRADER-VIRTUAL.SimulatedExchange(BINANCE): Added instrument MANTRAUSDT.BINANCE and created matching engine
2026-09-16T06:17:56.805480238Z [INFO] EDGETRADER-VIRTUAL.SimulatedExchange(BINANCE): Added instrument MANTRAUSDC.BINANCE and created matching engine
2026-09-16T06:17:56.805764217Z [INFO] EDGETRADER-VIRTUAL.SimulatedExchange(BINANCE): Added instrument MANTRATRY.BINANCE and created matching engine
2026-09-16T06:17:56.806094792Z [INFO] EDGETRADER-VIRTUAL.SimulatedExchange(BINANCE): Added instrument ROBOUSDT.BINANCE and created matching engine
2026-09-16T06:17:56.806415883Z [INFO] EDGETRADER-VIRTUAL.SimulatedExchange(BINANCE): Added instrument ROBOUSDC.BINANCE and created matching engine
2026-09-16T06:17:56.806687453Z [INFO] EDGETRADER-VIRTUAL.SimulatedExchange(BINANCE): Added instrument ROBOTRY.BINANCE and created matching engine
2026-09-16T06:17:56.806992468Z [INFO] EDGETRADER-VIRTUAL.SimulatedExchange(BINANCE): Added instrument LINKU.BINANCE and created matching engine
2026-09-16T06:17:56.807250600Z [INFO] EDGETRADER-VIRTUAL.SimulatedExchange(BINANCE): Added instrument LTCU.BINANCE and created matching engine
2026-09-16T06:17:56.807641790Z [INFO] EDGETRADER-VIRTUAL.SimulatedExchange(BINANCE): Added instrument PAXGU.BINANCE and created matching engine
2026-09-16T06:17:56.807935164Z [INFO] EDGETRADER-VIRTUAL.SimulatedExchange(BINANCE): Added instrument ZECU.BINANCE and created matching engine
2026-09-16T06:17:56.808244339Z [INFO] EDGETRADER-VIRTUAL.SimulatedExchange(BINANCE): Added instrument AVAXU.BINANCE and created matching engine
2026-09-16T06:17:56.808542944Z [INFO] EDGETRADER-VIRTUAL.SimulatedExchange(BINANCE): Added instrument OPNUSDT.BINANCE and created matching engine
2026-09-16T06:17:56.808828786Z [INFO] EDGETRADER-VIRTUAL.SimulatedExchange(BINANCE): Added instrument OPNUSDC.BINANCE and created matching engine
2026-09-16T06:17:56.809078467Z [INFO] EDGETRADER-VIRTUAL.SimulatedExchange(BINANCE): Added instrument OPNBNB.BINANCE and created matching engine
2026-09-16T06:17:56.809306863Z [INFO] EDGETRADER-VIRTUAL.SimulatedExchange(BINANCE): Added instrument OPNU.BINANCE and created matching engine
2026-09-16T06:17:56.809605254Z [INFO] EDGETRADER-VIRTUAL.SimulatedExchange(BINANCE): Added instrument OPNUSD1.BINANCE and created matching engine
2026-09-16T06:17:56.809900488Z [INFO] EDGETRADER-VIRTUAL.SimulatedExchange(BINANCE): Added instrument OPNTRY.BINANCE and created matching engine
2026-09-16T06:17:56.810139335Z [INFO] EDGETRADER-VIRTUAL.SimulatedExchange(BINANCE): Added instrument BCHU.BINANCE and created matching engine
2026-09-16T06:17:56.810483709Z [INFO] EDGETRADER-VIRTUAL.SimulatedExchange(BINANCE): Added instrument NEARU.BINANCE and created matching engine
2026-09-16T06:17:56.810798257Z [INFO] EDGETRADER-VIRTUAL.SimulatedExchange(BINANCE): Added instrument NEARUSD1.BINANCE and created matching engine
2026-09-16T06:17:56.811125223Z [INFO] EDGETRADER-VIRTUAL.SimulatedExchange(BINANCE): Added instrument TRXU.BINANCE and created matching engine
2026-09-16T06:17:56.811425377Z [INFO] EDGETRADER-VIRTUAL.SimulatedExchange(BINANCE): Added instrument UIDR.BINANCE and created matching engine
2026-09-16T06:17:56.811736629Z [INFO] EDGETRADER-VIRTUAL.SimulatedExchange(BINANCE): Added instrument NIGHTUSDT.BINANCE and created matching engine
2026-09-16T06:17:56.812341389Z [INFO] EDGETRADER-VIRTUAL.SimulatedExchange(BINANCE): Added instrument NIGHTUSDC.BINANCE and created matching engine
2026-09-16T06:17:56.813028817Z [INFO] EDGETRADER-VIRTUAL.SimulatedExchange(BINANCE): Added instrument NIGHTBNB.BINANCE and created matching engine
2026-09-16T06:17:56.813466488Z [INFO] EDGETRADER-VIRTUAL.SimulatedExchange(BINANCE): Added instrument NIGHTTRY.BINANCE and created matching engine
2026-09-16T06:17:56.813875666Z [INFO] EDGETRADER-VIRTUAL.SimulatedExchange(BINANCE): Added instrument CFGUSDT.BINANCE and created matching engine
2026-09-16T06:17:56.814225299Z [INFO] EDGETRADER-VIRTUAL.SimulatedExchange(BINANCE): Added instrument CFGUSDC.BINANCE and created matching engine
2026-09-16T06:17:56.814533227Z [INFO] EDGETRADER-VIRTUAL.SimulatedExchange(BINANCE): Added instrument CFGTRY.BINANCE and created matching engine
2026-09-16T06:17:56.814901452Z [INFO] EDGETRADER-VIRTUAL.SimulatedExchange(BINANCE): Added instrument AAVEU.BINANCE and created matching engine
2026-09-16T06:17:56.815208356Z [INFO] EDGETRADER-VIRTUAL.SimulatedExchange(BINANCE): Added instrument TAOU.BINANCE and created matching engine
2026-09-16T06:17:56.815534403Z [INFO] EDGETRADER-VIRTUAL.SimulatedExchange(BINANCE): Added instrument UNIU.BINANCE and created matching engine
2026-09-16T06:17:56.815875362Z [INFO] EDGETRADER-VIRTUAL.SimulatedExchange(BINANCE): Added instrument WLFIU.BINANCE and created matching engine
2026-09-16T06:17:56.816258740Z [INFO] EDGETRADER-VIRTUAL.SimulatedExchange(BINANCE): Added instrument KATUSDT.BINANCE and created matching engine
2026-09-16T06:17:56.817169280Z [INFO] EDGETRADER-VIRTUAL.SimulatedExchange(BINANCE): Added instrument KATUSDC.BINANCE and created matching engine
2026-09-16T06:17:56.818117389Z [INFO] EDGETRADER-VIRTUAL.SimulatedExchange(BINANCE): Added instrument KATTRY.BINANCE and created matching engine
2026-09-16T06:17:56.818548890Z [INFO] EDGETRADER-VIRTUAL.SimulatedExchange(BINANCE): Added instrument XAUTUSDT.BINANCE and created matching engine
2026-09-16T06:17:56.818890598Z [INFO] EDGETRADER-VIRTUAL.SimulatedExchange(BINANCE): Added instrument XAUTUSDC.BINANCE and created matching engine
2026-09-16T06:17:56.819171454Z [INFO] EDGETRADER-VIRTUAL.SimulatedExchange(BINANCE): Added instrument XAUTU.BINANCE and created matching engine
2026-09-16T06:17:56.819511102Z [INFO] EDGETRADER-VIRTUAL.SimulatedExchange(BINANCE): Added instrument XAUTBTC.BINANCE and created matching engine
2026-09-16T06:17:56.819845252Z [INFO] EDGETRADER-VIRTUAL.SimulatedExchange(BINANCE): Added instrument XAUTTRY.BINANCE and created matching engine
2026-09-16T06:17:56.820157062Z [INFO] EDGETRADER-VIRTUAL.SimulatedExchange(BINANCE): Added instrument APTU.BINANCE and created matching engine
2026-09-16T06:17:56.820415001Z [INFO] EDGETRADER-VIRTUAL.SimulatedExchange(BINANCE): Added instrument ENAU.BINANCE and created matching engine
2026-09-16T06:17:56.820846084Z [INFO] EDGETRADER-VIRTUAL.SimulatedExchange(BINANCE): Added instrument FETU.BINANCE and created matching engine
2026-09-16T06:17:56.821466941Z [INFO] EDGETRADER-VIRTUAL.SimulatedExchange(BINANCE): Added instrument NIGHTU.BINANCE and created matching engine
2026-09-16T06:17:56.821834961Z [INFO] EDGETRADER-VIRTUAL.SimulatedExchange(BINANCE): Added instrument TRUMPU.BINANCE and created matching engine
2026-09-16T06:17:56.822159637Z [INFO] EDGETRADER-VIRTUAL.SimulatedExchange(BINANCE): Added instrument WLDU.BINANCE and created matching engine
2026-09-16T06:17:56.822486712Z [INFO] EDGETRADER-VIRTUAL.SimulatedExchange(BINANCE): Added instrument TRUMPUSD1.BINANCE and created matching engine
2026-09-16T06:17:56.822835614Z [INFO] EDGETRADER-VIRTUAL.SimulatedExchange(BINANCE): Added instrument BTCUSDS.BINANCE and created matching engine
2026-09-16T06:17:56.823193676Z [INFO] EDGETRADER-VIRTUAL.SimulatedExchange(BINANCE): Added instrument ETHUSDS.BINANCE and created matching engine
2026-09-16T06:17:56.823488346Z [INFO] EDGETRADER-VIRTUAL.SimulatedExchange(BINANCE): Added instrument USDSUSDT.BINANCE and created matching engine
2026-09-16T06:17:56.823835139Z [INFO] EDGETRADER-VIRTUAL.SimulatedExchange(BINANCE): Added instrument 币安人生U.BINANCE and created matching engine
2026-09-16T06:17:56.824177386Z [INFO] EDGETRADER-VIRTUAL.SimulatedExchange(BINANCE): Added instrument 币安人生USD1.BINANCE and created matching engine
2026-09-16T06:17:56.824513550Z [INFO] EDGETRADER-VIRTUAL.SimulatedExchange(BINANCE): Added instrument ENJU.BINANCE and created matching engine
2026-09-16T06:17:56.824863757Z [INFO] EDGETRADER-VIRTUAL.SimulatedExchange(BINANCE): Added instrument ORDIU.BINANCE and created matching engine
2026-09-16T06:17:56.825169926Z [INFO] EDGETRADER-VIRTUAL.SimulatedExchange(BINANCE): Added instrument GIGGLEU.BINANCE and created matching engine
2026-09-16T06:17:56.825495428Z [INFO] EDGETRADER-VIRTUAL.SimulatedExchange(BINANCE): Added instrument CHIPUSDT.BINANCE and created matching engine
2026-09-16T06:17:56.825797447Z [INFO] EDGETRADER-VIRTUAL.SimulatedExchange(BINANCE): Added instrument CHIPUSDC.BINANCE and created matching engine
2026-09-16T06:17:56.826153891Z [INFO] EDGETRADER-VIRTUAL.SimulatedExchange(BINANCE): Added instrument CHIPTRY.BINANCE and created matching engine
2026-09-16T06:17:56.826414477Z [INFO] EDGETRADER-VIRTUAL.SimulatedExchange(BINANCE): Added instrument AVNTU.BINANCE and created matching engine
2026-09-16T06:17:56.826719337Z [INFO] EDGETRADER-VIRTUAL.SimulatedExchange(BINANCE): Added instrument BIOU.BINANCE and created matching engine
2026-09-16T06:17:56.827081672Z [INFO] EDGETRADER-VIRTUAL.SimulatedExchange(BINANCE): Added instrument CHIPU.BINANCE and created matching engine
2026-09-16T06:17:56.827417091Z [INFO] EDGETRADER-VIRTUAL.SimulatedExchange(BINANCE): Added instrument CHIPUSD1.BINANCE and created matching engine
2026-09-16T06:17:56.827731826Z [INFO] EDGETRADER-VIRTUAL.SimulatedExchange(BINANCE): Added instrument KATU.BINANCE and created matching engine
2026-09-16T06:17:56.828106475Z [INFO] EDGETRADER-VIRTUAL.SimulatedExchange(BINANCE): Added instrument USD1TRY.BINANCE and created matching engine
2026-09-16T06:17:56.828430833Z [INFO] EDGETRADER-VIRTUAL.SimulatedExchange(BINANCE): Added instrument XAUTUSD1.BINANCE and created matching engine
2026-09-16T06:17:56.828767532Z [INFO] EDGETRADER-VIRTUAL.SimulatedExchange(BINANCE): Added instrument MEGAUSDT.BINANCE and created matching engine
2026-09-16T06:17:56.829059905Z [INFO] EDGETRADER-VIRTUAL.SimulatedExchange(BINANCE): Added instrument MEGAUSDC.BINANCE and created matching engine
2026-09-16T06:17:56.829339959Z [INFO] EDGETRADER-VIRTUAL.SimulatedExchange(BINANCE): Added instrument MEGATRY.BINANCE and created matching engine
2026-09-16T06:17:56.829615059Z [INFO] EDGETRADER-VIRTUAL.SimulatedExchange(BINANCE): Added instrument USDTKZT.BINANCE and created matching engine
2026-09-16T06:17:56.829860570Z [INFO] EDGETRADER-VIRTUAL.SimulatedExchange(BINANCE): Added instrument MEGAU.BINANCE and created matching engine
2026-09-16T06:17:56.830104896Z [INFO] EDGETRADER-VIRTUAL.SimulatedExchange(BINANCE): Added instrument TONU.BINANCE and created matching engine
2026-09-16T06:17:56.830438644Z [INFO] EDGETRADER-VIRTUAL.SimulatedExchange(BINANCE): Added instrument TONUSD1.BINANCE and created matching engine
2026-09-16T06:17:56.830696098Z [INFO] EDGETRADER-VIRTUAL.SimulatedExchange(BINANCE): Added instrument AIGENSYNUSDT.BINANCE and created matching engine
2026-09-16T06:17:56.831015006Z [INFO] EDGETRADER-VIRTUAL.SimulatedExchange(BINANCE): Added instrument AIGENSYNUSDC.BINANCE and created matching engine
2026-09-16T06:17:56.831349402Z [INFO] EDGETRADER-VIRTUAL.SimulatedExchange(BINANCE): Added instrument AIGENSYNTRY.BINANCE and created matching engine
2026-09-16T06:17:56.831629412Z [INFO] EDGETRADER-VIRTUAL.SimulatedExchange(BINANCE): Added instrument GENIUSUSDT.BINANCE and created matching engine
2026-09-16T06:17:56.832204364Z [INFO] EDGETRADER-VIRTUAL.SimulatedExchange(BINANCE): Added instrument GENIUSUSDC.BINANCE and created matching engine
2026-09-16T06:17:56.832630860Z [INFO] EDGETRADER-VIRTUAL.SimulatedExchange(BINANCE): Added instrument GENIUSTRY.BINANCE and created matching engine
2026-09-16T06:17:56.833698395Z [INFO] EDGETRADER-VIRTUAL.SimulatedExchange(BINANCE): Added instrument OPGUSDT.BINANCE and created matching engine
2026-09-16T06:17:56.834602527Z [INFO] EDGETRADER-VIRTUAL.SimulatedExchange(BINANCE): Added instrument OPGUSDC.BINANCE and created matching engine
2026-09-16T06:17:56.835393265Z [INFO] EDGETRADER-VIRTUAL.SimulatedExchange(BINANCE): Added instrument OPGTRY.BINANCE and created matching engine
2026-09-16T06:17:56.835856995Z [INFO] EDGETRADER-VIRTUAL.SimulatedExchange(BINANCE): Added instrument USDTAED.BINANCE and created matching engine
2026-09-16T06:17:56.836278655Z [INFO] EDGETRADER-VIRTUAL.SimulatedExchange(BINANCE): Added instrument MUBUSDT.BINANCE and created matching engine
2026-09-16T06:17:56.836796863Z [INFO] EDGETRADER-VIRTUAL.SimulatedExchange(BINANCE): Added instrument CRCLBUSDT.BINANCE and created matching engine
2026-09-16T06:17:56.837191723Z [INFO] EDGETRADER-VIRTUAL.SimulatedExchange(BINANCE): Added instrument NVDABUSDT.BINANCE and created matching engine
2026-09-16T06:17:56.837670118Z [INFO] EDGETRADER-VIRTUAL.SimulatedExchange(BINANCE): Added instrument SNDKBUSDT.BINANCE and created matching engine
2026-09-16T06:17:56.837987221Z [INFO] EDGETRADER-VIRTUAL.SimulatedExchange(BINANCE): Added instrument TSLABUSDT.BINANCE and created matching engine
2026-09-16T06:17:56.838268043Z [INFO] EDGETRADER-VIRTUAL.SimulatedExchange(BINANCE): Added instrument SPCXBUSDT.BINANCE and created matching engine
2026-09-16T06:17:56.838544752Z [INFO] EDGETRADER-VIRTUAL.SimulatedExchange(BINANCE): Added instrument RETRY.BINANCE and created matching engine
2026-09-16T06:17:56.838853614Z [INFO] EDGETRADER-VIRTUAL.SimulatedExchange(BINANCE): Added instrument REUSDT.BINANCE and created matching engine
2026-09-16T06:17:56.839153294Z [INFO] EDGETRADER-VIRTUAL.SimulatedExchange(BINANCE): Added instrument REUSDC.BINANCE and created matching engine
2026-09-16T06:17:56.839441381Z [INFO] EDGETRADER-VIRTUAL.SimulatedExchange(BINANCE): Added instrument XLMUSD1.BINANCE and created matching engine
2026-09-16T06:17:56.839691898Z [INFO] EDGETRADER-VIRTUAL.SimulatedExchange(BINANCE): Added instrument XLMU.BINANCE and created matching engine
2026-09-16T06:17:56.839945447Z [INFO] EDGETRADER-VIRTUAL.SimulatedExchange(BINANCE): Added instrument AMDBUSDT.BINANCE and created matching engine
2026-09-16T06:17:56.840195884Z [INFO] EDGETRADER-VIRTUAL.SimulatedExchange(BINANCE): Added instrument EWYBUSDT.BINANCE and created matching engine
2026-09-16T06:17:56.840496213Z [INFO] EDGETRADER-VIRTUAL.SimulatedExchange(BINANCE): Added instrument INTCBUSDT.BINANCE and created matching engine
2026-09-16T06:17:56.840810003Z [INFO] EDGETRADER-VIRTUAL.SimulatedExchange(BINANCE): Added instrument MSTRBUSDT.BINANCE and created matching engine
2026-09-16T06:17:56.841480949Z [INFO] EDGETRADER-VIRTUAL.SimulatedExchange(BINANCE): Added instrument GIGGLEJPY.BINANCE and created matching engine
2026-09-16T06:17:56.841779059Z [INFO] EDGETRADER-VIRTUAL.SimulatedExchange(BINANCE): Added instrument MEMEJPY.BINANCE and created matching engine
2026-09-16T06:17:56.842045745Z [INFO] EDGETRADER-VIRTUAL.SimulatedExchange(BINANCE): Added instrument TRBJPY.BINANCE and created matching engine
2026-09-16T06:17:56.842363558Z [INFO] EDGETRADER-VIRTUAL.SimulatedExchange(BINANCE): Added instrument REU.BINANCE and created matching engine
2026-09-16T06:17:56.842759478Z [INFO] EDGETRADER-VIRTUAL.SimulatedExchange(BINANCE): Added instrument REUSD1.BINANCE and created matching engine
2026-09-16T06:17:56.843176189Z [INFO] EDGETRADER-VIRTUAL.SimulatedExchange(BINANCE): Added instrument XPLU.BINANCE and created matching engine
2026-09-16T06:17:56.843544134Z [INFO] EDGETRADER-VIRTUAL.SimulatedExchange(BINANCE): Added instrument XPLUSD1.BINANCE and created matching engine
2026-09-16T06:17:56.843859360Z [INFO] EDGETRADER-VIRTUAL.SimulatedExchange(BINANCE): Added instrument LITEBUSDT.BINANCE and created matching engine
2026-09-16T06:17:56.844157336Z [INFO] EDGETRADER-VIRTUAL.SimulatedExchange(BINANCE): Added instrument METABUSDT.BINANCE and created matching engine
2026-09-16T06:17:56.844456423Z [INFO] EDGETRADER-VIRTUAL.SimulatedExchange(BINANCE): Added instrument MSFTBUSDT.BINANCE and created matching engine
2026-09-16T06:17:56.844771812Z [INFO] EDGETRADER-VIRTUAL.SimulatedExchange(BINANCE): Added instrument PLTRBUSDT.BINANCE and created matching engine
2026-09-16T06:17:56.845082362Z [INFO] EDGETRADER-VIRTUAL.SimulatedExchange(BINANCE): Added instrument QQQBUSDT.BINANCE and created matching engine
2026-09-16T06:17:56.845348069Z [INFO] EDGETRADER-VIRTUAL.SimulatedExchange(BINANCE): Added instrument GRAMFDUSD.BINANCE and created matching engine
2026-09-16T06:17:56.845658022Z [INFO] EDGETRADER-VIRTUAL.SimulatedExchange(BINANCE): Added instrument GRAMIDR.BINANCE and created matching engine
2026-09-16T06:17:56.845987808Z [INFO] EDGETRADER-VIRTUAL.SimulatedExchange(BINANCE): Added instrument GRAMTRY.BINANCE and created matching engine
2026-09-16T06:17:56.846280451Z [INFO] EDGETRADER-VIRTUAL.SimulatedExchange(BINANCE): Added instrument GRAMU.BINANCE and created matching engine
2026-09-16T06:17:56.846624031Z [INFO] EDGETRADER-VIRTUAL.SimulatedExchange(BINANCE): Added instrument GRAMUSD1.BINANCE and created matching engine
2026-09-16T06:17:56.846921518Z [INFO] EDGETRADER-VIRTUAL.SimulatedExchange(BINANCE): Added instrument GRAMUSDT.BINANCE and created matching engine
2026-09-16T06:17:56.847170875Z [INFO] EDGETRADER-VIRTUAL.SimulatedExchange(BINANCE): Added instrument GRAMUSDC.BINANCE and created matching engine
2026-09-16T06:17:56.847406929Z [INFO] EDGETRADER-VIRTUAL.SimulatedExchange(BINANCE): Added instrument CBRSBUSDT.BINANCE and created matching engine
2026-09-16T06:17:56.847641964Z [INFO] EDGETRADER-VIRTUAL.SimulatedExchange(BINANCE): Added instrument COINBUSDT.BINANCE and created matching engine
2026-09-16T06:17:56.847878651Z [INFO] EDGETRADER-VIRTUAL.SimulatedExchange(BINANCE): Added instrument DRAMBUSDT.BINANCE and created matching engine
2026-09-16T06:17:56.848183215Z [INFO] EDGETRADER-VIRTUAL.SimulatedExchange(BINANCE): Added instrument GLWBUSDT.BINANCE and created matching engine
2026-09-16T06:17:56.848423953Z [INFO] EDGETRADER-VIRTUAL.SimulatedExchange(BINANCE): Added instrument GOOGLBUSDT.BINANCE and created matching engine
2026-09-16T06:17:56.848722022Z [INFO] EDGETRADER-VIRTUAL.SimulatedExchange(BINANCE): Added instrument NBISBUSDT.BINANCE and created matching engine
2026-09-16T06:17:56.848984208Z [INFO] EDGETRADER-VIRTUAL.SimulatedExchange(BINANCE): Added instrument QCOMBUSDT.BINANCE and created matching engine
2026-09-16T06:17:56.849223593Z [INFO] EDGETRADER-VIRTUAL.SimulatedExchange(BINANCE): Added instrument SOXLBUSDT.BINANCE and created matching engine
2026-09-16T06:17:56.849467674Z [INFO] EDGETRADER-VIRTUAL.SimulatedExchange(BINANCE): Added instrument SPYBUSDT.BINANCE and created matching engine
2026-09-16T06:17:56.849721032Z [INFO] EDGETRADER-VIRTUAL.SimulatedExchange(BINANCE): Added instrument WDCBUSDT.BINANCE and created matching engine
2026-09-16T06:17:56.849988976Z [INFO] EDGETRADER-VIRTUAL.SimulatedExchange(BINANCE): Added instrument SKHYBUSDT.BINANCE and created matching engine
2026-09-16T06:17:56.850367689Z [INFO] EDGETRADER-VIRTUAL.SimulatedExchange(BINANCE): Added instrument AAOIBUSDT.BINANCE and created matching engine
2026-09-16T06:17:56.850724680Z [INFO] EDGETRADER-VIRTUAL.SimulatedExchange(BINANCE): Added instrument ARMBUSDT.BINANCE and created matching engine
2026-09-16T06:17:56.851160551Z [INFO] EDGETRADER-VIRTUAL.SimulatedExchange(BINANCE): Added instrument AVGOBUSDT.BINANCE and created matching engine
2026-09-16T06:17:56.851621523Z [INFO] EDGETRADER-VIRTUAL.SimulatedExchange(BINANCE): Added instrument BABABUSDT.BINANCE and created matching engine
2026-09-16T06:17:56.851963135Z [INFO] EDGETRADER-VIRTUAL.SimulatedExchange(BINANCE): Added instrument HOODBUSDT.BINANCE and created matching engine
2026-09-16T06:17:56.852235169Z [INFO] EDGETRADER-VIRTUAL.SimulatedExchange(BINANCE): Added instrument IBMBUSDT.BINANCE and created matching engine
2026-09-16T06:17:56.852487675Z [INFO] EDGETRADER-VIRTUAL.SimulatedExchange(BINANCE): Added instrument MRVLBUSDT.BINANCE and created matching engine
2026-09-16T06:17:56.852786800Z [INFO] EDGETRADER-VIRTUAL.SimulatedExchange(BINANCE): Added instrument NOKBUSDT.BINANCE and created matching engine
2026-09-16T06:17:56.853097211Z [INFO] EDGETRADER-VIRTUAL.SimulatedExchange(BINANCE): Added instrument TSMBUSDT.BINANCE and created matching engine
2026-09-16T06:17:56.853348942Z [INFO] EDGETRADER-VIRTUAL.SimulatedExchange(BINANCE): Added instrument RKLBBUSDT.BINANCE and created matching engine
2026-09-16T06:17:56.853656255Z [INFO] EDGETRADER-VIRTUAL.SimulatedExchange(BINANCE): Added instrument AEROUSDT.BINANCE and created matching engine
2026-09-16T06:17:56.853971619Z [INFO] EDGETRADER-VIRTUAL.SimulatedExchange(BINANCE): Added instrument AEROUSDC.BINANCE and created matching engine
2026-09-16T06:17:56.854277900Z [INFO] EDGETRADER-VIRTUAL.SimulatedExchange(BINANCE): Added instrument AEROTRY.BINANCE and created matching engine
2026-09-16T06:17:56.854637146Z [INFO] EDGETRADER-VIRTUAL.SimulatedExchange(BINANCE): Added instrument AXTIBUSDT.BINANCE and created matching engine
2026-09-16T06:17:56.854929445Z [INFO] EDGETRADER-VIRTUAL.SimulatedExchange(BINANCE): Added instrument CRWVBUSDT.BINANCE and created matching engine
2026-09-16T06:17:56.855173269Z [INFO] EDGETRADER-VIRTUAL.SimulatedExchange(BINANCE): Added instrument INTWBUSDT.BINANCE and created matching engine
2026-09-16T06:17:56.855409352Z [INFO] EDGETRADER-VIRTUAL.SimulatedExchange(BINANCE): Added instrument KORUBUSDT.BINANCE and created matching engine
2026-09-16T06:17:56.855875913Z [INFO] EDGETRADER-VIRTUAL.SimulatedExchange(BINANCE): Added instrument MUUBUSDT.BINANCE and created matching engine
2026-09-16T06:17:56.856217792Z [INFO] EDGETRADER-VIRTUAL.SimulatedExchange(BINANCE): Added instrument MVLLBUSDT.BINANCE and created matching engine
2026-09-16T06:17:56.856553759Z [INFO] EDGETRADER-VIRTUAL.SimulatedExchange(BINANCE): Added instrument ORCLBUSDT.BINANCE and created matching engine
2026-09-16T06:17:56.856849531Z [INFO] EDGETRADER-VIRTUAL.SimulatedExchange(BINANCE): Added instrument QNTBUSDT.BINANCE and created matching engine
2026-09-16T06:17:56.857154777Z [INFO] EDGETRADER-VIRTUAL.SimulatedExchange(BINANCE): Added instrument SNXXBUSDT.BINANCE and created matching engine
2026-09-16T06:17:56.857565231Z [INFO] EDGETRADER-VIRTUAL.SimulatedExchange(BINANCE): Added instrument TQQQBUSDT.BINANCE and created matching engine
2026-09-16T06:17:56.857906643Z [INFO] EDGETRADER-VIRTUAL.SimulatedExchange(BINANCE): Added instrument AAPLBUSDT.BINANCE and created matching engine
2026-09-16T06:17:56.858224541Z [INFO] EDGETRADER-VIRTUAL.SimulatedExchange(BINANCE): Added instrument AMATBUSDT.BINANCE and created matching engine
2026-09-16T06:17:56.858532686Z [INFO] EDGETRADER-VIRTUAL.SimulatedExchange(BINANCE): Added instrument AMZNBUSDT.BINANCE and created matching engine
2026-09-16T06:17:56.858854167Z [INFO] EDGETRADER-VIRTUAL.SimulatedExchange(BINANCE): Added instrument BEBUSDT.BINANCE and created matching engine
2026-09-16T06:17:56.859125020Z [INFO] EDGETRADER-VIRTUAL.SimulatedExchange(BINANCE): Added instrument DELLBUSDT.BINANCE and created matching engine
2026-09-16T06:17:56.859435606Z [INFO] EDGETRADER-VIRTUAL.SimulatedExchange(BINANCE): Added instrument FLNCBUSDT.BINANCE and created matching engine
2026-09-16T06:17:56.859705301Z [INFO] EDGETRADER-VIRTUAL.SimulatedExchange(BINANCE): Added instrument GSBUSDT.BINANCE and created matching engine
2026-09-16T06:17:56.859944708Z [INFO] EDGETRADER-VIRTUAL.SimulatedExchange(BINANCE): Added instrument PYPLBUSDT.BINANCE and created matching engine
2026-09-16T06:17:56.860188885Z [INFO] EDGETRADER-VIRTUAL.SimulatedExchange(BINANCE): Added instrument SMHBUSDT.BINANCE and created matching engine
2026-09-16T06:17:56.860486282Z [INFO] EDGETRADER-VIRTUAL.SimulatedExchange(BINANCE): Added instrument SOXSBUSDT.BINANCE and created matching engine
2026-09-16T06:17:56.860731643Z [INFO] EDGETRADER-VIRTUAL.SimulatedExchange(BINANCE): Added instrument UUSD.BINANCE and created matching engine
2026-09-16T06:17:56.861020594Z [INFO] EDGETRADER-VIRTUAL.SimulatedExchange(BINANCE): Added instrument ASMLBUSDT.BINANCE and created matching engine
2026-09-16T06:17:56.861304072Z [INFO] EDGETRADER-VIRTUAL.SimulatedExchange(BINANCE): Added instrument ASTSBUSDT.BINANCE and created matching engine
2026-09-16T06:17:56.861573523Z [INFO] EDGETRADER-VIRTUAL.SimulatedExchange(BINANCE): Added instrument BMNRBUSDT.BINANCE and created matching engine
2026-09-16T06:17:56.861914473Z [INFO] EDGETRADER-VIRTUAL.SimulatedExchange(BINANCE): Added instrument COHRBUSDT.BINANCE and created matching engine
2026-09-16T06:17:56.862207807Z [INFO] EDGETRADER-VIRTUAL.SimulatedExchange(BINANCE): Added instrument CRDOBUSDT.BINANCE and created matching engine
2026-09-16T06:17:56.862453267Z [INFO] EDGETRADER-VIRTUAL.SimulatedExchange(BINANCE): Added instrument IRENBUSDT.BINANCE and created matching engine
2026-09-16T06:17:56.862738453Z [INFO] EDGETRADER-VIRTUAL.SimulatedExchange(BINANCE): Added instrument NFLXBUSDT.BINANCE and created matching engine
2026-09-16T06:17:56.863036878Z [INFO] EDGETRADER-VIRTUAL.SimulatedExchange(BINANCE): Added instrument SMCIBUSDT.BINANCE and created matching engine
2026-09-16T06:17:56.863351077Z [INFO] EDGETRADER-VIRTUAL.SimulatedExchange(BINANCE): Added instrument USARBUSDT.BINANCE and created matching engine
2026-09-16T06:17:56.863614277Z [INFO] EDGETRADER-VIRTUAL.SimulatedExchange(BINANCE): Added instrument ALABBUSDT.BINANCE and created matching engine
2026-09-16T06:17:56.863866383Z [INFO] EDGETRADER-VIRTUAL.SimulatedExchange(BINANCE): Added instrument GMEBUSDT.BINANCE and created matching engine
2026-09-16T06:17:56.864113114Z [INFO] EDGETRADER-VIRTUAL.SimulatedExchange(BINANCE): Added instrument DJTBUSDT.BINANCE and created matching engine
2026-09-16T06:17:56.864369530Z [INFO] EDGETRADER-VIRTUAL.SimulatedExchange(BINANCE): Added instrument USDCARS.BINANCE and created matching engine
2026-09-16T06:17:56.864627575Z [INFO] EDGETRADER-VIRTUAL.SimulatedExchange(BINANCE): Added instrument ACEUSDC.BINANCE and created matching engine
2026-09-16T06:17:56.864866829Z [INFO] EDGETRADER-VIRTUAL.SimulatedExchange(BINANCE): Added instrument PUMPU.BINANCE and created matching engine
2026-09-16T06:17:56.865123278Z [INFO] EDGETRADER-VIRTUAL.SimulatedExchange(BINANCE): Added instrument CRWDBUSDT.BINANCE and created matching engine
2026-09-16T06:17:56.865435984Z [INFO] EDGETRADER-VIRTUAL.SimulatedExchange(BINANCE): Added instrument MRNABUSDT.BINANCE and created matching engine
2026-09-16T06:17:56.865734145Z [INFO] EDGETRADER-VIRTUAL.SimulatedExchange(BINANCE): Added instrument SQQQBUSDT.BINANCE and created matching engine
2026-09-16T06:17:56.866006614Z [INFO] EDGETRADER-VIRTUAL.SimulatedExchange(BINANCE): Added instrument STXBUSDT.BINANCE and created matching engine
2026-09-16T06:17:56.866271063Z [INFO] EDGETRADER-VIRTUAL.SimulatedExchange(BINANCE): Added instrument MARSCOINTRY.BINANCE and created matching engine
2026-09-16T06:17:56.866638377Z [INFO] EDGETRADER-VIRTUAL.SimulatedExchange(BINANCE): Added instrument MARSCOINUSDT.BINANCE and created matching engine
2026-09-16T06:17:56.866955699Z [INFO] EDGETRADER-VIRTUAL.SimulatedExchange(BINANCE): Added instrument MARSCOINUSDC.BINANCE and created matching engine
2026-09-16T06:17:56.867666318Z [INFO] EDGETRADER-VIRTUAL.SimulatedExchange(BINANCE): Added instrument ASTERTHB.BINANCE and created matching engine
2026-09-16T06:17:56.868430786Z [INFO] EDGETRADER-VIRTUAL.SimulatedExchange(BINANCE): Added instrument PLUMETHB.BINANCE and created matching engine
2026-09-16T06:17:56.868846943Z [INFO] EDGETRADER-VIRTUAL.SimulatedExchange(BINANCE): Added instrument CRMBUSDT.BINANCE and created matching engine
2026-09-16T06:17:56.869202520Z [INFO] EDGETRADER-VIRTUAL.SimulatedExchange(BINANCE): Added instrument HIMSBUSDT.BINANCE and created matching engine
2026-09-16T06:17:56.869516364Z [INFO] EDGETRADER-VIRTUAL.SimulatedExchange(BINANCE): Added instrument 牛来USDT.BINANCE and created matching engine
2026-09-16T06:17:56.869807179Z [INFO] EDGETRADER-VIRTUAL.SimulatedExchange(BINANCE): Added instrument 牛来USDC.BINANCE and created matching engine
2026-09-16T06:17:56.870137870Z [INFO] EDGETRADER-VIRTUAL.SimulatedExchange(BINANCE): Added instrument BNCBUSDT.BINANCE and created matching engine
2026-09-16T06:17:56.870308109Z [INFO] EDGETRADER-VIRTUAL.ExecClient-BINANCE: Generating ExecutionMassStatus...
2026-09-16T06:17:56.871229401Z [INFO] EDGETRADER-VIRTUAL.ExecEngine: Reconciling ExecutionMassStatus for BINANCE
2026-09-16T06:17:56.871259882Z [INFO] EDGETRADER-VIRTUAL.ExecEngine: Attempting to adjust fills for 0 instruments
2026-09-16T06:17:56.871956746Z [INFO] EDGETRADER-VIRTUAL.ExecEngine: Updating adjusted fills for 0 instruments
2026-09-16T06:17:56.872008444Z [INFO] EDGETRADER-VIRTUAL.ExecEngine: Final order_reports contains 0 orders, fill_reports contains 0 fills across all instruments
2026-09-16T06:17:56.872143499Z [INFO] EDGETRADER-VIRTUAL.ExecEngine: Reconciliation for BINANCE succeeded
2026-09-16T06:17:56.872172277Z [INFO] EDGETRADER-VIRTUAL.TradingNode: Execution state reconciled
2026-09-16T06:17:56.872225428Z [INFO] EDGETRADER-VIRTUAL.OrderEmulator: No emulated orders to reactivate
2026-09-16T06:17:56.872255282Z [INFO] EDGETRADER-VIRTUAL.OrderEmulator: RUNNING
2026-09-16T06:17:56.872287750Z [INFO] EDGETRADER-VIRTUAL.Portfolio: Initialized 0 open orders
2026-09-16T06:17:56.872293337Z [INFO] EDGETRADER-VIRTUAL.Portfolio: Initialized 0 open positions
2026-09-16T06:17:56.872304635Z [INFO] EDGETRADER-VIRTUAL.TradingNode: Awaiting portfolio initialization (10.0s timeout)...
2026-09-16T06:17:56.872733430Z [INFO] EDGETRADER-VIRTUAL.ExecEngine: Startup reconciliation completed
2026-09-16T06:17:56.872763911Z [INFO] EDGETRADER-VIRTUAL.ExecEngine: Applying post-reconciliation startup delay (10.0s)
2026-09-16T06:17:56.872871966Z [INFO] EDGETRADER-VIRTUAL.TradingNode: Portfolio initialized
2026-09-16T06:17:56.873038838Z [WARN] EDGETRADER-VIRTUAL.Controller: The `Actor.on_start` handler was called when not overridden. It's expected that any actions required when starting the actor occur here, such as subscribing/requesting data
2026-09-16T06:17:56.873144717Z [INFO] EDGETRADER-VIRTUAL.Controller: RUNNING
2026-09-16T06:17:56.873183395Z [INFO] EDGETRADER-VIRTUAL.EDGETRADER-VIRTUAL: RUNNING
2026-09-16T06:17:56.873196750Z [INFO] EDGETRADER-VIRTUAL.TradingNode: RUNNING
✅ TradingNode RUNNING; processing trade events (target=virtual)
📡 [poll #1] Long-polling SQS (virtual)...