[Container] 2026/09/23 03:55:37.703787 Running on CodeBuild On-demand
[Container] 2026/09/23 03:55:37.703805 Waiting for agent ping
[Container] 2026/09/23 03:55:37.937134 Waiting for DOWNLOAD_SOURCE
[Container] 2026/09/23 03:55:41.397591 Phase is DOWNLOAD_SOURCE
[Container] 2026/09/23 03:55:41.400278 CODEBUILD_SRC_DIR=/codebuild/output/src318263014/src/github.com/***/EDGEngine
[Container] 2026/09/23 03:55:41.400807 YAML location is /codebuild/output/src318263014/src/github.com/***/EDGEngine/.github/codebuild/buildspec.yml
[Container] 2026/09/23 03:55:41.403069 Setting HTTP client timeout to higher timeout for Github and GitHub Enterprise sources
[Container] 2026/09/23 03:55:41.403341 Processing environment variables
[Container] 2026/09/23 03:55:41.408976 Setting HTTP client timeout to higher timeout for Github and GitHub Enterprise sources
[Container] 2026/09/23 03:55:41.475588 Setting HTTP client timeout to higher timeout for Github and GitHub Enterprise sources
[Container] 2026/09/23 03:55:41.543196 Setting HTTP client timeout to higher timeout for Github and GitHub Enterprise sources
[Container] 2026/09/23 03:55:41.597490 Setting HTTP client timeout to higher timeout for Github and GitHub Enterprise sources
[Container] 2026/09/23 03:55:41.662224 Setting HTTP client timeout to higher timeout for Github and GitHub Enterprise sources
[Container] 2026/09/23 03:55:41.715655 Setting HTTP client timeout to higher timeout for Github and GitHub Enterprise sources
[Container] 2026/09/23 03:55:41.769917 Setting HTTP client timeout to higher timeout for Github and GitHub Enterprise sources
[Container] 2026/09/23 03:55:41.802116 Setting HTTP client timeout to higher timeout for Github and GitHub Enterprise sources
[Container] 2026/09/23 03:55:42.078043 Selecting 'python' runtime version '3.12' based on manual selections...
[Container] 2026/09/23 03:55:42.078121 Running command echo "Installing Python version 3.12 ..."
Installing Python version 3.12 ...

[Container] 2026/09/23 03:55:42.085394 Running command pyenv global $PYTHON_312_VERSION

[Container] 2026/09/23 03:55:42.759563 Moving to directory /codebuild/output/src318263014/src/github.com/***/EDGEngine
[Container] 2026/09/23 03:55:42.759587 Cache is not defined in the buildspec
[Container] 2026/09/23 03:55:42.795345 Skip cache due to: no paths specified to be cached
[Container] 2026/09/23 03:55:42.795587 Registering with agent
[Container] 2026/09/23 03:55:42.827288 Phases found in YAML: 4
[Container] 2026/09/23 03:55:42.827300  INSTALL: 3 commands
[Container] 2026/09/23 03:55:42.827305  PRE_BUILD: 12 commands
[Container] 2026/09/23 03:55:42.827309  BUILD: 7 commands
[Container] 2026/09/23 03:55:42.827313  POST_BUILD: 11 commands
[Container] 2026/09/23 03:55:42.827522 Phase complete: DOWNLOAD_SOURCE State: SUCCEEDED
[Container] 2026/09/23 03:55:42.827536 Phase context status code:  Message: 
[Container] 2026/09/23 03:55:42.919483 Entering phase INSTALL
[Container] 2026/09/23 03:55:42.958950 Running command nohup /usr/local/bin/dockerd --host=unix:///var/run/docker.sock --storage-driver=overlay2 &

[Container] 2026/09/23 03:55:42.967467 Running command timeout 15 sh -c "until docker info >/dev/null 2>&1; do echo waiting for docker; sleep 1; done"
time="2026-09-23T03:55:43.028399195Z" level=info msg="Starting up"
failed to start daemon, ensure docker is not running or delete /var/run/docker.pid: process with PID 7 is still running

[Container] 2026/09/23 03:55:43.096865 Running command pip install --quiet requests pytest psycopg2-binary boto3
WARNING: Running pip as the 'root' user can result in broken permissions and conflicting behaviour with the system package manager, possibly rendering your system unusable. It is recommended to use a virtual environment instead: https://pip.pypa.io/warnings/venv. Use the --root-user-action option if you know what you are doing and want to suppress this warning.

[Container] 2026/09/23 03:56:00.965630 Phase complete: INSTALL State: SUCCEEDED
[Container] 2026/09/23 03:56:00.965648 Phase context status code:  Message: 
[Container] 2026/09/23 03:56:00.999928 Entering phase PRE_BUILD
[Container] 2026/09/23 03:56:01.000919 Running command echo "$GHCR_TOKEN" | docker login ghcr.io -u "$GHCR_USERNAME" --password-stdin

WARNING! Your credentials are stored unencrypted in '/root/.docker/config.json'.
Configure a credential helper to remove this warning. See
https://docs.docker.com/go/credential-store/

Login Succeeded

[Container] 2026/09/23 03:56:01.969131 Running command IMAGE_BINANCE_VIRTUAL="ghcr.io/${OWNER_LC}/binance-virtual-mainnet-node:${IMAGE_TAG}"

[Container] 2026/09/23 03:56:01.977135 Running command IMAGE_BINANCE_REAL="ghcr.io/${OWNER_LC}/binance-real-node:${IMAGE_TAG}"

[Container] 2026/09/23 03:56:01.984927 Running command IMAGE_EDGE_POINT="ghcr.io/${OWNER_LC}/edge-point:${IMAGE_TAG}"

[Container] 2026/09/23 03:56:01.992815 Running command echo "Pulling $IMAGE_BINANCE_VIRTUAL"
Pulling ghcr.io/andy11011/binance-virtual-mainnet-node:39a7c784de9574a9f0e871a3b8b60b5405ded0ca

[Container] 2026/09/23 03:56:02.000537 Running command docker pull "$IMAGE_BINANCE_VIRTUAL"
39a7c784de9574a9f0e871a3b8b60b5405ded0ca: Pulling from andy11011/binance-virtual-mainnet-node
f072f58012e5: Pulling fs layer
3764a9a7d1e8: Pulling fs layer
b0dc7f87bef1: Pulling fs layer
06ad939ed42b: Pulling fs layer
28d4c7dc5c63: Pulling fs layer
5f02e683c0db: Pulling fs layer
0af5007247bc: Pulling fs layer
9af5f7474a63: Pulling fs layer
1260fa3ec826: Pulling fs layer
073712004227: Pulling fs layer
8aa086b8a7d7: Pulling fs layer
c2d4b677a278: Pulling fs layer
2956c3dd67b4: Pulling fs layer
ba0b3f8ef863: Pulling fs layer
5f41e86c5c97: Pulling fs layer
5b8e5b683f2b: Pulling fs layer
06ad939ed42b: Waiting
28d4c7dc5c63: Waiting
5f02e683c0db: Waiting
0af5007247bc: Waiting
9af5f7474a63: Waiting
1260fa3ec826: Waiting
073712004227: Waiting
8aa086b8a7d7: Waiting
c2d4b677a278: Waiting
2956c3dd67b4: Waiting
ba0b3f8ef863: Waiting
5f41e86c5c97: Waiting
5b8e5b683f2b: Waiting
3764a9a7d1e8: Verifying Checksum
3764a9a7d1e8: Download complete
06ad939ed42b: Download complete
28d4c7dc5c63: Verifying Checksum
28d4c7dc5c63: Download complete
b0dc7f87bef1: Verifying Checksum
b0dc7f87bef1: Download complete
5f02e683c0db: Verifying Checksum
5f02e683c0db: Download complete
9af5f7474a63: Verifying Checksum
9af5f7474a63: Download complete
f072f58012e5: Verifying Checksum
f072f58012e5: Download complete
073712004227: Verifying Checksum
073712004227: Download complete
f072f58012e5: Pull complete
8aa086b8a7d7: Verifying Checksum
8aa086b8a7d7: Download complete
3764a9a7d1e8: Pull complete
c2d4b677a278: Verifying Checksum
c2d4b677a278: Download complete
b0dc7f87bef1: Pull complete
06ad939ed42b: Pull complete
28d4c7dc5c63: Pull complete
5f02e683c0db: Pull complete
2956c3dd67b4: Download complete
1260fa3ec826: Verifying Checksum
1260fa3ec826: Download complete
ba0b3f8ef863: Verifying Checksum
ba0b3f8ef863: Download complete
5f41e86c5c97: Verifying Checksum
5f41e86c5c97: Download complete
5b8e5b683f2b: Verifying Checksum
5b8e5b683f2b: Download complete
0af5007247bc: Download complete
0af5007247bc: Pull complete
9af5f7474a63: Pull complete
1260fa3ec826: Pull complete
073712004227: Pull complete
8aa086b8a7d7: Pull complete
c2d4b677a278: Pull complete
2956c3dd67b4: Pull complete
ba0b3f8ef863: Pull complete
5f41e86c5c97: Pull complete
5b8e5b683f2b: Pull complete
Digest: sha256:30124f6742748f8eccd951a5230f1d62baac8e6eb3d2020831dc6c57cd3e00a0
Status: Downloaded newer image for ghcr.io/andy11011/binance-virtual-mainnet-node:39a7c784de9574a9f0e871a3b8b60b5405ded0ca
ghcr.io/andy11011/binance-virtual-mainnet-node:39a7c784de9574a9f0e871a3b8b60b5405ded0ca

[Container] 2026/09/23 03:56:39.937257 Running command echo "Pulling $IMAGE_BINANCE_REAL"
Pulling ghcr.io/andy11011/binance-real-node:39a7c784de9574a9f0e871a3b8b60b5405ded0ca

[Container] 2026/09/23 03:56:39.950083 Running command docker pull "$IMAGE_BINANCE_REAL"
39a7c784de9574a9f0e871a3b8b60b5405ded0ca: Pulling from andy11011/binance-real-node
f072f58012e5: Already exists
3764a9a7d1e8: Already exists
b0dc7f87bef1: Already exists
06ad939ed42b: Already exists
d9529e03f4be: Pulling fs layer
3167189fb35b: Pulling fs layer
298013cddcf3: Pulling fs layer
47439f246a21: Pulling fs layer
e99cd0ce77c0: Pulling fs layer
ca91436a0645: Pulling fs layer
8aa086b8a7d7: Pulling fs layer
c2d4b677a278: Pulling fs layer
2956c3dd67b4: Pulling fs layer
ba0b3f8ef863: Pulling fs layer
5f41e86c5c97: Pulling fs layer
ff615627e1de: Pulling fs layer
47439f246a21: Waiting
e99cd0ce77c0: Waiting
ca91436a0645: Waiting
8aa086b8a7d7: Waiting
c2d4b677a278: Waiting
2956c3dd67b4: Waiting
ba0b3f8ef863: Waiting
5f41e86c5c97: Waiting
ff615627e1de: Waiting
d9529e03f4be: Download complete
d9529e03f4be: Pull complete
3167189fb35b: Verifying Checksum
3167189fb35b: Download complete
3167189fb35b: Pull complete
47439f246a21: Verifying Checksum
47439f246a21: Download complete
ca91436a0645: Verifying Checksum
ca91436a0645: Download complete
8aa086b8a7d7: Verifying Checksum
8aa086b8a7d7: Download complete
c2d4b677a278: Verifying Checksum
c2d4b677a278: Download complete
2956c3dd67b4: Download complete
ba0b3f8ef863: Verifying Checksum
ba0b3f8ef863: Download complete
5f41e86c5c97: Verifying Checksum
5f41e86c5c97: Download complete
ff615627e1de: Download complete
e99cd0ce77c0: Verifying Checksum
e99cd0ce77c0: Download complete
298013cddcf3: Verifying Checksum
298013cddcf3: Download complete
298013cddcf3: Pull complete
47439f246a21: Pull complete
e99cd0ce77c0: Pull complete
ca91436a0645: Pull complete
8aa086b8a7d7: Pull complete
c2d4b677a278: Pull complete
2956c3dd67b4: Pull complete
ba0b3f8ef863: Pull complete
5f41e86c5c97: Pull complete
ff615627e1de: Pull complete
Digest: sha256:4dfe55900ab1387cf214fe3a915c2bc5eec36f46e7f022ca3beef1f0953579a5
Status: Downloaded newer image for ghcr.io/andy11011/binance-real-node:39a7c784de9574a9f0e871a3b8b60b5405ded0ca
ghcr.io/andy11011/binance-real-node:39a7c784de9574a9f0e871a3b8b60b5405ded0ca

[Container] 2026/09/23 03:57:21.146885 Running command echo "Pulling $IMAGE_EDGE_POINT"
Pulling ghcr.io/andy11011/edge-point:39a7c784de9574a9f0e871a3b8b60b5405ded0ca

[Container] 2026/09/23 03:57:21.154880 Running command docker pull "$IMAGE_EDGE_POINT"
39a7c784de9574a9f0e871a3b8b60b5405ded0ca: Pulling from andy11011/edge-point
f072f58012e5: Already exists
3764a9a7d1e8: Already exists
b0dc7f87bef1: Already exists
06ad939ed42b: Already exists
853faed9358d: Pulling fs layer
ca259fa15b5d: Pulling fs layer
a1b072c623a1: Pulling fs layer
46ca5d503e29: Pulling fs layer
a93d271c629c: Pulling fs layer
59e8631a53a7: Pulling fs layer
46ca5d503e29: Waiting
a93d271c629c: Waiting
59e8631a53a7: Waiting
ca259fa15b5d: Verifying Checksum
ca259fa15b5d: Download complete
853faed9358d: Pull complete
ca259fa15b5d: Pull complete
46ca5d503e29: Download complete
a93d271c629c: Verifying Checksum
a93d271c629c: Download complete
59e8631a53a7: Download complete
a1b072c623a1: Verifying Checksum
a1b072c623a1: Download complete
a1b072c623a1: Pull complete
46ca5d503e29: Pull complete
a93d271c629c: Pull complete
59e8631a53a7: Pull complete
Digest: sha256:5e5e1526d843c4634d12786ed3e37c5baacc5449aa68d5e37cc17318e1023ee5
Status: Downloaded newer image for ghcr.io/andy11011/edge-point:39a7c784de9574a9f0e871a3b8b60b5405ded0ca
ghcr.io/andy11011/edge-point:39a7c784de9574a9f0e871a3b8b60b5405ded0ca

[Container] 2026/09/23 03:57:24.994304 Running command docker pull postgres:16-alpine
16-alpine: Pulling from library/postgres
e2de96513ba9: Pulling fs layer
1b7f9cd581ee: Pulling fs layer
210b280f9556: Pulling fs layer
81717818649a: Pulling fs layer
3ae6141cfd99: Pulling fs layer
25b77f59fd95: Pulling fs layer
6c25da34e03f: Pulling fs layer
a88782f92806: Pulling fs layer
d8d21be4bf02: Pulling fs layer
81717818649a: Waiting
6117bd39f23f: Pulling fs layer
3ae6141cfd99: Waiting
509688edf37b: Pulling fs layer
25b77f59fd95: Waiting
6c25da34e03f: Waiting
a88782f92806: Waiting
d8d21be4bf02: Waiting
6117bd39f23f: Waiting
509688edf37b: Waiting
210b280f9556: Verifying Checksum
210b280f9556: Download complete
1b7f9cd581ee: Verifying Checksum
1b7f9cd581ee: Download complete
e2de96513ba9: Verifying Checksum
e2de96513ba9: Download complete
e2de96513ba9: Pull complete
1b7f9cd581ee: Pull complete
210b280f9556: Pull complete
3ae6141cfd99: Verifying Checksum
3ae6141cfd99: Download complete
81717818649a: Verifying Checksum
81717818649a: Download complete
81717818649a: Pull complete
3ae6141cfd99: Pull complete
25b77f59fd95: Download complete
6c25da34e03f: Verifying Checksum
6c25da34e03f: Download complete
a88782f92806: Verifying Checksum
a88782f92806: Download complete
d8d21be4bf02: Verifying Checksum
d8d21be4bf02: Download complete
6117bd39f23f: Verifying Checksum
6117bd39f23f: Download complete
509688edf37b: Verifying Checksum
509688edf37b: Download complete
25b77f59fd95: Pull complete
6c25da34e03f: Pull complete
a88782f92806: Pull complete
d8d21be4bf02: Pull complete
6117bd39f23f: Pull complete
509688edf37b: Pull complete
Digest: sha256:721873c34ceb9f8d8fc265984940dc982404c105f19ad51be9fdc5970a6080ea
Status: Downloaded newer image for postgres:16-alpine
docker.io/library/postgres:16-alpine

[Container] 2026/09/23 03:57:32.437219 Running command docker network create edgetrader-net
3473cad936d1970208ad7c86dcd2100233db373c3de643c04d3e4784ef1abb4c

[Container] 2026/09/23 03:57:32.822404 Phase complete: PRE_BUILD State: SUCCEEDED
[Container] 2026/09/23 03:57:32.822445 Phase context status code:  Message: 
[Container] 2026/09/23 03:57:32.859666 Entering phase BUILD
[Container] 2026/09/23 03:57:32.860701 Running command docker run -d --name postgres-ci --network edgetrader-net \
  -e POSTGRES_DB="${DB_NAME}" \
  -e POSTGRES_USER="${DB_USER}" \
  -e POSTGRES_PASSWORD="${DB_PASSWORD}" \
  postgres:16-alpine

243b51d607808bd0de5a47bbf1aa0afc31070503b08bcc526153434d5cb74446

[Container] 2026/09/23 03:57:35.940340 Running command timeout 30 sh -c 'until docker exec postgres-ci pg_isready -U "${DB_USER}" >/dev/null 2>&1; do sleep 1; done'

[Container] 2026/09/23 03:57:37.069883 Running command docker run -d --name binance-virtual-mainnet-node --network edgetrader-net \
  -e BINANCE_API_KEY="${BINANCE_API_KEY}" \
  -e BINANCE_API_SECRET="${BINANCE_API_SECRET}" \
  -e SQS_TRADE_EVENTS_QUEUE_URL_VIRTUAL="${SQS_TRADE_EVENTS_QUEUE_URL_VIRTUAL}" \
  -e DB_NAME="${DB_NAME}" \
  -e DB_USER="${DB_USER}" \
  -e DB_PASSWORD="${DB_PASSWORD}" \
  -e DB_HOST=postgres-ci \
  -e DB_PORT=5432 \
  "$IMAGE_BINANCE_VIRTUAL"

00b095df9a983f8e6fb03a8c109f5bffca18d5b0e8dc4bb860bcaa44f53e32a4

[Container] 2026/09/23 03:57:37.882460 Running command docker run -d --name binance-real-node --network edgetrader-net \
  -e BINANCE_API_KEY="${BINANCE_API_KEY}" \
  -e BINANCE_API_SECRET="${BINANCE_API_SECRET}" \
  -e BINANCE_ED25519_PUBLIC_KEY="${BINANCE_ED25519_PUBLIC_KEY}" \
  -e BINANCE_ED25519_PRIVATE_KEY="${BINANCE_ED25519_PRIVATE_KEY}" \
  -e SQS_TRADE_EVENTS_QUEUE_URL_REAL="${SQS_TRADE_EVENTS_QUEUE_URL_REAL}" \
  -e DB_NAME="${DB_NAME}" \
  -e DB_USER="${DB_USER}" \
  -e DB_PASSWORD="${DB_PASSWORD}" \
  -e DB_HOST=postgres-ci \
  -e DB_PORT=5432 \
  "$IMAGE_BINANCE_REAL"

8c079bbe134e5fba495e1d0656691f0b4646f3ffd6fd4f5293b02f469672a435

[Container] 2026/09/23 03:57:38.762918 Running command docker run -d --name edge-point --network edgetrader-net \
  -p "${APP_PORT}:${APP_PORT}" \
  -e PYTHONUNBUFFERED=1 \
  -e AWS_ACCESS_KEY_ID="${AWS_ACCESS_KEY_ID}" \
  -e AWS_SECRET_ACCESS_KEY="${AWS_SECRET_ACCESS_KEY}" \
  -e AWS_REGION="${AWS_REGION}" \
  -e DB_NAME="${DB_NAME}" \
  -e DB_USER="${DB_USER}" \
  -e DB_PASSWORD="${DB_PASSWORD}" \
  -e DB_HOST=postgres-ci \
  -e DB_PORT=5432 \
  "$IMAGE_EDGE_POINT"

118a1ff2867cbc9c0c47221873232d348de411d458a94c665dccc3352bdbe8e8

[Container] 2026/09/23 03:57:39.907172 Running command sleep 20

[Container] 2026/09/23 03:57:59.918603 Running command pytest -v \
  tests/test_health.py \
  tests/test_balances.py

============================= test session starts ==============================
platform linux -- Python 3.12.13, pytest-9.1.1, pluggy-1.6.0 -- /root/.pyenv/versions/3.12.13/bin/python3.12
cachedir: .pytest_cache
rootdir: /codebuild/output/src318263014/src/github.com/***/EDGEngine
collecting ... collected 4 items

tests/test_health.py::test_health_ok FAILED                              [ 25%]
tests/test_health.py::test_health_structure FAILED                       [ 50%]
tests/test_balances.py::test_virtual_balance_available PASSED            [ 75%]
tests/test_balances.py::test_mainnet_balance_returns_a_real_number FAILED [100%]

=================================== FAILURES ===================================
________________________________ test_health_ok ________________________________

    def test_health_ok():
>       assert wait_for_healthy(), "Health endpoint did not become 'ok' within timeout"
E       AssertionError: Health endpoint did not become 'ok' within timeout
E       assert False
E        +  where False = wait_for_healthy()

tests/test_health.py:23: AssertionError
____________________________ test_health_structure _____________________________

    def test_health_structure():
        resp = requests.get(HEALTH_URL)
        assert resp.status_code == 200
        data = resp.json()
        assert "status" in data
        assert "dependencies" in data
        deps = data["dependencies"]
        assert "postgres" in deps
>       assert "sqs" in deps
E       AssertionError: assert 'sqs' in {'postgres': {'status': 'connected', 'detail': None}, 'nautilus_real': {'status': 'stale_heartbeat', 'trader_running': False, 'last_seen': '2026-09-23T03:57:42.393349'}, 'nautilus_virtual': {'status': 'stale_heartbeat', 'trader_running': False, 'last_seen': '2026-09-23T03:57:41.644508'}}

tests/test_health.py:33: AssertionError
__________________ test_mainnet_balance_returns_a_real_number __________________

    def test_mainnet_balance_returns_a_real_number():
        """/balance/mainnet should always return a real balance from the live
        Binance mainnet account connected via BINANCE_ED25519_*."""
        data = get_balance("mainnet")
>       assert data["available"] is True, f"expected a real mainnet balance; got: {data}"
E       AssertionError: expected a real mainnet balance; got: {'source': 'mainnet', 'balance_usdt': None, 'available': False, 'detail': 'Real node heartbeat is stale (last seen 2026-09-23T03:57:42.393349)'}
E       assert False is True

tests/test_balances.py:51: AssertionError
=========================== short test summary info ============================
FAILED tests/test_health.py::test_health_ok - AssertionError: Health endpoint...
FAILED tests/test_health.py::test_health_structure - AssertionError: assert '...
FAILED tests/test_balances.py::test_mainnet_balance_returns_a_real_number - A...
=================== 3 failed, 1 passed in 120.58s (0:02:00) ====================

[Container] 2026/09/23 04:00:01.070120 Command did not exit successfully pytest -v \
  tests/test_health.py \
  tests/test_balances.py
 exit status 1
[Container] 2026/09/23 04:00:01.077124 Phase complete: BUILD State: FAILED
[Container] 2026/09/23 04:00:01.077141 Phase context status code: COMMAND_EXECUTION_ERROR Message: Error while executing command: pytest -v \
  tests/test_health.py \
  tests/test_balances.py
. Reason: exit status 1
[Container] 2026/09/23 04:00:01.128202 Entering phase POST_BUILD
[Container] 2026/09/23 04:00:01.129221 Running command echo "--- docker ps -a ---"
--- docker ps -a ---

[Container] 2026/09/23 04:00:01.137236 Running command docker ps -a
CONTAINER ID   IMAGE                                                                                     COMMAND                  CREATED         STATUS                     PORTS                    NAMES
118a1ff2867c   ghcr.io/andy11011/edge-point:39a7c784de9574a9f0e871a3b8b60b5405ded0ca                     "python edge-point.py"   2 minutes ago   Up 2 minutes               0.0.0.0:8000->8000/tcp   edge-point
8c079bbe134e   ghcr.io/andy11011/binance-real-node:39a7c784de9574a9f0e871a3b8b60b5405ded0ca              "python binance_real…"   2 minutes ago   Exited (1) 2 minutes ago                            binance-real-node
00b095df9a98   ghcr.io/andy11011/binance-virtual-mainnet-node:39a7c784de9574a9f0e871a3b8b60b5405ded0ca   "python binance_virt…"   2 minutes ago   Exited (1) 2 minutes ago                            binance-virtual-mainnet-node
243b51d60780   postgres:16-alpine                                                                        "docker-entrypoint.s…"   2 minutes ago   Up 2 minutes               5432/tcp                 postgres-ci

[Container] 2026/09/23 04:00:01.156668 Running command echo "--- edge-point logs ---"
--- edge-point logs ---

[Container] 2026/09/23 04:00:01.164433 Running command docker logs edge-point || true
INFO:     Started server process [1]
INFO:     Waiting for application startup.
INFO:     Application startup complete.
INFO:     Uvicorn running on http://0.0.0.0:8000 (Press CTRL+C to quit)
Connecting to Postgres (trade_events)...
✅ Event‑sourcing tables ready
INFO:     172.19.0.1:60440 - "GET /health HTTP/1.1" 200 OK
INFO:     172.19.0.1:60446 - "GET /health HTTP/1.1" 200 OK
INFO:     172.19.0.1:60452 - "GET /health HTTP/1.1" 200 OK
INFO:     172.19.0.1:60462 - "GET /health HTTP/1.1" 200 OK
INFO:     172.19.0.1:58072 - "GET /health HTTP/1.1" 200 OK
INFO:     172.19.0.1:58080 - "GET /health HTTP/1.1" 200 OK
INFO:     172.19.0.1:58084 - "GET /health HTTP/1.1" 200 OK
INFO:     172.19.0.1:58086 - "GET /health HTTP/1.1" 200 OK
INFO:     172.19.0.1:58100 - "GET /health HTTP/1.1" 200 OK
INFO:     172.19.0.1:57762 - "GET /health HTTP/1.1" 200 OK
INFO:     172.19.0.1:57768 - "GET /health HTTP/1.1" 200 OK
INFO:     172.19.0.1:57778 - "GET /health HTTP/1.1" 200 OK
INFO:     172.19.0.1:57790 - "GET /health HTTP/1.1" 200 OK
INFO:     172.19.0.1:57792 - "GET /health HTTP/1.1" 200 OK
INFO:     172.19.0.1:38778 - "GET /health HTTP/1.1" 200 OK
INFO:     172.19.0.1:38782 - "GET /health HTTP/1.1" 200 OK
INFO:     172.19.0.1:38788 - "GET /health HTTP/1.1" 200 OK
INFO:     172.19.0.1:38794 - "GET /health HTTP/1.1" 200 OK
INFO:     172.19.0.1:38810 - "GET /health HTTP/1.1" 200 OK
INFO:     172.19.0.1:53322 - "GET /health HTTP/1.1" 200 OK
INFO:     172.19.0.1:53338 - "GET /health HTTP/1.1" 200 OK
INFO:     172.19.0.1:53342 - "GET /health HTTP/1.1" 200 OK
INFO:     172.19.0.1:53354 - "GET /health HTTP/1.1" 200 OK
INFO:     172.19.0.1:53362 - "GET /health HTTP/1.1" 200 OK
INFO:     172.19.0.1:42022 - "GET /health HTTP/1.1" 200 OK
INFO:     172.19.0.1:42034 - "GET /health HTTP/1.1" 200 OK
INFO:     172.19.0.1:42040 - "GET /health HTTP/1.1" 200 OK
INFO:     172.19.0.1:42046 - "GET /health HTTP/1.1" 200 OK
INFO:     172.19.0.1:42050 - "GET /health HTTP/1.1" 200 OK
INFO:     172.19.0.1:35154 - "GET /health HTTP/1.1" 200 OK
INFO:     172.19.0.1:35170 - "GET /health HTTP/1.1" 200 OK
INFO:     172.19.0.1:35182 - "GET /health HTTP/1.1" 200 OK
INFO:     172.19.0.1:35184 - "GET /health HTTP/1.1" 200 OK
INFO:     172.19.0.1:35190 - "GET /health HTTP/1.1" 200 OK
INFO:     172.19.0.1:40290 - "GET /health HTTP/1.1" 200 OK
INFO:     172.19.0.1:40302 - "GET /health HTTP/1.1" 200 OK
INFO:     172.19.0.1:40304 - "GET /health HTTP/1.1" 200 OK
INFO:     172.19.0.1:40314 - "GET /health HTTP/1.1" 200 OK
INFO:     172.19.0.1:40330 - "GET /health HTTP/1.1" 200 OK
INFO:     172.19.0.1:47458 - "GET /health HTTP/1.1" 200 OK
INFO:     172.19.0.1:47466 - "GET /health HTTP/1.1" 200 OK
INFO:     172.19.0.1:47478 - "GET /health HTTP/1.1" 200 OK
INFO:     172.19.0.1:47482 - "GET /health HTTP/1.1" 200 OK
INFO:     172.19.0.1:47484 - "GET /health HTTP/1.1" 200 OK
INFO:     172.19.0.1:37224 - "GET /health HTTP/1.1" 200 OK
INFO:     172.19.0.1:37232 - "GET /health HTTP/1.1" 200 OK
INFO:     172.19.0.1:37242 - "GET /health HTTP/1.1" 200 OK
INFO:     172.19.0.1:37254 - "GET /health HTTP/1.1" 200 OK
INFO:     172.19.0.1:37268 - "GET /health HTTP/1.1" 200 OK
INFO:     172.19.0.1:42768 - "GET /health HTTP/1.1" 200 OK
INFO:     172.19.0.1:42780 - "GET /health HTTP/1.1" 200 OK
INFO:     172.19.0.1:42794 - "GET /health HTTP/1.1" 200 OK
INFO:     172.19.0.1:42798 - "GET /health HTTP/1.1" 200 OK
INFO:     172.19.0.1:42812 - "GET /health HTTP/1.1" 200 OK
INFO:     172.19.0.1:55614 - "GET /health HTTP/1.1" 200 OK
INFO:     172.19.0.1:55622 - "GET /health HTTP/1.1" 200 OK
INFO:     172.19.0.1:55632 - "GET /health HTTP/1.1" 200 OK
INFO:     172.19.0.1:55640 - "GET /health HTTP/1.1" 200 OK
INFO:     172.19.0.1:55648 - "GET /health HTTP/1.1" 200 OK
INFO:     172.19.0.1:45386 - "GET /health HTTP/1.1" 200 OK
INFO:     172.19.0.1:45398 - "GET /health HTTP/1.1" 200 OK
INFO:     172.19.0.1:45404 - "GET /balance/virtual HTTP/1.1" 200 OK
INFO:     172.19.0.1:45406 - "GET /balance/mainnet HTTP/1.1" 200 OK

[Container] 2026/09/23 04:00:01.183335 Running command echo "--- binance-virtual-mainnet-node logs ---"
--- binance-virtual-mainnet-node logs ---

[Container] 2026/09/23 04:00:01.191192 Running command docker logs binance-virtual-mainnet-node || true
2026-09-23T03:57:39.460105401Z [INFO] EDGETRADER-VIRTUAL.TradingNode: =================================================================
2026-09-23T03:57:39.460117527Z [INFO] EDGETRADER-VIRTUAL.TradingNode:  NAUTILUS TRADER - Automated Algorithmic Trading Platform
2026-09-23T03:57:39.460118131Z [INFO] EDGETRADER-VIRTUAL.TradingNode:  by Nautech Systems Pty Ltd.
2026-09-23T03:57:39.460118411Z [INFO] EDGETRADER-VIRTUAL.TradingNode:  Copyright (C) 2015-2026. All rights reserved.
2026-09-23T03:57:39.460118825Z [INFO] EDGETRADER-VIRTUAL.TradingNode: =================================================================
2026-09-23T03:57:39.460119263Z [INFO] EDGETRADER-VIRTUAL.TradingNode: 
2026-09-23T03:57:39.460119833Z [INFO] EDGETRADER-VIRTUAL.TradingNode: ⠀⠀⠀⠀⠀⠀⠀⠀⠀⠀⠀⠀⠀⣠⣴⣶⡟⠀⠀⠀⠀⠀⠀⠀⠀⠀⠀⠀⠀⠀⠀
2026-09-23T03:57:39.460120143Z [INFO] EDGETRADER-VIRTUAL.TradingNode: ⠀⠀⠀⠀⠀⠀⠀⠀⠀⠀⠀⣰⣾⣿⣿⣿⠀⢸⣿⣿⣿⣿⣶⣶⣤⣀⠀⠀⠀⠀⠀
2026-09-23T03:57:39.460120416Z [INFO] EDGETRADER-VIRTUAL.TradingNode: ⠀⠀⠀⠀⠀⠀⢀⣴⡇⢀⣾⣿⣿⣿⣿⣿⠀⣾⣿⣿⣿⣿⣿⣿⣿⠿⠓⠀⠀⠀⠀
2026-09-23T03:57:39.460120675Z [INFO] EDGETRADER-VIRTUAL.TradingNode: ⠀⠀⠀⠀⠀⣰⣿⣿⡀⢸⣿⣿⣿⣿⣿⣿⠀⣿⣿⣿⣿⣿⣿⠟⠁⣠⣄⠀⠀⠀⠀
2026-09-23T03:57:39.460121911Z [INFO] EDGETRADER-VIRTUAL.TradingNode: ⠀⠀⠀⠀⢠⣿⣿⣿⣇⠀⢿⣿⣿⣿⣿⣿⠀⢻⣿⣿⣿⡿⢃⣠⣾⣿⣿⣧⡀⠀⠀
2026-09-23T03:57:39.460122233Z [INFO] EDGETRADER-VIRTUAL.TradingNode: ⠀⠀⠀⠠⣾⣿⣿⣿⣿⣿⣧⠈⠋⢀⣴⣧⠀⣿⡏⢠⡀⢸⣿⣿⣿⣿⣿⣿⣿⡇⠀
2026-09-23T03:57:39.460122524Z [INFO] EDGETRADER-VIRTUAL.TradingNode: ⠀⠀⠀⣀⠙⢿⣿⣿⣿⣿⣿⠇⢠⣿⣿⣿⡄⠹⠃⠼⠃⠈⠉⠛⠛⠛⠛⠛⠻⠇⠀
2026-09-23T03:57:39.460122917Z [INFO] EDGETRADER-VIRTUAL.TradingNode: ⠀⠀⢸⡟⢠⣤⠉⠛⠿⢿⣿⠀⢸⣿⡿⠋⣠⣤⣄⠀⣾⣿⣿⣶⣶⣶⣦⡄⠀⠀⠀
2026-09-23T03:57:39.460123166Z [INFO] EDGETRADER-VIRTUAL.TradingNode: ⠀⠀⠸⠀⣾⠏⣸⣷⠂⣠⣤⠀⠘⢁⣴⣾⣿⣿⣿⡆⠘⣿⣿⣿⣿⣿⣿⠀⠀⠀⠀
2026-09-23T03:57:39.460123426Z [INFO] EDGETRADER-VIRTUAL.TradingNode: ⠀⠀⠀⠀⠛⠀⣿⡟⠀⢻⣿⡄⠸⣿⣿⣿⣿⣿⣿⣿⡀⠘⣿⣿⣿⣿⠟⠀⠀⠀⠀
2026-09-23T03:57:39.460123613Z [INFO] EDGETRADER-VIRTUAL.TradingNode: ⠀⠀⠀⠀⠀⠀⣿⠇⠀⠀⢻⡿⠀⠈⠻⣿⣿⣿⣿⣿⡇⠀⢹⣿⠿⠋⠀⠀⠀⠀⠀
2026-09-23T03:57:39.460123921Z [INFO] EDGETRADER-VIRTUAL.TradingNode: ⠀⠀⠀⠀⠀⠀⠋⠀⠀⠀⡘⠁⠀⠀⠀⠀⠀⠀⠀⠀⠀⠀⠈⠁⠀⠀⠀⠀⠀⠀⠀
2026-09-23T03:57:39.460124827Z [INFO] EDGETRADER-VIRTUAL.TradingNode: 
2026-09-23T03:57:39.460125032Z [INFO] EDGETRADER-VIRTUAL.TradingNode: =================================================================
2026-09-23T03:57:39.460125821Z [INFO] EDGETRADER-VIRTUAL.TradingNode:  SYSTEM SPECIFICATION
2026-09-23T03:57:39.460126033Z [INFO] EDGETRADER-VIRTUAL.TradingNode: =================================================================
2026-09-23T03:57:39.460127351Z [INFO] EDGETRADER-VIRTUAL.TradingNode: CPU architecture: Intel(R) Xeon(R) Platinum 8275CL CPU @ 3.00GHz
2026-09-23T03:57:39.460128251Z [INFO] EDGETRADER-VIRTUAL.TradingNode: CPU(s): 4 @ 3602 MHz
2026-09-23T03:57:39.460129775Z [INFO] EDGETRADER-VIRTUAL.TradingNode: OS: kernel-4.14.355-284.742.amzn2.x86_64 Linux (Debian GNU/Linux 13)
2026-09-23T03:57:39.460193750Z [INFO] EDGETRADER-VIRTUAL.TradingNode: =================================================================
2026-09-23T03:57:39.460194441Z [INFO] EDGETRADER-VIRTUAL.TradingNode:  MEMORY USAGE
2026-09-23T03:57:39.460194726Z [INFO] EDGETRADER-VIRTUAL.TradingNode: =================================================================
2026-09-23T03:57:39.460197298Z [INFO] EDGETRADER-VIRTUAL.TradingNode: RAM-Total: 7.48 GiB
2026-09-23T03:57:39.460197988Z [INFO] EDGETRADER-VIRTUAL.TradingNode: RAM-Used: 1.13 GiB (15.16%)
2026-09-23T03:57:39.460198713Z [INFO] EDGETRADER-VIRTUAL.TradingNode: RAM-Avail: 6.35 GiB (84.84%)
2026-09-23T03:57:39.460199588Z [INFO] EDGETRADER-VIRTUAL.TradingNode: Swap: disabled
2026-09-23T03:57:39.460200472Z [INFO] EDGETRADER-VIRTUAL.TradingNode: =================================================================
2026-09-23T03:57:39.460200746Z [INFO] EDGETRADER-VIRTUAL.TradingNode:  IDENTIFIERS
2026-09-23T03:57:39.460201049Z [INFO] EDGETRADER-VIRTUAL.TradingNode: =================================================================
2026-09-23T03:57:39.460201794Z [INFO] EDGETRADER-VIRTUAL.TradingNode: trader_id: EDGETRADER-VIRTUAL
2026-09-23T03:57:39.460202602Z [INFO] EDGETRADER-VIRTUAL.TradingNode: machine_id: 00b095df9a98
2026-09-23T03:57:39.460205015Z [INFO] EDGETRADER-VIRTUAL.TradingNode: instance_id: 9ebea748-3577-4d6f-bf4e-1b44a649ce6b
2026-09-23T03:57:39.460205554Z [INFO] EDGETRADER-VIRTUAL.TradingNode: PID: 1
2026-09-23T03:57:39.460205888Z [INFO] EDGETRADER-VIRTUAL.TradingNode: =================================================================
2026-09-23T03:57:39.460206096Z [INFO] EDGETRADER-VIRTUAL.TradingNode:  VERSIONING
2026-09-23T03:57:39.460206389Z [INFO] EDGETRADER-VIRTUAL.TradingNode: =================================================================
2026-09-23T03:57:39.460215672Z [INFO] EDGETRADER-VIRTUAL.TradingNode: nautilus_trader: 1.228.0
2026-09-23T03:57:39.460220498Z [INFO] EDGETRADER-VIRTUAL.TradingNode: python: 3.12.14
2026-09-23T03:57:39.460223588Z [INFO] EDGETRADER-VIRTUAL.TradingNode: numpy: 2.5.3
2026-09-23T03:57:39.460226379Z [INFO] EDGETRADER-VIRTUAL.TradingNode: pandas: 2.3.3
2026-09-23T03:57:39.460228819Z [INFO] EDGETRADER-VIRTUAL.TradingNode: msgspec: 0.21.1
2026-09-23T03:57:39.460231854Z [INFO] EDGETRADER-VIRTUAL.TradingNode: pyarrow: 25.0.1
2026-09-23T03:57:39.460234720Z [INFO] EDGETRADER-VIRTUAL.TradingNode: pytz: 2026.3.post1
2026-09-23T03:57:39.460237282Z [INFO] EDGETRADER-VIRTUAL.TradingNode: uvloop: 0.22.1
2026-09-23T03:57:39.460237542Z [INFO] EDGETRADER-VIRTUAL.TradingNode: =================================================================
2026-09-23T03:57:39.460285396Z [INFO] EDGETRADER-VIRTUAL.TradingNode: Building system kernel
2026-09-23T03:57:39.460521585Z [INFO] EDGETRADER-VIRTUAL.MessageBus: config.database=None
2026-09-23T03:57:39.460527108Z [INFO] EDGETRADER-VIRTUAL.MessageBus: config.encoding='msgpack'
2026-09-23T03:57:39.460530248Z [INFO] EDGETRADER-VIRTUAL.MessageBus: config.timestamps_as_iso8601=False
2026-09-23T03:57:39.460532179Z [INFO] EDGETRADER-VIRTUAL.MessageBus: config.buffer_interval_ms=None
2026-09-23T03:57:39.460534322Z [INFO] EDGETRADER-VIRTUAL.MessageBus: config.autotrim_mins=None
2026-09-23T03:57:39.460536592Z [INFO] EDGETRADER-VIRTUAL.MessageBus: config.use_trader_prefix=True
2026-09-23T03:57:39.460539572Z [INFO] EDGETRADER-VIRTUAL.MessageBus: config.use_trader_id=True
2026-09-23T03:57:39.460542539Z [INFO] EDGETRADER-VIRTUAL.MessageBus: config.use_instance_id=False
2026-09-23T03:57:39.460544916Z [INFO] EDGETRADER-VIRTUAL.MessageBus: config.streams_prefix='stream'
2026-09-23T03:57:39.460547025Z [INFO] EDGETRADER-VIRTUAL.MessageBus: config.types_filter=None
2026-09-23T03:57:39.460611711Z [INFO] EDGETRADER-VIRTUAL.Cache: READY
2026-09-23T03:57:39.461615857Z [INFO] EDGETRADER-VIRTUAL.DataEngine: READY
2026-09-23T03:57:39.461940879Z [INFO] EDGETRADER-VIRTUAL.DataEngine: config.graceful_shutdown_on_exception=False
2026-09-23T03:57:39.462012703Z [INFO] EDGETRADER-VIRTUAL.RiskEngine: READY
2026-09-23T03:57:39.462082235Z [INFO] EDGETRADER-VIRTUAL.RiskEngine: TradingState is ACTIVE
2026-09-23T03:57:39.462184714Z [INFO] EDGETRADER-VIRTUAL.Throttler-ORDER_SUBMIT_THROTTLER: READY
2026-09-23T03:57:39.462216117Z [INFO] EDGETRADER-VIRTUAL.RiskEngine: Set MAX_ORDER_SUBMIT_RATE: 100/00:00:01
2026-09-23T03:57:39.462264567Z [INFO] EDGETRADER-VIRTUAL.Throttler-ORDER_MODIFY_THROTTLER: READY
2026-09-23T03:57:39.462280591Z [INFO] EDGETRADER-VIRTUAL.RiskEngine: Set MAX_ORDER_MODIFY_RATE: 100/00:00:01
2026-09-23T03:57:39.462345569Z [INFO] EDGETRADER-VIRTUAL.RiskEngine: config.graceful_shutdown_on_exception=False
2026-09-23T03:57:39.462414743Z [INFO] EDGETRADER-VIRTUAL.ExecEngine: READY
2026-09-23T03:57:39.462464319Z [INFO] EDGETRADER-VIRTUAL.ExecEngine: config.snapshot_orders=True
2026-09-23T03:57:39.462467550Z [INFO] EDGETRADER-VIRTUAL.ExecEngine: config.snapshot_positions=True
2026-09-23T03:57:39.462469648Z [INFO] EDGETRADER-VIRTUAL.ExecEngine: config.snapshot_positions_interval_secs=None
2026-09-23T03:57:39.462471644Z [INFO] EDGETRADER-VIRTUAL.ExecEngine: config.allow_overfills=False
2026-09-23T03:57:39.462549988Z [INFO] EDGETRADER-VIRTUAL.ExecEngine: config.reconciliation=True
2026-09-23T03:57:39.462553411Z [INFO] EDGETRADER-VIRTUAL.ExecEngine: config.reconciliation_lookback_mins=None
2026-09-23T03:57:39.462555939Z [INFO] EDGETRADER-VIRTUAL.ExecEngine: config.reconciliation_instrument_ids=None
2026-09-23T03:57:39.462558698Z [INFO] EDGETRADER-VIRTUAL.ExecEngine: config.filter_unclaimed_external_orders=False
2026-09-23T03:57:39.462560869Z [INFO] EDGETRADER-VIRTUAL.ExecEngine: config.filter_position_reports=False
2026-09-23T03:57:39.462562857Z [INFO] EDGETRADER-VIRTUAL.ExecEngine: config.filtered_client_order_ids=None
2026-09-23T03:57:39.462565307Z [INFO] EDGETRADER-VIRTUAL.ExecEngine: config.inflight_check_interval_ms=2000
2026-09-23T03:57:39.462567568Z [INFO] EDGETRADER-VIRTUAL.ExecEngine: config.inflight_check_threshold_ms=5000
2026-09-23T03:57:39.462570536Z [INFO] EDGETRADER-VIRTUAL.ExecEngine: config.inflight_check_retries=5
2026-09-23T03:57:39.462572654Z [INFO] EDGETRADER-VIRTUAL.ExecEngine: config.own_books_audit_interval_secs=None
2026-09-23T03:57:39.462575195Z [INFO] EDGETRADER-VIRTUAL.ExecEngine: config.open_check_interval_secs=None
2026-09-23T03:57:39.462577425Z [INFO] EDGETRADER-VIRTUAL.ExecEngine: config.open_check_open_only=True
2026-09-23T03:57:39.462579938Z [INFO] EDGETRADER-VIRTUAL.ExecEngine: config.open_check_lookback_mins=60
2026-09-23T03:57:39.462582171Z [INFO] EDGETRADER-VIRTUAL.ExecEngine: config.open_check_threshold_ms=5000
2026-09-23T03:57:39.462584396Z [INFO] EDGETRADER-VIRTUAL.ExecEngine: config.open_check_missing_retries=5
2026-09-23T03:57:39.462586522Z [INFO] EDGETRADER-VIRTUAL.ExecEngine: config.max_single_order_queries_per_cycle=10
2026-09-23T03:57:39.462589783Z [INFO] EDGETRADER-VIRTUAL.ExecEngine: config.single_order_query_delay_ms=100
2026-09-23T03:57:39.462591923Z [INFO] EDGETRADER-VIRTUAL.ExecEngine: config.position_check_interval_secs=None
2026-09-23T03:57:39.462594239Z [INFO] EDGETRADER-VIRTUAL.ExecEngine: config.position_check_lookback_mins=60
2026-09-23T03:57:39.462596496Z [INFO] EDGETRADER-VIRTUAL.ExecEngine: config.position_check_threshold_ms=5000
2026-09-23T03:57:39.462598682Z [INFO] EDGETRADER-VIRTUAL.ExecEngine: config.position_check_retries=3
2026-09-23T03:57:39.462603357Z [INFO] EDGETRADER-VIRTUAL.ExecEngine: config.reconciliation_startup_delay_secs=10.0
2026-09-23T03:57:39.462607025Z [INFO] EDGETRADER-VIRTUAL.ExecEngine: config.purge_closed_orders_interval_mins=None
2026-09-23T03:57:39.462609207Z [INFO] EDGETRADER-VIRTUAL.ExecEngine: config.purge_closed_orders_buffer_mins=None
2026-09-23T03:57:39.462611531Z [INFO] EDGETRADER-VIRTUAL.ExecEngine: config.purge_closed_positions_interval_mins=None
2026-09-23T03:57:39.462613749Z [INFO] EDGETRADER-VIRTUAL.ExecEngine: config.purge_closed_positions_buffer_mins=None
2026-09-23T03:57:39.462615967Z [INFO] EDGETRADER-VIRTUAL.ExecEngine: config.purge_account_events_interval_mins=None
2026-09-23T03:57:39.462618573Z [INFO] EDGETRADER-VIRTUAL.ExecEngine: config.purge_account_events_lookback_mins=None
2026-09-23T03:57:39.462621039Z [INFO] EDGETRADER-VIRTUAL.ExecEngine: config.purge_from_database=False
2026-09-23T03:57:39.462623094Z [INFO] EDGETRADER-VIRTUAL.ExecEngine: config.graceful_shutdown_on_exception=False
2026-09-23T03:57:39.462682801Z [INFO] EDGETRADER-VIRTUAL.Cache: Cached 0 general objects from database
2026-09-23T03:57:39.462690694Z [INFO] EDGETRADER-VIRTUAL.Cache: Cached 0 currencies from database
2026-09-23T03:57:39.462697050Z [INFO] EDGETRADER-VIRTUAL.Cache: Cached 0 instruments from database
2026-09-23T03:57:39.462705209Z [INFO] EDGETRADER-VIRTUAL.Cache: Cached 0 accounts from database
2026-09-23T03:57:39.462711375Z [INFO] EDGETRADER-VIRTUAL.Cache: Cached 0 orders from database
2026-09-23T03:57:39.462720606Z [INFO] EDGETRADER-VIRTUAL.Cache: Cached 0 order lists from database
2026-09-23T03:57:39.462726871Z [INFO] EDGETRADER-VIRTUAL.Cache: Cached 0 positions from database
2026-09-23T03:57:39.462747175Z [INFO] EDGETRADER-VIRTUAL.Cache: Checking data integrity
2026-09-23T03:57:39.462761169Z [INFO] EDGETRADER-VIRTUAL.Cache: Integrity check passed in 12μs
2026-09-23T03:57:39.462779186Z [INFO] EDGETRADER-VIRTUAL.ExecEngine: Loaded cache in 0ms
2026-09-23T03:57:39.462855931Z [INFO] EDGETRADER-VIRTUAL.OrderEmulator: READY
2026-09-23T03:57:39.462940894Z [INFO] EDGETRADER-VIRTUAL.EDGETRADER-VIRTUAL: READY
2026-09-23T03:57:39.463278888Z [INFO] EDGETRADER-VIRTUAL.Controller: READY
2026-09-23T03:57:39.463328936Z [INFO] EDGETRADER-VIRTUAL.EDGETRADER-VIRTUAL: Registered Component Controller
2026-09-23T03:57:39.463346753Z [INFO] EDGETRADER-VIRTUAL.TradingNode: Initialized in 22ms
2026-09-23T03:57:39.463370236Z [INFO] EDGETRADER-VIRTUAL.TradingNode: has_cache_backing=False
2026-09-23T03:57:39.463373119Z [INFO] EDGETRADER-VIRTUAL.TradingNode: has_msgbus_backing=False
2026-09-23T03:57:39.463400396Z [INFO] EDGETRADER-VIRTUAL.TradingNode: Building data client for BINANCE
2026-09-23T03:57:39.473311579Z [INFO] EDGETRADER-VIRTUAL.BinanceSpotInstrumentProvider: READY
2026-09-23T03:57:39.474376758Z [INFO] EDGETRADER-VIRTUAL.DataClient-BINANCE: READY
2026-09-23T03:57:39.474439372Z [INFO] EDGETRADER-VIRTUAL.DataClient-BINANCE: Account type: SPOT
2026-09-23T03:57:39.474449447Z [INFO] EDGETRADER-VIRTUAL.DataClient-BINANCE: config.update_instruments_interval_mins=60
2026-09-23T03:57:39.474451857Z [INFO] EDGETRADER-VIRTUAL.DataClient-BINANCE: config.use_agg_trade_ticks=False
2026-09-23T03:57:39.474487605Z [INFO] EDGETRADER-VIRTUAL.DataClient-BINANCE: Base url HTTP https://api.binance.com
2026-09-23T03:57:39.474489946Z [INFO] EDGETRADER-VIRTUAL.DataClient-BINANCE: Base url WebSocket wss://stream.binance.com:9443
2026-09-23T03:57:39.474899485Z [INFO] EDGETRADER-VIRTUAL.DataEngine: Registered BINANCE
2026-09-23T03:57:39.474919560Z [INFO] EDGETRADER-VIRTUAL.TradingNode: Building execution client for BINANCE
2026-09-23T03:57:39.474989791Z [INFO] EDGETRADER-VIRTUAL.InstrumentProvider: READY
2026-09-23T03:57:39.475028781Z [INFO] EDGETRADER-VIRTUAL.ExecClient-BINANCE: READY
2026-09-23T03:57:39.475186195Z [INFO] EDGETRADER-VIRTUAL.SimulatedExchange(BINANCE): OmsType=NETTING
2026-09-23T03:57:39.475246243Z [INFO] EDGETRADER-VIRTUAL.ExecClient-BINANCE: READY
2026-09-23T03:57:39.475282810Z [INFO] EDGETRADER-VIRTUAL.SimulatedExchange(BINANCE): Registered ExecutionClient-BINANCE
2026-09-23T03:57:39.475427678Z [INFO] EDGETRADER-VIRTUAL.Portfolio: Updated AccountState(account_id=BINANCE-001, account_type=CASH, base_currency=None, is_reported=True, balances=[AccountBalance(total=10_000.00000000 USDT, locked=0.00000000 USDT, free=10_000.00000000 USDT), AccountBalance(total=1.00000000 BTC, locked=0.00000000 BTC, free=1.00000000 BTC)], margins=[], event_id=e7423878-8fa6-47ee-a2b0-7630c73c1035)
2026-09-23T03:57:39.475473122Z [INFO] EDGETRADER-VIRTUAL.ExecEngine: Registered ExecutionClient-BINANCE
Connecting to Postgres (trade_events)...
✅ Event‑sourcing tables ready
2026-09-23T03:57:41.641651930Z [INFO] EDGETRADER-VIRTUAL.TradingNode: STARTING
2026-09-23T03:57:41.641774918Z [INFO] EDGETRADER-VIRTUAL.DataClient-BINANCE: RUNNING
2026-09-23T03:57:41.641829558Z [INFO] EDGETRADER-VIRTUAL.DataEngine: RUNNING
2026-09-23T03:57:41.641871160Z [INFO] EDGETRADER-VIRTUAL.RiskEngine: RUNNING
2026-09-23T03:57:41.641907116Z [INFO] EDGETRADER-VIRTUAL.ExecClient-BINANCE: RUNNING
2026-09-23T03:57:41.641950970Z [INFO] EDGETRADER-VIRTUAL.ExecEngine: Started reconciliation task
2026-09-23T03:57:41.641968904Z [INFO] EDGETRADER-VIRTUAL.ExecEngine: RUNNING
2026-09-23T03:57:41.641987473Z [INFO] EDGETRADER-VIRTUAL.DataEngine: Connecting all clients...
2026-09-23T03:57:41.642016536Z [INFO] EDGETRADER-VIRTUAL.DataClient-BINANCE: Connecting...
2026-09-23T03:57:41.642048338Z [INFO] EDGETRADER-VIRTUAL.ExecEngine: Connecting all clients...
2026-09-23T03:57:41.642053003Z [INFO] EDGETRADER-VIRTUAL.ExecClient-BINANCE: Connecting...
2026-09-23T03:57:41.642099570Z [INFO] EDGETRADER-VIRTUAL.ExecClient-BINANCE: Connected
2026-09-23T03:57:41.642111681Z [INFO] EDGETRADER-VIRTUAL.TradingNode: Awaiting engine connections and initializations (30.0s timeout)...
⏳ Waiting for the TradingNode to finish starting...
💓 heartbeat_loop starting for venue=binance target=virtual interval=15.0s balance_tracking=on
2026-09-23T03:57:41.643071922Z [INFO] EDGETRADER-VIRTUAL.ExecEngine: Starting continuous reconciliation with intervals: inflight=2000ms, consistency=Nones, position=Nones
2026-09-23T03:57:41.643086542Z [INFO] EDGETRADER-VIRTUAL.ExecEngine: Awaiting startup reconciliation completion before starting continuous checks
2026-09-23T03:57:41.643112866Z [INFO] EDGETRADER-VIRTUAL.BinanceSpotInstrumentProvider: Initializing instruments...
2026-09-23T03:57:41.643122050Z [INFO] EDGETRADER-VIRTUAL.BinanceSpotInstrumentProvider: Loading all instruments...
💰 [virtual] balance lookup ok (iteration=1): 500.0000 USDT
💓 [virtual] heartbeat (iteration=1): is_running=False balance=500.0 detail=none
✅ [virtual] heartbeat row written (iteration=1)
⏱️ [virtual] heartbeat iteration=1 took 0.004s, sleeping 15.0s
2026-09-23T03:57:43.346530883Z [INFO] EDGETRADER-VIRTUAL.BinanceSpotInstrumentProvider: Loaded 3707 instruments
2026-09-23T03:57:43.346552112Z [INFO] EDGETRADER-VIRTUAL.BinanceSpotInstrumentProvider: Initialized instruments
2026-09-23T03:57:43.355124572Z [INFO] EDGETRADER-VIRTUAL.DataClient-BINANCE: Connected
2026-09-23T03:57:43.355225186Z [INFO] EDGETRADER-VIRTUAL.TradingNode: Awaiting execution state reconciliation (10.0s timeout)...
2026-09-23T03:57:43.355449276Z [INFO] EDGETRADER-VIRTUAL.SimulatedExchange(BINANCE): Added instrument ETHBTC.BINANCE and created matching engine
2026-09-23T03:57:43.355538504Z [INFO] EDGETRADER-VIRTUAL.SimulatedExchange(BINANCE): Added instrument LTCBTC.BINANCE and created matching engine
2026-09-23T03:57:43.355597517Z [INFO] EDGETRADER-VIRTUAL.SimulatedExchange(BINANCE): Added instrument BNBBTC.BINANCE and created matching engine
2026-09-23T03:57:43.355644117Z [INFO] EDGETRADER-VIRTUAL.SimulatedExchange(BINANCE): Added instrument NEOBTC.BINANCE and created matching engine
2026-09-23T03:57:43.355690159Z [INFO] EDGETRADER-VIRTUAL.SimulatedExchange(BINANCE): Added instrument QTUMETH.BINANCE and created matching engine
2026-09-23T03:57:43.355757281Z [INFO] EDGETRADER-VIRTUAL.SimulatedExchange(BINANCE): Added instrument EOSETH.BINANCE and created matching engine
2026-09-23T03:57:43.355803993Z [INFO] EDGETRADER-VIRTUAL.SimulatedExchange(BINANCE): Added instrument SNTETH.BINANCE and created matching engine
2026-09-23T03:57:43.355845147Z [INFO] EDGETRADER-VIRTUAL.SimulatedExchange(BINANCE): Added instrument BNTETH.BINANCE and created matching engine
2026-09-23T03:57:43.355894054Z [INFO] EDGETRADER-VIRTUAL.SimulatedExchange(BINANCE): Added instrument BCCBTC.BINANCE and created matching engine
2026-09-23T03:57:43.355935617Z [INFO] EDGETRADER-VIRTUAL.SimulatedExchange(BINANCE): Added instrument GASBTC.BINANCE and created matching engine
2026-09-23T03:57:43.355979561Z [INFO] EDGETRADER-VIRTUAL.SimulatedExchange(BINANCE): Added instrument BNBETH.BINANCE and created matching engine
2026-09-23T03:57:43.356017181Z [INFO] EDGETRADER-VIRTUAL.SimulatedExchange(BINANCE): Added instrument BTCUSDT.BINANCE and created matching engine
2026-09-23T03:57:43.356056467Z [INFO] EDGETRADER-VIRTUAL.SimulatedExchange(BINANCE): Added instrument ETHUSDT.BINANCE and created matching engine
2026-09-23T03:57:43.356104222Z [INFO] EDGETRADER-VIRTUAL.SimulatedExchange(BINANCE): Added instrument HSRBTC.BINANCE and created matching engine
2026-09-23T03:57:43.356143527Z [INFO] EDGETRADER-VIRTUAL.SimulatedExchange(BINANCE): Added instrument OAXETH.BINANCE and created matching engine
2026-09-23T03:57:43.356181920Z [INFO] EDGETRADER-VIRTUAL.SimulatedExchange(BINANCE): Added instrument DNTETH.BINANCE and created matching engine
2026-09-23T03:57:43.356227053Z [INFO] EDGETRADER-VIRTUAL.SimulatedExchange(BINANCE): Added instrument MCOETH.BINANCE and created matching engine
2026-09-23T03:57:43.356254755Z [INFO] EDGETRADER-VIRTUAL.SimulatedExchange(BINANCE): Added instrument ICNETH.BINANCE and created matching engine
2026-09-23T03:57:43.356279794Z [INFO] EDGETRADER-VIRTUAL.SimulatedExchange(BINANCE): Added instrument MCOBTC.BINANCE and created matching engine
2026-09-23T03:57:43.356314317Z [INFO] EDGETRADER-VIRTUAL.SimulatedExchange(BINANCE): Added instrument WTCBTC.BINANCE and created matching engine
2026-09-23T03:57:43.356367128Z [INFO] EDGETRADER-VIRTUAL.SimulatedExchange(BINANCE): Added instrument WTCETH.BINANCE and created matching engine
2026-09-23T03:57:43.356410074Z [INFO] EDGETRADER-VIRTUAL.SimulatedExchange(BINANCE): Added instrument LRCBTC.BINANCE and created matching engine
2026-09-23T03:57:43.356458073Z [INFO] EDGETRADER-VIRTUAL.SimulatedExchange(BINANCE): Added instrument LRCETH.BINANCE and created matching engine
2026-09-23T03:57:43.356501853Z [INFO] EDGETRADER-VIRTUAL.SimulatedExchange(BINANCE): Added instrument QTUMBTC.BINANCE and created matching engine
2026-09-23T03:57:43.356542062Z [INFO] EDGETRADER-VIRTUAL.SimulatedExchange(BINANCE): Added instrument YOYOBTC.BINANCE and created matching engine
2026-09-23T03:57:43.356590956Z [INFO] EDGETRADER-VIRTUAL.SimulatedExchange(BINANCE): Added instrument OMGBTC.BINANCE and created matching engine
2026-09-23T03:57:43.356640109Z [INFO] EDGETRADER-VIRTUAL.SimulatedExchange(BINANCE): Added instrument OMGETH.BINANCE and created matching engine
2026-09-23T03:57:43.356678666Z [INFO] EDGETRADER-VIRTUAL.SimulatedExchange(BINANCE): Added instrument ZRXBTC.BINANCE and created matching engine
2026-09-23T03:57:43.356710125Z [INFO] EDGETRADER-VIRTUAL.SimulatedExchange(BINANCE): Added instrument ZRXETH.BINANCE and created matching engine
2026-09-23T03:57:43.356742699Z [INFO] EDGETRADER-VIRTUAL.SimulatedExchange(BINANCE): Added instrument STRATBTC.BINANCE and created matching engine
2026-09-23T03:57:43.356766468Z [INFO] EDGETRADER-VIRTUAL.SimulatedExchange(BINANCE): Added instrument STRATETH.BINANCE and created matching engine
2026-09-23T03:57:43.356803084Z [INFO] EDGETRADER-VIRTUAL.SimulatedExchange(BINANCE): Added instrument SNGLSBTC.BINANCE and created matching engine
2026-09-23T03:57:43.356825332Z [INFO] EDGETRADER-VIRTUAL.SimulatedExchange(BINANCE): Added instrument SNGLSETH.BINANCE and created matching engine
2026-09-23T03:57:43.356854279Z [INFO] EDGETRADER-VIRTUAL.SimulatedExchange(BINANCE): Added instrument BQXBTC.BINANCE and created matching engine
2026-09-23T03:57:43.356888616Z [INFO] EDGETRADER-VIRTUAL.SimulatedExchange(BINANCE): Added instrument BQXETH.BINANCE and created matching engine
2026-09-23T03:57:43.356911354Z [INFO] EDGETRADER-VIRTUAL.SimulatedExchange(BINANCE): Added instrument KNCBTC.BINANCE and created matching engine
2026-09-23T03:57:43.356942626Z [INFO] EDGETRADER-VIRTUAL.SimulatedExchange(BINANCE): Added instrument KNCETH.BINANCE and created matching engine
2026-09-23T03:57:43.356970714Z [INFO] EDGETRADER-VIRTUAL.SimulatedExchange(BINANCE): Added instrument FUNBTC.BINANCE and created matching engine
2026-09-23T03:57:43.357044952Z [INFO] EDGETRADER-VIRTUAL.SimulatedExchange(BINANCE): Added instrument FUNETH.BINANCE and created matching engine
2026-09-23T03:57:43.357088968Z [INFO] EDGETRADER-VIRTUAL.SimulatedExchange(BINANCE): Added instrument SNMBTC.BINANCE and created matching engine
2026-09-23T03:57:43.357122046Z [INFO] EDGETRADER-VIRTUAL.SimulatedExchange(BINANCE): Added instrument SNMETH.BINANCE and created matching engine
2026-09-23T03:57:43.357162011Z [INFO] EDGETRADER-VIRTUAL.SimulatedExchange(BINANCE): Added instrument NEOETH.BINANCE and created matching engine
2026-09-23T03:57:43.357190372Z [INFO] EDGETRADER-VIRTUAL.SimulatedExchange(BINANCE): Added instrument IOTABTC.BINANCE and created matching engine
2026-09-23T03:57:43.357226421Z [INFO] EDGETRADER-VIRTUAL.SimulatedExchange(BINANCE): Added instrument IOTAETH.BINANCE and created matching engine
2026-09-23T03:57:43.357256882Z [INFO] EDGETRADER-VIRTUAL.SimulatedExchange(BINANCE): Added instrument LINKBTC.BINANCE and created matching engine
2026-09-23T03:57:43.357285321Z [INFO] EDGETRADER-VIRTUAL.SimulatedExchange(BINANCE): Added instrument LINKETH.BINANCE and created matching engine
2026-09-23T03:57:43.357322556Z [INFO] EDGETRADER-VIRTUAL.SimulatedExchange(BINANCE): Added instrument XVGBTC.BINANCE and created matching engine
2026-09-23T03:57:43.357348740Z [INFO] EDGETRADER-VIRTUAL.SimulatedExchange(BINANCE): Added instrument XVGETH.BINANCE and created matching engine
2026-09-23T03:57:43.357385553Z [INFO] EDGETRADER-VIRTUAL.SimulatedExchange(BINANCE): Added instrument SALTBTC.BINANCE and created matching engine
2026-09-23T03:57:43.357409127Z [INFO] EDGETRADER-VIRTUAL.SimulatedExchange(BINANCE): Added instrument SALTETH.BINANCE and created matching engine
2026-09-23T03:57:43.357444060Z [INFO] EDGETRADER-VIRTUAL.SimulatedExchange(BINANCE): Added instrument MDABTC.BINANCE and created matching engine
2026-09-23T03:57:43.357473612Z [INFO] EDGETRADER-VIRTUAL.SimulatedExchange(BINANCE): Added instrument MDAETH.BINANCE and created matching engine
2026-09-23T03:57:43.357502143Z [INFO] EDGETRADER-VIRTUAL.SimulatedExchange(BINANCE): Added instrument MTLBTC.BINANCE and created matching engine
2026-09-23T03:57:43.357537403Z [INFO] EDGETRADER-VIRTUAL.SimulatedExchange(BINANCE): Added instrument MTLETH.BINANCE and created matching engine
2026-09-23T03:57:43.357563559Z [INFO] EDGETRADER-VIRTUAL.SimulatedExchange(BINANCE): Added instrument SUBBTC.BINANCE and created matching engine
2026-09-23T03:57:43.357601339Z [INFO] EDGETRADER-VIRTUAL.SimulatedExchange(BINANCE): Added instrument SUBETH.BINANCE and created matching engine
2026-09-23T03:57:43.357628324Z [INFO] EDGETRADER-VIRTUAL.SimulatedExchange(BINANCE): Added instrument EOSBTC.BINANCE and created matching engine
2026-09-23T03:57:43.357664889Z [INFO] EDGETRADER-VIRTUAL.SimulatedExchange(BINANCE): Added instrument SNTBTC.BINANCE and created matching engine
2026-09-23T03:57:43.357695271Z [INFO] EDGETRADER-VIRTUAL.SimulatedExchange(BINANCE): Added instrument ETCETH.BINANCE and created matching engine
2026-09-23T03:57:43.357722944Z [INFO] EDGETRADER-VIRTUAL.SimulatedExchange(BINANCE): Added instrument ETCBTC.BINANCE and created matching engine
2026-09-23T03:57:43.357759985Z [INFO] EDGETRADER-VIRTUAL.SimulatedExchange(BINANCE): Added instrument MTHBTC.BINANCE and created matching engine
2026-09-23T03:57:43.357787474Z [INFO] EDGETRADER-VIRTUAL.SimulatedExchange(BINANCE): Added instrument MTHETH.BINANCE and created matching engine
2026-09-23T03:57:43.357834118Z [INFO] EDGETRADER-VIRTUAL.SimulatedExchange(BINANCE): Added instrument ENGBTC.BINANCE and created matching engine
2026-09-23T03:57:43.357868291Z [INFO] EDGETRADER-VIRTUAL.SimulatedExchange(BINANCE): Added instrument ENGETH.BINANCE and created matching engine
2026-09-23T03:57:43.357900233Z [INFO] EDGETRADER-VIRTUAL.SimulatedExchange(BINANCE): Added instrument DNTBTC.BINANCE and created matching engine
2026-09-23T03:57:43.357933229Z [INFO] EDGETRADER-VIRTUAL.SimulatedExchange(BINANCE): Added instrument ZECBTC.BINANCE and created matching engine
2026-09-23T03:57:43.357961646Z [INFO] EDGETRADER-VIRTUAL.SimulatedExchange(BINANCE): Added instrument ZECETH.BINANCE and created matching engine
2026-09-23T03:57:43.357998269Z [INFO] EDGETRADER-VIRTUAL.SimulatedExchange(BINANCE): Added instrument BNTBTC.BINANCE and created matching engine
2026-09-23T03:57:43.358021565Z [INFO] EDGETRADER-VIRTUAL.SimulatedExchange(BINANCE): Added instrument ASTBTC.BINANCE and created matching engine
2026-09-23T03:57:43.358055168Z [INFO] EDGETRADER-VIRTUAL.SimulatedExchange(BINANCE): Added instrument ASTETH.BINANCE and created matching engine
2026-09-23T03:57:43.358087501Z [INFO] EDGETRADER-VIRTUAL.SimulatedExchange(BINANCE): Added instrument DASHBTC.BINANCE and created matching engine
2026-09-23T03:57:43.358120345Z [INFO] EDGETRADER-VIRTUAL.SimulatedExchange(BINANCE): Added instrument DASHETH.BINANCE and created matching engine
2026-09-23T03:57:43.358154219Z [INFO] EDGETRADER-VIRTUAL.SimulatedExchange(BINANCE): Added instrument OAXBTC.BINANCE and created matching engine
2026-09-23T03:57:43.358213162Z [INFO] EDGETRADER-VIRTUAL.SimulatedExchange(BINANCE): Added instrument ICNBTC.BINANCE and created matching engine
2026-09-23T03:57:43.358252635Z [INFO] EDGETRADER-VIRTUAL.SimulatedExchange(BINANCE): Added instrument BTGBTC.BINANCE and created matching engine
2026-09-23T03:57:43.358292795Z [INFO] EDGETRADER-VIRTUAL.SimulatedExchange(BINANCE): Added instrument BTGETH.BINANCE and created matching engine
2026-09-23T03:57:43.358328716Z [INFO] EDGETRADER-VIRTUAL.SimulatedExchange(BINANCE): Added instrument EVXBTC.BINANCE and created matching engine
2026-09-23T03:57:43.358363610Z [INFO] EDGETRADER-VIRTUAL.SimulatedExchange(BINANCE): Added instrument EVXETH.BINANCE and created matching engine
2026-09-23T03:57:43.358392733Z [INFO] EDGETRADER-VIRTUAL.SimulatedExchange(BINANCE): Added instrument REQBTC.BINANCE and created matching engine
2026-09-23T03:57:43.358429727Z [INFO] EDGETRADER-VIRTUAL.SimulatedExchange(BINANCE): Added instrument REQETH.BINANCE and created matching engine
2026-09-23T03:57:43.358455544Z [INFO] EDGETRADER-VIRTUAL.SimulatedExchange(BINANCE): Added instrument VIBBTC.BINANCE and created matching engine
2026-09-23T03:57:43.358493212Z [INFO] EDGETRADER-VIRTUAL.SimulatedExchange(BINANCE): Added instrument VIBETH.BINANCE and created matching engine
2026-09-23T03:57:43.358523098Z [INFO] EDGETRADER-VIRTUAL.SimulatedExchange(BINANCE): Added instrument HSRETH.BINANCE and created matching engine
2026-09-23T03:57:43.358565717Z [INFO] EDGETRADER-VIRTUAL.SimulatedExchange(BINANCE): Added instrument TRXBTC.BINANCE and created matching engine
2026-09-23T03:57:43.358593348Z [INFO] EDGETRADER-VIRTUAL.SimulatedExchange(BINANCE): Added instrument TRXETH.BINANCE and created matching engine
2026-09-23T03:57:43.358638863Z [INFO] EDGETRADER-VIRTUAL.SimulatedExchange(BINANCE): Added instrument POWRBTC.BINANCE and created matching engine
2026-09-23T03:57:43.358667494Z [INFO] EDGETRADER-VIRTUAL.SimulatedExchange(BINANCE): Added instrument POWRETH.BINANCE and created matching engine
2026-09-23T03:57:43.358707658Z [INFO] EDGETRADER-VIRTUAL.SimulatedExchange(BINANCE): Added instrument ARKBTC.BINANCE and created matching engine
2026-09-23T03:57:43.358735965Z [INFO] EDGETRADER-VIRTUAL.SimulatedExchange(BINANCE): Added instrument ARKETH.BINANCE and created matching engine
2026-09-23T03:57:43.358774567Z [INFO] EDGETRADER-VIRTUAL.SimulatedExchange(BINANCE): Added instrument YOYOETH.BINANCE and created matching engine
2026-09-23T03:57:43.358800371Z [INFO] EDGETRADER-VIRTUAL.SimulatedExchange(BINANCE): Added instrument XRPBTC.BINANCE and created matching engine
2026-09-23T03:57:43.358837749Z [INFO] EDGETRADER-VIRTUAL.SimulatedExchange(BINANCE): Added instrument XRPETH.BINANCE and created matching engine
2026-09-23T03:57:43.358868364Z [INFO] EDGETRADER-VIRTUAL.SimulatedExchange(BINANCE): Added instrument MODBTC.BINANCE and created matching engine
2026-09-23T03:57:43.358901429Z [INFO] EDGETRADER-VIRTUAL.SimulatedExchange(BINANCE): Added instrument MODETH.BINANCE and created matching engine
2026-09-23T03:57:43.358935138Z [INFO] EDGETRADER-VIRTUAL.SimulatedExchange(BINANCE): Added instrument ENJBTC.BINANCE and created matching engine
2026-09-23T03:57:43.358967333Z [INFO] EDGETRADER-VIRTUAL.SimulatedExchange(BINANCE): Added instrument ENJETH.BINANCE and created matching engine
2026-09-23T03:57:43.359002727Z [INFO] EDGETRADER-VIRTUAL.SimulatedExchange(BINANCE): Added instrument STORJBTC.BINANCE and created matching engine
2026-09-23T03:57:43.359035411Z [INFO] EDGETRADER-VIRTUAL.SimulatedExchange(BINANCE): Added instrument STORJETH.BINANCE and created matching engine
2026-09-23T03:57:43.359072514Z [INFO] EDGETRADER-VIRTUAL.SimulatedExchange(BINANCE): Added instrument BNBUSDT.BINANCE and created matching engine
2026-09-23T03:57:43.359108812Z [INFO] EDGETRADER-VIRTUAL.SimulatedExchange(BINANCE): Added instrument VENBNB.BINANCE and created matching engine
2026-09-23T03:57:43.359158904Z [INFO] EDGETRADER-VIRTUAL.SimulatedExchange(BINANCE): Added instrument YOYOBNB.BINANCE and created matching engine
2026-09-23T03:57:43.359215148Z [INFO] EDGETRADER-VIRTUAL.SimulatedExchange(BINANCE): Added instrument POWRBNB.BINANCE and created matching engine
2026-09-23T03:57:43.359257424Z [INFO] EDGETRADER-VIRTUAL.SimulatedExchange(BINANCE): Added instrument VENBTC.BINANCE and created matching engine
2026-09-23T03:57:43.359308959Z [INFO] EDGETRADER-VIRTUAL.SimulatedExchange(BINANCE): Added instrument VENETH.BINANCE and created matching engine
2026-09-23T03:57:43.359348913Z [INFO] EDGETRADER-VIRTUAL.SimulatedExchange(BINANCE): Added instrument KMDBTC.BINANCE and created matching engine
2026-09-23T03:57:43.359402490Z [INFO] EDGETRADER-VIRTUAL.SimulatedExchange(BINANCE): Added instrument KMDETH.BINANCE and created matching engine
2026-09-23T03:57:43.359459394Z [INFO] EDGETRADER-VIRTUAL.SimulatedExchange(BINANCE): Added instrument NULSBNB.BINANCE and created matching engine
2026-09-23T03:57:43.359507263Z [INFO] EDGETRADER-VIRTUAL.SimulatedExchange(BINANCE): Added instrument RCNBTC.BINANCE and created matching engine
2026-09-23T03:57:43.359584660Z [INFO] EDGETRADER-VIRTUAL.SimulatedExchange(BINANCE): Added instrument RCNETH.BINANCE and created matching engine
2026-09-23T03:57:43.359631543Z [INFO] EDGETRADER-VIRTUAL.SimulatedExchange(BINANCE): Added instrument RCNBNB.BINANCE and created matching engine
2026-09-23T03:57:43.359666963Z [INFO] EDGETRADER-VIRTUAL.SimulatedExchange(BINANCE): Added instrument NULSBTC.BINANCE and created matching engine
2026-09-23T03:57:43.359696487Z [INFO] EDGETRADER-VIRTUAL.SimulatedExchange(BINANCE): Added instrument NULSETH.BINANCE and created matching engine
2026-09-23T03:57:43.359757734Z [INFO] EDGETRADER-VIRTUAL.SimulatedExchange(BINANCE): Added instrument RDNBTC.BINANCE and created matching engine
2026-09-23T03:57:43.359807318Z [INFO] EDGETRADER-VIRTUAL.SimulatedExchange(BINANCE): Added instrument RDNETH.BINANCE and created matching engine
2026-09-23T03:57:43.359857083Z [INFO] EDGETRADER-VIRTUAL.SimulatedExchange(BINANCE): Added instrument RDNBNB.BINANCE and created matching engine
2026-09-23T03:57:43.359895266Z [INFO] EDGETRADER-VIRTUAL.SimulatedExchange(BINANCE): Added instrument XMRBTC.BINANCE and created matching engine
2026-09-23T03:57:43.359922299Z [INFO] EDGETRADER-VIRTUAL.SimulatedExchange(BINANCE): Added instrument XMRETH.BINANCE and created matching engine
2026-09-23T03:57:43.359956084Z [INFO] EDGETRADER-VIRTUAL.SimulatedExchange(BINANCE): Added instrument DLTBNB.BINANCE and created matching engine
2026-09-23T03:57:43.359996269Z [INFO] EDGETRADER-VIRTUAL.SimulatedExchange(BINANCE): Added instrument WTCBNB.BINANCE and created matching engine
2026-09-23T03:57:43.360031157Z [INFO] EDGETRADER-VIRTUAL.SimulatedExchange(BINANCE): Added instrument DLTBTC.BINANCE and created matching engine
2026-09-23T03:57:43.360058197Z [INFO] EDGETRADER-VIRTUAL.SimulatedExchange(BINANCE): Added instrument DLTETH.BINANCE and created matching engine
2026-09-23T03:57:43.360101706Z [INFO] EDGETRADER-VIRTUAL.SimulatedExchange(BINANCE): Added instrument AMBBTC.BINANCE and created matching engine
2026-09-23T03:57:43.360149878Z [INFO] EDGETRADER-VIRTUAL.SimulatedExchange(BINANCE): Added instrument AMBETH.BINANCE and created matching engine
2026-09-23T03:57:43.360198143Z [INFO] EDGETRADER-VIRTUAL.SimulatedExchange(BINANCE): Added instrument AMBBNB.BINANCE and created matching engine
2026-09-23T03:57:43.360248095Z [INFO] EDGETRADER-VIRTUAL.SimulatedExchange(BINANCE): Added instrument BCCETH.BINANCE and created matching engine
2026-09-23T03:57:43.360299851Z [INFO] EDGETRADER-VIRTUAL.SimulatedExchange(BINANCE): Added instrument BCCUSDT.BINANCE and created matching engine
2026-09-23T03:57:43.360355832Z [INFO] EDGETRADER-VIRTUAL.SimulatedExchange(BINANCE): Added instrument BCCBNB.BINANCE and created matching engine
2026-09-23T03:57:43.360409181Z [INFO] EDGETRADER-VIRTUAL.SimulatedExchange(BINANCE): Added instrument BATBTC.BINANCE and created matching engine
2026-09-23T03:57:43.360450465Z [INFO] EDGETRADER-VIRTUAL.SimulatedExchange(BINANCE): Added instrument BATETH.BINANCE and created matching engine
2026-09-23T03:57:43.360482779Z [INFO] EDGETRADER-VIRTUAL.SimulatedExchange(BINANCE): Added instrument BATBNB.BINANCE and created matching engine
2026-09-23T03:57:43.360510024Z [INFO] EDGETRADER-VIRTUAL.SimulatedExchange(BINANCE): Added instrument BCPTBTC.BINANCE and created matching engine
2026-09-23T03:57:43.360551333Z [INFO] EDGETRADER-VIRTUAL.SimulatedExchange(BINANCE): Added instrument BCPTETH.BINANCE and created matching engine
2026-09-23T03:57:43.360607163Z [INFO] EDGETRADER-VIRTUAL.SimulatedExchange(BINANCE): Added instrument BCPTBNB.BINANCE and created matching engine
2026-09-23T03:57:43.360649385Z [INFO] EDGETRADER-VIRTUAL.SimulatedExchange(BINANCE): Added instrument ARNBTC.BINANCE and created matching engine
2026-09-23T03:57:43.360683066Z [INFO] EDGETRADER-VIRTUAL.SimulatedExchange(BINANCE): Added instrument ARNETH.BINANCE and created matching engine
2026-09-23T03:57:43.360712562Z [INFO] EDGETRADER-VIRTUAL.SimulatedExchange(BINANCE): Added instrument GVTBTC.BINANCE and created matching engine
2026-09-23T03:57:43.360758644Z [INFO] EDGETRADER-VIRTUAL.SimulatedExchange(BINANCE): Added instrument GVTETH.BINANCE and created matching engine
2026-09-23T03:57:43.360809223Z [INFO] EDGETRADER-VIRTUAL.SimulatedExchange(BINANCE): Added instrument CDTBTC.BINANCE and created matching engine
2026-09-23T03:57:43.360845803Z [INFO] EDGETRADER-VIRTUAL.SimulatedExchange(BINANCE): Added instrument CDTETH.BINANCE and created matching engine
2026-09-23T03:57:43.360898581Z [INFO] EDGETRADER-VIRTUAL.SimulatedExchange(BINANCE): Added instrument GXSBTC.BINANCE and created matching engine
2026-09-23T03:57:43.360944654Z [INFO] EDGETRADER-VIRTUAL.SimulatedExchange(BINANCE): Added instrument GXSETH.BINANCE and created matching engine
2026-09-23T03:57:43.361001113Z [INFO] EDGETRADER-VIRTUAL.SimulatedExchange(BINANCE): Added instrument NEOUSDT.BINANCE and created matching engine
2026-09-23T03:57:43.361048636Z [INFO] EDGETRADER-VIRTUAL.SimulatedExchange(BINANCE): Added instrument NEOBNB.BINANCE and created matching engine
2026-09-23T03:57:43.361131502Z [INFO] EDGETRADER-VIRTUAL.SimulatedExchange(BINANCE): Added instrument POEBTC.BINANCE and created matching engine
2026-09-23T03:57:43.361193320Z [INFO] EDGETRADER-VIRTUAL.SimulatedExchange(BINANCE): Added instrument POEETH.BINANCE and created matching engine
2026-09-23T03:57:43.361247129Z [INFO] EDGETRADER-VIRTUAL.SimulatedExchange(BINANCE): Added instrument QSPBTC.BINANCE and created matching engine
2026-09-23T03:57:43.361287408Z [INFO] EDGETRADER-VIRTUAL.SimulatedExchange(BINANCE): Added instrument QSPETH.BINANCE and created matching engine
2026-09-23T03:57:43.361326216Z [INFO] EDGETRADER-VIRTUAL.SimulatedExchange(BINANCE): Added instrument QSPBNB.BINANCE and created matching engine
2026-09-23T03:57:43.361382086Z [INFO] EDGETRADER-VIRTUAL.SimulatedExchange(BINANCE): Added instrument BTSBTC.BINANCE and created matching engine
2026-09-23T03:57:43.361438811Z [INFO] EDGETRADER-VIRTUAL.SimulatedExchange(BINANCE): Added instrument BTSETH.BINANCE and created matching engine
2026-09-23T03:57:43.361483512Z [INFO] EDGETRADER-VIRTUAL.SimulatedExchange(BINANCE): Added instrument BTSBNB.BINANCE and created matching engine
2026-09-23T03:57:43.361531471Z [INFO] EDGETRADER-VIRTUAL.SimulatedExchange(BINANCE): Added instrument XZCBTC.BINANCE and created matching engine
2026-09-23T03:57:43.361575233Z [INFO] EDGETRADER-VIRTUAL.SimulatedExchange(BINANCE): Added instrument XZCETH.BINANCE and created matching engine
2026-09-23T03:57:43.361610733Z [INFO] EDGETRADER-VIRTUAL.SimulatedExchange(BINANCE): Added instrument XZCBNB.BINANCE and created matching engine
2026-09-23T03:57:43.361667934Z [INFO] EDGETRADER-VIRTUAL.SimulatedExchange(BINANCE): Added instrument LSKBTC.BINANCE and created matching engine
2026-09-23T03:57:43.361728371Z [INFO] EDGETRADER-VIRTUAL.SimulatedExchange(BINANCE): Added instrument LSKETH.BINANCE and created matching engine
2026-09-23T03:57:43.361772819Z [INFO] EDGETRADER-VIRTUAL.SimulatedExchange(BINANCE): Added instrument LSKBNB.BINANCE and created matching engine
2026-09-23T03:57:43.361807618Z [INFO] EDGETRADER-VIRTUAL.SimulatedExchange(BINANCE): Added instrument TNTBTC.BINANCE and created matching engine
2026-09-23T03:57:43.361847229Z [INFO] EDGETRADER-VIRTUAL.SimulatedExchange(BINANCE): Added instrument TNTETH.BINANCE and created matching engine
2026-09-23T03:57:43.361904151Z [INFO] EDGETRADER-VIRTUAL.SimulatedExchange(BINANCE): Added instrument FUELBTC.BINANCE and created matching engine
2026-09-23T03:57:43.361951509Z [INFO] EDGETRADER-VIRTUAL.SimulatedExchange(BINANCE): Added instrument FUELETH.BINANCE and created matching engine
2026-09-23T03:57:43.361991184Z [INFO] EDGETRADER-VIRTUAL.SimulatedExchange(BINANCE): Added instrument MANABTC.BINANCE and created matching engine
2026-09-23T03:57:43.362031420Z [INFO] EDGETRADER-VIRTUAL.SimulatedExchange(BINANCE): Added instrument MANAETH.BINANCE and created matching engine
2026-09-23T03:57:43.362087746Z [INFO] EDGETRADER-VIRTUAL.SimulatedExchange(BINANCE): Added instrument BCDBTC.BINANCE and created matching engine
2026-09-23T03:57:43.362130280Z [INFO] EDGETRADER-VIRTUAL.SimulatedExchange(BINANCE): Added instrument BCDETH.BINANCE and created matching engine
2026-09-23T03:57:43.362165306Z [INFO] EDGETRADER-VIRTUAL.SimulatedExchange(BINANCE): Added instrument DGDBTC.BINANCE and created matching engine
2026-09-23T03:57:43.362199411Z [INFO] EDGETRADER-VIRTUAL.SimulatedExchange(BINANCE): Added instrument DGDETH.BINANCE and created matching engine
2026-09-23T03:57:43.362248443Z [INFO] EDGETRADER-VIRTUAL.SimulatedExchange(BINANCE): Added instrument IOTABNB.BINANCE and created matching engine
2026-09-23T03:57:43.362306319Z [INFO] EDGETRADER-VIRTUAL.SimulatedExchange(BINANCE): Added instrument ADXBTC.BINANCE and created matching engine
2026-09-23T03:57:43.362350128Z [INFO] EDGETRADER-VIRTUAL.SimulatedExchange(BINANCE): Added instrument ADXETH.BINANCE and created matching engine
2026-09-23T03:57:43.362399377Z [INFO] EDGETRADER-VIRTUAL.SimulatedExchange(BINANCE): Added instrument ADXBNB.BINANCE and created matching engine
2026-09-23T03:57:43.362435579Z [INFO] EDGETRADER-VIRTUAL.SimulatedExchange(BINANCE): Added instrument ADABTC.BINANCE and created matching engine
2026-09-23T03:57:43.362470827Z [INFO] EDGETRADER-VIRTUAL.SimulatedExchange(BINANCE): Added instrument ADAETH.BINANCE and created matching engine
2026-09-23T03:57:43.362520480Z [INFO] EDGETRADER-VIRTUAL.SimulatedExchange(BINANCE): Added instrument PPTBTC.BINANCE and created matching engine
2026-09-23T03:57:43.362570084Z [INFO] EDGETRADER-VIRTUAL.SimulatedExchange(BINANCE): Added instrument PPTETH.BINANCE and created matching engine
2026-09-23T03:57:43.362618823Z [INFO] EDGETRADER-VIRTUAL.SimulatedExchange(BINANCE): Added instrument CMTBTC.BINANCE and created matching engine
2026-09-23T03:57:43.362679342Z [INFO] EDGETRADER-VIRTUAL.SimulatedExchange(BINANCE): Added instrument CMTETH.BINANCE and created matching engine
2026-09-23T03:57:43.362716532Z [INFO] EDGETRADER-VIRTUAL.SimulatedExchange(BINANCE): Added instrument CMTBNB.BINANCE and created matching engine
2026-09-23T03:57:43.362796534Z [INFO] EDGETRADER-VIRTUAL.SimulatedExchange(BINANCE): Added instrument XLMBTC.BINANCE and created matching engine
2026-09-23T03:57:43.362856274Z [INFO] EDGETRADER-VIRTUAL.SimulatedExchange(BINANCE): Added instrument XLMETH.BINANCE and created matching engine
2026-09-23T03:57:43.362912441Z [INFO] EDGETRADER-VIRTUAL.SimulatedExchange(BINANCE): Added instrument XLMBNB.BINANCE and created matching engine
2026-09-23T03:57:43.362950572Z [INFO] EDGETRADER-VIRTUAL.SimulatedExchange(BINANCE): Added instrument CNDBTC.BINANCE and created matching engine
2026-09-23T03:57:43.362998908Z [INFO] EDGETRADER-VIRTUAL.SimulatedExchange(BINANCE): Added instrument CNDETH.BINANCE and created matching engine
2026-09-23T03:57:43.363056188Z [INFO] EDGETRADER-VIRTUAL.SimulatedExchange(BINANCE): Added instrument CNDBNB.BINANCE and created matching engine
2026-09-23T03:57:43.363116905Z [INFO] EDGETRADER-VIRTUAL.SimulatedExchange(BINANCE): Added instrument LENDBTC.BINANCE and created matching engine
2026-09-23T03:57:43.363155657Z [INFO] EDGETRADER-VIRTUAL.SimulatedExchange(BINANCE): Added instrument LENDETH.BINANCE and created matching engine
2026-09-23T03:57:43.363187376Z [INFO] EDGETRADER-VIRTUAL.SimulatedExchange(BINANCE): Added instrument WABIBTC.BINANCE and created matching engine
2026-09-23T03:57:43.363223058Z [INFO] EDGETRADER-VIRTUAL.SimulatedExchange(BINANCE): Added instrument WABIETH.BINANCE and created matching engine
2026-09-23T03:57:43.363273618Z [INFO] EDGETRADER-VIRTUAL.SimulatedExchange(BINANCE): Added instrument WABIBNB.BINANCE and created matching engine
2026-09-23T03:57:43.363336495Z [INFO] EDGETRADER-VIRTUAL.SimulatedExchange(BINANCE): Added instrument LTCETH.BINANCE and created matching engine
2026-09-23T03:57:43.363393575Z [INFO] EDGETRADER-VIRTUAL.SimulatedExchange(BINANCE): Added instrument LTCUSDT.BINANCE and created matching engine
2026-09-23T03:57:43.363452781Z [INFO] EDGETRADER-VIRTUAL.SimulatedExchange(BINANCE): Added instrument LTCBNB.BINANCE and created matching engine
2026-09-23T03:57:43.363518281Z [INFO] EDGETRADER-VIRTUAL.SimulatedExchange(BINANCE): Added instrument TNBBTC.BINANCE and created matching engine
2026-09-23T03:57:43.363575801Z [INFO] EDGETRADER-VIRTUAL.SimulatedExchange(BINANCE): Added instrument TNBETH.BINANCE and created matching engine
2026-09-23T03:57:43.363624811Z [INFO] EDGETRADER-VIRTUAL.SimulatedExchange(BINANCE): Added instrument WAVESBTC.BINANCE and created matching engine
2026-09-23T03:57:43.363681926Z [INFO] EDGETRADER-VIRTUAL.SimulatedExchange(BINANCE): Added instrument WAVESETH.BINANCE and created matching engine
2026-09-23T03:57:43.363746526Z [INFO] EDGETRADER-VIRTUAL.SimulatedExchange(BINANCE): Added instrument WAVESBNB.BINANCE and created matching engine
2026-09-23T03:57:43.363810872Z [INFO] EDGETRADER-VIRTUAL.SimulatedExchange(BINANCE): Added instrument GTOBTC.BINANCE and created matching engine
2026-09-23T03:57:43.363866226Z [INFO] EDGETRADER-VIRTUAL.SimulatedExchange(BINANCE): Added instrument GTOETH.BINANCE and created matching engine
2026-09-23T03:57:43.363916271Z [INFO] EDGETRADER-VIRTUAL.SimulatedExchange(BINANCE): Added instrument GTOBNB.BINANCE and created matching engine
2026-09-23T03:57:43.363977056Z [INFO] EDGETRADER-VIRTUAL.SimulatedExchange(BINANCE): Added instrument ICXBTC.BINANCE and created matching engine
2026-09-23T03:57:43.364022835Z [INFO] EDGETRADER-VIRTUAL.SimulatedExchange(BINANCE): Added instrument ICXETH.BINANCE and created matching engine
2026-09-23T03:57:43.364081265Z [INFO] EDGETRADER-VIRTUAL.SimulatedExchange(BINANCE): Added instrument ICXBNB.BINANCE and created matching engine
2026-09-23T03:57:43.364129697Z [INFO] EDGETRADER-VIRTUAL.SimulatedExchange(BINANCE): Added instrument OSTBTC.BINANCE and created matching engine
2026-09-23T03:57:43.364179735Z [INFO] EDGETRADER-VIRTUAL.SimulatedExchange(BINANCE): Added instrument OSTETH.BINANCE and created matching engine
2026-09-23T03:57:43.364236469Z [INFO] EDGETRADER-VIRTUAL.SimulatedExchange(BINANCE): Added instrument OSTBNB.BINANCE and created matching engine
2026-09-23T03:57:43.364286218Z [INFO] EDGETRADER-VIRTUAL.SimulatedExchange(BINANCE): Added instrument ELFBTC.BINANCE and created matching engine
2026-09-23T03:57:43.364350038Z [INFO] EDGETRADER-VIRTUAL.SimulatedExchange(BINANCE): Added instrument ELFETH.BINANCE and created matching engine
2026-09-23T03:57:43.364399191Z [INFO] EDGETRADER-VIRTUAL.SimulatedExchange(BINANCE): Added instrument AIONBTC.BINANCE and created matching engine
2026-09-23T03:57:43.364458986Z [INFO] EDGETRADER-VIRTUAL.SimulatedExchange(BINANCE): Added instrument AIONETH.BINANCE and created matching engine
2026-09-23T03:57:43.364516803Z [INFO] EDGETRADER-VIRTUAL.SimulatedExchange(BINANCE): Added instrument AIONBNB.BINANCE and created matching engine
2026-09-23T03:57:43.364577253Z [INFO] EDGETRADER-VIRTUAL.SimulatedExchange(BINANCE): Added instrument NEBLBTC.BINANCE and created matching engine
2026-09-23T03:57:43.364626337Z [INFO] EDGETRADER-VIRTUAL.SimulatedExchange(BINANCE): Added instrument NEBLBNB.BINANCE and created matching engine
2026-09-23T03:57:43.364711891Z [INFO] EDGETRADER-VIRTUAL.SimulatedExchange(BINANCE): Added instrument BRDBTC.BINANCE and created matching engine
2026-09-23T03:57:43.364781594Z [INFO] EDGETRADER-VIRTUAL.SimulatedExchange(BINANCE): Added instrument BRDETH.BINANCE and created matching engine
2026-09-23T03:57:43.364841965Z [INFO] EDGETRADER-VIRTUAL.SimulatedExchange(BINANCE): Added instrument BRDBNB.BINANCE and created matching engine
2026-09-23T03:57:43.364893617Z [INFO] EDGETRADER-VIRTUAL.SimulatedExchange(BINANCE): Added instrument MCOBNB.BINANCE and created matching engine
2026-09-23T03:57:43.364953520Z [INFO] EDGETRADER-VIRTUAL.SimulatedExchange(BINANCE): Added instrument EDOBTC.BINANCE and created matching engine
2026-09-23T03:57:43.365002151Z [INFO] EDGETRADER-VIRTUAL.SimulatedExchange(BINANCE): Added instrument EDOETH.BINANCE and created matching engine
2026-09-23T03:57:43.365063010Z [INFO] EDGETRADER-VIRTUAL.SimulatedExchange(BINANCE): Added instrument WINGSBTC.BINANCE and created matching engine
2026-09-23T03:57:43.365114392Z [INFO] EDGETRADER-VIRTUAL.SimulatedExchange(BINANCE): Added instrument WINGSETH.BINANCE and created matching engine
2026-09-23T03:57:43.365176024Z [INFO] EDGETRADER-VIRTUAL.SimulatedExchange(BINANCE): Added instrument NAVBTC.BINANCE and created matching engine
2026-09-23T03:57:43.365226235Z [INFO] EDGETRADER-VIRTUAL.SimulatedExchange(BINANCE): Added instrument NAVETH.BINANCE and created matching engine
2026-09-23T03:57:43.365288890Z [INFO] EDGETRADER-VIRTUAL.SimulatedExchange(BINANCE): Added instrument NAVBNB.BINANCE and created matching engine
2026-09-23T03:57:43.365337196Z [INFO] EDGETRADER-VIRTUAL.SimulatedExchange(BINANCE): Added instrument LUNBTC.BINANCE and created matching engine
2026-09-23T03:57:43.365404423Z [INFO] EDGETRADER-VIRTUAL.SimulatedExchange(BINANCE): Added instrument LUNETH.BINANCE and created matching engine
2026-09-23T03:57:43.365455070Z [INFO] EDGETRADER-VIRTUAL.SimulatedExchange(BINANCE): Added instrument TRIGBTC.BINANCE and created matching engine
2026-09-23T03:57:43.365514348Z [INFO] EDGETRADER-VIRTUAL.SimulatedExchange(BINANCE): Added instrument TRIGETH.BINANCE and created matching engine
2026-09-23T03:57:43.365557031Z [INFO] EDGETRADER-VIRTUAL.SimulatedExchange(BINANCE): Added instrument TRIGBNB.BINANCE and created matching engine
2026-09-23T03:57:43.365616039Z [INFO] EDGETRADER-VIRTUAL.SimulatedExchange(BINANCE): Added instrument APPCBTC.BINANCE and created matching engine
2026-09-23T03:57:43.365670911Z [INFO] EDGETRADER-VIRTUAL.SimulatedExchange(BINANCE): Added instrument APPCETH.BINANCE and created matching engine
2026-09-23T03:57:43.365736769Z [INFO] EDGETRADER-VIRTUAL.SimulatedExchange(BINANCE): Added instrument APPCBNB.BINANCE and created matching engine
2026-09-23T03:57:43.365785910Z [INFO] EDGETRADER-VIRTUAL.SimulatedExchange(BINANCE): Added instrument VIBEBTC.BINANCE and created matching engine
2026-09-23T03:57:43.365848577Z [INFO] EDGETRADER-VIRTUAL.SimulatedExchange(BINANCE): Added instrument VIBEETH.BINANCE and created matching engine
2026-09-23T03:57:43.365901890Z [INFO] EDGETRADER-VIRTUAL.SimulatedExchange(BINANCE): Added instrument RLCBTC.BINANCE and created matching engine
2026-09-23T03:57:43.365965201Z [INFO] EDGETRADER-VIRTUAL.SimulatedExchange(BINANCE): Added instrument RLCETH.BINANCE and created matching engine
2026-09-23T03:57:43.366016514Z [INFO] EDGETRADER-VIRTUAL.SimulatedExchange(BINANCE): Added instrument RLCBNB.BINANCE and created matching engine
2026-09-23T03:57:43.366079590Z [INFO] EDGETRADER-VIRTUAL.SimulatedExchange(BINANCE): Added instrument INSBTC.BINANCE and created matching engine
2026-09-23T03:57:43.366135982Z [INFO] EDGETRADER-VIRTUAL.SimulatedExchange(BINANCE): Added instrument INSETH.BINANCE and created matching engine
2026-09-23T03:57:43.366195619Z [INFO] EDGETRADER-VIRTUAL.SimulatedExchange(BINANCE): Added instrument PIVXBTC.BINANCE and created matching engine
2026-09-23T03:57:43.366247444Z [INFO] EDGETRADER-VIRTUAL.SimulatedExchange(BINANCE): Added instrument PIVXBNB.BINANCE and created matching engine
2026-09-23T03:57:43.366306100Z [INFO] EDGETRADER-VIRTUAL.SimulatedExchange(BINANCE): Added instrument IOSTBTC.BINANCE and created matching engine
2026-09-23T03:57:43.366357987Z [INFO] EDGETRADER-VIRTUAL.SimulatedExchange(BINANCE): Added instrument IOSTETH.BINANCE and created matching engine
2026-09-23T03:57:43.366421835Z [INFO] EDGETRADER-VIRTUAL.SimulatedExchange(BINANCE): Added instrument CHATBTC.BINANCE and created matching engine
2026-09-23T03:57:43.366475232Z [INFO] EDGETRADER-VIRTUAL.SimulatedExchange(BINANCE): Added instrument CHATETH.BINANCE and created matching engine
2026-09-23T03:57:43.366538721Z [INFO] EDGETRADER-VIRTUAL.SimulatedExchange(BINANCE): Added instrument STEEMBTC.BINANCE and created matching engine
2026-09-23T03:57:43.366604166Z [INFO] EDGETRADER-VIRTUAL.SimulatedExchange(BINANCE): Added instrument STEEMETH.BINANCE and created matching engine
2026-09-23T03:57:43.366653110Z [INFO] EDGETRADER-VIRTUAL.SimulatedExchange(BINANCE): Added instrument STEEMBNB.BINANCE and created matching engine
2026-09-23T03:57:43.366928020Z [INFO] EDGETRADER-VIRTUAL.SimulatedExchange(BINANCE): Added instrument NANOBTC.BINANCE and created matching engine
2026-09-23T03:57:43.367022800Z [INFO] EDGETRADER-VIRTUAL.SimulatedExchange(BINANCE): Added instrument NANOETH.BINANCE and created matching engine
2026-09-23T03:57:43.367094501Z [INFO] EDGETRADER-VIRTUAL.SimulatedExchange(BINANCE): Added instrument NANOBNB.BINANCE and created matching engine
2026-09-23T03:57:43.367162778Z [INFO] EDGETRADER-VIRTUAL.SimulatedExchange(BINANCE): Added instrument VIABTC.BINANCE and created matching engine
2026-09-23T03:57:43.367234038Z [INFO] EDGETRADER-VIRTUAL.SimulatedExchange(BINANCE): Added instrument VIAETH.BINANCE and created matching engine
2026-09-23T03:57:43.367279082Z [INFO] EDGETRADER-VIRTUAL.SimulatedExchange(BINANCE): Added instrument VIABNB.BINANCE and created matching engine
2026-09-23T03:57:43.367322205Z [INFO] EDGETRADER-VIRTUAL.SimulatedExchange(BINANCE): Added instrument BLZBTC.BINANCE and created matching engine
2026-09-23T03:57:43.367375759Z [INFO] EDGETRADER-VIRTUAL.SimulatedExchange(BINANCE): Added instrument BLZETH.BINANCE and created matching engine
2026-09-23T03:57:43.367425157Z [INFO] EDGETRADER-VIRTUAL.SimulatedExchange(BINANCE): Added instrument BLZBNB.BINANCE and created matching engine
2026-09-23T03:57:43.367465728Z [INFO] EDGETRADER-VIRTUAL.SimulatedExchange(BINANCE): Added instrument AEBTC.BINANCE and created matching engine
2026-09-23T03:57:43.367516751Z [INFO] EDGETRADER-VIRTUAL.SimulatedExchange(BINANCE): Added instrument AEETH.BINANCE and created matching engine
2026-09-23T03:57:43.367579451Z [INFO] EDGETRADER-VIRTUAL.SimulatedExchange(BINANCE): Added instrument AEBNB.BINANCE and created matching engine
2026-09-23T03:57:43.367646328Z [INFO] EDGETRADER-VIRTUAL.SimulatedExchange(BINANCE): Added instrument RPXBTC.BINANCE and created matching engine
2026-09-23T03:57:43.367720301Z [INFO] EDGETRADER-VIRTUAL.SimulatedExchange(BINANCE): Added instrument RPXETH.BINANCE and created matching engine
2026-09-23T03:57:43.367794412Z [INFO] EDGETRADER-VIRTUAL.SimulatedExchange(BINANCE): Added instrument RPXBNB.BINANCE and created matching engine
2026-09-23T03:57:43.367852712Z [INFO] EDGETRADER-VIRTUAL.SimulatedExchange(BINANCE): Added instrument NCASHBTC.BINANCE and created matching engine
2026-09-23T03:57:43.367921887Z [INFO] EDGETRADER-VIRTUAL.SimulatedExchange(BINANCE): Added instrument NCASHETH.BINANCE and created matching engine
2026-09-23T03:57:43.367977821Z [INFO] EDGETRADER-VIRTUAL.SimulatedExchange(BINANCE): Added instrument NCASHBNB.BINANCE and created matching engine
2026-09-23T03:57:43.368044103Z [INFO] EDGETRADER-VIRTUAL.SimulatedExchange(BINANCE): Added instrument POABTC.BINANCE and created matching engine
2026-09-23T03:57:43.368101101Z [INFO] EDGETRADER-VIRTUAL.SimulatedExchange(BINANCE): Added instrument POAETH.BINANCE and created matching engine
2026-09-23T03:57:43.368166192Z [INFO] EDGETRADER-VIRTUAL.SimulatedExchange(BINANCE): Added instrument POABNB.BINANCE and created matching engine
2026-09-23T03:57:43.368220114Z [INFO] EDGETRADER-VIRTUAL.SimulatedExchange(BINANCE): Added instrument ZILBTC.BINANCE and created matching engine
2026-09-23T03:57:43.368285639Z [INFO] EDGETRADER-VIRTUAL.SimulatedExchange(BINANCE): Added instrument ZILETH.BINANCE and created matching engine
2026-09-23T03:57:43.368343823Z [INFO] EDGETRADER-VIRTUAL.SimulatedExchange(BINANCE): Added instrument ZILBNB.BINANCE and created matching engine
2026-09-23T03:57:43.368408238Z [INFO] EDGETRADER-VIRTUAL.SimulatedExchange(BINANCE): Added instrument ONTBTC.BINANCE and created matching engine
2026-09-23T03:57:43.368465242Z [INFO] EDGETRADER-VIRTUAL.SimulatedExchange(BINANCE): Added instrument ONTETH.BINANCE and created matching engine
2026-09-23T03:57:43.368530608Z [INFO] EDGETRADER-VIRTUAL.SimulatedExchange(BINANCE): Added instrument ONTBNB.BINANCE and created matching engine
2026-09-23T03:57:43.368593988Z [INFO] EDGETRADER-VIRTUAL.SimulatedExchange(BINANCE): Added instrument STORMBTC.BINANCE and created matching engine
2026-09-23T03:57:43.368649432Z [INFO] EDGETRADER-VIRTUAL.SimulatedExchange(BINANCE): Added instrument STORMETH.BINANCE and created matching engine
2026-09-23T03:57:43.368710421Z [INFO] EDGETRADER-VIRTUAL.SimulatedExchange(BINANCE): Added instrument STORMBNB.BINANCE and created matching engine
2026-09-23T03:57:43.368769112Z [INFO] EDGETRADER-VIRTUAL.SimulatedExchange(BINANCE): Added instrument QTUMBNB.BINANCE and created matching engine
2026-09-23T03:57:43.368830911Z [INFO] EDGETRADER-VIRTUAL.SimulatedExchange(BINANCE): Added instrument QTUMUSDT.BINANCE and created matching engine
2026-09-23T03:57:43.368876451Z [INFO] EDGETRADER-VIRTUAL.SimulatedExchange(BINANCE): Added instrument XEMBTC.BINANCE and created matching engine
2026-09-23T03:57:43.368921696Z [INFO] EDGETRADER-VIRTUAL.SimulatedExchange(BINANCE): Added instrument XEMETH.BINANCE and created matching engine
2026-09-23T03:57:43.368960827Z [INFO] EDGETRADER-VIRTUAL.SimulatedExchange(BINANCE): Added instrument XEMBNB.BINANCE and created matching engine
2026-09-23T03:57:43.369030352Z [INFO] EDGETRADER-VIRTUAL.SimulatedExchange(BINANCE): Added instrument WANBTC.BINANCE and created matching engine
2026-09-23T03:57:43.369080020Z [INFO] EDGETRADER-VIRTUAL.SimulatedExchange(BINANCE): Added instrument WANETH.BINANCE and created matching engine
2026-09-23T03:57:43.369127111Z [INFO] EDGETRADER-VIRTUAL.SimulatedExchange(BINANCE): Added instrument WANBNB.BINANCE and created matching engine
2026-09-23T03:57:43.369170768Z [INFO] EDGETRADER-VIRTUAL.SimulatedExchange(BINANCE): Added instrument WPRBTC.BINANCE and created matching engine
2026-09-23T03:57:43.369216206Z [INFO] EDGETRADER-VIRTUAL.SimulatedExchange(BINANCE): Added instrument WPRETH.BINANCE and created matching engine
2026-09-23T03:57:43.369256071Z [INFO] EDGETRADER-VIRTUAL.SimulatedExchange(BINANCE): Added instrument QLCBTC.BINANCE and created matching engine
2026-09-23T03:57:43.369290841Z [INFO] EDGETRADER-VIRTUAL.SimulatedExchange(BINANCE): Added instrument QLCETH.BINANCE and created matching engine
2026-09-23T03:57:43.369336130Z [INFO] EDGETRADER-VIRTUAL.SimulatedExchange(BINANCE): Added instrument SYSBTC.BINANCE and created matching engine
2026-09-23T03:57:43.369374520Z [INFO] EDGETRADER-VIRTUAL.SimulatedExchange(BINANCE): Added instrument SYSETH.BINANCE and created matching engine
2026-09-23T03:57:43.369419444Z [INFO] EDGETRADER-VIRTUAL.SimulatedExchange(BINANCE): Added instrument SYSBNB.BINANCE and created matching engine
2026-09-23T03:57:43.369457795Z [INFO] EDGETRADER-VIRTUAL.SimulatedExchange(BINANCE): Added instrument QLCBNB.BINANCE and created matching engine
2026-09-23T03:57:43.369505675Z [INFO] EDGETRADER-VIRTUAL.SimulatedExchange(BINANCE): Added instrument GRSBTC.BINANCE and created matching engine
2026-09-23T03:57:43.369545841Z [INFO] EDGETRADER-VIRTUAL.SimulatedExchange(BINANCE): Added instrument GRSETH.BINANCE and created matching engine
2026-09-23T03:57:43.369579713Z [INFO] EDGETRADER-VIRTUAL.SimulatedExchange(BINANCE): Added instrument ADAUSDT.BINANCE and created matching engine
2026-09-23T03:57:43.369634783Z [INFO] EDGETRADER-VIRTUAL.SimulatedExchange(BINANCE): Added instrument ADABNB.BINANCE and created matching engine
2026-09-23T03:57:43.369691935Z [INFO] EDGETRADER-VIRTUAL.SimulatedExchange(BINANCE): Added instrument CLOAKBTC.BINANCE and created matching engine
2026-09-23T03:57:43.369757383Z [INFO] EDGETRADER-VIRTUAL.SimulatedExchange(BINANCE): Added instrument CLOAKETH.BINANCE and created matching engine
2026-09-23T03:57:43.369823238Z [INFO] EDGETRADER-VIRTUAL.SimulatedExchange(BINANCE): Added instrument GNTBTC.BINANCE and created matching engine
2026-09-23T03:57:43.369885068Z [INFO] EDGETRADER-VIRTUAL.SimulatedExchange(BINANCE): Added instrument GNTETH.BINANCE and created matching engine
2026-09-23T03:57:43.369958304Z [INFO] EDGETRADER-VIRTUAL.SimulatedExchange(BINANCE): Added instrument GNTBNB.BINANCE and created matching engine
2026-09-23T03:57:43.370021907Z [INFO] EDGETRADER-VIRTUAL.SimulatedExchange(BINANCE): Added instrument LOOMBTC.BINANCE and created matching engine
2026-09-23T03:57:43.370090602Z [INFO] EDGETRADER-VIRTUAL.SimulatedExchange(BINANCE): Added instrument LOOMETH.BINANCE and created matching engine
2026-09-23T03:57:43.370148128Z [INFO] EDGETRADER-VIRTUAL.SimulatedExchange(BINANCE): Added instrument LOOMBNB.BINANCE and created matching engine
2026-09-23T03:57:43.370223657Z [INFO] EDGETRADER-VIRTUAL.SimulatedExchange(BINANCE): Added instrument XRPUSDT.BINANCE and created matching engine
2026-09-23T03:57:43.370284588Z [INFO] EDGETRADER-VIRTUAL.SimulatedExchange(BINANCE): Added instrument BCNBTC.BINANCE and created matching engine
2026-09-23T03:57:43.370352496Z [INFO] EDGETRADER-VIRTUAL.SimulatedExchange(BINANCE): Added instrument BCNETH.BINANCE and created matching engine
2026-09-23T03:57:43.370410008Z [INFO] EDGETRADER-VIRTUAL.SimulatedExchange(BINANCE): Added instrument BCNBNB.BINANCE and created matching engine
2026-09-23T03:57:43.370477212Z [INFO] EDGETRADER-VIRTUAL.SimulatedExchange(BINANCE): Added instrument REPBTC.BINANCE and created matching engine
2026-09-23T03:57:43.370536469Z [INFO] EDGETRADER-VIRTUAL.SimulatedExchange(BINANCE): Added instrument REPBNB.BINANCE and created matching engine
2026-09-23T03:57:43.370607394Z [INFO] EDGETRADER-VIRTUAL.SimulatedExchange(BINANCE): Added instrument BTCTUSD.BINANCE and created matching engine
2026-09-23T03:57:43.370667602Z [INFO] EDGETRADER-VIRTUAL.SimulatedExchange(BINANCE): Added instrument TUSDBTC.BINANCE and created matching engine
2026-09-23T03:57:43.370732485Z [INFO] EDGETRADER-VIRTUAL.SimulatedExchange(BINANCE): Added instrument ETHTUSD.BINANCE and created matching engine
2026-09-23T03:57:43.370790524Z [INFO] EDGETRADER-VIRTUAL.SimulatedExchange(BINANCE): Added instrument TUSDETH.BINANCE and created matching engine
2026-09-23T03:57:43.370856994Z [INFO] EDGETRADER-VIRTUAL.SimulatedExchange(BINANCE): Added instrument TUSDBNB.BINANCE and created matching engine
2026-09-23T03:57:43.370920222Z [INFO] EDGETRADER-VIRTUAL.SimulatedExchange(BINANCE): Added instrument ZENBTC.BINANCE and created matching engine
2026-09-23T03:57:43.371014004Z [INFO] EDGETRADER-VIRTUAL.SimulatedExchange(BINANCE): Added instrument ZENETH.BINANCE and created matching engine
2026-09-23T03:57:43.371094427Z [INFO] EDGETRADER-VIRTUAL.SimulatedExchange(BINANCE): Added instrument ZENBNB.BINANCE and created matching engine
2026-09-23T03:57:43.371164463Z [INFO] EDGETRADER-VIRTUAL.SimulatedExchange(BINANCE): Added instrument SKYCOINBTC.BINANCE and created matching engine
2026-09-23T03:57:43.371223010Z [INFO] EDGETRADER-VIRTUAL.SimulatedExchange(BINANCE): Added instrument SKYCOINETH.BINANCE and created matching engine
2026-09-23T03:57:43.371286021Z [INFO] EDGETRADER-VIRTUAL.SimulatedExchange(BINANCE): Added instrument SKYCOINBNB.BINANCE and created matching engine
2026-09-23T03:57:43.371347377Z [INFO] EDGETRADER-VIRTUAL.SimulatedExchange(BINANCE): Added instrument EOSUSDT.BINANCE and created matching engine
2026-09-23T03:57:43.371416045Z [INFO] EDGETRADER-VIRTUAL.SimulatedExchange(BINANCE): Added instrument EOSBNB.BINANCE and created matching engine
2026-09-23T03:57:43.371476269Z [INFO] EDGETRADER-VIRTUAL.SimulatedExchange(BINANCE): Added instrument CVCBTC.BINANCE and created matching engine
2026-09-23T03:57:43.371548159Z [INFO] EDGETRADER-VIRTUAL.SimulatedExchange(BINANCE): Added instrument CVCETH.BINANCE and created matching engine
2026-09-23T03:57:43.371608959Z [INFO] EDGETRADER-VIRTUAL.SimulatedExchange(BINANCE): Added instrument CVCBNB.BINANCE and created matching engine
2026-09-23T03:57:43.371675797Z [INFO] EDGETRADER-VIRTUAL.SimulatedExchange(BINANCE): Added instrument THETABTC.BINANCE and created matching engine
2026-09-23T03:57:43.371751442Z [INFO] EDGETRADER-VIRTUAL.SimulatedExchange(BINANCE): Added instrument THETAETH.BINANCE and created matching engine
2026-09-23T03:57:43.371826846Z [INFO] EDGETRADER-VIRTUAL.SimulatedExchange(BINANCE): Added instrument THETABNB.BINANCE and created matching engine
2026-09-23T03:57:43.371888802Z [INFO] EDGETRADER-VIRTUAL.SimulatedExchange(BINANCE): Added instrument XRPBNB.BINANCE and created matching engine
2026-09-23T03:57:43.371954529Z [INFO] EDGETRADER-VIRTUAL.SimulatedExchange(BINANCE): Added instrument TUSDUSDT.BINANCE and created matching engine
2026-09-23T03:57:43.372026060Z [INFO] EDGETRADER-VIRTUAL.SimulatedExchange(BINANCE): Added instrument IOTAUSDT.BINANCE and created matching engine
2026-09-23T03:57:43.372096494Z [INFO] EDGETRADER-VIRTUAL.SimulatedExchange(BINANCE): Added instrument XLMUSDT.BINANCE and created matching engine
2026-09-23T03:57:43.372159649Z [INFO] EDGETRADER-VIRTUAL.SimulatedExchange(BINANCE): Added instrument IOTXBTC.BINANCE and created matching engine
2026-09-23T03:57:43.372230143Z [INFO] EDGETRADER-VIRTUAL.SimulatedExchange(BINANCE): Added instrument IOTXETH.BINANCE and created matching engine
2026-09-23T03:57:43.372291975Z [INFO] EDGETRADER-VIRTUAL.SimulatedExchange(BINANCE): Added instrument QKCBTC.BINANCE and created matching engine
2026-09-23T03:57:43.372356894Z [INFO] EDGETRADER-VIRTUAL.SimulatedExchange(BINANCE): Added instrument QKCETH.BINANCE and created matching engine
2026-09-23T03:57:43.372419902Z [INFO] EDGETRADER-VIRTUAL.SimulatedExchange(BINANCE): Added instrument AGIBTC.BINANCE and created matching engine
2026-09-23T03:57:43.372496540Z [INFO] EDGETRADER-VIRTUAL.SimulatedExchange(BINANCE): Added instrument AGIETH.BINANCE and created matching engine
2026-09-23T03:57:43.372619187Z [INFO] EDGETRADER-VIRTUAL.SimulatedExchange(BINANCE): Added instrument AGIBNB.BINANCE and created matching engine
2026-09-23T03:57:43.372684944Z [INFO] EDGETRADER-VIRTUAL.SimulatedExchange(BINANCE): Added instrument NXSBTC.BINANCE and created matching engine
2026-09-23T03:57:43.372745876Z [INFO] EDGETRADER-VIRTUAL.SimulatedExchange(BINANCE): Added instrument NXSETH.BINANCE and created matching engine
2026-09-23T03:57:43.372796972Z [INFO] EDGETRADER-VIRTUAL.SimulatedExchange(BINANCE): Added instrument NXSBNB.BINANCE and created matching engine
2026-09-23T03:57:43.372870147Z [INFO] EDGETRADER-VIRTUAL.SimulatedExchange(BINANCE): Added instrument ENJBNB.BINANCE and created matching engine
2026-09-23T03:57:43.372929905Z [INFO] EDGETRADER-VIRTUAL.SimulatedExchange(BINANCE): Added instrument DATABTC.BINANCE and created matching engine
2026-09-23T03:57:43.372980468Z [INFO] EDGETRADER-VIRTUAL.SimulatedExchange(BINANCE): Added instrument DATAETH.BINANCE and created matching engine
2026-09-23T03:57:43.373052259Z [INFO] EDGETRADER-VIRTUAL.SimulatedExchange(BINANCE): Added instrument ONTUSDT.BINANCE and created matching engine
2026-09-23T03:57:43.373114468Z [INFO] EDGETRADER-VIRTUAL.SimulatedExchange(BINANCE): Added instrument TRXBNB.BINANCE and created matching engine
2026-09-23T03:57:43.373165663Z [INFO] EDGETRADER-VIRTUAL.SimulatedExchange(BINANCE): Added instrument TRXUSDT.BINANCE and created matching engine
2026-09-23T03:57:43.373238921Z [INFO] EDGETRADER-VIRTUAL.SimulatedExchange(BINANCE): Added instrument ETCUSDT.BINANCE and created matching engine
2026-09-23T03:57:43.373301609Z [INFO] EDGETRADER-VIRTUAL.SimulatedExchange(BINANCE): Added instrument ETCBNB.BINANCE and created matching engine
2026-09-23T03:57:43.373400010Z [INFO] EDGETRADER-VIRTUAL.SimulatedExchange(BINANCE): Added instrument ICXUSDT.BINANCE and created matching engine
2026-09-23T03:57:43.373473741Z [INFO] EDGETRADER-VIRTUAL.SimulatedExchange(BINANCE): Added instrument SCBTC.BINANCE and created matching engine
2026-09-23T03:57:43.373537685Z [INFO] EDGETRADER-VIRTUAL.SimulatedExchange(BINANCE): Added instrument SCETH.BINANCE and created matching engine
2026-09-23T03:57:43.373600861Z [INFO] EDGETRADER-VIRTUAL.SimulatedExchange(BINANCE): Added instrument NPXSBTC.BINANCE and created matching engine
2026-09-23T03:57:43.373667004Z [INFO] EDGETRADER-VIRTUAL.SimulatedExchange(BINANCE): Added instrument NPXSETH.BINANCE and created matching engine
2026-09-23T03:57:43.373729254Z [INFO] EDGETRADER-VIRTUAL.SimulatedExchange(BINANCE): Added instrument VENUSDT.BINANCE and created matching engine
2026-09-23T03:57:43.373794878Z [INFO] EDGETRADER-VIRTUAL.SimulatedExchange(BINANCE): Added instrument KEYBTC.BINANCE and created matching engine
2026-09-23T03:57:43.373858487Z [INFO] EDGETRADER-VIRTUAL.SimulatedExchange(BINANCE): Added instrument KEYETH.BINANCE and created matching engine
2026-09-23T03:57:43.373925063Z [INFO] EDGETRADER-VIRTUAL.SimulatedExchange(BINANCE): Added instrument NASBTC.BINANCE and created matching engine
2026-09-23T03:57:43.373989196Z [INFO] EDGETRADER-VIRTUAL.SimulatedExchange(BINANCE): Added instrument NASETH.BINANCE and created matching engine
2026-09-23T03:57:43.374058078Z [INFO] EDGETRADER-VIRTUAL.SimulatedExchange(BINANCE): Added instrument NASBNB.BINANCE and created matching engine
2026-09-23T03:57:43.374122526Z [INFO] EDGETRADER-VIRTUAL.SimulatedExchange(BINANCE): Added instrument MFTBTC.BINANCE and created matching engine
2026-09-23T03:57:43.374179511Z [INFO] EDGETRADER-VIRTUAL.SimulatedExchange(BINANCE): Added instrument MFTETH.BINANCE and created matching engine
2026-09-23T03:57:43.374234825Z [INFO] EDGETRADER-VIRTUAL.SimulatedExchange(BINANCE): Added instrument MFTBNB.BINANCE and created matching engine
2026-09-23T03:57:43.374297000Z [INFO] EDGETRADER-VIRTUAL.SimulatedExchange(BINANCE): Added instrument DENTBTC.BINANCE and created matching engine
2026-09-23T03:57:43.374368996Z [INFO] EDGETRADER-VIRTUAL.SimulatedExchange(BINANCE): Added instrument DENTETH.BINANCE and created matching engine
2026-09-23T03:57:43.374419671Z [INFO] EDGETRADER-VIRTUAL.SimulatedExchange(BINANCE): Added instrument ARDRBTC.BINANCE and created matching engine
2026-09-23T03:57:43.374468213Z [INFO] EDGETRADER-VIRTUAL.SimulatedExchange(BINANCE): Added instrument ARDRETH.BINANCE and created matching engine
2026-09-23T03:57:43.374525976Z [INFO] EDGETRADER-VIRTUAL.SimulatedExchange(BINANCE): Added instrument ARDRBNB.BINANCE and created matching engine
2026-09-23T03:57:43.374595911Z [INFO] EDGETRADER-VIRTUAL.SimulatedExchange(BINANCE): Added instrument NULSUSDT.BINANCE and created matching engine
2026-09-23T03:57:43.374659229Z [INFO] EDGETRADER-VIRTUAL.SimulatedExchange(BINANCE): Added instrument HOTBTC.BINANCE and created matching engine
2026-09-23T03:57:43.374698564Z [INFO] EDGETRADER-VIRTUAL.SimulatedExchange(BINANCE): Added instrument HOTETH.BINANCE and created matching engine
2026-09-23T03:57:43.374753760Z [INFO] EDGETRADER-VIRTUAL.SimulatedExchange(BINANCE): Added instrument VETBTC.BINANCE and created matching engine
2026-09-23T03:57:43.374822052Z [INFO] EDGETRADER-VIRTUAL.SimulatedExchange(BINANCE): Added instrument VETETH.BINANCE and created matching engine
2026-09-23T03:57:43.374876072Z [INFO] EDGETRADER-VIRTUAL.SimulatedExchange(BINANCE): Added instrument VETUSDT.BINANCE and created matching engine
2026-09-23T03:57:43.374914035Z [INFO] EDGETRADER-VIRTUAL.SimulatedExchange(BINANCE): Added instrument VETBNB.BINANCE and created matching engine
2026-09-23T03:57:43.374952294Z [INFO] EDGETRADER-VIRTUAL.SimulatedExchange(BINANCE): Added instrument DOCKBTC.BINANCE and created matching engine
2026-09-23T03:57:43.375013017Z [INFO] EDGETRADER-VIRTUAL.SimulatedExchange(BINANCE): Added instrument DOCKETH.BINANCE and created matching engine
2026-09-23T03:57:43.375068947Z [INFO] EDGETRADER-VIRTUAL.SimulatedExchange(BINANCE): Added instrument POLYBTC.BINANCE and created matching engine
2026-09-23T03:57:43.375148805Z [INFO] EDGETRADER-VIRTUAL.SimulatedExchange(BINANCE): Added instrument POLYBNB.BINANCE and created matching engine
2026-09-23T03:57:43.375197363Z [INFO] EDGETRADER-VIRTUAL.SimulatedExchange(BINANCE): Added instrument PHXBTC.BINANCE and created matching engine
2026-09-23T03:57:43.375245455Z [INFO] EDGETRADER-VIRTUAL.SimulatedExchange(BINANCE): Added instrument PHXETH.BINANCE and created matching engine
2026-09-23T03:57:43.375308061Z [INFO] EDGETRADER-VIRTUAL.SimulatedExchange(BINANCE): Added instrument PHXBNB.BINANCE and created matching engine
2026-09-23T03:57:43.375361452Z [INFO] EDGETRADER-VIRTUAL.SimulatedExchange(BINANCE): Added instrument HCBTC.BINANCE and created matching engine
2026-09-23T03:57:43.375411059Z [INFO] EDGETRADER-VIRTUAL.SimulatedExchange(BINANCE): Added instrument HCETH.BINANCE and created matching engine
2026-09-23T03:57:43.375497495Z [INFO] EDGETRADER-VIRTUAL.SimulatedExchange(BINANCE): Added instrument GOBTC.BINANCE and created matching engine
2026-09-23T03:57:43.375581430Z [INFO] EDGETRADER-VIRTUAL.SimulatedExchange(BINANCE): Added instrument GOBNB.BINANCE and created matching engine
2026-09-23T03:57:43.375660996Z [INFO] EDGETRADER-VIRTUAL.SimulatedExchange(BINANCE): Added instrument PAXBTC.BINANCE and created matching engine
2026-09-23T03:57:43.375728339Z [INFO] EDGETRADER-VIRTUAL.SimulatedExchange(BINANCE): Added instrument PAXBNB.BINANCE and created matching engine
2026-09-23T03:57:43.375769069Z [INFO] EDGETRADER-VIRTUAL.SimulatedExchange(BINANCE): Added instrument PAXUSDT.BINANCE and created matching engine
2026-09-23T03:57:43.375831950Z [INFO] EDGETRADER-VIRTUAL.SimulatedExchange(BINANCE): Added instrument PAXETH.BINANCE and created matching engine
2026-09-23T03:57:43.375909280Z [INFO] EDGETRADER-VIRTUAL.SimulatedExchange(BINANCE): Added instrument RVNBTC.BINANCE and created matching engine
2026-09-23T03:57:43.375955003Z [INFO] EDGETRADER-VIRTUAL.SimulatedExchange(BINANCE): Added instrument DCRBTC.BINANCE and created matching engine
2026-09-23T03:57:43.375998475Z [INFO] EDGETRADER-VIRTUAL.SimulatedExchange(BINANCE): Added instrument DCRBNB.BINANCE and created matching engine
2026-09-23T03:57:43.376034542Z [INFO] EDGETRADER-VIRTUAL.SimulatedExchange(BINANCE): Added instrument USDCBNB.BINANCE and created matching engine
2026-09-23T03:57:43.376069846Z [INFO] EDGETRADER-VIRTUAL.SimulatedExchange(BINANCE): Added instrument MITHBTC.BINANCE and created matching engine
2026-09-23T03:57:43.376104973Z [INFO] EDGETRADER-VIRTUAL.SimulatedExchange(BINANCE): Added instrument MITHBNB.BINANCE and created matching engine
2026-09-23T03:57:43.376141045Z [INFO] EDGETRADER-VIRTUAL.SimulatedExchange(BINANCE): Added instrument BCHABCBTC.BINANCE and created matching engine
2026-09-23T03:57:43.376200732Z [INFO] EDGETRADER-VIRTUAL.SimulatedExchange(BINANCE): Added instrument BCHSVBTC.BINANCE and created matching engine
2026-09-23T03:57:43.376267541Z [INFO] EDGETRADER-VIRTUAL.SimulatedExchange(BINANCE): Added instrument BCHABCUSDT.BINANCE and created matching engine
2026-09-23T03:57:43.376333227Z [INFO] EDGETRADER-VIRTUAL.SimulatedExchange(BINANCE): Added instrument BCHSVUSDT.BINANCE and created matching engine
2026-09-23T03:57:43.376387252Z [INFO] EDGETRADER-VIRTUAL.SimulatedExchange(BINANCE): Added instrument BNBPAX.BINANCE and created matching engine
2026-09-23T03:57:43.376455422Z [INFO] EDGETRADER-VIRTUAL.SimulatedExchange(BINANCE): Added instrument BTCPAX.BINANCE and created matching engine
2026-09-23T03:57:43.376524471Z [INFO] EDGETRADER-VIRTUAL.SimulatedExchange(BINANCE): Added instrument ETHPAX.BINANCE and created matching engine
2026-09-23T03:57:43.376568215Z [INFO] EDGETRADER-VIRTUAL.SimulatedExchange(BINANCE): Added instrument XRPPAX.BINANCE and created matching engine
2026-09-23T03:57:43.376635117Z [INFO] EDGETRADER-VIRTUAL.SimulatedExchange(BINANCE): Added instrument EOSPAX.BINANCE and created matching engine
2026-09-23T03:57:43.376711273Z [INFO] EDGETRADER-VIRTUAL.SimulatedExchange(BINANCE): Added instrument XLMPAX.BINANCE and created matching engine
2026-09-23T03:57:43.376765212Z [INFO] EDGETRADER-VIRTUAL.SimulatedExchange(BINANCE): Added instrument RENBTC.BINANCE and created matching engine
2026-09-23T03:57:43.376826582Z [INFO] EDGETRADER-VIRTUAL.SimulatedExchange(BINANCE): Added instrument RENBNB.BINANCE and created matching engine
2026-09-23T03:57:43.376877539Z [INFO] EDGETRADER-VIRTUAL.SimulatedExchange(BINANCE): Added instrument BNBTUSD.BINANCE and created matching engine
2026-09-23T03:57:43.376929441Z [INFO] EDGETRADER-VIRTUAL.SimulatedExchange(BINANCE): Added instrument XRPTUSD.BINANCE and created matching engine
2026-09-23T03:57:43.377006297Z [INFO] EDGETRADER-VIRTUAL.SimulatedExchange(BINANCE): Added instrument EOSTUSD.BINANCE and created matching engine
2026-09-23T03:57:43.377075033Z [INFO] EDGETRADER-VIRTUAL.SimulatedExchange(BINANCE): Added instrument XLMTUSD.BINANCE and created matching engine
2026-09-23T03:57:43.377147850Z [INFO] EDGETRADER-VIRTUAL.SimulatedExchange(BINANCE): Added instrument BNBUSDC.BINANCE and created matching engine
2026-09-23T03:57:43.377191044Z [INFO] EDGETRADER-VIRTUAL.SimulatedExchange(BINANCE): Added instrument BTCUSDC.BINANCE and created matching engine
2026-09-23T03:57:43.377240299Z [INFO] EDGETRADER-VIRTUAL.SimulatedExchange(BINANCE): Added instrument ETHUSDC.BINANCE and created matching engine
2026-09-23T03:57:43.377308652Z [INFO] EDGETRADER-VIRTUAL.SimulatedExchange(BINANCE): Added instrument XRPUSDC.BINANCE and created matching engine
2026-09-23T03:57:43.377370444Z [INFO] EDGETRADER-VIRTUAL.SimulatedExchange(BINANCE): Added instrument EOSUSDC.BINANCE and created matching engine
2026-09-23T03:57:43.377409812Z [INFO] EDGETRADER-VIRTUAL.SimulatedExchange(BINANCE): Added instrument XLMUSDC.BINANCE and created matching engine
2026-09-23T03:57:43.377474789Z [INFO] EDGETRADER-VIRTUAL.SimulatedExchange(BINANCE): Added instrument USDCUSDT.BINANCE and created matching engine
2026-09-23T03:57:43.377575120Z [INFO] EDGETRADER-VIRTUAL.SimulatedExchange(BINANCE): Added instrument ADATUSD.BINANCE and created matching engine
2026-09-23T03:57:43.377639777Z [INFO] EDGETRADER-VIRTUAL.SimulatedExchange(BINANCE): Added instrument TRXTUSD.BINANCE and created matching engine
2026-09-23T03:57:43.377693997Z [INFO] EDGETRADER-VIRTUAL.SimulatedExchange(BINANCE): Added instrument NEOTUSD.BINANCE and created matching engine
2026-09-23T03:57:43.377771480Z [INFO] EDGETRADER-VIRTUAL.SimulatedExchange(BINANCE): Added instrument TRXXRP.BINANCE and created matching engine
2026-09-23T03:57:43.377828831Z [INFO] EDGETRADER-VIRTUAL.SimulatedExchange(BINANCE): Added instrument XZCXRP.BINANCE and created matching engine
2026-09-23T03:57:43.377884992Z [INFO] EDGETRADER-VIRTUAL.SimulatedExchange(BINANCE): Added instrument PAXTUSD.BINANCE and created matching engine
2026-09-23T03:57:43.377960125Z [INFO] EDGETRADER-VIRTUAL.SimulatedExchange(BINANCE): Added instrument USDCTUSD.BINANCE and created matching engine
2026-09-23T03:57:43.378016263Z [INFO] EDGETRADER-VIRTUAL.SimulatedExchange(BINANCE): Added instrument USDCPAX.BINANCE and created matching engine
2026-09-23T03:57:43.378065850Z [INFO] EDGETRADER-VIRTUAL.SimulatedExchange(BINANCE): Added instrument LINKUSDT.BINANCE and created matching engine
2026-09-23T03:57:43.378136579Z [INFO] EDGETRADER-VIRTUAL.SimulatedExchange(BINANCE): Added instrument LINKTUSD.BINANCE and created matching engine
2026-09-23T03:57:43.378211924Z [INFO] EDGETRADER-VIRTUAL.SimulatedExchange(BINANCE): Added instrument LINKPAX.BINANCE and created matching engine
2026-09-23T03:57:43.378279286Z [INFO] EDGETRADER-VIRTUAL.SimulatedExchange(BINANCE): Added instrument LINKUSDC.BINANCE and created matching engine
2026-09-23T03:57:43.378333764Z [INFO] EDGETRADER-VIRTUAL.SimulatedExchange(BINANCE): Added instrument WAVESUSDT.BINANCE and created matching engine
2026-09-23T03:57:43.378373478Z [INFO] EDGETRADER-VIRTUAL.SimulatedExchange(BINANCE): Added instrument WAVESTUSD.BINANCE and created matching engine
2026-09-23T03:57:43.378434049Z [INFO] EDGETRADER-VIRTUAL.SimulatedExchange(BINANCE): Added instrument WAVESPAX.BINANCE and created matching engine
2026-09-23T03:57:43.378510256Z [INFO] EDGETRADER-VIRTUAL.SimulatedExchange(BINANCE): Added instrument WAVESUSDC.BINANCE and created matching engine
2026-09-23T03:57:43.378561824Z [INFO] EDGETRADER-VIRTUAL.SimulatedExchange(BINANCE): Added instrument BCHABCTUSD.BINANCE and created matching engine
2026-09-23T03:57:43.378618808Z [INFO] EDGETRADER-VIRTUAL.SimulatedExchange(BINANCE): Added instrument BCHABCPAX.BINANCE and created matching engine
2026-09-23T03:57:43.378689992Z [INFO] EDGETRADER-VIRTUAL.SimulatedExchange(BINANCE): Added instrument BCHABCUSDC.BINANCE and created matching engine
2026-09-23T03:57:43.378740807Z [INFO] EDGETRADER-VIRTUAL.SimulatedExchange(BINANCE): Added instrument BCHSVTUSD.BINANCE and created matching engine
2026-09-23T03:57:43.378788724Z [INFO] EDGETRADER-VIRTUAL.SimulatedExchange(BINANCE): Added instrument BCHSVPAX.BINANCE and created matching engine
2026-09-23T03:57:43.378858227Z [INFO] EDGETRADER-VIRTUAL.SimulatedExchange(BINANCE): Added instrument BCHSVUSDC.BINANCE and created matching engine
2026-09-23T03:57:43.378927365Z [INFO] EDGETRADER-VIRTUAL.SimulatedExchange(BINANCE): Added instrument LTCTUSD.BINANCE and created matching engine
2026-09-23T03:57:43.378987811Z [INFO] EDGETRADER-VIRTUAL.SimulatedExchange(BINANCE): Added instrument LTCPAX.BINANCE and created matching engine
2026-09-23T03:57:43.379042694Z [INFO] EDGETRADER-VIRTUAL.SimulatedExchange(BINANCE): Added instrument LTCUSDC.BINANCE and created matching engine
2026-09-23T03:57:43.379136115Z [INFO] EDGETRADER-VIRTUAL.SimulatedExchange(BINANCE): Added instrument TRXPAX.BINANCE and created matching engine
2026-09-23T03:57:43.379207558Z [INFO] EDGETRADER-VIRTUAL.SimulatedExchange(BINANCE): Added instrument TRXUSDC.BINANCE and created matching engine
2026-09-23T03:57:43.379268544Z [INFO] EDGETRADER-VIRTUAL.SimulatedExchange(BINANCE): Added instrument BTTBTC.BINANCE and created matching engine
2026-09-23T03:57:43.379327135Z [INFO] EDGETRADER-VIRTUAL.SimulatedExchange(BINANCE): Added instrument BTTBNB.BINANCE and created matching engine
2026-09-23T03:57:43.379413505Z [INFO] EDGETRADER-VIRTUAL.SimulatedExchange(BINANCE): Added instrument BTTUSDT.BINANCE and created matching engine
2026-09-23T03:57:43.379465028Z [INFO] EDGETRADER-VIRTUAL.SimulatedExchange(BINANCE): Added instrument BNBUSDSOLD.BINANCE and created matching engine
2026-09-23T03:57:43.379511777Z [INFO] EDGETRADER-VIRTUAL.SimulatedExchange(BINANCE): Added instrument BTCUSDSOLD.BINANCE and created matching engine
2026-09-23T03:57:43.379580433Z [INFO] EDGETRADER-VIRTUAL.SimulatedExchange(BINANCE): Added instrument USDSOLDUSDT.BINANCE and created matching engine
2026-09-23T03:57:43.379638317Z [INFO] EDGETRADER-VIRTUAL.SimulatedExchange(BINANCE): Added instrument USDSOLDPAX.BINANCE and created matching engine
2026-09-23T03:57:43.379694366Z [INFO] EDGETRADER-VIRTUAL.SimulatedExchange(BINANCE): Added instrument USDSOLDTUSD.BINANCE and created matching engine
2026-09-23T03:57:43.379830072Z [INFO] EDGETRADER-VIRTUAL.SimulatedExchange(BINANCE): Added instrument USDSOLDUSDC.BINANCE and created matching engine
2026-09-23T03:57:43.379897947Z [INFO] EDGETRADER-VIRTUAL.SimulatedExchange(BINANCE): Added instrument BTTPAX.BINANCE and created matching engine
2026-09-23T03:57:43.379960159Z [INFO] EDGETRADER-VIRTUAL.SimulatedExchange(BINANCE): Added instrument BTTTUSD.BINANCE and created matching engine
2026-09-23T03:57:43.380014408Z [INFO] EDGETRADER-VIRTUAL.SimulatedExchange(BINANCE): Added instrument BTTUSDC.BINANCE and created matching engine
2026-09-23T03:57:43.380068707Z [INFO] EDGETRADER-VIRTUAL.SimulatedExchange(BINANCE): Added instrument ONGBNB.BINANCE and created matching engine
2026-09-23T03:57:43.380148695Z [INFO] EDGETRADER-VIRTUAL.SimulatedExchange(BINANCE): Added instrument ONGBTC.BINANCE and created matching engine
2026-09-23T03:57:43.380204952Z [INFO] EDGETRADER-VIRTUAL.SimulatedExchange(BINANCE): Added instrument ONGUSDT.BINANCE and created matching engine
2026-09-23T03:57:43.380264620Z [INFO] EDGETRADER-VIRTUAL.SimulatedExchange(BINANCE): Added instrument HOTBNB.BINANCE and created matching engine
2026-09-23T03:57:43.380347563Z [INFO] EDGETRADER-VIRTUAL.SimulatedExchange(BINANCE): Added instrument HOTUSDT.BINANCE and created matching engine
2026-09-23T03:57:43.380402749Z [INFO] EDGETRADER-VIRTUAL.SimulatedExchange(BINANCE): Added instrument ZILUSDT.BINANCE and created matching engine
2026-09-23T03:57:43.380470943Z [INFO] EDGETRADER-VIRTUAL.SimulatedExchange(BINANCE): Added instrument ZRXBNB.BINANCE and created matching engine
2026-09-23T03:57:43.380526842Z [INFO] EDGETRADER-VIRTUAL.SimulatedExchange(BINANCE): Added instrument ZRXUSDT.BINANCE and created matching engine
2026-09-23T03:57:43.380577942Z [INFO] EDGETRADER-VIRTUAL.SimulatedExchange(BINANCE): Added instrument FETBNB.BINANCE and created matching engine
2026-09-23T03:57:43.380645784Z [INFO] EDGETRADER-VIRTUAL.SimulatedExchange(BINANCE): Added instrument FETBTC.BINANCE and created matching engine
2026-09-23T03:57:43.380699679Z [INFO] EDGETRADER-VIRTUAL.SimulatedExchange(BINANCE): Added instrument FETUSDT.BINANCE and created matching engine
2026-09-23T03:57:43.380760609Z [INFO] EDGETRADER-VIRTUAL.SimulatedExchange(BINANCE): Added instrument BATUSDT.BINANCE and created matching engine
2026-09-23T03:57:43.380841038Z [INFO] EDGETRADER-VIRTUAL.SimulatedExchange(BINANCE): Added instrument XMRBNB.BINANCE and created matching engine
2026-09-23T03:57:43.380893406Z [INFO] EDGETRADER-VIRTUAL.SimulatedExchange(BINANCE): Added instrument XMRUSDT.BINANCE and created matching engine
2026-09-23T03:57:43.380946339Z [INFO] EDGETRADER-VIRTUAL.SimulatedExchange(BINANCE): Added instrument ZECBNB.BINANCE and created matching engine
2026-09-23T03:57:43.381030881Z [INFO] EDGETRADER-VIRTUAL.SimulatedExchange(BINANCE): Added instrument ZECUSDT.BINANCE and created matching engine
2026-09-23T03:57:43.381088131Z [INFO] EDGETRADER-VIRTUAL.SimulatedExchange(BINANCE): Added instrument ZECPAX.BINANCE and created matching engine
2026-09-23T03:57:43.381146132Z [INFO] EDGETRADER-VIRTUAL.SimulatedExchange(BINANCE): Added instrument ZECTUSD.BINANCE and created matching engine
2026-09-23T03:57:43.381231644Z [INFO] EDGETRADER-VIRTUAL.SimulatedExchange(BINANCE): Added instrument ZECUSDC.BINANCE and created matching engine
2026-09-23T03:57:43.381285368Z [INFO] EDGETRADER-VIRTUAL.SimulatedExchange(BINANCE): Added instrument IOSTUSDT.BINANCE and created matching engine
2026-09-23T03:57:43.381342413Z [INFO] EDGETRADER-VIRTUAL.SimulatedExchange(BINANCE): Added instrument CELRBNB.BINANCE and created matching engine
2026-09-23T03:57:43.381425730Z [INFO] EDGETRADER-VIRTUAL.SimulatedExchange(BINANCE): Added instrument CELRBTC.BINANCE and created matching engine
2026-09-23T03:57:43.381482054Z [INFO] EDGETRADER-VIRTUAL.SimulatedExchange(BINANCE): Added instrument CELRUSDT.BINANCE and created matching engine
2026-09-23T03:57:43.381542156Z [INFO] EDGETRADER-VIRTUAL.SimulatedExchange(BINANCE): Added instrument ADAPAX.BINANCE and created matching engine
2026-09-23T03:57:43.381621765Z [INFO] EDGETRADER-VIRTUAL.SimulatedExchange(BINANCE): Added instrument ADAUSDC.BINANCE and created matching engine
2026-09-23T03:57:43.381683958Z [INFO] EDGETRADER-VIRTUAL.SimulatedExchange(BINANCE): Added instrument NEOPAX.BINANCE and created matching engine
2026-09-23T03:57:43.381750801Z [INFO] EDGETRADER-VIRTUAL.SimulatedExchange(BINANCE): Added instrument NEOUSDC.BINANCE and created matching engine
2026-09-23T03:57:43.381814610Z [INFO] EDGETRADER-VIRTUAL.SimulatedExchange(BINANCE): Added instrument DASHBNB.BINANCE and created matching engine
2026-09-23T03:57:43.381866805Z [INFO] EDGETRADER-VIRTUAL.SimulatedExchange(BINANCE): Added instrument DASHUSDT.BINANCE and created matching engine
2026-09-23T03:57:43.381941267Z [INFO] EDGETRADER-VIRTUAL.SimulatedExchange(BINANCE): Added instrument NANOUSDT.BINANCE and created matching engine
2026-09-23T03:57:43.382004153Z [INFO] EDGETRADER-VIRTUAL.SimulatedExchange(BINANCE): Added instrument OMGBNB.BINANCE and created matching engine
2026-09-23T03:57:43.382099809Z [INFO] EDGETRADER-VIRTUAL.SimulatedExchange(BINANCE): Added instrument OMGUSDT.BINANCE and created matching engine
2026-09-23T03:57:43.382179810Z [INFO] EDGETRADER-VIRTUAL.SimulatedExchange(BINANCE): Added instrument THETAUSDT.BINANCE and created matching engine
2026-09-23T03:57:43.382241157Z [INFO] EDGETRADER-VIRTUAL.SimulatedExchange(BINANCE): Added instrument ENJUSDT.BINANCE and created matching engine
2026-09-23T03:57:43.382303957Z [INFO] EDGETRADER-VIRTUAL.SimulatedExchange(BINANCE): Added instrument MITHUSDT.BINANCE and created matching engine
2026-09-23T03:57:43.382382279Z [INFO] EDGETRADER-VIRTUAL.SimulatedExchange(BINANCE): Added instrument MATICBNB.BINANCE and created matching engine
2026-09-23T03:57:43.382458103Z [INFO] EDGETRADER-VIRTUAL.SimulatedExchange(BINANCE): Added instrument MATICBTC.BINANCE and created matching engine
2026-09-23T03:57:43.382530972Z [INFO] EDGETRADER-VIRTUAL.SimulatedExchange(BINANCE): Added instrument MATICUSDT.BINANCE and created matching engine
2026-09-23T03:57:43.382605954Z [INFO] EDGETRADER-VIRTUAL.SimulatedExchange(BINANCE): Added instrument ATOMBNB.BINANCE and created matching engine
2026-09-23T03:57:43.382663208Z [INFO] EDGETRADER-VIRTUAL.SimulatedExchange(BINANCE): Added instrument ATOMBTC.BINANCE and created matching engine
2026-09-23T03:57:43.382727500Z [INFO] EDGETRADER-VIRTUAL.SimulatedExchange(BINANCE): Added instrument ATOMUSDT.BINANCE and created matching engine
2026-09-23T03:57:43.382806508Z [INFO] EDGETRADER-VIRTUAL.SimulatedExchange(BINANCE): Added instrument ATOMUSDC.BINANCE and created matching engine
2026-09-23T03:57:43.382871096Z [INFO] EDGETRADER-VIRTUAL.SimulatedExchange(BINANCE): Added instrument ATOMPAX.BINANCE and created matching engine
2026-09-23T03:57:43.382934219Z [INFO] EDGETRADER-VIRTUAL.SimulatedExchange(BINANCE): Added instrument ATOMTUSD.BINANCE and created matching engine
2026-09-23T03:57:43.383008524Z [INFO] EDGETRADER-VIRTUAL.SimulatedExchange(BINANCE): Added instrument ETCUSDC.BINANCE and created matching engine
2026-09-23T03:57:43.383067137Z [INFO] EDGETRADER-VIRTUAL.SimulatedExchange(BINANCE): Added instrument ETCPAX.BINANCE and created matching engine
2026-09-23T03:57:43.383143712Z [INFO] EDGETRADER-VIRTUAL.SimulatedExchange(BINANCE): Added instrument ETCTUSD.BINANCE and created matching engine
2026-09-23T03:57:43.383208600Z [INFO] EDGETRADER-VIRTUAL.SimulatedExchange(BINANCE): Added instrument BATUSDC.BINANCE and created matching engine
2026-09-23T03:57:43.383268540Z [INFO] EDGETRADER-VIRTUAL.SimulatedExchange(BINANCE): Added instrument BATPAX.BINANCE and created matching engine
2026-09-23T03:57:43.383348891Z [INFO] EDGETRADER-VIRTUAL.SimulatedExchange(BINANCE): Added instrument BATTUSD.BINANCE and created matching engine
2026-09-23T03:57:43.383432172Z [INFO] EDGETRADER-VIRTUAL.SimulatedExchange(BINANCE): Added instrument PHBBNB.BINANCE and created matching engine
2026-09-23T03:57:43.383506381Z [INFO] EDGETRADER-VIRTUAL.SimulatedExchange(BINANCE): Added instrument PHBBTC.BINANCE and created matching engine
2026-09-23T03:57:43.383592576Z [INFO] EDGETRADER-VIRTUAL.SimulatedExchange(BINANCE): Added instrument PHBUSDC.BINANCE and created matching engine
2026-09-23T03:57:43.383653700Z [INFO] EDGETRADER-VIRTUAL.SimulatedExchange(BINANCE): Added instrument PHBTUSD.BINANCE and created matching engine
2026-09-23T03:57:43.383729213Z [INFO] EDGETRADER-VIRTUAL.SimulatedExchange(BINANCE): Added instrument PHBPAX.BINANCE and created matching engine
2026-09-23T03:57:43.383810782Z [INFO] EDGETRADER-VIRTUAL.SimulatedExchange(BINANCE): Added instrument TFUELBNB.BINANCE and created matching engine
2026-09-23T03:57:43.383888936Z [INFO] EDGETRADER-VIRTUAL.SimulatedExchange(BINANCE): Added instrument TFUELBTC.BINANCE and created matching engine
2026-09-23T03:57:43.383962271Z [INFO] EDGETRADER-VIRTUAL.SimulatedExchange(BINANCE): Added instrument TFUELUSDT.BINANCE and created matching engine
2026-09-23T03:57:43.384043307Z [INFO] EDGETRADER-VIRTUAL.SimulatedExchange(BINANCE): Added instrument TFUELUSDC.BINANCE and created matching engine
2026-09-23T03:57:43.384103218Z [INFO] EDGETRADER-VIRTUAL.SimulatedExchange(BINANCE): Added instrument TFUELTUSD.BINANCE and created matching engine
2026-09-23T03:57:43.384165777Z [INFO] EDGETRADER-VIRTUAL.SimulatedExchange(BINANCE): Added instrument TFUELPAX.BINANCE and created matching engine
2026-09-23T03:57:43.384259866Z [INFO] EDGETRADER-VIRTUAL.SimulatedExchange(BINANCE): Added instrument ONEBNB.BINANCE and created matching engine
2026-09-23T03:57:43.384337474Z [INFO] EDGETRADER-VIRTUAL.SimulatedExchange(BINANCE): Added instrument ONEBTC.BINANCE and created matching engine
2026-09-23T03:57:43.384396885Z [INFO] EDGETRADER-VIRTUAL.SimulatedExchange(BINANCE): Added instrument ONEUSDT.BINANCE and created matching engine
2026-09-23T03:57:43.384456498Z [INFO] EDGETRADER-VIRTUAL.SimulatedExchange(BINANCE): Added instrument ONETUSD.BINANCE and created matching engine
2026-09-23T03:57:43.384537577Z [INFO] EDGETRADER-VIRTUAL.SimulatedExchange(BINANCE): Added instrument ONEPAX.BINANCE and created matching engine
2026-09-23T03:57:43.384642120Z [INFO] EDGETRADER-VIRTUAL.SimulatedExchange(BINANCE): Added instrument ONEUSDC.BINANCE and created matching engine
2026-09-23T03:57:43.384717321Z [INFO] EDGETRADER-VIRTUAL.SimulatedExchange(BINANCE): Added instrument FTMBNB.BINANCE and created matching engine
2026-09-23T03:57:43.384803542Z [INFO] EDGETRADER-VIRTUAL.SimulatedExchange(BINANCE): Added instrument FTMBTC.BINANCE and created matching engine
2026-09-23T03:57:43.384884201Z [INFO] EDGETRADER-VIRTUAL.SimulatedExchange(BINANCE): Added instrument FTMUSDT.BINANCE and created matching engine
2026-09-23T03:57:43.384964874Z [INFO] EDGETRADER-VIRTUAL.SimulatedExchange(BINANCE): Added instrument FTMTUSD.BINANCE and created matching engine
2026-09-23T03:57:43.385048411Z [INFO] EDGETRADER-VIRTUAL.SimulatedExchange(BINANCE): Added instrument FTMPAX.BINANCE and created matching engine
2026-09-23T03:57:43.385135378Z [INFO] EDGETRADER-VIRTUAL.SimulatedExchange(BINANCE): Added instrument FTMUSDC.BINANCE and created matching engine
2026-09-23T03:57:43.385215426Z [INFO] EDGETRADER-VIRTUAL.SimulatedExchange(BINANCE): Added instrument BTCBBTC.BINANCE and created matching engine
2026-09-23T03:57:43.385285438Z [INFO] EDGETRADER-VIRTUAL.SimulatedExchange(BINANCE): Added instrument BCPTTUSD.BINANCE and created matching engine
2026-09-23T03:57:43.385355672Z [INFO] EDGETRADER-VIRTUAL.SimulatedExchange(BINANCE): Added instrument BCPTPAX.BINANCE and created matching engine
2026-09-23T03:57:43.385440459Z [INFO] EDGETRADER-VIRTUAL.SimulatedExchange(BINANCE): Added instrument BCPTUSDC.BINANCE and created matching engine
2026-09-23T03:57:43.385518565Z [INFO] EDGETRADER-VIRTUAL.SimulatedExchange(BINANCE): Added instrument ALGOBNB.BINANCE and created matching engine
2026-09-23T03:57:43.385602940Z [INFO] EDGETRADER-VIRTUAL.SimulatedExchange(BINANCE): Added instrument ALGOBTC.BINANCE and created matching engine
2026-09-23T03:57:43.385679486Z [INFO] EDGETRADER-VIRTUAL.SimulatedExchange(BINANCE): Added instrument ALGOUSDT.BINANCE and created matching engine
2026-09-23T03:57:43.385758224Z [INFO] EDGETRADER-VIRTUAL.SimulatedExchange(BINANCE): Added instrument ALGOTUSD.BINANCE and created matching engine
2026-09-23T03:57:43.385840371Z [INFO] EDGETRADER-VIRTUAL.SimulatedExchange(BINANCE): Added instrument ALGOPAX.BINANCE and created matching engine
2026-09-23T03:57:43.385920453Z [INFO] EDGETRADER-VIRTUAL.SimulatedExchange(BINANCE): Added instrument ALGOUSDC.BINANCE and created matching engine
2026-09-23T03:57:43.385997019Z [INFO] EDGETRADER-VIRTUAL.SimulatedExchange(BINANCE): Added instrument USDSBUSDT.BINANCE and created matching engine
2026-09-23T03:57:43.386082920Z [INFO] EDGETRADER-VIRTUAL.SimulatedExchange(BINANCE): Added instrument USDSBUSDSOLD.BINANCE and created matching engine
2026-09-23T03:57:43.386159020Z [INFO] EDGETRADER-VIRTUAL.SimulatedExchange(BINANCE): Added instrument GTOUSDT.BINANCE and created matching engine
2026-09-23T03:57:43.386232054Z [INFO] EDGETRADER-VIRTUAL.SimulatedExchange(BINANCE): Added instrument GTOPAX.BINANCE and created matching engine
2026-09-23T03:57:43.386302879Z [INFO] EDGETRADER-VIRTUAL.SimulatedExchange(BINANCE): Added instrument GTOTUSD.BINANCE and created matching engine
2026-09-23T03:57:43.386388134Z [INFO] EDGETRADER-VIRTUAL.SimulatedExchange(BINANCE): Added instrument GTOUSDC.BINANCE and created matching engine
2026-09-23T03:57:43.386473477Z [INFO] EDGETRADER-VIRTUAL.SimulatedExchange(BINANCE): Added instrument ERDBNB.BINANCE and created matching engine
2026-09-23T03:57:43.386547640Z [INFO] EDGETRADER-VIRTUAL.SimulatedExchange(BINANCE): Added instrument ERDBTC.BINANCE and created matching engine
2026-09-23T03:57:43.386620483Z [INFO] EDGETRADER-VIRTUAL.SimulatedExchange(BINANCE): Added instrument ERDUSDT.BINANCE and created matching engine
2026-09-23T03:57:43.386687637Z [INFO] EDGETRADER-VIRTUAL.SimulatedExchange(BINANCE): Added instrument ERDPAX.BINANCE and created matching engine
2026-09-23T03:57:43.386744776Z [INFO] EDGETRADER-VIRTUAL.SimulatedExchange(BINANCE): Added instrument ERDUSDC.BINANCE and created matching engine
2026-09-23T03:57:43.386831927Z [INFO] EDGETRADER-VIRTUAL.SimulatedExchange(BINANCE): Added instrument DOGEBNB.BINANCE and created matching engine
2026-09-23T03:57:43.386894537Z [INFO] EDGETRADER-VIRTUAL.SimulatedExchange(BINANCE): Added instrument DOGEBTC.BINANCE and created matching engine
2026-09-23T03:57:43.386965126Z [INFO] EDGETRADER-VIRTUAL.SimulatedExchange(BINANCE): Added instrument DOGEUSDT.BINANCE and created matching engine
2026-09-23T03:57:43.387049276Z [INFO] EDGETRADER-VIRTUAL.SimulatedExchange(BINANCE): Added instrument DOGEPAX.BINANCE and created matching engine
2026-09-23T03:57:43.387125064Z [INFO] EDGETRADER-VIRTUAL.SimulatedExchange(BINANCE): Added instrument DOGEUSDC.BINANCE and created matching engine
2026-09-23T03:57:43.387196675Z [INFO] EDGETRADER-VIRTUAL.SimulatedExchange(BINANCE): Added instrument DUSKBNB.BINANCE and created matching engine
2026-09-23T03:57:43.387280054Z [INFO] EDGETRADER-VIRTUAL.SimulatedExchange(BINANCE): Added instrument DUSKBTC.BINANCE and created matching engine
2026-09-23T03:57:43.387394351Z [INFO] EDGETRADER-VIRTUAL.SimulatedExchange(BINANCE): Added instrument DUSKUSDT.BINANCE and created matching engine
2026-09-23T03:57:43.387484186Z [INFO] EDGETRADER-VIRTUAL.SimulatedExchange(BINANCE): Added instrument DUSKUSDC.BINANCE and created matching engine
2026-09-23T03:57:43.387565274Z [INFO] EDGETRADER-VIRTUAL.SimulatedExchange(BINANCE): Added instrument DUSKPAX.BINANCE and created matching engine
2026-09-23T03:57:43.387651406Z [INFO] EDGETRADER-VIRTUAL.SimulatedExchange(BINANCE): Added instrument BGBPUSDC.BINANCE and created matching engine
2026-09-23T03:57:43.387743981Z [INFO] EDGETRADER-VIRTUAL.SimulatedExchange(BINANCE): Added instrument ANKRBNB.BINANCE and created matching engine
2026-09-23T03:57:43.387818559Z [INFO] EDGETRADER-VIRTUAL.SimulatedExchange(BINANCE): Added instrument ANKRBTC.BINANCE and created matching engine
2026-09-23T03:57:43.387892846Z [INFO] EDGETRADER-VIRTUAL.SimulatedExchange(BINANCE): Added instrument ANKRUSDT.BINANCE and created matching engine
2026-09-23T03:57:43.387971644Z [INFO] EDGETRADER-VIRTUAL.SimulatedExchange(BINANCE): Added instrument ANKRTUSD.BINANCE and created matching engine
2026-09-23T03:57:43.388037078Z [INFO] EDGETRADER-VIRTUAL.SimulatedExchange(BINANCE): Added instrument ANKRPAX.BINANCE and created matching engine
2026-09-23T03:57:43.388097095Z [INFO] EDGETRADER-VIRTUAL.SimulatedExchange(BINANCE): Added instrument ANKRUSDC.BINANCE and created matching engine
2026-09-23T03:57:43.388178205Z [INFO] EDGETRADER-VIRTUAL.SimulatedExchange(BINANCE): Added instrument ONTPAX.BINANCE and created matching engine
2026-09-23T03:57:43.388253440Z [INFO] EDGETRADER-VIRTUAL.SimulatedExchange(BINANCE): Added instrument ONTUSDC.BINANCE and created matching engine
2026-09-23T03:57:43.388322862Z [INFO] EDGETRADER-VIRTUAL.SimulatedExchange(BINANCE): Added instrument WINBNB.BINANCE and created matching engine
2026-09-23T03:57:43.388385594Z [INFO] EDGETRADER-VIRTUAL.SimulatedExchange(BINANCE): Added instrument WINBTC.BINANCE and created matching engine
2026-09-23T03:57:43.388453913Z [INFO] EDGETRADER-VIRTUAL.SimulatedExchange(BINANCE): Added instrument WINUSDT.BINANCE and created matching engine
2026-09-23T03:57:43.388520607Z [INFO] EDGETRADER-VIRTUAL.SimulatedExchange(BINANCE): Added instrument WINUSDC.BINANCE and created matching engine
2026-09-23T03:57:43.388585340Z [INFO] EDGETRADER-VIRTUAL.SimulatedExchange(BINANCE): Added instrument COSBNB.BINANCE and created matching engine
2026-09-23T03:57:43.388650336Z [INFO] EDGETRADER-VIRTUAL.SimulatedExchange(BINANCE): Added instrument COSBTC.BINANCE and created matching engine
2026-09-23T03:57:43.388719122Z [INFO] EDGETRADER-VIRTUAL.SimulatedExchange(BINANCE): Added instrument COSUSDT.BINANCE and created matching engine
2026-09-23T03:57:43.388790375Z [INFO] EDGETRADER-VIRTUAL.SimulatedExchange(BINANCE): Added instrument TUSDBTUSD.BINANCE and created matching engine
2026-09-23T03:57:43.388864976Z [INFO] EDGETRADER-VIRTUAL.SimulatedExchange(BINANCE): Added instrument NPXSUSDT.BINANCE and created matching engine
2026-09-23T03:57:43.388927376Z [INFO] EDGETRADER-VIRTUAL.SimulatedExchange(BINANCE): Added instrument NPXSUSDC.BINANCE and created matching engine
2026-09-23T03:57:43.388990880Z [INFO] EDGETRADER-VIRTUAL.SimulatedExchange(BINANCE): Added instrument COCOSBNB.BINANCE and created matching engine
2026-09-23T03:57:43.389070831Z [INFO] EDGETRADER-VIRTUAL.SimulatedExchange(BINANCE): Added instrument COCOSBTC.BINANCE and created matching engine
2026-09-23T03:57:43.389140403Z [INFO] EDGETRADER-VIRTUAL.SimulatedExchange(BINANCE): Added instrument COCOSUSDT.BINANCE and created matching engine
2026-09-23T03:57:43.389212359Z [INFO] EDGETRADER-VIRTUAL.SimulatedExchange(BINANCE): Added instrument MTLUSDT.BINANCE and created matching engine
2026-09-23T03:57:43.389290715Z [INFO] EDGETRADER-VIRTUAL.SimulatedExchange(BINANCE): Added instrument TOMOBNB.BINANCE and created matching engine
2026-09-23T03:57:43.389366799Z [INFO] EDGETRADER-VIRTUAL.SimulatedExchange(BINANCE): Added instrument TOMOBTC.BINANCE and created matching engine
2026-09-23T03:57:43.389451698Z [INFO] EDGETRADER-VIRTUAL.SimulatedExchange(BINANCE): Added instrument TOMOUSDT.BINANCE and created matching engine
2026-09-23T03:57:43.389525687Z [INFO] EDGETRADER-VIRTUAL.SimulatedExchange(BINANCE): Added instrument TOMOUSDC.BINANCE and created matching engine
2026-09-23T03:57:43.389591325Z [INFO] EDGETRADER-VIRTUAL.SimulatedExchange(BINANCE): Added instrument PERLBNB.BINANCE and created matching engine
2026-09-23T03:57:43.389659527Z [INFO] EDGETRADER-VIRTUAL.SimulatedExchange(BINANCE): Added instrument PERLBTC.BINANCE and created matching engine
2026-09-23T03:57:43.389741606Z [INFO] EDGETRADER-VIRTUAL.SimulatedExchange(BINANCE): Added instrument PERLUSDC.BINANCE and created matching engine
2026-09-23T03:57:43.389818207Z [INFO] EDGETRADER-VIRTUAL.SimulatedExchange(BINANCE): Added instrument PERLUSDT.BINANCE and created matching engine
2026-09-23T03:57:43.389895307Z [INFO] EDGETRADER-VIRTUAL.SimulatedExchange(BINANCE): Added instrument DENTUSDT.BINANCE and created matching engine
2026-09-23T03:57:43.390014449Z [INFO] EDGETRADER-VIRTUAL.SimulatedExchange(BINANCE): Added instrument MFTUSDT.BINANCE and created matching engine
2026-09-23T03:57:43.390085636Z [INFO] EDGETRADER-VIRTUAL.SimulatedExchange(BINANCE): Added instrument KEYUSDT.BINANCE and created matching engine
2026-09-23T03:57:43.390151238Z [INFO] EDGETRADER-VIRTUAL.SimulatedExchange(BINANCE): Added instrument STORMUSDT.BINANCE and created matching engine
2026-09-23T03:57:43.390233725Z [INFO] EDGETRADER-VIRTUAL.SimulatedExchange(BINANCE): Added instrument DOCKUSDT.BINANCE and created matching engine
2026-09-23T03:57:43.390311505Z [INFO] EDGETRADER-VIRTUAL.SimulatedExchange(BINANCE): Added instrument WANUSDT.BINANCE and created matching engine
2026-09-23T03:57:43.390384132Z [INFO] EDGETRADER-VIRTUAL.SimulatedExchange(BINANCE): Added instrument FUNUSDT.BINANCE and created matching engine
2026-09-23T03:57:43.390457739Z [INFO] EDGETRADER-VIRTUAL.SimulatedExchange(BINANCE): Added instrument CVCUSDT.BINANCE and created matching engine
2026-09-23T03:57:43.390534994Z [INFO] EDGETRADER-VIRTUAL.SimulatedExchange(BINANCE): Added instrument BTTTRX.BINANCE and created matching engine
2026-09-23T03:57:43.390607980Z [INFO] EDGETRADER-VIRTUAL.SimulatedExchange(BINANCE): Added instrument WINTRX.BINANCE and created matching engine
2026-09-23T03:57:43.390674375Z [INFO] EDGETRADER-VIRTUAL.SimulatedExchange(BINANCE): Added instrument CHZBNB.BINANCE and created matching engine
2026-09-23T03:57:43.390734807Z [INFO] EDGETRADER-VIRTUAL.SimulatedExchange(BINANCE): Added instrument CHZBTC.BINANCE and created matching engine
2026-09-23T03:57:43.390803266Z [INFO] EDGETRADER-VIRTUAL.SimulatedExchange(BINANCE): Added instrument CHZUSDT.BINANCE and created matching engine
2026-09-23T03:57:43.390880664Z [INFO] EDGETRADER-VIRTUAL.SimulatedExchange(BINANCE): Added instrument BANDBNB.BINANCE and created matching engine
2026-09-23T03:57:43.390955728Z [INFO] EDGETRADER-VIRTUAL.SimulatedExchange(BINANCE): Added instrument BANDBTC.BINANCE and created matching engine
2026-09-23T03:57:43.391027198Z [INFO] EDGETRADER-VIRTUAL.SimulatedExchange(BINANCE): Added instrument BANDUSDT.BINANCE and created matching engine
2026-09-23T03:57:43.391107728Z [INFO] EDGETRADER-VIRTUAL.SimulatedExchange(BINANCE): Added instrument BNBBUSD.BINANCE and created matching engine
2026-09-23T03:57:43.391188407Z [INFO] EDGETRADER-VIRTUAL.SimulatedExchange(BINANCE): Added instrument BTCBUSD.BINANCE and created matching engine
2026-09-23T03:57:43.391255146Z [INFO] EDGETRADER-VIRTUAL.SimulatedExchange(BINANCE): Added instrument BUSDUSDT.BINANCE and created matching engine
2026-09-23T03:57:43.391323728Z [INFO] EDGETRADER-VIRTUAL.SimulatedExchange(BINANCE): Added instrument BEAMBNB.BINANCE and created matching engine
2026-09-23T03:57:43.391405899Z [INFO] EDGETRADER-VIRTUAL.SimulatedExchange(BINANCE): Added instrument BEAMBTC.BINANCE and created matching engine
2026-09-23T03:57:43.391484019Z [INFO] EDGETRADER-VIRTUAL.SimulatedExchange(BINANCE): Added instrument BEAMUSDT.BINANCE and created matching engine
2026-09-23T03:57:43.391564110Z [INFO] EDGETRADER-VIRTUAL.SimulatedExchange(BINANCE): Added instrument XTZBNB.BINANCE and created matching engine
2026-09-23T03:57:43.391644756Z [INFO] EDGETRADER-VIRTUAL.SimulatedExchange(BINANCE): Added instrument XTZBTC.BINANCE and created matching engine
2026-09-23T03:57:43.391727482Z [INFO] EDGETRADER-VIRTUAL.SimulatedExchange(BINANCE): Added instrument XTZUSDT.BINANCE and created matching engine
2026-09-23T03:57:43.391789745Z [INFO] EDGETRADER-VIRTUAL.SimulatedExchange(BINANCE): Added instrument RENUSDT.BINANCE and created matching engine
2026-09-23T03:57:43.391856542Z [INFO] EDGETRADER-VIRTUAL.SimulatedExchange(BINANCE): Added instrument RVNUSDT.BINANCE and created matching engine
2026-09-23T03:57:43.391928804Z [INFO] EDGETRADER-VIRTUAL.SimulatedExchange(BINANCE): Added instrument HCUSDT.BINANCE and created matching engine
2026-09-23T03:57:43.392001068Z [INFO] EDGETRADER-VIRTUAL.SimulatedExchange(BINANCE): Added instrument HBARBNB.BINANCE and created matching engine
2026-09-23T03:57:43.392069098Z [INFO] EDGETRADER-VIRTUAL.SimulatedExchange(BINANCE): Added instrument HBARBTC.BINANCE and created matching engine
2026-09-23T03:57:43.392135590Z [INFO] EDGETRADER-VIRTUAL.SimulatedExchange(BINANCE): Added instrument HBARUSDT.BINANCE and created matching engine
2026-09-23T03:57:43.392214604Z [INFO] EDGETRADER-VIRTUAL.SimulatedExchange(BINANCE): Added instrument NKNBNB.BINANCE and created matching engine
2026-09-23T03:57:43.392292816Z [INFO] EDGETRADER-VIRTUAL.SimulatedExchange(BINANCE): Added instrument NKNBTC.BINANCE and created matching engine
2026-09-23T03:57:43.392372927Z [INFO] EDGETRADER-VIRTUAL.SimulatedExchange(BINANCE): Added instrument NKNUSDT.BINANCE and created matching engine
2026-09-23T03:57:43.392457119Z [INFO] EDGETRADER-VIRTUAL.SimulatedExchange(BINANCE): Added instrument XRPBUSD.BINANCE and created matching engine
2026-09-23T03:57:43.392540207Z [INFO] EDGETRADER-VIRTUAL.SimulatedExchange(BINANCE): Added instrument ETHBUSD.BINANCE and created matching engine
2026-09-23T03:57:43.392648245Z [INFO] EDGETRADER-VIRTUAL.SimulatedExchange(BINANCE): Added instrument BCHABCBUSD.BINANCE and created matching engine
2026-09-23T03:57:43.392715975Z [INFO] EDGETRADER-VIRTUAL.SimulatedExchange(BINANCE): Added instrument LTCBUSD.BINANCE and created matching engine
2026-09-23T03:57:43.392784021Z [INFO] EDGETRADER-VIRTUAL.SimulatedExchange(BINANCE): Added instrument LINKBUSD.BINANCE and created matching engine
2026-09-23T03:57:43.392858258Z [INFO] EDGETRADER-VIRTUAL.SimulatedExchange(BINANCE): Added instrument ETCBUSD.BINANCE and created matching engine
2026-09-23T03:57:43.392922122Z [INFO] EDGETRADER-VIRTUAL.SimulatedExchange(BINANCE): Added instrument STXBNB.BINANCE and created matching engine
2026-09-23T03:57:43.393005315Z [INFO] EDGETRADER-VIRTUAL.SimulatedExchange(BINANCE): Added instrument STXBTC.BINANCE and created matching engine
2026-09-23T03:57:43.393082463Z [INFO] EDGETRADER-VIRTUAL.SimulatedExchange(BINANCE): Added instrument STXUSDT.BINANCE and created matching engine
2026-09-23T03:57:43.393161213Z [INFO] EDGETRADER-VIRTUAL.SimulatedExchange(BINANCE): Added instrument KAVABNB.BINANCE and created matching engine
2026-09-23T03:57:43.393238827Z [INFO] EDGETRADER-VIRTUAL.SimulatedExchange(BINANCE): Added instrument KAVABTC.BINANCE and created matching engine
2026-09-23T03:57:43.393301088Z [INFO] EDGETRADER-VIRTUAL.SimulatedExchange(BINANCE): Added instrument KAVAUSDT.BINANCE and created matching engine
2026-09-23T03:57:43.393370043Z [INFO] EDGETRADER-VIRTUAL.SimulatedExchange(BINANCE): Added instrument BUSDNGN.BINANCE and created matching engine
2026-09-23T03:57:43.393446369Z [INFO] EDGETRADER-VIRTUAL.SimulatedExchange(BINANCE): Added instrument BNBNGN.BINANCE and created matching engine
2026-09-23T03:57:43.393520751Z [INFO] EDGETRADER-VIRTUAL.SimulatedExchange(BINANCE): Added instrument BTCNGN.BINANCE and created matching engine
2026-09-23T03:57:43.393600775Z [INFO] EDGETRADER-VIRTUAL.SimulatedExchange(BINANCE): Added instrument ARPABNB.BINANCE and created matching engine
2026-09-23T03:57:43.393669414Z [INFO] EDGETRADER-VIRTUAL.SimulatedExchange(BINANCE): Added instrument ARPABTC.BINANCE and created matching engine
2026-09-23T03:57:43.393736776Z [INFO] EDGETRADER-VIRTUAL.SimulatedExchange(BINANCE): Added instrument ARPAUSDT.BINANCE and created matching engine
2026-09-23T03:57:43.393806030Z [INFO] EDGETRADER-VIRTUAL.SimulatedExchange(BINANCE): Added instrument TRXBUSD.BINANCE and created matching engine
2026-09-23T03:57:43.393881517Z [INFO] EDGETRADER-VIRTUAL.SimulatedExchange(BINANCE): Added instrument EOSBUSD.BINANCE and created matching engine
2026-09-23T03:57:43.393951245Z [INFO] EDGETRADER-VIRTUAL.SimulatedExchange(BINANCE): Added instrument IOTXUSDT.BINANCE and created matching engine
2026-09-23T03:57:43.394020408Z [INFO] EDGETRADER-VIRTUAL.SimulatedExchange(BINANCE): Added instrument RLCUSDT.BINANCE and created matching engine
2026-09-23T03:57:43.394086494Z [INFO] EDGETRADER-VIRTUAL.SimulatedExchange(BINANCE): Added instrument MCOUSDT.BINANCE and created matching engine
2026-09-23T03:57:43.394157885Z [INFO] EDGETRADER-VIRTUAL.SimulatedExchange(BINANCE): Added instrument XLMBUSD.BINANCE and created matching engine
2026-09-23T03:57:43.394223186Z [INFO] EDGETRADER-VIRTUAL.SimulatedExchange(BINANCE): Added instrument ADABUSD.BINANCE and created matching engine
2026-09-23T03:57:43.394296285Z [INFO] EDGETRADER-VIRTUAL.SimulatedExchange(BINANCE): Added instrument CTXCBNB.BINANCE and created matching engine
2026-09-23T03:57:43.394378536Z [INFO] EDGETRADER-VIRTUAL.SimulatedExchange(BINANCE): Added instrument CTXCBTC.BINANCE and created matching engine
2026-09-23T03:57:43.394443866Z [INFO] EDGETRADER-VIRTUAL.SimulatedExchange(BINANCE): Added instrument CTXCUSDT.BINANCE and created matching engine
2026-09-23T03:57:43.394514757Z [INFO] EDGETRADER-VIRTUAL.SimulatedExchange(BINANCE): Added instrument BCHBNB.BINANCE and created matching engine
2026-09-23T03:57:43.394586651Z [INFO] EDGETRADER-VIRTUAL.SimulatedExchange(BINANCE): Added instrument BCHBTC.BINANCE and created matching engine
2026-09-23T03:57:43.394665207Z [INFO] EDGETRADER-VIRTUAL.SimulatedExchange(BINANCE): Added instrument BCHUSDT.BINANCE and created matching engine
2026-09-23T03:57:43.394748102Z [INFO] EDGETRADER-VIRTUAL.SimulatedExchange(BINANCE): Added instrument BCHUSDC.BINANCE and created matching engine
2026-09-23T03:57:43.394817971Z [INFO] EDGETRADER-VIRTUAL.SimulatedExchange(BINANCE): Added instrument BCHTUSD.BINANCE and created matching engine
2026-09-23T03:57:43.394887871Z [INFO] EDGETRADER-VIRTUAL.SimulatedExchange(BINANCE): Added instrument BCHPAX.BINANCE and created matching engine
2026-09-23T03:57:43.394955422Z [INFO] EDGETRADER-VIRTUAL.SimulatedExchange(BINANCE): Added instrument BCHBUSD.BINANCE and created matching engine
2026-09-23T03:57:43.395031883Z [INFO] EDGETRADER-VIRTUAL.SimulatedExchange(BINANCE): Added instrument BTCRUB.BINANCE and created matching engine
2026-09-23T03:57:43.395110962Z [INFO] EDGETRADER-VIRTUAL.SimulatedExchange(BINANCE): Added instrument ETHRUB.BINANCE and created matching engine
2026-09-23T03:57:43.395615330Z [INFO] EDGETRADER-VIRTUAL.SimulatedExchange(BINANCE): Added instrument XRPRUB.BINANCE and created matching engine
2026-09-23T03:57:43.395733998Z [INFO] EDGETRADER-VIRTUAL.SimulatedExchange(BINANCE): Added instrument BNBRUB.BINANCE and created matching engine
2026-09-23T03:57:43.395817328Z [INFO] EDGETRADER-VIRTUAL.SimulatedExchange(BINANCE): Added instrument TROYBNB.BINANCE and created matching engine
2026-09-23T03:57:43.395896290Z [INFO] EDGETRADER-VIRTUAL.SimulatedExchange(BINANCE): Added instrument TROYBTC.BINANCE and created matching engine
2026-09-23T03:57:43.395962969Z [INFO] EDGETRADER-VIRTUAL.SimulatedExchange(BINANCE): Added instrument TROYUSDT.BINANCE and created matching engine
2026-09-23T03:57:43.396034440Z [INFO] EDGETRADER-VIRTUAL.SimulatedExchange(BINANCE): Added instrument BUSDRUB.BINANCE and created matching engine
2026-09-23T03:57:43.396118211Z [INFO] EDGETRADER-VIRTUAL.SimulatedExchange(BINANCE): Added instrument QTUMBUSD.BINANCE and created matching engine
2026-09-23T03:57:43.396193459Z [INFO] EDGETRADER-VIRTUAL.SimulatedExchange(BINANCE): Added instrument VETBUSD.BINANCE and created matching engine
2026-09-23T03:57:43.396265679Z [INFO] EDGETRADER-VIRTUAL.SimulatedExchange(BINANCE): Added instrument VITEBNB.BINANCE and created matching engine
2026-09-23T03:57:43.396331663Z [INFO] EDGETRADER-VIRTUAL.SimulatedExchange(BINANCE): Added instrument VITEBTC.BINANCE and created matching engine
2026-09-23T03:57:43.396398311Z [INFO] EDGETRADER-VIRTUAL.SimulatedExchange(BINANCE): Added instrument VITEUSDT.BINANCE and created matching engine
2026-09-23T03:57:43.396467573Z [INFO] EDGETRADER-VIRTUAL.SimulatedExchange(BINANCE): Added instrument FTTBNB.BINANCE and created matching engine
2026-09-23T03:57:43.396537043Z [INFO] EDGETRADER-VIRTUAL.SimulatedExchange(BINANCE): Added instrument FTTBTC.BINANCE and created matching engine
2026-09-23T03:57:43.396603560Z [INFO] EDGETRADER-VIRTUAL.SimulatedExchange(BINANCE): Added instrument FTTUSDT.BINANCE and created matching engine
2026-09-23T03:57:43.396771776Z [INFO] EDGETRADER-VIRTUAL.SimulatedExchange(BINANCE): Added instrument BTCTRY.BINANCE and created matching engine
2026-09-23T03:57:43.396860812Z [INFO] EDGETRADER-VIRTUAL.SimulatedExchange(BINANCE): Added instrument BNBTRY.BINANCE and created matching engine
2026-09-23T03:57:43.396929255Z [INFO] EDGETRADER-VIRTUAL.SimulatedExchange(BINANCE): Added instrument BUSDTRY.BINANCE and created matching engine
2026-09-23T03:57:43.397004048Z [INFO] EDGETRADER-VIRTUAL.SimulatedExchange(BINANCE): Added instrument ETHTRY.BINANCE and created matching engine
2026-09-23T03:57:43.397087650Z [INFO] EDGETRADER-VIRTUAL.SimulatedExchange(BINANCE): Added instrument XRPTRY.BINANCE and created matching engine
2026-09-23T03:57:43.397157797Z [INFO] EDGETRADER-VIRTUAL.SimulatedExchange(BINANCE): Added instrument USDTTRY.BINANCE and created matching engine
2026-09-23T03:57:43.397231805Z [INFO] EDGETRADER-VIRTUAL.SimulatedExchange(BINANCE): Added instrument USDTRUB.BINANCE and created matching engine
2026-09-23T03:57:43.397303108Z [INFO] EDGETRADER-VIRTUAL.SimulatedExchange(BINANCE): Added instrument BTCEUR.BINANCE and created matching engine
2026-09-23T03:57:43.397374326Z [INFO] EDGETRADER-VIRTUAL.SimulatedExchange(BINANCE): Added instrument ETHEUR.BINANCE and created matching engine
2026-09-23T03:57:43.397454429Z [INFO] EDGETRADER-VIRTUAL.SimulatedExchange(BINANCE): Added instrument BNBEUR.BINANCE and created matching engine
2026-09-23T03:57:43.397535083Z [INFO] EDGETRADER-VIRTUAL.SimulatedExchange(BINANCE): Added instrument XRPEUR.BINANCE and created matching engine
2026-09-23T03:57:43.397613869Z [INFO] EDGETRADER-VIRTUAL.SimulatedExchange(BINANCE): Added instrument EURBUSD.BINANCE and created matching engine
2026-09-23T03:57:43.397693195Z [INFO] EDGETRADER-VIRTUAL.SimulatedExchange(BINANCE): Added instrument EURUSDT.BINANCE and created matching engine
2026-09-23T03:57:43.397776646Z [INFO] EDGETRADER-VIRTUAL.SimulatedExchange(BINANCE): Added instrument OGNBNB.BINANCE and created matching engine
2026-09-23T03:57:43.397865905Z [INFO] EDGETRADER-VIRTUAL.SimulatedExchange(BINANCE): Added instrument OGNBTC.BINANCE and created matching engine
2026-09-23T03:57:43.397955765Z [INFO] EDGETRADER-VIRTUAL.SimulatedExchange(BINANCE): Added instrument OGNUSDT.BINANCE and created matching engine
2026-09-23T03:57:43.398027979Z [INFO] EDGETRADER-VIRTUAL.SimulatedExchange(BINANCE): Added instrument DREPBNB.BINANCE and created matching engine
2026-09-23T03:57:43.398098847Z [INFO] EDGETRADER-VIRTUAL.SimulatedExchange(BINANCE): Added instrument DREPBTC.BINANCE and created matching engine
2026-09-23T03:57:43.398166867Z [INFO] EDGETRADER-VIRTUAL.SimulatedExchange(BINANCE): Added instrument DREPUSDT.BINANCE and created matching engine
2026-09-23T03:57:43.398239948Z [INFO] EDGETRADER-VIRTUAL.SimulatedExchange(BINANCE): Added instrument BULLUSDT.BINANCE and created matching engine
2026-09-23T03:57:43.398313643Z [INFO] EDGETRADER-VIRTUAL.SimulatedExchange(BINANCE): Added instrument BULLBUSD.BINANCE and created matching engine
2026-09-23T03:57:43.398425504Z [INFO] EDGETRADER-VIRTUAL.SimulatedExchange(BINANCE): Added instrument BEARUSDT.BINANCE and created matching engine
2026-09-23T03:57:43.398525820Z [INFO] EDGETRADER-VIRTUAL.SimulatedExchange(BINANCE): Added instrument BEARBUSD.BINANCE and created matching engine
2026-09-23T03:57:43.398597432Z [INFO] EDGETRADER-VIRTUAL.SimulatedExchange(BINANCE): Added instrument ETHBULLUSDT.BINANCE and created matching engine
2026-09-23T03:57:43.398667015Z [INFO] EDGETRADER-VIRTUAL.SimulatedExchange(BINANCE): Added instrument ETHBULLBUSD.BINANCE and created matching engine
2026-09-23T03:57:43.398742612Z [INFO] EDGETRADER-VIRTUAL.SimulatedExchange(BINANCE): Added instrument ETHBEARUSDT.BINANCE and created matching engine
2026-09-23T03:57:43.398819121Z [INFO] EDGETRADER-VIRTUAL.SimulatedExchange(BINANCE): Added instrument ETHBEARBUSD.BINANCE and created matching engine
2026-09-23T03:57:43.398895333Z [INFO] EDGETRADER-VIRTUAL.SimulatedExchange(BINANCE): Added instrument TCTBNB.BINANCE and created matching engine
2026-09-23T03:57:43.398966081Z [INFO] EDGETRADER-VIRTUAL.SimulatedExchange(BINANCE): Added instrument TCTBTC.BINANCE and created matching engine
2026-09-23T03:57:43.399036061Z [INFO] EDGETRADER-VIRTUAL.SimulatedExchange(BINANCE): Added instrument TCTUSDT.BINANCE and created matching engine
2026-09-23T03:57:43.399117736Z [INFO] EDGETRADER-VIRTUAL.SimulatedExchange(BINANCE): Added instrument WRXBNB.BINANCE and created matching engine
2026-09-23T03:57:43.399197439Z [INFO] EDGETRADER-VIRTUAL.SimulatedExchange(BINANCE): Added instrument WRXBTC.BINANCE and created matching engine
2026-09-23T03:57:43.399268465Z [INFO] EDGETRADER-VIRTUAL.SimulatedExchange(BINANCE): Added instrument WRXUSDT.BINANCE and created matching engine
2026-09-23T03:57:43.399339203Z [INFO] EDGETRADER-VIRTUAL.SimulatedExchange(BINANCE): Added instrument ICXBUSD.BINANCE and created matching engine
2026-09-23T03:57:43.399414586Z [INFO] EDGETRADER-VIRTUAL.SimulatedExchange(BINANCE): Added instrument BTSUSDT.BINANCE and created matching engine
2026-09-23T03:57:43.399493349Z [INFO] EDGETRADER-VIRTUAL.SimulatedExchange(BINANCE): Added instrument BTSBUSD.BINANCE and created matching engine
2026-09-23T03:57:43.399592015Z [INFO] EDGETRADER-VIRTUAL.SimulatedExchange(BINANCE): Added instrument LSKUSDT.BINANCE and created matching engine
2026-09-23T03:57:43.399671551Z [INFO] EDGETRADER-VIRTUAL.SimulatedExchange(BINANCE): Added instrument BNTUSDT.BINANCE and created matching engine
2026-09-23T03:57:43.399767828Z [INFO] EDGETRADER-VIRTUAL.SimulatedExchange(BINANCE): Added instrument BNTBUSD.BINANCE and created matching engine
2026-09-23T03:57:43.399843617Z [INFO] EDGETRADER-VIRTUAL.SimulatedExchange(BINANCE): Added instrument LTOBNB.BINANCE and created matching engine
2026-09-23T03:57:43.399920711Z [INFO] EDGETRADER-VIRTUAL.SimulatedExchange(BINANCE): Added instrument LTOBTC.BINANCE and created matching engine
2026-09-23T03:57:43.400002142Z [INFO] EDGETRADER-VIRTUAL.SimulatedExchange(BINANCE): Added instrument LTOUSDT.BINANCE and created matching engine
2026-09-23T03:57:43.400083694Z [INFO] EDGETRADER-VIRTUAL.SimulatedExchange(BINANCE): Added instrument ATOMBUSD.BINANCE and created matching engine
2026-09-23T03:57:43.400170675Z [INFO] EDGETRADER-VIRTUAL.SimulatedExchange(BINANCE): Added instrument DASHBUSD.BINANCE and created matching engine
2026-09-23T03:57:43.400250500Z [INFO] EDGETRADER-VIRTUAL.SimulatedExchange(BINANCE): Added instrument NEOBUSD.BINANCE and created matching engine
2026-09-23T03:57:43.400327640Z [INFO] EDGETRADER-VIRTUAL.SimulatedExchange(BINANCE): Added instrument WAVESBUSD.BINANCE and created matching engine
2026-09-23T03:57:43.400414105Z [INFO] EDGETRADER-VIRTUAL.SimulatedExchange(BINANCE): Added instrument XTZBUSD.BINANCE and created matching engine
2026-09-23T03:57:43.400485326Z [INFO] EDGETRADER-VIRTUAL.SimulatedExchange(BINANCE): Added instrument EOSBULLUSDT.BINANCE and created matching engine
2026-09-23T03:57:43.400554185Z [INFO] EDGETRADER-VIRTUAL.SimulatedExchange(BINANCE): Added instrument EOSBULLBUSD.BINANCE and created matching engine
2026-09-23T03:57:43.400625356Z [INFO] EDGETRADER-VIRTUAL.SimulatedExchange(BINANCE): Added instrument EOSBEARUSDT.BINANCE and created matching engine
2026-09-23T03:57:43.400698858Z [INFO] EDGETRADER-VIRTUAL.SimulatedExchange(BINANCE): Added instrument EOSBEARBUSD.BINANCE and created matching engine
2026-09-23T03:57:43.400780291Z [INFO] EDGETRADER-VIRTUAL.SimulatedExchange(BINANCE): Added instrument XRPBULLUSDT.BINANCE and created matching engine
2026-09-23T03:57:43.400854388Z [INFO] EDGETRADER-VIRTUAL.SimulatedExchange(BINANCE): Added instrument XRPBULLBUSD.BINANCE and created matching engine
2026-09-23T03:57:43.400933622Z [INFO] EDGETRADER-VIRTUAL.SimulatedExchange(BINANCE): Added instrument XRPBEARUSDT.BINANCE and created matching engine
2026-09-23T03:57:43.400998533Z [INFO] EDGETRADER-VIRTUAL.SimulatedExchange(BINANCE): Added instrument XRPBEARBUSD.BINANCE and created matching engine
2026-09-23T03:57:43.401075324Z [INFO] EDGETRADER-VIRTUAL.SimulatedExchange(BINANCE): Added instrument BATBUSD.BINANCE and created matching engine
2026-09-23T03:57:43.401214913Z [INFO] EDGETRADER-VIRTUAL.SimulatedExchange(BINANCE): Added instrument ENJBUSD.BINANCE and created matching engine
2026-09-23T03:57:43.401289777Z [INFO] EDGETRADER-VIRTUAL.SimulatedExchange(BINANCE): Added instrument NANOBUSD.BINANCE and created matching engine
2026-09-23T03:57:43.401372248Z [INFO] EDGETRADER-VIRTUAL.SimulatedExchange(BINANCE): Added instrument ONTBUSD.BINANCE and created matching engine
2026-09-23T03:57:43.401451619Z [INFO] EDGETRADER-VIRTUAL.SimulatedExchange(BINANCE): Added instrument RVNBUSD.BINANCE and created matching engine
2026-09-23T03:57:43.401540567Z [INFO] EDGETRADER-VIRTUAL.SimulatedExchange(BINANCE): Added instrument STRATBUSD.BINANCE and created matching engine
2026-09-23T03:57:43.401612525Z [INFO] EDGETRADER-VIRTUAL.SimulatedExchange(BINANCE): Added instrument STRATBNB.BINANCE and created matching engine
2026-09-23T03:57:43.401690923Z [INFO] EDGETRADER-VIRTUAL.SimulatedExchange(BINANCE): Added instrument STRATUSDT.BINANCE and created matching engine
2026-09-23T03:57:43.401783689Z [INFO] EDGETRADER-VIRTUAL.SimulatedExchange(BINANCE): Added instrument AIONBUSD.BINANCE and created matching engine
2026-09-23T03:57:43.401878515Z [INFO] EDGETRADER-VIRTUAL.SimulatedExchange(BINANCE): Added instrument AIONUSDT.BINANCE and created matching engine
2026-09-23T03:57:43.401977145Z [INFO] EDGETRADER-VIRTUAL.SimulatedExchange(BINANCE): Added instrument MBLBNB.BINANCE and created matching engine
2026-09-23T03:57:43.402068765Z [INFO] EDGETRADER-VIRTUAL.SimulatedExchange(BINANCE): Added instrument MBLBTC.BINANCE and created matching engine
2026-09-23T03:57:43.402163350Z [INFO] EDGETRADER-VIRTUAL.SimulatedExchange(BINANCE): Added instrument MBLUSDT.BINANCE and created matching engine
2026-09-23T03:57:43.402259014Z [INFO] EDGETRADER-VIRTUAL.SimulatedExchange(BINANCE): Added instrument COTIBNB.BINANCE and created matching engine
2026-09-23T03:57:43.402348373Z [INFO] EDGETRADER-VIRTUAL.SimulatedExchange(BINANCE): Added instrument COTIBTC.BINANCE and created matching engine
2026-09-23T03:57:43.402431489Z [INFO] EDGETRADER-VIRTUAL.SimulatedExchange(BINANCE): Added instrument COTIUSDT.BINANCE and created matching engine
2026-09-23T03:57:43.402518010Z [INFO] EDGETRADER-VIRTUAL.SimulatedExchange(BINANCE): Added instrument ALGOBUSD.BINANCE and created matching engine
2026-09-23T03:57:43.402590510Z [INFO] EDGETRADER-VIRTUAL.SimulatedExchange(BINANCE): Added instrument BTTBUSD.BINANCE and created matching engine
2026-09-23T03:57:43.402665050Z [INFO] EDGETRADER-VIRTUAL.SimulatedExchange(BINANCE): Added instrument TOMOBUSD.BINANCE and created matching engine
2026-09-23T03:57:43.402756315Z [INFO] EDGETRADER-VIRTUAL.SimulatedExchange(BINANCE): Added instrument XMRBUSD.BINANCE and created matching engine
2026-09-23T03:57:43.402849357Z [INFO] EDGETRADER-VIRTUAL.SimulatedExchange(BINANCE): Added instrument ZECBUSD.BINANCE and created matching engine
2026-09-23T03:57:43.402939059Z [INFO] EDGETRADER-VIRTUAL.SimulatedExchange(BINANCE): Added instrument BNBBULLUSDT.BINANCE and created matching engine
2026-09-23T03:57:43.403033670Z [INFO] EDGETRADER-VIRTUAL.SimulatedExchange(BINANCE): Added instrument BNBBULLBUSD.BINANCE and created matching engine
2026-09-23T03:57:43.403113720Z [INFO] EDGETRADER-VIRTUAL.SimulatedExchange(BINANCE): Added instrument BNBBEARUSDT.BINANCE and created matching engine
2026-09-23T03:57:43.403187463Z [INFO] EDGETRADER-VIRTUAL.SimulatedExchange(BINANCE): Added instrument BNBBEARBUSD.BINANCE and created matching engine
2026-09-23T03:57:43.403282572Z [INFO] EDGETRADER-VIRTUAL.SimulatedExchange(BINANCE): Added instrument STPTBNB.BINANCE and created matching engine
2026-09-23T03:57:43.403381019Z [INFO] EDGETRADER-VIRTUAL.SimulatedExchange(BINANCE): Added instrument STPTBTC.BINANCE and created matching engine
2026-09-23T03:57:43.403466811Z [INFO] EDGETRADER-VIRTUAL.SimulatedExchange(BINANCE): Added instrument STPTUSDT.BINANCE and created matching engine
2026-09-23T03:57:43.403558082Z [INFO] EDGETRADER-VIRTUAL.SimulatedExchange(BINANCE): Added instrument BTCZAR.BINANCE and created matching engine
2026-09-23T03:57:43.403654107Z [INFO] EDGETRADER-VIRTUAL.SimulatedExchange(BINANCE): Added instrument ETHZAR.BINANCE and created matching engine
2026-09-23T03:57:43.403756371Z [INFO] EDGETRADER-VIRTUAL.SimulatedExchange(BINANCE): Added instrument BNBZAR.BINANCE and created matching engine
2026-09-23T03:57:43.403853024Z [INFO] EDGETRADER-VIRTUAL.SimulatedExchange(BINANCE): Added instrument USDTZAR.BINANCE and created matching engine
2026-09-23T03:57:43.403926858Z [INFO] EDGETRADER-VIRTUAL.SimulatedExchange(BINANCE): Added instrument BUSDZAR.BINANCE and created matching engine
2026-09-23T03:57:43.404010859Z [INFO] EDGETRADER-VIRTUAL.SimulatedExchange(BINANCE): Added instrument BTCBKRW.BINANCE and created matching engine
2026-09-23T03:57:43.404107818Z [INFO] EDGETRADER-VIRTUAL.SimulatedExchange(BINANCE): Added instrument ETHBKRW.BINANCE and created matching engine
2026-09-23T03:57:43.404205944Z [INFO] EDGETRADER-VIRTUAL.SimulatedExchange(BINANCE): Added instrument BNBBKRW.BINANCE and created matching engine
2026-09-23T03:57:43.404333030Z [INFO] EDGETRADER-VIRTUAL.SimulatedExchange(BINANCE): Added instrument WTCUSDT.BINANCE and created matching engine
2026-09-23T03:57:43.404413549Z [INFO] EDGETRADER-VIRTUAL.SimulatedExchange(BINANCE): Added instrument DATABUSD.BINANCE and created matching engine
2026-09-23T03:57:43.404500532Z [INFO] EDGETRADER-VIRTUAL.SimulatedExchange(BINANCE): Added instrument DATAUSDT.BINANCE and created matching engine
2026-09-23T03:57:43.404593065Z [INFO] EDGETRADER-VIRTUAL.SimulatedExchange(BINANCE): Added instrument XZCUSDT.BINANCE and created matching engine
2026-09-23T03:57:43.404695176Z [INFO] EDGETRADER-VIRTUAL.SimulatedExchange(BINANCE): Added instrument SOLBNB.BINANCE and created matching engine
2026-09-23T03:57:43.404786947Z [INFO] EDGETRADER-VIRTUAL.SimulatedExchange(BINANCE): Added instrument SOLBTC.BINANCE and created matching engine
2026-09-23T03:57:43.404871557Z [INFO] EDGETRADER-VIRTUAL.SimulatedExchange(BINANCE): Added instrument SOLUSDT.BINANCE and created matching engine
2026-09-23T03:57:43.404967116Z [INFO] EDGETRADER-VIRTUAL.SimulatedExchange(BINANCE): Added instrument SOLBUSD.BINANCE and created matching engine
2026-09-23T03:57:43.405068979Z [INFO] EDGETRADER-VIRTUAL.SimulatedExchange(BINANCE): Added instrument BTCIDRT.BINANCE and created matching engine
2026-09-23T03:57:43.405167489Z [INFO] EDGETRADER-VIRTUAL.SimulatedExchange(BINANCE): Added instrument BNBIDRT.BINANCE and created matching engine
2026-09-23T03:57:43.405258272Z [INFO] EDGETRADER-VIRTUAL.SimulatedExchange(BINANCE): Added instrument USDTIDRT.BINANCE and created matching engine
2026-09-23T03:57:43.405344512Z [INFO] EDGETRADER-VIRTUAL.SimulatedExchange(BINANCE): Added instrument BUSDIDRT.BINANCE and created matching engine
2026-09-23T03:57:43.405451757Z [INFO] EDGETRADER-VIRTUAL.SimulatedExchange(BINANCE): Added instrument CTSIBTC.BINANCE and created matching engine
2026-09-23T03:57:43.405545855Z [INFO] EDGETRADER-VIRTUAL.SimulatedExchange(BINANCE): Added instrument CTSIUSDT.BINANCE and created matching engine
2026-09-23T03:57:43.405639487Z [INFO] EDGETRADER-VIRTUAL.SimulatedExchange(BINANCE): Added instrument CTSIBNB.BINANCE and created matching engine
2026-09-23T03:57:43.405739750Z [INFO] EDGETRADER-VIRTUAL.SimulatedExchange(BINANCE): Added instrument CTSIBUSD.BINANCE and created matching engine
2026-09-23T03:57:43.405829530Z [INFO] EDGETRADER-VIRTUAL.SimulatedExchange(BINANCE): Added instrument HIVEBNB.BINANCE and created matching engine
2026-09-23T03:57:43.405918154Z [INFO] EDGETRADER-VIRTUAL.SimulatedExchange(BINANCE): Added instrument HIVEBTC.BINANCE and created matching engine
2026-09-23T03:57:43.406015626Z [INFO] EDGETRADER-VIRTUAL.SimulatedExchange(BINANCE): Added instrument HIVEUSDT.BINANCE and created matching engine
2026-09-23T03:57:43.406118631Z [INFO] EDGETRADER-VIRTUAL.SimulatedExchange(BINANCE): Added instrument CHRBNB.BINANCE and created matching engine
2026-09-23T03:57:43.406218402Z [INFO] EDGETRADER-VIRTUAL.SimulatedExchange(BINANCE): Added instrument CHRBTC.BINANCE and created matching engine
2026-09-23T03:57:43.406311618Z [INFO] EDGETRADER-VIRTUAL.SimulatedExchange(BINANCE): Added instrument CHRUSDT.BINANCE and created matching engine
2026-09-23T03:57:43.406401600Z [INFO] EDGETRADER-VIRTUAL.SimulatedExchange(BINANCE): Added instrument BTCUPUSDT.BINANCE and created matching engine
2026-09-23T03:57:43.406499355Z [INFO] EDGETRADER-VIRTUAL.SimulatedExchange(BINANCE): Added instrument BTCDOWNUSDT.BINANCE and created matching engine
2026-09-23T03:57:43.406600017Z [INFO] EDGETRADER-VIRTUAL.SimulatedExchange(BINANCE): Added instrument GXSUSDT.BINANCE and created matching engine
2026-09-23T03:57:43.406686341Z [INFO] EDGETRADER-VIRTUAL.SimulatedExchange(BINANCE): Added instrument ARDRUSDT.BINANCE and created matching engine
2026-09-23T03:57:43.406781993Z [INFO] EDGETRADER-VIRTUAL.SimulatedExchange(BINANCE): Added instrument ERDBUSD.BINANCE and created matching engine
2026-09-23T03:57:43.406882603Z [INFO] EDGETRADER-VIRTUAL.SimulatedExchange(BINANCE): Added instrument LENDUSDT.BINANCE and created matching engine
2026-09-23T03:57:43.406971915Z [INFO] EDGETRADER-VIRTUAL.SimulatedExchange(BINANCE): Added instrument HBARBUSD.BINANCE and created matching engine
2026-09-23T03:57:43.407049102Z [INFO] EDGETRADER-VIRTUAL.SimulatedExchange(BINANCE): Added instrument MATICBUSD.BINANCE and created matching engine
2026-09-23T03:57:43.407142284Z [INFO] EDGETRADER-VIRTUAL.SimulatedExchange(BINANCE): Added instrument WRXBUSD.BINANCE and created matching engine
2026-09-23T03:57:43.407251546Z [INFO] EDGETRADER-VIRTUAL.SimulatedExchange(BINANCE): Added instrument ZILBUSD.BINANCE and created matching engine
2026-09-23T03:57:43.407343349Z [INFO] EDGETRADER-VIRTUAL.SimulatedExchange(BINANCE): Added instrument MDTBNB.BINANCE and created matching engine
2026-09-23T03:57:43.407444943Z [INFO] EDGETRADER-VIRTUAL.SimulatedExchange(BINANCE): Added instrument MDTBTC.BINANCE and created matching engine
2026-09-23T03:57:43.407540179Z [INFO] EDGETRADER-VIRTUAL.SimulatedExchange(BINANCE): Added instrument MDTUSDT.BINANCE and created matching engine
2026-09-23T03:57:43.407661863Z [INFO] EDGETRADER-VIRTUAL.SimulatedExchange(BINANCE): Added instrument STMXBTC.BINANCE and created matching engine
2026-09-23T03:57:43.407775156Z [INFO] EDGETRADER-VIRTUAL.SimulatedExchange(BINANCE): Added instrument STMXETH.BINANCE and created matching engine
2026-09-23T03:57:43.407880646Z [INFO] EDGETRADER-VIRTUAL.SimulatedExchange(BINANCE): Added instrument STMXUSDT.BINANCE and created matching engine
2026-09-23T03:57:43.407977793Z [INFO] EDGETRADER-VIRTUAL.SimulatedExchange(BINANCE): Added instrument KNCBUSD.BINANCE and created matching engine
2026-09-23T03:57:43.408081932Z [INFO] EDGETRADER-VIRTUAL.SimulatedExchange(BINANCE): Added instrument KNCUSDT.BINANCE and created matching engine
2026-09-23T03:57:43.408187731Z [INFO] EDGETRADER-VIRTUAL.SimulatedExchange(BINANCE): Added instrument REPBUSD.BINANCE and created matching engine
2026-09-23T03:57:43.408275907Z [INFO] EDGETRADER-VIRTUAL.SimulatedExchange(BINANCE): Added instrument REPUSDT.BINANCE and created matching engine
2026-09-23T03:57:43.408374646Z [INFO] EDGETRADER-VIRTUAL.SimulatedExchange(BINANCE): Added instrument LRCBUSD.BINANCE and created matching engine
2026-09-23T03:57:43.408466967Z [INFO] EDGETRADER-VIRTUAL.SimulatedExchange(BINANCE): Added instrument LRCUSDT.BINANCE and created matching engine
2026-09-23T03:57:43.408563042Z [INFO] EDGETRADER-VIRTUAL.SimulatedExchange(BINANCE): Added instrument IQBNB.BINANCE and created matching engine
2026-09-23T03:57:43.408656383Z [INFO] EDGETRADER-VIRTUAL.SimulatedExchange(BINANCE): Added instrument IQBUSD.BINANCE and created matching engine
2026-09-23T03:57:43.408740596Z [INFO] EDGETRADER-VIRTUAL.SimulatedExchange(BINANCE): Added instrument PNTBTC.BINANCE and created matching engine
2026-09-23T03:57:43.408838509Z [INFO] EDGETRADER-VIRTUAL.SimulatedExchange(BINANCE): Added instrument PNTUSDT.BINANCE and created matching engine
2026-09-23T03:57:43.408917210Z [INFO] EDGETRADER-VIRTUAL.SimulatedExchange(BINANCE): Added instrument BTCGBP.BINANCE and created matching engine
2026-09-23T03:57:43.408998351Z [INFO] EDGETRADER-VIRTUAL.SimulatedExchange(BINANCE): Added instrument ETHGBP.BINANCE and created matching engine
2026-09-23T03:57:43.409101423Z [INFO] EDGETRADER-VIRTUAL.SimulatedExchange(BINANCE): Added instrument XRPGBP.BINANCE and created matching engine
2026-09-23T03:57:43.409191039Z [INFO] EDGETRADER-VIRTUAL.SimulatedExchange(BINANCE): Added instrument BNBGBP.BINANCE and created matching engine
2026-09-23T03:57:43.409291581Z [INFO] EDGETRADER-VIRTUAL.SimulatedExchange(BINANCE): Added instrument GBPBUSD.BINANCE and created matching engine
2026-09-23T03:57:43.409380456Z [INFO] EDGETRADER-VIRTUAL.SimulatedExchange(BINANCE): Added instrument DGBBTC.BINANCE and created matching engine
2026-09-23T03:57:43.409475946Z [INFO] EDGETRADER-VIRTUAL.SimulatedExchange(BINANCE): Added instrument DGBBUSD.BINANCE and created matching engine
2026-09-23T03:57:43.409573241Z [INFO] EDGETRADER-VIRTUAL.SimulatedExchange(BINANCE): Added instrument BTCUAH.BINANCE and created matching engine
2026-09-23T03:57:43.409667110Z [INFO] EDGETRADER-VIRTUAL.SimulatedExchange(BINANCE): Added instrument USDTUAH.BINANCE and created matching engine
2026-09-23T03:57:43.409773239Z [INFO] EDGETRADER-VIRTUAL.SimulatedExchange(BINANCE): Added instrument COMPBTC.BINANCE and created matching engine
2026-09-23T03:57:43.409871667Z [INFO] EDGETRADER-VIRTUAL.SimulatedExchange(BINANCE): Added instrument COMPBNB.BINANCE and created matching engine
2026-09-23T03:57:43.409972339Z [INFO] EDGETRADER-VIRTUAL.SimulatedExchange(BINANCE): Added instrument COMPBUSD.BINANCE and created matching engine
2026-09-23T03:57:43.410065559Z [INFO] EDGETRADER-VIRTUAL.SimulatedExchange(BINANCE): Added instrument COMPUSDT.BINANCE and created matching engine
2026-09-23T03:57:43.410167153Z [INFO] EDGETRADER-VIRTUAL.SimulatedExchange(BINANCE): Added instrument BTCBIDR.BINANCE and created matching engine
2026-09-23T03:57:43.410268129Z [INFO] EDGETRADER-VIRTUAL.SimulatedExchange(BINANCE): Added instrument ETHBIDR.BINANCE and created matching engine
2026-09-23T03:57:43.410376181Z [INFO] EDGETRADER-VIRTUAL.SimulatedExchange(BINANCE): Added instrument BNBBIDR.BINANCE and created matching engine
2026-09-23T03:57:43.410469704Z [INFO] EDGETRADER-VIRTUAL.SimulatedExchange(BINANCE): Added instrument BUSDBIDR.BINANCE and created matching engine
2026-09-23T03:57:43.410558955Z [INFO] EDGETRADER-VIRTUAL.SimulatedExchange(BINANCE): Added instrument USDTBIDR.BINANCE and created matching engine
2026-09-23T03:57:43.410656527Z [INFO] EDGETRADER-VIRTUAL.SimulatedExchange(BINANCE): Added instrument BKRWUSDT.BINANCE and created matching engine
2026-09-23T03:57:43.410750333Z [INFO] EDGETRADER-VIRTUAL.SimulatedExchange(BINANCE): Added instrument BKRWBUSD.BINANCE and created matching engine
2026-09-23T03:57:43.410839376Z [INFO] EDGETRADER-VIRTUAL.SimulatedExchange(BINANCE): Added instrument SCUSDT.BINANCE and created matching engine
2026-09-23T03:57:43.410941064Z [INFO] EDGETRADER-VIRTUAL.SimulatedExchange(BINANCE): Added instrument ZENUSDT.BINANCE and created matching engine
2026-09-23T03:57:43.411061445Z [INFO] EDGETRADER-VIRTUAL.SimulatedExchange(BINANCE): Added instrument SXPBTC.BINANCE and created matching engine
2026-09-23T03:57:43.411172994Z [INFO] EDGETRADER-VIRTUAL.SimulatedExchange(BINANCE): Added instrument SXPBNB.BINANCE and created matching engine
2026-09-23T03:57:43.411276166Z [INFO] EDGETRADER-VIRTUAL.SimulatedExchange(BINANCE): Added instrument SXPBUSD.BINANCE and created matching engine
2026-09-23T03:57:43.411382516Z [INFO] EDGETRADER-VIRTUAL.SimulatedExchange(BINANCE): Added instrument SNXBTC.BINANCE and created matching engine
2026-09-23T03:57:43.411477215Z [INFO] EDGETRADER-VIRTUAL.SimulatedExchange(BINANCE): Added instrument SNXBNB.BINANCE and created matching engine
2026-09-23T03:57:43.411581111Z [INFO] EDGETRADER-VIRTUAL.SimulatedExchange(BINANCE): Added instrument SNXBUSD.BINANCE and created matching engine
2026-09-23T03:57:43.411683167Z [INFO] EDGETRADER-VIRTUAL.SimulatedExchange(BINANCE): Added instrument SNXUSDT.BINANCE and created matching engine
2026-09-23T03:57:43.411789633Z [INFO] EDGETRADER-VIRTUAL.SimulatedExchange(BINANCE): Added instrument ETHUPUSDT.BINANCE and created matching engine
2026-09-23T03:57:43.411885743Z [INFO] EDGETRADER-VIRTUAL.SimulatedExchange(BINANCE): Added instrument ETHDOWNUSDT.BINANCE and created matching engine
2026-09-23T03:57:43.411986036Z [INFO] EDGETRADER-VIRTUAL.SimulatedExchange(BINANCE): Added instrument ADAUPUSDT.BINANCE and created matching engine
2026-09-23T03:57:43.412077304Z [INFO] EDGETRADER-VIRTUAL.SimulatedExchange(BINANCE): Added instrument ADADOWNUSDT.BINANCE and created matching engine
2026-09-23T03:57:43.412174880Z [INFO] EDGETRADER-VIRTUAL.SimulatedExchange(BINANCE): Added instrument LINKUPUSDT.BINANCE and created matching engine
2026-09-23T03:57:43.412283160Z [INFO] EDGETRADER-VIRTUAL.SimulatedExchange(BINANCE): Added instrument LINKDOWNUSDT.BINANCE and created matching engine
2026-09-23T03:57:43.412402761Z [INFO] EDGETRADER-VIRTUAL.SimulatedExchange(BINANCE): Added instrument VTHOBNB.BINANCE and created matching engine
2026-09-23T03:57:43.412484764Z [INFO] EDGETRADER-VIRTUAL.SimulatedExchange(BINANCE): Added instrument VTHOBUSD.BINANCE and created matching engine
2026-09-23T03:57:43.412572962Z [INFO] EDGETRADER-VIRTUAL.SimulatedExchange(BINANCE): Added instrument VTHOUSDT.BINANCE and created matching engine
2026-09-23T03:57:43.412655239Z [INFO] EDGETRADER-VIRTUAL.SimulatedExchange(BINANCE): Added instrument DCRBUSD.BINANCE and created matching engine
2026-09-23T03:57:43.412751437Z [INFO] EDGETRADER-VIRTUAL.SimulatedExchange(BINANCE): Added instrument DGBUSDT.BINANCE and created matching engine
2026-09-23T03:57:43.412840677Z [INFO] EDGETRADER-VIRTUAL.SimulatedExchange(BINANCE): Added instrument GBPUSDT.BINANCE and created matching engine
2026-09-23T03:57:43.412929934Z [INFO] EDGETRADER-VIRTUAL.SimulatedExchange(BINANCE): Added instrument STORJBUSD.BINANCE and created matching engine
2026-09-23T03:57:43.413016059Z [INFO] EDGETRADER-VIRTUAL.SimulatedExchange(BINANCE): Added instrument SXPUSDT.BINANCE and created matching engine
2026-09-23T03:57:43.413105816Z [INFO] EDGETRADER-VIRTUAL.SimulatedExchange(BINANCE): Added instrument IRISBNB.BINANCE and created matching engine
2026-09-23T03:57:43.413208453Z [INFO] EDGETRADER-VIRTUAL.SimulatedExchange(BINANCE): Added instrument IRISBTC.BINANCE and created matching engine
2026-09-23T03:57:43.413287080Z [INFO] EDGETRADER-VIRTUAL.SimulatedExchange(BINANCE): Added instrument IRISBUSD.BINANCE and created matching engine
2026-09-23T03:57:43.413382098Z [INFO] EDGETRADER-VIRTUAL.SimulatedExchange(BINANCE): Added instrument MKRBNB.BINANCE and created matching engine
2026-09-23T03:57:43.413484319Z [INFO] EDGETRADER-VIRTUAL.SimulatedExchange(BINANCE): Added instrument MKRBTC.BINANCE and created matching engine
2026-09-23T03:57:43.413585247Z [INFO] EDGETRADER-VIRTUAL.SimulatedExchange(BINANCE): Added instrument MKRUSDT.BINANCE and created matching engine
2026-09-23T03:57:43.413682333Z [INFO] EDGETRADER-VIRTUAL.SimulatedExchange(BINANCE): Added instrument MKRBUSD.BINANCE and created matching engine
2026-09-23T03:57:43.413785820Z [INFO] EDGETRADER-VIRTUAL.SimulatedExchange(BINANCE): Added instrument DAIBNB.BINANCE and created matching engine
2026-09-23T03:57:43.413884380Z [INFO] EDGETRADER-VIRTUAL.SimulatedExchange(BINANCE): Added instrument DAIBTC.BINANCE and created matching engine
2026-09-23T03:57:43.413981127Z [INFO] EDGETRADER-VIRTUAL.SimulatedExchange(BINANCE): Added instrument DAIUSDT.BINANCE and created matching engine
2026-09-23T03:57:43.414084913Z [INFO] EDGETRADER-VIRTUAL.SimulatedExchange(BINANCE): Added instrument DAIBUSD.BINANCE and created matching engine
2026-09-23T03:57:43.414189403Z [INFO] EDGETRADER-VIRTUAL.SimulatedExchange(BINANCE): Added instrument RUNEBNB.BINANCE and created matching engine
2026-09-23T03:57:43.414290245Z [INFO] EDGETRADER-VIRTUAL.SimulatedExchange(BINANCE): Added instrument RUNEBTC.BINANCE and created matching engine
2026-09-23T03:57:43.414390879Z [INFO] EDGETRADER-VIRTUAL.SimulatedExchange(BINANCE): Added instrument RUNEBUSD.BINANCE and created matching engine
2026-09-23T03:57:43.414519106Z [INFO] EDGETRADER-VIRTUAL.SimulatedExchange(BINANCE): Added instrument MANABUSD.BINANCE and created matching engine
2026-09-23T03:57:43.414625727Z [INFO] EDGETRADER-VIRTUAL.SimulatedExchange(BINANCE): Added instrument DOGEBUSD.BINANCE and created matching engine
2026-09-23T03:57:43.414725516Z [INFO] EDGETRADER-VIRTUAL.SimulatedExchange(BINANCE): Added instrument LENDBUSD.BINANCE and created matching engine
2026-09-23T03:57:43.414832947Z [INFO] EDGETRADER-VIRTUAL.SimulatedExchange(BINANCE): Added instrument ZRXBUSD.BINANCE and created matching engine
2026-09-23T03:57:43.414931391Z [INFO] EDGETRADER-VIRTUAL.SimulatedExchange(BINANCE): Added instrument DCRUSDT.BINANCE and created matching engine
2026-09-23T03:57:43.415027561Z [INFO] EDGETRADER-VIRTUAL.SimulatedExchange(BINANCE): Added instrument STORJUSDT.BINANCE and created matching engine
2026-09-23T03:57:43.415139037Z [INFO] EDGETRADER-VIRTUAL.SimulatedExchange(BINANCE): Added instrument XRPBKRW.BINANCE and created matching engine
2026-09-23T03:57:43.415250066Z [INFO] EDGETRADER-VIRTUAL.SimulatedExchange(BINANCE): Added instrument ADABKRW.BINANCE and created matching engine
2026-09-23T03:57:43.415352027Z [INFO] EDGETRADER-VIRTUAL.SimulatedExchange(BINANCE): Added instrument BTCAUD.BINANCE and created matching engine
2026-09-23T03:57:43.415460415Z [INFO] EDGETRADER-VIRTUAL.SimulatedExchange(BINANCE): Added instrument ETHAUD.BINANCE and created matching engine
2026-09-23T03:57:43.415567736Z [INFO] EDGETRADER-VIRTUAL.SimulatedExchange(BINANCE): Added instrument AUDBUSD.BINANCE and created matching engine
2026-09-23T03:57:43.415670910Z [INFO] EDGETRADER-VIRTUAL.SimulatedExchange(BINANCE): Added instrument FIOBNB.BINANCE and created matching engine
2026-09-23T03:57:43.415780481Z [INFO] EDGETRADER-VIRTUAL.SimulatedExchange(BINANCE): Added instrument FIOBTC.BINANCE and created matching engine
2026-09-23T03:57:43.415881182Z [INFO] EDGETRADER-VIRTUAL.SimulatedExchange(BINANCE): Added instrument FIOBUSD.BINANCE and created matching engine
2026-09-23T03:57:43.415975300Z [INFO] EDGETRADER-VIRTUAL.SimulatedExchange(BINANCE): Added instrument BNBUPUSDT.BINANCE and created matching engine
2026-09-23T03:57:43.416073083Z [INFO] EDGETRADER-VIRTUAL.SimulatedExchange(BINANCE): Added instrument BNBDOWNUSDT.BINANCE and created matching engine
2026-09-23T03:57:43.416162730Z [INFO] EDGETRADER-VIRTUAL.SimulatedExchange(BINANCE): Added instrument XTZUPUSDT.BINANCE and created matching engine
2026-09-23T03:57:43.416256915Z [INFO] EDGETRADER-VIRTUAL.SimulatedExchange(BINANCE): Added instrument XTZDOWNUSDT.BINANCE and created matching engine
2026-09-23T03:57:43.416357026Z [INFO] EDGETRADER-VIRTUAL.SimulatedExchange(BINANCE): Added instrument AVABNB.BINANCE and created matching engine
2026-09-23T03:57:43.416455175Z [INFO] EDGETRADER-VIRTUAL.SimulatedExchange(BINANCE): Added instrument AVABTC.BINANCE and created matching engine
2026-09-23T03:57:43.416557218Z [INFO] EDGETRADER-VIRTUAL.SimulatedExchange(BINANCE): Added instrument AVABUSD.BINANCE and created matching engine
2026-09-23T03:57:43.416657957Z [INFO] EDGETRADER-VIRTUAL.SimulatedExchange(BINANCE): Added instrument USDTBKRW.BINANCE and created matching engine
2026-09-23T03:57:43.416749860Z [INFO] EDGETRADER-VIRTUAL.SimulatedExchange(BINANCE): Added instrument BUSDBKRW.BINANCE and created matching engine
2026-09-23T03:57:43.416849957Z [INFO] EDGETRADER-VIRTUAL.SimulatedExchange(BINANCE): Added instrument IOTABUSD.BINANCE and created matching engine
2026-09-23T03:57:43.416948516Z [INFO] EDGETRADER-VIRTUAL.SimulatedExchange(BINANCE): Added instrument MANAUSDT.BINANCE and created matching engine
2026-09-23T03:57:43.417047993Z [INFO] EDGETRADER-VIRTUAL.SimulatedExchange(BINANCE): Added instrument XRPAUD.BINANCE and created matching engine
2026-09-23T03:57:43.417145064Z [INFO] EDGETRADER-VIRTUAL.SimulatedExchange(BINANCE): Added instrument BNBAUD.BINANCE and created matching engine
2026-09-23T03:57:43.417252286Z [INFO] EDGETRADER-VIRTUAL.SimulatedExchange(BINANCE): Added instrument AUDUSDT.BINANCE and created matching engine
2026-09-23T03:57:43.417353868Z [INFO] EDGETRADER-VIRTUAL.SimulatedExchange(BINANCE): Added instrument BALBNB.BINANCE and created matching engine
2026-09-23T03:57:43.417457007Z [INFO] EDGETRADER-VIRTUAL.SimulatedExchange(BINANCE): Added instrument BALBTC.BINANCE and created matching engine
2026-09-23T03:57:43.417564163Z [INFO] EDGETRADER-VIRTUAL.SimulatedExchange(BINANCE): Added instrument BALBUSD.BINANCE and created matching engine
2026-09-23T03:57:43.417669130Z [INFO] EDGETRADER-VIRTUAL.SimulatedExchange(BINANCE): Added instrument YFIBNB.BINANCE and created matching engine
2026-09-23T03:57:43.417767321Z [INFO] EDGETRADER-VIRTUAL.SimulatedExchange(BINANCE): Added instrument YFIBTC.BINANCE and created matching engine
2026-09-23T03:57:43.417867410Z [INFO] EDGETRADER-VIRTUAL.SimulatedExchange(BINANCE): Added instrument YFIBUSD.BINANCE and created matching engine
2026-09-23T03:57:43.417970280Z [INFO] EDGETRADER-VIRTUAL.SimulatedExchange(BINANCE): Added instrument YFIUSDT.BINANCE and created matching engine
2026-09-23T03:57:43.418101491Z [INFO] EDGETRADER-VIRTUAL.SimulatedExchange(BINANCE): Added instrument BLZBUSD.BINANCE and created matching engine
2026-09-23T03:57:43.418208463Z [INFO] EDGETRADER-VIRTUAL.SimulatedExchange(BINANCE): Added instrument KMDBUSD.BINANCE and created matching engine
2026-09-23T03:57:43.418312043Z [INFO] EDGETRADER-VIRTUAL.SimulatedExchange(BINANCE): Added instrument BALUSDT.BINANCE and created matching engine
2026-09-23T03:57:43.418411047Z [INFO] EDGETRADER-VIRTUAL.SimulatedExchange(BINANCE): Added instrument BLZUSDT.BINANCE and created matching engine
2026-09-23T03:57:43.418515263Z [INFO] EDGETRADER-VIRTUAL.SimulatedExchange(BINANCE): Added instrument IRISUSDT.BINANCE and created matching engine
2026-09-23T03:57:43.418623306Z [INFO] EDGETRADER-VIRTUAL.SimulatedExchange(BINANCE): Added instrument KMDUSDT.BINANCE and created matching engine
2026-09-23T03:57:43.418733558Z [INFO] EDGETRADER-VIRTUAL.SimulatedExchange(BINANCE): Added instrument BTCDAI.BINANCE and created matching engine
2026-09-23T03:57:43.418831337Z [INFO] EDGETRADER-VIRTUAL.SimulatedExchange(BINANCE): Added instrument ETHDAI.BINANCE and created matching engine
2026-09-23T03:57:43.418934925Z [INFO] EDGETRADER-VIRTUAL.SimulatedExchange(BINANCE): Added instrument BNBDAI.BINANCE and created matching engine
2026-09-23T03:57:43.419035269Z [INFO] EDGETRADER-VIRTUAL.SimulatedExchange(BINANCE): Added instrument USDTDAI.BINANCE and created matching engine
2026-09-23T03:57:43.419150382Z [INFO] EDGETRADER-VIRTUAL.SimulatedExchange(BINANCE): Added instrument BUSDDAI.BINANCE and created matching engine
2026-09-23T03:57:43.419253472Z [INFO] EDGETRADER-VIRTUAL.SimulatedExchange(BINANCE): Added instrument JSTBNB.BINANCE and created matching engine
2026-09-23T03:57:43.419359513Z [INFO] EDGETRADER-VIRTUAL.SimulatedExchange(BINANCE): Added instrument JSTBTC.BINANCE and created matching engine
2026-09-23T03:57:43.419464500Z [INFO] EDGETRADER-VIRTUAL.SimulatedExchange(BINANCE): Added instrument JSTBUSD.BINANCE and created matching engine
2026-09-23T03:57:43.419574448Z [INFO] EDGETRADER-VIRTUAL.SimulatedExchange(BINANCE): Added instrument JSTUSDT.BINANCE and created matching engine
2026-09-23T03:57:43.419682048Z [INFO] EDGETRADER-VIRTUAL.SimulatedExchange(BINANCE): Added instrument SRMBNB.BINANCE and created matching engine
2026-09-23T03:57:43.419808262Z [INFO] EDGETRADER-VIRTUAL.SimulatedExchange(BINANCE): Added instrument SRMBTC.BINANCE and created matching engine
2026-09-23T03:57:43.419907199Z [INFO] EDGETRADER-VIRTUAL.SimulatedExchange(BINANCE): Added instrument SRMBUSD.BINANCE and created matching engine
2026-09-23T03:57:43.420010155Z [INFO] EDGETRADER-VIRTUAL.SimulatedExchange(BINANCE): Added instrument SRMUSDT.BINANCE and created matching engine
2026-09-23T03:57:43.420106866Z [INFO] EDGETRADER-VIRTUAL.SimulatedExchange(BINANCE): Added instrument ANTBNB.BINANCE and created matching engine
2026-09-23T03:57:43.420207368Z [INFO] EDGETRADER-VIRTUAL.SimulatedExchange(BINANCE): Added instrument ANTBTC.BINANCE and created matching engine
2026-09-23T03:57:43.420305603Z [INFO] EDGETRADER-VIRTUAL.SimulatedExchange(BINANCE): Added instrument ANTBUSD.BINANCE and created matching engine
2026-09-23T03:57:43.420410252Z [INFO] EDGETRADER-VIRTUAL.SimulatedExchange(BINANCE): Added instrument ANTUSDT.BINANCE and created matching engine
2026-09-23T03:57:43.420507197Z [INFO] EDGETRADER-VIRTUAL.SimulatedExchange(BINANCE): Added instrument CRVBNB.BINANCE and created matching engine
2026-09-23T03:57:43.420611642Z [INFO] EDGETRADER-VIRTUAL.SimulatedExchange(BINANCE): Added instrument CRVBTC.BINANCE and created matching engine
2026-09-23T03:57:43.420720063Z [INFO] EDGETRADER-VIRTUAL.SimulatedExchange(BINANCE): Added instrument CRVBUSD.BINANCE and created matching engine
2026-09-23T03:57:43.420824086Z [INFO] EDGETRADER-VIRTUAL.SimulatedExchange(BINANCE): Added instrument CRVUSDT.BINANCE and created matching engine
2026-09-23T03:57:43.420919573Z [INFO] EDGETRADER-VIRTUAL.SimulatedExchange(BINANCE): Added instrument SANDBNB.BINANCE and created matching engine
2026-09-23T03:57:43.421024991Z [INFO] EDGETRADER-VIRTUAL.SimulatedExchange(BINANCE): Added instrument SANDBTC.BINANCE and created matching engine
2026-09-23T03:57:43.421118763Z [INFO] EDGETRADER-VIRTUAL.SimulatedExchange(BINANCE): Added instrument SANDUSDT.BINANCE and created matching engine
2026-09-23T03:57:43.421218541Z [INFO] EDGETRADER-VIRTUAL.SimulatedExchange(BINANCE): Added instrument SANDBUSD.BINANCE and created matching engine
2026-09-23T03:57:43.421313653Z [INFO] EDGETRADER-VIRTUAL.SimulatedExchange(BINANCE): Added instrument OCEANBNB.BINANCE and created matching engine
2026-09-23T03:57:43.421414805Z [INFO] EDGETRADER-VIRTUAL.SimulatedExchange(BINANCE): Added instrument OCEANBTC.BINANCE and created matching engine
2026-09-23T03:57:43.421510714Z [INFO] EDGETRADER-VIRTUAL.SimulatedExchange(BINANCE): Added instrument OCEANBUSD.BINANCE and created matching engine
2026-09-23T03:57:43.421599205Z [INFO] EDGETRADER-VIRTUAL.SimulatedExchange(BINANCE): Added instrument OCEANUSDT.BINANCE and created matching engine
2026-09-23T03:57:43.421743550Z [INFO] EDGETRADER-VIRTUAL.SimulatedExchange(BINANCE): Added instrument NMRBTC.BINANCE and created matching engine
2026-09-23T03:57:43.421855633Z [INFO] EDGETRADER-VIRTUAL.SimulatedExchange(BINANCE): Added instrument NMRBUSD.BINANCE and created matching engine
2026-09-23T03:57:43.421941204Z [INFO] EDGETRADER-VIRTUAL.SimulatedExchange(BINANCE): Added instrument NMRUSDT.BINANCE and created matching engine
2026-09-23T03:57:43.422030444Z [INFO] EDGETRADER-VIRTUAL.SimulatedExchange(BINANCE): Added instrument DOTBNB.BINANCE and created matching engine
2026-09-23T03:57:43.422132617Z [INFO] EDGETRADER-VIRTUAL.SimulatedExchange(BINANCE): Added instrument DOTBTC.BINANCE and created matching engine
2026-09-23T03:57:43.422225301Z [INFO] EDGETRADER-VIRTUAL.SimulatedExchange(BINANCE): Added instrument DOTBUSD.BINANCE and created matching engine
2026-09-23T03:57:43.422327190Z [INFO] EDGETRADER-VIRTUAL.SimulatedExchange(BINANCE): Added instrument DOTUSDT.BINANCE and created matching engine
2026-09-23T03:57:43.422428542Z [INFO] EDGETRADER-VIRTUAL.SimulatedExchange(BINANCE): Added instrument LUNABNB.BINANCE and created matching engine
2026-09-23T03:57:43.422559306Z [INFO] EDGETRADER-VIRTUAL.SimulatedExchange(BINANCE): Added instrument LUNABTC.BINANCE and created matching engine
2026-09-23T03:57:43.422660135Z [INFO] EDGETRADER-VIRTUAL.SimulatedExchange(BINANCE): Added instrument LUNABUSD.BINANCE and created matching engine
2026-09-23T03:57:43.422758718Z [INFO] EDGETRADER-VIRTUAL.SimulatedExchange(BINANCE): Added instrument LUNAUSDT.BINANCE and created matching engine
2026-09-23T03:57:43.422852436Z [INFO] EDGETRADER-VIRTUAL.SimulatedExchange(BINANCE): Added instrument IDEXBTC.BINANCE and created matching engine
2026-09-23T03:57:43.422949392Z [INFO] EDGETRADER-VIRTUAL.SimulatedExchange(BINANCE): Added instrument IDEXBUSD.BINANCE and created matching engine
2026-09-23T03:57:43.423042687Z [INFO] EDGETRADER-VIRTUAL.SimulatedExchange(BINANCE): Added instrument RSRBNB.BINANCE and created matching engine
2026-09-23T03:57:43.423140437Z [INFO] EDGETRADER-VIRTUAL.SimulatedExchange(BINANCE): Added instrument RSRBTC.BINANCE and created matching engine
2026-09-23T03:57:43.423246052Z [INFO] EDGETRADER-VIRTUAL.SimulatedExchange(BINANCE): Added instrument RSRBUSD.BINANCE and created matching engine
2026-09-23T03:57:43.423341298Z [INFO] EDGETRADER-VIRTUAL.SimulatedExchange(BINANCE): Added instrument RSRUSDT.BINANCE and created matching engine
2026-09-23T03:57:43.423433521Z [INFO] EDGETRADER-VIRTUAL.SimulatedExchange(BINANCE): Added instrument PAXGBNB.BINANCE and created matching engine
2026-09-23T03:57:43.423534346Z [INFO] EDGETRADER-VIRTUAL.SimulatedExchange(BINANCE): Added instrument PAXGBTC.BINANCE and created matching engine
2026-09-23T03:57:43.423619486Z [INFO] EDGETRADER-VIRTUAL.SimulatedExchange(BINANCE): Added instrument PAXGBUSD.BINANCE and created matching engine
2026-09-23T03:57:43.423724260Z [INFO] EDGETRADER-VIRTUAL.SimulatedExchange(BINANCE): Added instrument PAXGUSDT.BINANCE and created matching engine
2026-09-23T03:57:43.423816514Z [INFO] EDGETRADER-VIRTUAL.SimulatedExchange(BINANCE): Added instrument WNXMBNB.BINANCE and created matching engine
2026-09-23T03:57:43.423915921Z [INFO] EDGETRADER-VIRTUAL.SimulatedExchange(BINANCE): Added instrument WNXMBTC.BINANCE and created matching engine
2026-09-23T03:57:43.423999444Z [INFO] EDGETRADER-VIRTUAL.SimulatedExchange(BINANCE): Added instrument WNXMBUSD.BINANCE and created matching engine
2026-09-23T03:57:43.424087337Z [INFO] EDGETRADER-VIRTUAL.SimulatedExchange(BINANCE): Added instrument WNXMUSDT.BINANCE and created matching engine
2026-09-23T03:57:43.424189176Z [INFO] EDGETRADER-VIRTUAL.SimulatedExchange(BINANCE): Added instrument TRBBNB.BINANCE and created matching engine
2026-09-23T03:57:43.424286135Z [INFO] EDGETRADER-VIRTUAL.SimulatedExchange(BINANCE): Added instrument TRBBTC.BINANCE and created matching engine
2026-09-23T03:57:43.424378330Z [INFO] EDGETRADER-VIRTUAL.SimulatedExchange(BINANCE): Added instrument TRBBUSD.BINANCE and created matching engine
2026-09-23T03:57:43.424477396Z [INFO] EDGETRADER-VIRTUAL.SimulatedExchange(BINANCE): Added instrument TRBUSDT.BINANCE and created matching engine
2026-09-23T03:57:43.424569438Z [INFO] EDGETRADER-VIRTUAL.SimulatedExchange(BINANCE): Added instrument ETHNGN.BINANCE and created matching engine
2026-09-23T03:57:43.424670783Z [INFO] EDGETRADER-VIRTUAL.SimulatedExchange(BINANCE): Added instrument DOTBIDR.BINANCE and created matching engine
2026-09-23T03:57:43.424776734Z [INFO] EDGETRADER-VIRTUAL.SimulatedExchange(BINANCE): Added instrument LINKAUD.BINANCE and created matching engine
2026-09-23T03:57:43.424891739Z [INFO] EDGETRADER-VIRTUAL.SimulatedExchange(BINANCE): Added instrument SXPAUD.BINANCE and created matching engine
2026-09-23T03:57:43.424991123Z [INFO] EDGETRADER-VIRTUAL.SimulatedExchange(BINANCE): Added instrument BZRXBNB.BINANCE and created matching engine
2026-09-23T03:57:43.425091769Z [INFO] EDGETRADER-VIRTUAL.SimulatedExchange(BINANCE): Added instrument BZRXBTC.BINANCE and created matching engine
2026-09-23T03:57:43.425225675Z [INFO] EDGETRADER-VIRTUAL.SimulatedExchange(BINANCE): Added instrument BZRXBUSD.BINANCE and created matching engine
2026-09-23T03:57:43.425330885Z [INFO] EDGETRADER-VIRTUAL.SimulatedExchange(BINANCE): Added instrument BZRXUSDT.BINANCE and created matching engine
2026-09-23T03:57:43.425426215Z [INFO] EDGETRADER-VIRTUAL.SimulatedExchange(BINANCE): Added instrument WBTCBTC.BINANCE and created matching engine
2026-09-23T03:57:43.425531209Z [INFO] EDGETRADER-VIRTUAL.SimulatedExchange(BINANCE): Added instrument WBTCETH.BINANCE and created matching engine
2026-09-23T03:57:43.425625815Z [INFO] EDGETRADER-VIRTUAL.SimulatedExchange(BINANCE): Added instrument SUSHIBNB.BINANCE and created matching engine
2026-09-23T03:57:43.425714019Z [INFO] EDGETRADER-VIRTUAL.SimulatedExchange(BINANCE): Added instrument SUSHIBTC.BINANCE and created matching engine
2026-09-23T03:57:43.425813893Z [INFO] EDGETRADER-VIRTUAL.SimulatedExchange(BINANCE): Added instrument SUSHIBUSD.BINANCE and created matching engine
2026-09-23T03:57:43.425914215Z [INFO] EDGETRADER-VIRTUAL.SimulatedExchange(BINANCE): Added instrument SUSHIUSDT.BINANCE and created matching engine
2026-09-23T03:57:43.426006565Z [INFO] EDGETRADER-VIRTUAL.SimulatedExchange(BINANCE): Added instrument YFIIBNB.BINANCE and created matching engine
2026-09-23T03:57:43.426101460Z [INFO] EDGETRADER-VIRTUAL.SimulatedExchange(BINANCE): Added instrument YFIIBTC.BINANCE and created matching engine
2026-09-23T03:57:43.426197562Z [INFO] EDGETRADER-VIRTUAL.SimulatedExchange(BINANCE): Added instrument YFIIBUSD.BINANCE and created matching engine
2026-09-23T03:57:43.426292800Z [INFO] EDGETRADER-VIRTUAL.SimulatedExchange(BINANCE): Added instrument YFIIUSDT.BINANCE and created matching engine
2026-09-23T03:57:43.426386038Z [INFO] EDGETRADER-VIRTUAL.SimulatedExchange(BINANCE): Added instrument KSMBNB.BINANCE and created matching engine
2026-09-23T03:57:43.426483379Z [INFO] EDGETRADER-VIRTUAL.SimulatedExchange(BINANCE): Added instrument KSMBTC.BINANCE and created matching engine
2026-09-23T03:57:43.426574769Z [INFO] EDGETRADER-VIRTUAL.SimulatedExchange(BINANCE): Added instrument KSMBUSD.BINANCE and created matching engine
2026-09-23T03:57:43.426674760Z [INFO] EDGETRADER-VIRTUAL.SimulatedExchange(BINANCE): Added instrument KSMUSDT.BINANCE and created matching engine
2026-09-23T03:57:43.426767870Z [INFO] EDGETRADER-VIRTUAL.SimulatedExchange(BINANCE): Added instrument EGLDBNB.BINANCE and created matching engine
2026-09-23T03:57:43.426879866Z [INFO] EDGETRADER-VIRTUAL.SimulatedExchange(BINANCE): Added instrument EGLDBTC.BINANCE and created matching engine
2026-09-23T03:57:43.426982432Z [INFO] EDGETRADER-VIRTUAL.SimulatedExchange(BINANCE): Added instrument EGLDBUSD.BINANCE and created matching engine
2026-09-23T03:57:43.427095466Z [INFO] EDGETRADER-VIRTUAL.SimulatedExchange(BINANCE): Added instrument EGLDUSDT.BINANCE and created matching engine
2026-09-23T03:57:43.427199639Z [INFO] EDGETRADER-VIRTUAL.SimulatedExchange(BINANCE): Added instrument DIABNB.BINANCE and created matching engine
2026-09-23T03:57:43.427307172Z [INFO] EDGETRADER-VIRTUAL.SimulatedExchange(BINANCE): Added instrument DIABTC.BINANCE and created matching engine
2026-09-23T03:57:43.427405607Z [INFO] EDGETRADER-VIRTUAL.SimulatedExchange(BINANCE): Added instrument DIABUSD.BINANCE and created matching engine
2026-09-23T03:57:43.427512087Z [INFO] EDGETRADER-VIRTUAL.SimulatedExchange(BINANCE): Added instrument DIAUSDT.BINANCE and created matching engine
2026-09-23T03:57:43.427611226Z [INFO] EDGETRADER-VIRTUAL.SimulatedExchange(BINANCE): Added instrument RUNEUSDT.BINANCE and created matching engine
2026-09-23T03:57:43.427734029Z [INFO] EDGETRADER-VIRTUAL.SimulatedExchange(BINANCE): Added instrument FIOUSDT.BINANCE and created matching engine
2026-09-23T03:57:43.427831870Z [INFO] EDGETRADER-VIRTUAL.SimulatedExchange(BINANCE): Added instrument UMABTC.BINANCE and created matching engine
2026-09-23T03:57:43.427939847Z [INFO] EDGETRADER-VIRTUAL.SimulatedExchange(BINANCE): Added instrument UMAUSDT.BINANCE and created matching engine
2026-09-23T03:57:43.428034396Z [INFO] EDGETRADER-VIRTUAL.SimulatedExchange(BINANCE): Added instrument EOSUPUSDT.BINANCE and created matching engine
2026-09-23T03:57:43.428135047Z [INFO] EDGETRADER-VIRTUAL.SimulatedExchange(BINANCE): Added instrument EOSDOWNUSDT.BINANCE and created matching engine
2026-09-23T03:57:43.428229755Z [INFO] EDGETRADER-VIRTUAL.SimulatedExchange(BINANCE): Added instrument TRXUPUSDT.BINANCE and created matching engine
2026-09-23T03:57:43.428325815Z [INFO] EDGETRADER-VIRTUAL.SimulatedExchange(BINANCE): Added instrument TRXDOWNUSDT.BINANCE and created matching engine
2026-09-23T03:57:43.428417433Z [INFO] EDGETRADER-VIRTUAL.SimulatedExchange(BINANCE): Added instrument XRPUPUSDT.BINANCE and created matching engine
2026-09-23T03:57:43.428519239Z [INFO] EDGETRADER-VIRTUAL.SimulatedExchange(BINANCE): Added instrument XRPDOWNUSDT.BINANCE and created matching engine
2026-09-23T03:57:43.428607532Z [INFO] EDGETRADER-VIRTUAL.SimulatedExchange(BINANCE): Added instrument DOTUPUSDT.BINANCE and created matching engine
2026-09-23T03:57:43.428736768Z [INFO] EDGETRADER-VIRTUAL.SimulatedExchange(BINANCE): Added instrument DOTDOWNUSDT.BINANCE and created matching engine
2026-09-23T03:57:43.428849472Z [INFO] EDGETRADER-VIRTUAL.SimulatedExchange(BINANCE): Added instrument SRMBIDR.BINANCE and created matching engine
2026-09-23T03:57:43.428971149Z [INFO] EDGETRADER-VIRTUAL.SimulatedExchange(BINANCE): Added instrument ONEBIDR.BINANCE and created matching engine
2026-09-23T03:57:43.429079945Z [INFO] EDGETRADER-VIRTUAL.SimulatedExchange(BINANCE): Added instrument LINKTRY.BINANCE and created matching engine
2026-09-23T03:57:43.429189159Z [INFO] EDGETRADER-VIRTUAL.SimulatedExchange(BINANCE): Added instrument USDTNGN.BINANCE and created matching engine
2026-09-23T03:57:43.429295137Z [INFO] EDGETRADER-VIRTUAL.SimulatedExchange(BINANCE): Added instrument BELBNB.BINANCE and created matching engine
2026-09-23T03:57:43.429407410Z [INFO] EDGETRADER-VIRTUAL.SimulatedExchange(BINANCE): Added instrument BELBTC.BINANCE and created matching engine
2026-09-23T03:57:43.429513710Z [INFO] EDGETRADER-VIRTUAL.SimulatedExchange(BINANCE): Added instrument BELBUSD.BINANCE and created matching engine
2026-09-23T03:57:43.429623783Z [INFO] EDGETRADER-VIRTUAL.SimulatedExchange(BINANCE): Added instrument BELUSDT.BINANCE and created matching engine
2026-09-23T03:57:43.429730772Z [INFO] EDGETRADER-VIRTUAL.SimulatedExchange(BINANCE): Added instrument WINGBNB.BINANCE and created matching engine
2026-09-23T03:57:43.429840281Z [INFO] EDGETRADER-VIRTUAL.SimulatedExchange(BINANCE): Added instrument WINGBTC.BINANCE and created matching engine
2026-09-23T03:57:43.429946174Z [INFO] EDGETRADER-VIRTUAL.SimulatedExchange(BINANCE): Added instrument SWRVBNB.BINANCE and created matching engine
2026-09-23T03:57:43.430060820Z [INFO] EDGETRADER-VIRTUAL.SimulatedExchange(BINANCE): Added instrument SWRVBUSD.BINANCE and created matching engine
2026-09-23T03:57:43.430163076Z [INFO] EDGETRADER-VIRTUAL.SimulatedExchange(BINANCE): Added instrument WINGBUSD.BINANCE and created matching engine
2026-09-23T03:57:43.430271808Z [INFO] EDGETRADER-VIRTUAL.SimulatedExchange(BINANCE): Added instrument WINGUSDT.BINANCE and created matching engine
2026-09-23T03:57:43.430374750Z [INFO] EDGETRADER-VIRTUAL.SimulatedExchange(BINANCE): Added instrument LTCUPUSDT.BINANCE and created matching engine
2026-09-23T03:57:43.430483159Z [INFO] EDGETRADER-VIRTUAL.SimulatedExchange(BINANCE): Added instrument LTCDOWNUSDT.BINANCE and created matching engine
2026-09-23T03:57:43.430584983Z [INFO] EDGETRADER-VIRTUAL.SimulatedExchange(BINANCE): Added instrument LENDBKRW.BINANCE and created matching engine
2026-09-23T03:57:43.430698907Z [INFO] EDGETRADER-VIRTUAL.SimulatedExchange(BINANCE): Added instrument SXPEUR.BINANCE and created matching engine
2026-09-23T03:57:43.430804667Z [INFO] EDGETRADER-VIRTUAL.SimulatedExchange(BINANCE): Added instrument CREAMBNB.BINANCE and created matching engine
2026-09-23T03:57:43.430911186Z [INFO] EDGETRADER-VIRTUAL.SimulatedExchange(BINANCE): Added instrument CREAMBUSD.BINANCE and created matching engine
2026-09-23T03:57:43.431016836Z [INFO] EDGETRADER-VIRTUAL.SimulatedExchange(BINANCE): Added instrument UNIBNB.BINANCE and created matching engine
2026-09-23T03:57:43.431147511Z [INFO] EDGETRADER-VIRTUAL.SimulatedExchange(BINANCE): Added instrument UNIBTC.BINANCE and created matching engine
2026-09-23T03:57:43.431259089Z [INFO] EDGETRADER-VIRTUAL.SimulatedExchange(BINANCE): Added instrument UNIBUSD.BINANCE and created matching engine
2026-09-23T03:57:43.431370064Z [INFO] EDGETRADER-VIRTUAL.SimulatedExchange(BINANCE): Added instrument UNIUSDT.BINANCE and created matching engine
2026-09-23T03:57:43.431474804Z [INFO] EDGETRADER-VIRTUAL.SimulatedExchange(BINANCE): Added instrument NBSBTC.BINANCE and created matching engine
2026-09-23T03:57:43.431588659Z [INFO] EDGETRADER-VIRTUAL.SimulatedExchange(BINANCE): Added instrument NBSUSDT.BINANCE and created matching engine
2026-09-23T03:57:43.431708908Z [INFO] EDGETRADER-VIRTUAL.SimulatedExchange(BINANCE): Added instrument OXTBTC.BINANCE and created matching engine
2026-09-23T03:57:43.431834437Z [INFO] EDGETRADER-VIRTUAL.SimulatedExchange(BINANCE): Added instrument OXTUSDT.BINANCE and created matching engine
2026-09-23T03:57:43.431952791Z [INFO] EDGETRADER-VIRTUAL.SimulatedExchange(BINANCE): Added instrument SUNBTC.BINANCE and created matching engine
2026-09-23T03:57:43.432069605Z [INFO] EDGETRADER-VIRTUAL.SimulatedExchange(BINANCE): Added instrument SUNUSDT.BINANCE and created matching engine
2026-09-23T03:57:43.432181310Z [INFO] EDGETRADER-VIRTUAL.SimulatedExchange(BINANCE): Added instrument AVAXBNB.BINANCE and created matching engine
2026-09-23T03:57:43.432299185Z [INFO] EDGETRADER-VIRTUAL.SimulatedExchange(BINANCE): Added instrument AVAXBTC.BINANCE and created matching engine
2026-09-23T03:57:43.432405546Z [INFO] EDGETRADER-VIRTUAL.SimulatedExchange(BINANCE): Added instrument AVAXBUSD.BINANCE and created matching engine
2026-09-23T03:57:43.432496149Z [INFO] EDGETRADER-VIRTUAL.SimulatedExchange(BINANCE): Added instrument AVAXUSDT.BINANCE and created matching engine
2026-09-23T03:57:43.432628322Z [INFO] EDGETRADER-VIRTUAL.SimulatedExchange(BINANCE): Added instrument HNTBTC.BINANCE and created matching engine
2026-09-23T03:57:43.432735109Z [INFO] EDGETRADER-VIRTUAL.SimulatedExchange(BINANCE): Added instrument HNTUSDT.BINANCE and created matching engine
2026-09-23T03:57:43.432842326Z [INFO] EDGETRADER-VIRTUAL.SimulatedExchange(BINANCE): Added instrument BAKEBNB.BINANCE and created matching engine
2026-09-23T03:57:43.432944458Z [INFO] EDGETRADER-VIRTUAL.SimulatedExchange(BINANCE): Added instrument BURGERBNB.BINANCE and created matching engine
2026-09-23T03:57:43.433055219Z [INFO] EDGETRADER-VIRTUAL.SimulatedExchange(BINANCE): Added instrument SXPBIDR.BINANCE and created matching engine
2026-09-23T03:57:43.433159963Z [INFO] EDGETRADER-VIRTUAL.SimulatedExchange(BINANCE): Added instrument LINKBKRW.BINANCE and created matching engine
2026-09-23T03:57:43.433273943Z [INFO] EDGETRADER-VIRTUAL.SimulatedExchange(BINANCE): Added instrument FLMBNB.BINANCE and created matching engine
2026-09-23T03:57:43.433381618Z [INFO] EDGETRADER-VIRTUAL.SimulatedExchange(BINANCE): Added instrument FLMBTC.BINANCE and created matching engine
2026-09-23T03:57:43.433494272Z [INFO] EDGETRADER-VIRTUAL.SimulatedExchange(BINANCE): Added instrument FLMBUSD.BINANCE and created matching engine
2026-09-23T03:57:43.433603529Z [INFO] EDGETRADER-VIRTUAL.SimulatedExchange(BINANCE): Added instrument FLMUSDT.BINANCE and created matching engine
2026-09-23T03:57:43.433707381Z [INFO] EDGETRADER-VIRTUAL.SimulatedExchange(BINANCE): Added instrument SCRTBTC.BINANCE and created matching engine
2026-09-23T03:57:43.433830283Z [INFO] EDGETRADER-VIRTUAL.SimulatedExchange(BINANCE): Added instrument SCRTETH.BINANCE and created matching engine
2026-09-23T03:57:43.433933274Z [INFO] EDGETRADER-VIRTUAL.SimulatedExchange(BINANCE): Added instrument CAKEBNB.BINANCE and created matching engine
2026-09-23T03:57:43.434034149Z [INFO] EDGETRADER-VIRTUAL.SimulatedExchange(BINANCE): Added instrument CAKEBUSD.BINANCE and created matching engine
2026-09-23T03:57:43.434126984Z [INFO] EDGETRADER-VIRTUAL.SimulatedExchange(BINANCE): Added instrument SPARTABNB.BINANCE and created matching engine
2026-09-23T03:57:43.434228858Z [INFO] EDGETRADER-VIRTUAL.SimulatedExchange(BINANCE): Added instrument UNIUPUSDT.BINANCE and created matching engine
2026-09-23T03:57:43.434324824Z [INFO] EDGETRADER-VIRTUAL.SimulatedExchange(BINANCE): Added instrument UNIDOWNUSDT.BINANCE and created matching engine
2026-09-23T03:57:43.434422402Z [INFO] EDGETRADER-VIRTUAL.SimulatedExchange(BINANCE): Added instrument ORNBTC.BINANCE and created matching engine
2026-09-23T03:57:43.434534053Z [INFO] EDGETRADER-VIRTUAL.SimulatedExchange(BINANCE): Added instrument ORNUSDT.BINANCE and created matching engine
2026-09-23T03:57:43.434642158Z [INFO] EDGETRADER-VIRTUAL.SimulatedExchange(BINANCE): Added instrument TRXNGN.BINANCE and created matching engine
2026-09-23T03:57:43.434757394Z [INFO] EDGETRADER-VIRTUAL.SimulatedExchange(BINANCE): Added instrument SXPTRY.BINANCE and created matching engine
2026-09-23T03:57:43.434875425Z [INFO] EDGETRADER-VIRTUAL.SimulatedExchange(BINANCE): Added instrument UTKBTC.BINANCE and created matching engine
2026-09-23T03:57:43.434990222Z [INFO] EDGETRADER-VIRTUAL.SimulatedExchange(BINANCE): Added instrument UTKUSDT.BINANCE and created matching engine
2026-09-23T03:57:43.435106852Z [INFO] EDGETRADER-VIRTUAL.SimulatedExchange(BINANCE): Added instrument XVSBNB.BINANCE and created matching engine
2026-09-23T03:57:43.435223984Z [INFO] EDGETRADER-VIRTUAL.SimulatedExchange(BINANCE): Added instrument XVSBTC.BINANCE and created matching engine
2026-09-23T03:57:43.435336477Z [INFO] EDGETRADER-VIRTUAL.SimulatedExchange(BINANCE): Added instrument XVSBUSD.BINANCE and created matching engine
2026-09-23T03:57:43.435449011Z [INFO] EDGETRADER-VIRTUAL.SimulatedExchange(BINANCE): Added instrument XVSUSDT.BINANCE and created matching engine
2026-09-23T03:57:43.435554562Z [INFO] EDGETRADER-VIRTUAL.SimulatedExchange(BINANCE): Added instrument ALPHABNB.BINANCE and created matching engine
2026-09-23T03:57:43.435667644Z [INFO] EDGETRADER-VIRTUAL.SimulatedExchange(BINANCE): Added instrument ALPHABTC.BINANCE and created matching engine
2026-09-23T03:57:43.435789126Z [INFO] EDGETRADER-VIRTUAL.SimulatedExchange(BINANCE): Added instrument ALPHABUSD.BINANCE and created matching engine
2026-09-23T03:57:43.435904914Z [INFO] EDGETRADER-VIRTUAL.SimulatedExchange(BINANCE): Added instrument ALPHAUSDT.BINANCE and created matching engine
2026-09-23T03:57:43.436023337Z [INFO] EDGETRADER-VIRTUAL.SimulatedExchange(BINANCE): Added instrument VIDTBTC.BINANCE and created matching engine
2026-09-23T03:57:43.436139430Z [INFO] EDGETRADER-VIRTUAL.SimulatedExchange(BINANCE): Added instrument VIDTBUSD.BINANCE and created matching engine
2026-09-23T03:57:43.436251636Z [INFO] EDGETRADER-VIRTUAL.SimulatedExchange(BINANCE): Added instrument AAVEBNB.BINANCE and created matching engine
2026-09-23T03:57:43.436368095Z [INFO] EDGETRADER-VIRTUAL.SimulatedExchange(BINANCE): Added instrument BTCBRL.BINANCE and created matching engine
2026-09-23T03:57:43.436807837Z [INFO] EDGETRADER-VIRTUAL.SimulatedExchange(BINANCE): Added instrument USDTBRL.BINANCE and created matching engine
2026-09-23T03:57:43.436951191Z [INFO] EDGETRADER-VIRTUAL.SimulatedExchange(BINANCE): Added instrument AAVEBTC.BINANCE and created matching engine
2026-09-23T03:57:43.437066708Z [INFO] EDGETRADER-VIRTUAL.SimulatedExchange(BINANCE): Added instrument AAVEETH.BINANCE and created matching engine
2026-09-23T03:57:43.437181095Z [INFO] EDGETRADER-VIRTUAL.SimulatedExchange(BINANCE): Added instrument AAVEBUSD.BINANCE and created matching engine
2026-09-23T03:57:43.437288987Z [INFO] EDGETRADER-VIRTUAL.SimulatedExchange(BINANCE): Added instrument AAVEUSDT.BINANCE and created matching engine
2026-09-23T03:57:43.437400021Z [INFO] EDGETRADER-VIRTUAL.SimulatedExchange(BINANCE): Added instrument AAVEBKRW.BINANCE and created matching engine
2026-09-23T03:57:43.437508413Z [INFO] EDGETRADER-VIRTUAL.SimulatedExchange(BINANCE): Added instrument NEARBNB.BINANCE and created matching engine
2026-09-23T03:57:43.437626147Z [INFO] EDGETRADER-VIRTUAL.SimulatedExchange(BINANCE): Added instrument NEARBTC.BINANCE and created matching engine
2026-09-23T03:57:43.437741670Z [INFO] EDGETRADER-VIRTUAL.SimulatedExchange(BINANCE): Added instrument NEARBUSD.BINANCE and created matching engine
2026-09-23T03:57:43.437856722Z [INFO] EDGETRADER-VIRTUAL.SimulatedExchange(BINANCE): Added instrument NEARUSDT.BINANCE and created matching engine
2026-09-23T03:57:43.437964112Z [INFO] EDGETRADER-VIRTUAL.SimulatedExchange(BINANCE): Added instrument SXPUPUSDT.BINANCE and created matching engine
2026-09-23T03:57:43.438063797Z [INFO] EDGETRADER-VIRTUAL.SimulatedExchange(BINANCE): Added instrument SXPDOWNUSDT.BINANCE and created matching engine
2026-09-23T03:57:43.438181056Z [INFO] EDGETRADER-VIRTUAL.SimulatedExchange(BINANCE): Added instrument DOTBKRW.BINANCE and created matching engine
2026-09-23T03:57:43.438292207Z [INFO] EDGETRADER-VIRTUAL.SimulatedExchange(BINANCE): Added instrument SXPGBP.BINANCE and created matching engine
2026-09-23T03:57:43.438408545Z [INFO] EDGETRADER-VIRTUAL.SimulatedExchange(BINANCE): Added instrument FILBNB.BINANCE and created matching engine
2026-09-23T03:57:43.438518656Z [INFO] EDGETRADER-VIRTUAL.SimulatedExchange(BINANCE): Added instrument FILBTC.BINANCE and created matching engine
2026-09-23T03:57:43.438637085Z [INFO] EDGETRADER-VIRTUAL.SimulatedExchange(BINANCE): Added instrument FILBUSD.BINANCE and created matching engine
2026-09-23T03:57:43.438749380Z [INFO] EDGETRADER-VIRTUAL.SimulatedExchange(BINANCE): Added instrument FILUSDT.BINANCE and created matching engine
2026-09-23T03:57:43.438862739Z [INFO] EDGETRADER-VIRTUAL.SimulatedExchange(BINANCE): Added instrument FILUPUSDT.BINANCE and created matching engine
2026-09-23T03:57:43.438971102Z [INFO] EDGETRADER-VIRTUAL.SimulatedExchange(BINANCE): Added instrument FILDOWNUSDT.BINANCE and created matching engine
2026-09-23T03:57:43.439095650Z [INFO] EDGETRADER-VIRTUAL.SimulatedExchange(BINANCE): Added instrument YFIUPUSDT.BINANCE and created matching engine
2026-09-23T03:57:43.439205969Z [INFO] EDGETRADER-VIRTUAL.SimulatedExchange(BINANCE): Added instrument YFIDOWNUSDT.BINANCE and created matching engine
2026-09-23T03:57:43.439324480Z [INFO] EDGETRADER-VIRTUAL.SimulatedExchange(BINANCE): Added instrument INJBNB.BINANCE and created matching engine
2026-09-23T03:57:43.439434117Z [INFO] EDGETRADER-VIRTUAL.SimulatedExchange(BINANCE): Added instrument INJBTC.BINANCE and created matching engine
2026-09-23T03:57:43.439552184Z [INFO] EDGETRADER-VIRTUAL.SimulatedExchange(BINANCE): Added instrument INJBUSD.BINANCE and created matching engine
2026-09-23T03:57:43.439660512Z [INFO] EDGETRADER-VIRTUAL.SimulatedExchange(BINANCE): Added instrument INJUSDT.BINANCE and created matching engine
2026-09-23T03:57:43.439793058Z [INFO] EDGETRADER-VIRTUAL.SimulatedExchange(BINANCE): Added instrument AERGOBTC.BINANCE and created matching engine
2026-09-23T03:57:43.439902136Z [INFO] EDGETRADER-VIRTUAL.SimulatedExchange(BINANCE): Added instrument AERGOBUSD.BINANCE and created matching engine
2026-09-23T03:57:43.440017668Z [INFO] EDGETRADER-VIRTUAL.SimulatedExchange(BINANCE): Added instrument LINKEUR.BINANCE and created matching engine
2026-09-23T03:57:43.440123723Z [INFO] EDGETRADER-VIRTUAL.SimulatedExchange(BINANCE): Added instrument ONEBUSD.BINANCE and created matching engine
2026-09-23T03:57:43.440238707Z [INFO] EDGETRADER-VIRTUAL.SimulatedExchange(BINANCE): Added instrument EASYETH.BINANCE and created matching engine
2026-09-23T03:57:43.440355129Z [INFO] EDGETRADER-VIRTUAL.SimulatedExchange(BINANCE): Added instrument AUDIOBTC.BINANCE and created matching engine
2026-09-23T03:57:43.440471855Z [INFO] EDGETRADER-VIRTUAL.SimulatedExchange(BINANCE): Added instrument AUDIOBUSD.BINANCE and created matching engine
2026-09-23T03:57:43.440583820Z [INFO] EDGETRADER-VIRTUAL.SimulatedExchange(BINANCE): Added instrument AUDIOUSDT.BINANCE and created matching engine
2026-09-23T03:57:43.440691669Z [INFO] EDGETRADER-VIRTUAL.SimulatedExchange(BINANCE): Added instrument CTKBNB.BINANCE and created matching engine
2026-09-23T03:57:43.440837170Z [INFO] EDGETRADER-VIRTUAL.SimulatedExchange(BINANCE): Added instrument CTKBTC.BINANCE and created matching engine
2026-09-23T03:57:43.440955099Z [INFO] EDGETRADER-VIRTUAL.SimulatedExchange(BINANCE): Added instrument CTKBUSD.BINANCE and created matching engine
2026-09-23T03:57:43.441069587Z [INFO] EDGETRADER-VIRTUAL.SimulatedExchange(BINANCE): Added instrument CTKUSDT.BINANCE and created matching engine
2026-09-23T03:57:43.441171996Z [INFO] EDGETRADER-VIRTUAL.SimulatedExchange(BINANCE): Added instrument BCHUPUSDT.BINANCE and created matching engine
2026-09-23T03:57:43.441284671Z [INFO] EDGETRADER-VIRTUAL.SimulatedExchange(BINANCE): Added instrument BCHDOWNUSDT.BINANCE and created matching engine
2026-09-23T03:57:43.441395485Z [INFO] EDGETRADER-VIRTUAL.SimulatedExchange(BINANCE): Added instrument BOTBTC.BINANCE and created matching engine
2026-09-23T03:57:43.441512943Z [INFO] EDGETRADER-VIRTUAL.SimulatedExchange(BINANCE): Added instrument BOTBUSD.BINANCE and created matching engine
2026-09-23T03:57:43.441619733Z [INFO] EDGETRADER-VIRTUAL.SimulatedExchange(BINANCE): Added instrument ETHBRL.BINANCE and created matching engine
2026-09-23T03:57:43.441730632Z [INFO] EDGETRADER-VIRTUAL.SimulatedExchange(BINANCE): Added instrument DOTEUR.BINANCE and created matching engine
2026-09-23T03:57:43.441851743Z [INFO] EDGETRADER-VIRTUAL.SimulatedExchange(BINANCE): Added instrument AKROBTC.BINANCE and created matching engine
2026-09-23T03:57:43.441967516Z [INFO] EDGETRADER-VIRTUAL.SimulatedExchange(BINANCE): Added instrument AKROUSDT.BINANCE and created matching engine
2026-09-23T03:57:43.442073728Z [INFO] EDGETRADER-VIRTUAL.SimulatedExchange(BINANCE): Added instrument KP3RBNB.BINANCE and created matching engine
2026-09-23T03:57:43.442183651Z [INFO] EDGETRADER-VIRTUAL.SimulatedExchange(BINANCE): Added instrument KP3RBUSD.BINANCE and created matching engine
2026-09-23T03:57:43.442291123Z [INFO] EDGETRADER-VIRTUAL.SimulatedExchange(BINANCE): Added instrument AXSBNB.BINANCE and created matching engine
2026-09-23T03:57:43.442405434Z [INFO] EDGETRADER-VIRTUAL.SimulatedExchange(BINANCE): Added instrument AXSBTC.BINANCE and created matching engine
2026-09-23T03:57:43.442513186Z [INFO] EDGETRADER-VIRTUAL.SimulatedExchange(BINANCE): Added instrument AXSBUSD.BINANCE and created matching engine
2026-09-23T03:57:43.442625413Z [INFO] EDGETRADER-VIRTUAL.SimulatedExchange(BINANCE): Added instrument AXSUSDT.BINANCE and created matching engine
2026-09-23T03:57:43.442754857Z [INFO] EDGETRADER-VIRTUAL.SimulatedExchange(BINANCE): Added instrument HARDBNB.BINANCE and created matching engine
2026-09-23T03:57:43.442867611Z [INFO] EDGETRADER-VIRTUAL.SimulatedExchange(BINANCE): Added instrument HARDBTC.BINANCE and created matching engine
2026-09-23T03:57:43.442983058Z [INFO] EDGETRADER-VIRTUAL.SimulatedExchange(BINANCE): Added instrument HARDBUSD.BINANCE and created matching engine
2026-09-23T03:57:43.443098389Z [INFO] EDGETRADER-VIRTUAL.SimulatedExchange(BINANCE): Added instrument HARDUSDT.BINANCE and created matching engine
2026-09-23T03:57:43.443220377Z [INFO] EDGETRADER-VIRTUAL.SimulatedExchange(BINANCE): Added instrument BNBBRL.BINANCE and created matching engine
2026-09-23T03:57:43.443345433Z [INFO] EDGETRADER-VIRTUAL.SimulatedExchange(BINANCE): Added instrument LTCEUR.BINANCE and created matching engine
2026-09-23T03:57:43.443464391Z [INFO] EDGETRADER-VIRTUAL.SimulatedExchange(BINANCE): Added instrument RENBTCBTC.BINANCE and created matching engine
2026-09-23T03:57:43.443571875Z [INFO] EDGETRADER-VIRTUAL.SimulatedExchange(BINANCE): Added instrument RENBTCETH.BINANCE and created matching engine
2026-09-23T03:57:43.443689150Z [INFO] EDGETRADER-VIRTUAL.SimulatedExchange(BINANCE): Added instrument DNTBUSD.BINANCE and created matching engine
2026-09-23T03:57:43.443821294Z [INFO] EDGETRADER-VIRTUAL.SimulatedExchange(BINANCE): Added instrument DNTUSDT.BINANCE and created matching engine
2026-09-23T03:57:43.443944202Z [INFO] EDGETRADER-VIRTUAL.SimulatedExchange(BINANCE): Added instrument SLPETH.BINANCE and created matching engine
2026-09-23T03:57:43.444056572Z [INFO] EDGETRADER-VIRTUAL.SimulatedExchange(BINANCE): Added instrument ADAEUR.BINANCE and created matching engine
2026-09-23T03:57:43.444175465Z [INFO] EDGETRADER-VIRTUAL.SimulatedExchange(BINANCE): Added instrument LTCNGN.BINANCE and created matching engine
2026-09-23T03:57:43.444287707Z [INFO] EDGETRADER-VIRTUAL.SimulatedExchange(BINANCE): Added instrument CVPETH.BINANCE and created matching engine
2026-09-23T03:57:43.444410550Z [INFO] EDGETRADER-VIRTUAL.SimulatedExchange(BINANCE): Added instrument CVPBUSD.BINANCE and created matching engine
2026-09-23T03:57:43.444519283Z [INFO] EDGETRADER-VIRTUAL.SimulatedExchange(BINANCE): Added instrument STRAXBTC.BINANCE and created matching engine
2026-09-23T03:57:43.444641592Z [INFO] EDGETRADER-VIRTUAL.SimulatedExchange(BINANCE): Added instrument STRAXETH.BINANCE and created matching engine
2026-09-23T03:57:43.444749747Z [INFO] EDGETRADER-VIRTUAL.SimulatedExchange(BINANCE): Added instrument STRAXBUSD.BINANCE and created matching engine
2026-09-23T03:57:43.444894396Z [INFO] EDGETRADER-VIRTUAL.SimulatedExchange(BINANCE): Added instrument STRAXUSDT.BINANCE and created matching engine
2026-09-23T03:57:43.445013512Z [INFO] EDGETRADER-VIRTUAL.SimulatedExchange(BINANCE): Added instrument FORBTC.BINANCE and created matching engine
2026-09-23T03:57:43.445134577Z [INFO] EDGETRADER-VIRTUAL.SimulatedExchange(BINANCE): Added instrument FORBUSD.BINANCE and created matching engine
2026-09-23T03:57:43.445245599Z [INFO] EDGETRADER-VIRTUAL.SimulatedExchange(BINANCE): Added instrument UNFIBNB.BINANCE and created matching engine
2026-09-23T03:57:43.445361227Z [INFO] EDGETRADER-VIRTUAL.SimulatedExchange(BINANCE): Added instrument UNFIBTC.BINANCE and created matching engine
2026-09-23T03:57:43.445470125Z [INFO] EDGETRADER-VIRTUAL.SimulatedExchange(BINANCE): Added instrument UNFIBUSD.BINANCE and created matching engine
2026-09-23T03:57:43.445582790Z [INFO] EDGETRADER-VIRTUAL.SimulatedExchange(BINANCE): Added instrument UNFIUSDT.BINANCE and created matching engine
2026-09-23T03:57:43.445691798Z [INFO] EDGETRADER-VIRTUAL.SimulatedExchange(BINANCE): Added instrument FRONTETH.BINANCE and created matching engine
2026-09-23T03:57:43.445803404Z [INFO] EDGETRADER-VIRTUAL.SimulatedExchange(BINANCE): Added instrument FRONTBUSD.BINANCE and created matching engine
2026-09-23T03:57:43.445913492Z [INFO] EDGETRADER-VIRTUAL.SimulatedExchange(BINANCE): Added instrument BCHABUSD.BINANCE and created matching engine
2026-09-23T03:57:43.446040347Z [INFO] EDGETRADER-VIRTUAL.SimulatedExchange(BINANCE): Added instrument ROSEBTC.BINANCE and created matching engine
2026-09-23T03:57:43.446150507Z [INFO] EDGETRADER-VIRTUAL.SimulatedExchange(BINANCE): Added instrument ROSEBUSD.BINANCE and created matching engine
2026-09-23T03:57:43.446264242Z [INFO] EDGETRADER-VIRTUAL.SimulatedExchange(BINANCE): Added instrument ROSEUSDT.BINANCE and created matching engine
2026-09-23T03:57:43.446378584Z [INFO] EDGETRADER-VIRTUAL.SimulatedExchange(BINANCE): Added instrument AVAXTRY.BINANCE and created matching engine
2026-09-23T03:57:43.446500059Z [INFO] EDGETRADER-VIRTUAL.SimulatedExchange(BINANCE): Added instrument BUSDBRL.BINANCE and created matching engine
2026-09-23T03:57:43.446611274Z [INFO] EDGETRADER-VIRTUAL.SimulatedExchange(BINANCE): Added instrument AVAUSDT.BINANCE and created matching engine
2026-09-23T03:57:43.446729863Z [INFO] EDGETRADER-VIRTUAL.SimulatedExchange(BINANCE): Added instrument SYSBUSD.BINANCE and created matching engine
2026-09-23T03:57:43.446840673Z [INFO] EDGETRADER-VIRTUAL.SimulatedExchange(BINANCE): Added instrument XEMUSDT.BINANCE and created matching engine
2026-09-23T03:57:43.446951754Z [INFO] EDGETRADER-VIRTUAL.SimulatedExchange(BINANCE): Added instrument HEGICETH.BINANCE and created matching engine
2026-09-23T03:57:43.447060166Z [INFO] EDGETRADER-VIRTUAL.SimulatedExchange(BINANCE): Added instrument HEGICBUSD.BINANCE and created matching engine
2026-09-23T03:57:43.447183101Z [INFO] EDGETRADER-VIRTUAL.SimulatedExchange(BINANCE): Added instrument AAVEUPUSDT.BINANCE and created matching engine
2026-09-23T03:57:43.447309701Z [INFO] EDGETRADER-VIRTUAL.SimulatedExchange(BINANCE): Added instrument AAVEDOWNUSDT.BINANCE and created matching engine
2026-09-23T03:57:43.447436485Z [INFO] EDGETRADER-VIRTUAL.SimulatedExchange(BINANCE): Added instrument PROMBNB.BINANCE and created matching engine
2026-09-23T03:57:43.447560461Z [INFO] EDGETRADER-VIRTUAL.SimulatedExchange(BINANCE): Added instrument PROMBUSD.BINANCE and created matching engine
2026-09-23T03:57:43.447677591Z [INFO] EDGETRADER-VIRTUAL.SimulatedExchange(BINANCE): Added instrument XRPBRL.BINANCE and created matching engine
2026-09-23T03:57:43.447825089Z [INFO] EDGETRADER-VIRTUAL.SimulatedExchange(BINANCE): Added instrument XRPNGN.BINANCE and created matching engine
2026-09-23T03:57:43.447940954Z [INFO] EDGETRADER-VIRTUAL.SimulatedExchange(BINANCE): Added instrument SKLBTC.BINANCE and created matching engine
2026-09-23T03:57:43.448062086Z [INFO] EDGETRADER-VIRTUAL.SimulatedExchange(BINANCE): Added instrument SKLBUSD.BINANCE and created matching engine
2026-09-23T03:57:43.448186992Z [INFO] EDGETRADER-VIRTUAL.SimulatedExchange(BINANCE): Added instrument SKLUSDT.BINANCE and created matching engine
2026-09-23T03:57:43.448311670Z [INFO] EDGETRADER-VIRTUAL.SimulatedExchange(BINANCE): Added instrument BCHEUR.BINANCE and created matching engine
2026-09-23T03:57:43.448425501Z [INFO] EDGETRADER-VIRTUAL.SimulatedExchange(BINANCE): Added instrument YFIEUR.BINANCE and created matching engine
2026-09-23T03:57:43.448559363Z [INFO] EDGETRADER-VIRTUAL.SimulatedExchange(BINANCE): Added instrument ZILBIDR.BINANCE and created matching engine
2026-09-23T03:57:43.448675710Z [INFO] EDGETRADER-VIRTUAL.SimulatedExchange(BINANCE): Added instrument SUSDBTC.BINANCE and created matching engine
2026-09-23T03:57:43.448798435Z [INFO] EDGETRADER-VIRTUAL.SimulatedExchange(BINANCE): Added instrument SUSDETH.BINANCE and created matching engine
2026-09-23T03:57:43.448900082Z [INFO] EDGETRADER-VIRTUAL.SimulatedExchange(BINANCE): Added instrument SUSDUSDT.BINANCE and created matching engine
2026-09-23T03:57:43.449003093Z [INFO] EDGETRADER-VIRTUAL.SimulatedExchange(BINANCE): Added instrument COVERETH.BINANCE and created matching engine
2026-09-23T03:57:43.449074895Z [INFO] EDGETRADER-VIRTUAL.SimulatedExchange(BINANCE): Added instrument COVERBUSD.BINANCE and created matching engine
2026-09-23T03:57:43.449148390Z [INFO] EDGETRADER-VIRTUAL.SimulatedExchange(BINANCE): Added instrument GLMBTC.BINANCE and created matching engine
2026-09-23T03:57:43.449236034Z [INFO] EDGETRADER-VIRTUAL.SimulatedExchange(BINANCE): Added instrument GLMETH.BINANCE and created matching engine
2026-09-23T03:57:43.449334335Z [INFO] EDGETRADER-VIRTUAL.SimulatedExchange(BINANCE): Added instrument GHSTETH.BINANCE and created matching engine
2026-09-23T03:57:43.449409469Z [INFO] EDGETRADER-VIRTUAL.SimulatedExchange(BINANCE): Added instrument GHSTBUSD.BINANCE and created matching engine
2026-09-23T03:57:43.449476811Z [INFO] EDGETRADER-VIRTUAL.SimulatedExchange(BINANCE): Added instrument SUSHIUPUSDT.BINANCE and created matching engine
2026-09-23T03:57:43.449543832Z [INFO] EDGETRADER-VIRTUAL.SimulatedExchange(BINANCE): Added instrument SUSHIDOWNUSDT.BINANCE and created matching engine
2026-09-23T03:57:43.449616458Z [INFO] EDGETRADER-VIRTUAL.SimulatedExchange(BINANCE): Added instrument XLMUPUSDT.BINANCE and created matching engine
2026-09-23T03:57:43.449758306Z [INFO] EDGETRADER-VIRTUAL.SimulatedExchange(BINANCE): Added instrument XLMDOWNUSDT.BINANCE and created matching engine
2026-09-23T03:57:43.449876997Z [INFO] EDGETRADER-VIRTUAL.SimulatedExchange(BINANCE): Added instrument LINKBRL.BINANCE and created matching engine
2026-09-23T03:57:43.449964661Z [INFO] EDGETRADER-VIRTUAL.SimulatedExchange(BINANCE): Added instrument LINKNGN.BINANCE and created matching engine
2026-09-23T03:57:43.450060531Z [INFO] EDGETRADER-VIRTUAL.SimulatedExchange(BINANCE): Added instrument LTCRUB.BINANCE and created matching engine
2026-09-23T03:57:43.450176717Z [INFO] EDGETRADER-VIRTUAL.SimulatedExchange(BINANCE): Added instrument TRXTRY.BINANCE and created matching engine
2026-09-23T03:57:43.450293797Z [INFO] EDGETRADER-VIRTUAL.SimulatedExchange(BINANCE): Added instrument XLMEUR.BINANCE and created matching engine
2026-09-23T03:57:43.450429053Z [INFO] EDGETRADER-VIRTUAL.SimulatedExchange(BINANCE): Added instrument DFETH.BINANCE and created matching engine
2026-09-23T03:57:43.450534898Z [INFO] EDGETRADER-VIRTUAL.SimulatedExchange(BINANCE): Added instrument DFBUSD.BINANCE and created matching engine
2026-09-23T03:57:43.450640281Z [INFO] EDGETRADER-VIRTUAL.SimulatedExchange(BINANCE): Added instrument GRTBTC.BINANCE and created matching engine
2026-09-23T03:57:43.450743074Z [INFO] EDGETRADER-VIRTUAL.SimulatedExchange(BINANCE): Added instrument GRTETH.BINANCE and created matching engine
2026-09-23T03:57:43.450846931Z [INFO] EDGETRADER-VIRTUAL.SimulatedExchange(BINANCE): Added instrument GRTUSDT.BINANCE and created matching engine
2026-09-23T03:57:43.450924562Z [INFO] EDGETRADER-VIRTUAL.SimulatedExchange(BINANCE): Added instrument JUVBTC.BINANCE and created matching engine
2026-09-23T03:57:43.450998957Z [INFO] EDGETRADER-VIRTUAL.SimulatedExchange(BINANCE): Added instrument JUVBUSD.BINANCE and created matching engine
2026-09-23T03:57:43.451073267Z [INFO] EDGETRADER-VIRTUAL.SimulatedExchange(BINANCE): Added instrument JUVUSDT.BINANCE and created matching engine
2026-09-23T03:57:43.451208761Z [INFO] EDGETRADER-VIRTUAL.SimulatedExchange(BINANCE): Added instrument PSGBTC.BINANCE and created matching engine
2026-09-23T03:57:43.451315256Z [INFO] EDGETRADER-VIRTUAL.SimulatedExchange(BINANCE): Added instrument PSGBUSD.BINANCE and created matching engine
2026-09-23T03:57:43.451449653Z [INFO] EDGETRADER-VIRTUAL.SimulatedExchange(BINANCE): Added instrument PSGUSDT.BINANCE and created matching engine
2026-09-23T03:57:43.451571263Z [INFO] EDGETRADER-VIRTUAL.SimulatedExchange(BINANCE): Added instrument BUSDBVND.BINANCE and created matching engine
2026-09-23T03:57:43.451654147Z [INFO] EDGETRADER-VIRTUAL.SimulatedExchange(BINANCE): Added instrument USDTBVND.BINANCE and created matching engine
2026-09-23T03:57:43.451786848Z [INFO] EDGETRADER-VIRTUAL.SimulatedExchange(BINANCE): Added instrument 1INCHBTC.BINANCE and created matching engine
2026-09-23T03:57:43.451905654Z [INFO] EDGETRADER-VIRTUAL.SimulatedExchange(BINANCE): Added instrument 1INCHUSDT.BINANCE and created matching engine
2026-09-23T03:57:43.452027546Z [INFO] EDGETRADER-VIRTUAL.SimulatedExchange(BINANCE): Added instrument REEFBTC.BINANCE and created matching engine
2026-09-23T03:57:43.452141601Z [INFO] EDGETRADER-VIRTUAL.SimulatedExchange(BINANCE): Added instrument REEFUSDT.BINANCE and created matching engine
2026-09-23T03:57:43.452255408Z [INFO] EDGETRADER-VIRTUAL.SimulatedExchange(BINANCE): Added instrument OGBTC.BINANCE and created matching engine
2026-09-23T03:57:43.452367692Z [INFO] EDGETRADER-VIRTUAL.SimulatedExchange(BINANCE): Added instrument OGUSDT.BINANCE and created matching engine
2026-09-23T03:57:43.452488349Z [INFO] EDGETRADER-VIRTUAL.SimulatedExchange(BINANCE): Added instrument ATMBTC.BINANCE and created matching engine
2026-09-23T03:57:43.452637539Z [INFO] EDGETRADER-VIRTUAL.SimulatedExchange(BINANCE): Added instrument ATMUSDT.BINANCE and created matching engine
2026-09-23T03:57:43.452765875Z [INFO] EDGETRADER-VIRTUAL.SimulatedExchange(BINANCE): Added instrument ASRBTC.BINANCE and created matching engine
2026-09-23T03:57:43.452893799Z [INFO] EDGETRADER-VIRTUAL.SimulatedExchange(BINANCE): Added instrument ASRUSDT.BINANCE and created matching engine
2026-09-23T03:57:43.453017892Z [INFO] EDGETRADER-VIRTUAL.SimulatedExchange(BINANCE): Added instrument CELOBTC.BINANCE and created matching engine
2026-09-23T03:57:43.453131177Z [INFO] EDGETRADER-VIRTUAL.SimulatedExchange(BINANCE): Added instrument CELOUSDT.BINANCE and created matching engine
2026-09-23T03:57:43.453251820Z [INFO] EDGETRADER-VIRTUAL.SimulatedExchange(BINANCE): Added instrument RIFBTC.BINANCE and created matching engine
2026-09-23T03:57:43.453367966Z [INFO] EDGETRADER-VIRTUAL.SimulatedExchange(BINANCE): Added instrument RIFUSDT.BINANCE and created matching engine
2026-09-23T03:57:43.453487492Z [INFO] EDGETRADER-VIRTUAL.SimulatedExchange(BINANCE): Added instrument CHZTRY.BINANCE and created matching engine
2026-09-23T03:57:43.453603280Z [INFO] EDGETRADER-VIRTUAL.SimulatedExchange(BINANCE): Added instrument XLMTRY.BINANCE and created matching engine
2026-09-23T03:57:43.453721573Z [INFO] EDGETRADER-VIRTUAL.SimulatedExchange(BINANCE): Added instrument LINKGBP.BINANCE and created matching engine
2026-09-23T03:57:43.453836046Z [INFO] EDGETRADER-VIRTUAL.SimulatedExchange(BINANCE): Added instrument GRTEUR.BINANCE and created matching engine
2026-09-23T03:57:43.453951045Z [INFO] EDGETRADER-VIRTUAL.SimulatedExchange(BINANCE): Added instrument BTCSTBTC.BINANCE and created matching engine
2026-09-23T03:57:43.454062371Z [INFO] EDGETRADER-VIRTUAL.SimulatedExchange(BINANCE): Added instrument BTCSTBUSD.BINANCE and created matching engine
2026-09-23T03:57:43.454176188Z [INFO] EDGETRADER-VIRTUAL.SimulatedExchange(BINANCE): Added instrument BTCSTUSDT.BINANCE and created matching engine
2026-09-23T03:57:43.454299806Z [INFO] EDGETRADER-VIRTUAL.SimulatedExchange(BINANCE): Added instrument TRUBTC.BINANCE and created matching engine
2026-09-23T03:57:43.454425037Z [INFO] EDGETRADER-VIRTUAL.SimulatedExchange(BINANCE): Added instrument TRUBUSD.BINANCE and created matching engine
2026-09-23T03:57:43.454542091Z [INFO] EDGETRADER-VIRTUAL.SimulatedExchange(BINANCE): Added instrument TRUUSDT.BINANCE and created matching engine
2026-09-23T03:57:43.454660519Z [INFO] EDGETRADER-VIRTUAL.SimulatedExchange(BINANCE): Added instrument DEXEETH.BINANCE and created matching engine
2026-09-23T03:57:43.454774490Z [INFO] EDGETRADER-VIRTUAL.SimulatedExchange(BINANCE): Added instrument DEXEBUSD.BINANCE and created matching engine
2026-09-23T03:57:43.454895743Z [INFO] EDGETRADER-VIRTUAL.SimulatedExchange(BINANCE): Added instrument EOSEUR.BINANCE and created matching engine
2026-09-23T03:57:43.455012500Z [INFO] EDGETRADER-VIRTUAL.SimulatedExchange(BINANCE): Added instrument LTCBRL.BINANCE and created matching engine
2026-09-23T03:57:43.455136826Z [INFO] EDGETRADER-VIRTUAL.SimulatedExchange(BINANCE): Added instrument USDCBUSD.BINANCE and created matching engine
2026-09-23T03:57:43.455251816Z [INFO] EDGETRADER-VIRTUAL.SimulatedExchange(BINANCE): Added instrument TUSDBUSD.BINANCE and created matching engine
2026-09-23T03:57:43.455374919Z [INFO] EDGETRADER-VIRTUAL.SimulatedExchange(BINANCE): Added instrument PAXBUSD.BINANCE and created matching engine
2026-09-23T03:57:43.455492543Z [INFO] EDGETRADER-VIRTUAL.SimulatedExchange(BINANCE): Added instrument CKBBTC.BINANCE and created matching engine
2026-09-23T03:57:43.455611825Z [INFO] EDGETRADER-VIRTUAL.SimulatedExchange(BINANCE): Added instrument CKBBUSD.BINANCE and created matching engine
2026-09-23T03:57:43.455752975Z [INFO] EDGETRADER-VIRTUAL.SimulatedExchange(BINANCE): Added instrument CKBUSDT.BINANCE and created matching engine
2026-09-23T03:57:43.455886387Z [INFO] EDGETRADER-VIRTUAL.SimulatedExchange(BINANCE): Added instrument TWTBTC.BINANCE and created matching engine
2026-09-23T03:57:43.456007758Z [INFO] EDGETRADER-VIRTUAL.SimulatedExchange(BINANCE): Added instrument TWTBUSD.BINANCE and created matching engine
2026-09-23T03:57:43.456132028Z [INFO] EDGETRADER-VIRTUAL.SimulatedExchange(BINANCE): Added instrument TWTUSDT.BINANCE and created matching engine
2026-09-23T03:57:43.456250177Z [INFO] EDGETRADER-VIRTUAL.SimulatedExchange(BINANCE): Added instrument FIROBTC.BINANCE and created matching engine
2026-09-23T03:57:43.456369504Z [INFO] EDGETRADER-VIRTUAL.SimulatedExchange(BINANCE): Added instrument FIROETH.BINANCE and created matching engine
2026-09-23T03:57:43.456484702Z [INFO] EDGETRADER-VIRTUAL.SimulatedExchange(BINANCE): Added instrument FIROUSDT.BINANCE and created matching engine
2026-09-23T03:57:43.456610056Z [INFO] EDGETRADER-VIRTUAL.SimulatedExchange(BINANCE): Added instrument BETHETH.BINANCE and created matching engine
2026-09-23T03:57:43.456728988Z [INFO] EDGETRADER-VIRTUAL.SimulatedExchange(BINANCE): Added instrument DOGEEUR.BINANCE and created matching engine
2026-09-23T03:57:43.456886009Z [INFO] EDGETRADER-VIRTUAL.SimulatedExchange(BINANCE): Added instrument DOGETRY.BINANCE and created matching engine
2026-09-23T03:57:43.457028002Z [INFO] EDGETRADER-VIRTUAL.SimulatedExchange(BINANCE): Added instrument DOGEAUD.BINANCE and created matching engine
2026-09-23T03:57:43.457156689Z [INFO] EDGETRADER-VIRTUAL.SimulatedExchange(BINANCE): Added instrument DOGEBRL.BINANCE and created matching engine
2026-09-23T03:57:43.457276898Z [INFO] EDGETRADER-VIRTUAL.SimulatedExchange(BINANCE): Added instrument DOTNGN.BINANCE and created matching engine
2026-09-23T03:57:43.457401733Z [INFO] EDGETRADER-VIRTUAL.SimulatedExchange(BINANCE): Added instrument PROSETH.BINANCE and created matching engine
2026-09-23T03:57:43.457519845Z [INFO] EDGETRADER-VIRTUAL.SimulatedExchange(BINANCE): Added instrument LITBTC.BINANCE and created matching engine
2026-09-23T03:57:43.457642490Z [INFO] EDGETRADER-VIRTUAL.SimulatedExchange(BINANCE): Added instrument LITBUSD.BINANCE and created matching engine
2026-09-23T03:57:43.457761066Z [INFO] EDGETRADER-VIRTUAL.SimulatedExchange(BINANCE): Added instrument LITUSDT.BINANCE and created matching engine
2026-09-23T03:57:43.457884258Z [INFO] EDGETRADER-VIRTUAL.SimulatedExchange(BINANCE): Added instrument BTCVAI.BINANCE and created matching engine
2026-09-23T03:57:43.458002816Z [INFO] EDGETRADER-VIRTUAL.SimulatedExchange(BINANCE): Added instrument BUSDVAI.BINANCE and created matching engine
2026-09-23T03:57:43.458126596Z [INFO] EDGETRADER-VIRTUAL.SimulatedExchange(BINANCE): Added instrument SFPBTC.BINANCE and created matching engine
2026-09-23T03:57:43.458244299Z [INFO] EDGETRADER-VIRTUAL.SimulatedExchange(BINANCE): Added instrument SFPBUSD.BINANCE and created matching engine
2026-09-23T03:57:43.458381492Z [INFO] EDGETRADER-VIRTUAL.SimulatedExchange(BINANCE): Added instrument SFPUSDT.BINANCE and created matching engine
2026-09-23T03:57:43.458505909Z [INFO] EDGETRADER-VIRTUAL.SimulatedExchange(BINANCE): Added instrument DOGEGBP.BINANCE and created matching engine
2026-09-23T03:57:43.458632763Z [INFO] EDGETRADER-VIRTUAL.SimulatedExchange(BINANCE): Added instrument DOTTRY.BINANCE and created matching engine
2026-09-23T03:57:43.458752304Z [INFO] EDGETRADER-VIRTUAL.SimulatedExchange(BINANCE): Added instrument FXSBTC.BINANCE and created matching engine
2026-09-23T03:57:43.458876869Z [INFO] EDGETRADER-VIRTUAL.SimulatedExchange(BINANCE): Added instrument FXSBUSD.BINANCE and created matching engine
2026-09-23T03:57:43.458995982Z [INFO] EDGETRADER-VIRTUAL.SimulatedExchange(BINANCE): Added instrument DODOBTC.BINANCE and created matching engine
2026-09-23T03:57:43.459127804Z [INFO] EDGETRADER-VIRTUAL.SimulatedExchange(BINANCE): Added instrument DODOBUSD.BINANCE and created matching engine
2026-09-23T03:57:43.459257039Z [INFO] EDGETRADER-VIRTUAL.SimulatedExchange(BINANCE): Added instrument DODOUSDT.BINANCE and created matching engine
2026-09-23T03:57:43.459381538Z [INFO] EDGETRADER-VIRTUAL.SimulatedExchange(BINANCE): Added instrument FRONTBTC.BINANCE and created matching engine
2026-09-23T03:57:43.459502334Z [INFO] EDGETRADER-VIRTUAL.SimulatedExchange(BINANCE): Added instrument EASYBTC.BINANCE and created matching engine
2026-09-23T03:57:43.459627481Z [INFO] EDGETRADER-VIRTUAL.SimulatedExchange(BINANCE): Added instrument CAKEBTC.BINANCE and created matching engine
2026-09-23T03:57:43.459766156Z [INFO] EDGETRADER-VIRTUAL.SimulatedExchange(BINANCE): Added instrument CAKEUSDT.BINANCE and created matching engine
2026-09-23T03:57:43.459892234Z [INFO] EDGETRADER-VIRTUAL.SimulatedExchange(BINANCE): Added instrument BAKEBUSD.BINANCE and created matching engine
2026-09-23T03:57:43.460027014Z [INFO] EDGETRADER-VIRTUAL.SimulatedExchange(BINANCE): Added instrument UFTETH.BINANCE and created matching engine
2026-09-23T03:57:43.460162189Z [INFO] EDGETRADER-VIRTUAL.SimulatedExchange(BINANCE): Added instrument UFTBUSD.BINANCE and created matching engine
2026-09-23T03:57:43.460278490Z [INFO] EDGETRADER-VIRTUAL.SimulatedExchange(BINANCE): Added instrument 1INCHBUSD.BINANCE and created matching engine
2026-09-23T03:57:43.460398489Z [INFO] EDGETRADER-VIRTUAL.SimulatedExchange(BINANCE): Added instrument BANDBUSD.BINANCE and created matching engine
2026-09-23T03:57:43.460519243Z [INFO] EDGETRADER-VIRTUAL.SimulatedExchange(BINANCE): Added instrument GRTBUSD.BINANCE and created matching engine
2026-09-23T03:57:43.460644248Z [INFO] EDGETRADER-VIRTUAL.SimulatedExchange(BINANCE): Added instrument IOSTBUSD.BINANCE and created matching engine
2026-09-23T03:57:43.460774168Z [INFO] EDGETRADER-VIRTUAL.SimulatedExchange(BINANCE): Added instrument OMGBUSD.BINANCE and created matching engine
2026-09-23T03:57:43.460900794Z [INFO] EDGETRADER-VIRTUAL.SimulatedExchange(BINANCE): Added instrument REEFBUSD.BINANCE and created matching engine
2026-09-23T03:57:43.461023214Z [INFO] EDGETRADER-VIRTUAL.SimulatedExchange(BINANCE): Added instrument ACMBTC.BINANCE and created matching engine
2026-09-23T03:57:43.461150006Z [INFO] EDGETRADER-VIRTUAL.SimulatedExchange(BINANCE): Added instrument ACMBUSD.BINANCE and created matching engine
2026-09-23T03:57:43.461305468Z [INFO] EDGETRADER-VIRTUAL.SimulatedExchange(BINANCE): Added instrument ACMUSDT.BINANCE and created matching engine
2026-09-23T03:57:43.461431207Z [INFO] EDGETRADER-VIRTUAL.SimulatedExchange(BINANCE): Added instrument AUCTIONBTC.BINANCE and created matching engine
2026-09-23T03:57:43.461547189Z [INFO] EDGETRADER-VIRTUAL.SimulatedExchange(BINANCE): Added instrument AUCTIONBUSD.BINANCE and created matching engine
2026-09-23T03:57:43.461672984Z [INFO] EDGETRADER-VIRTUAL.SimulatedExchange(BINANCE): Added instrument PHABTC.BINANCE and created matching engine
2026-09-23T03:57:43.461805224Z [INFO] EDGETRADER-VIRTUAL.SimulatedExchange(BINANCE): Added instrument PHABUSD.BINANCE and created matching engine
2026-09-23T03:57:43.461932445Z [INFO] EDGETRADER-VIRTUAL.SimulatedExchange(BINANCE): Added instrument DOTGBP.BINANCE and created matching engine
2026-09-23T03:57:43.462053265Z [INFO] EDGETRADER-VIRTUAL.SimulatedExchange(BINANCE): Added instrument ADATRY.BINANCE and created matching engine
2026-09-23T03:57:43.462179319Z [INFO] EDGETRADER-VIRTUAL.SimulatedExchange(BINANCE): Added instrument ADABRL.BINANCE and created matching engine
2026-09-23T03:57:43.462309419Z [INFO] EDGETRADER-VIRTUAL.SimulatedExchange(BINANCE): Added instrument ADAGBP.BINANCE and created matching engine
2026-09-23T03:57:43.462437581Z [INFO] EDGETRADER-VIRTUAL.SimulatedExchange(BINANCE): Added instrument TVKBTC.BINANCE and created matching engine
2026-09-23T03:57:43.462559410Z [INFO] EDGETRADER-VIRTUAL.SimulatedExchange(BINANCE): Added instrument TVKBUSD.BINANCE and created matching engine
2026-09-23T03:57:43.462680575Z [INFO] EDGETRADER-VIRTUAL.SimulatedExchange(BINANCE): Added instrument BADGERBTC.BINANCE and created matching engine
2026-09-23T03:57:43.462794400Z [INFO] EDGETRADER-VIRTUAL.SimulatedExchange(BINANCE): Added instrument BADGERBUSD.BINANCE and created matching engine
2026-09-23T03:57:43.462913520Z [INFO] EDGETRADER-VIRTUAL.SimulatedExchange(BINANCE): Added instrument BADGERUSDT.BINANCE and created matching engine
2026-09-23T03:57:43.463034280Z [INFO] EDGETRADER-VIRTUAL.SimulatedExchange(BINANCE): Added instrument FISBTC.BINANCE and created matching engine
2026-09-23T03:57:43.463171581Z [INFO] EDGETRADER-VIRTUAL.SimulatedExchange(BINANCE): Added instrument FISBUSD.BINANCE and created matching engine
2026-09-23T03:57:43.463294121Z [INFO] EDGETRADER-VIRTUAL.SimulatedExchange(BINANCE): Added instrument FISUSDT.BINANCE and created matching engine
2026-09-23T03:57:43.463420711Z [INFO] EDGETRADER-VIRTUAL.SimulatedExchange(BINANCE): Added instrument DOTBRL.BINANCE and created matching engine
2026-09-23T03:57:43.463540918Z [INFO] EDGETRADER-VIRTUAL.SimulatedExchange(BINANCE): Added instrument ADAAUD.BINANCE and created matching engine
2026-09-23T03:57:43.463667049Z [INFO] EDGETRADER-VIRTUAL.SimulatedExchange(BINANCE): Added instrument HOTTRY.BINANCE and created matching engine
2026-09-23T03:57:43.463810600Z [INFO] EDGETRADER-VIRTUAL.SimulatedExchange(BINANCE): Added instrument EGLDEUR.BINANCE and created matching engine
2026-09-23T03:57:43.463935553Z [INFO] EDGETRADER-VIRTUAL.SimulatedExchange(BINANCE): Added instrument OMBTC.BINANCE and created matching engine
2026-09-23T03:57:43.464067695Z [INFO] EDGETRADER-VIRTUAL.SimulatedExchange(BINANCE): Added instrument OMBUSD.BINANCE and created matching engine
2026-09-23T03:57:43.464196975Z [INFO] EDGETRADER-VIRTUAL.SimulatedExchange(BINANCE): Added instrument OMUSDT.BINANCE and created matching engine
2026-09-23T03:57:43.464319784Z [INFO] EDGETRADER-VIRTUAL.SimulatedExchange(BINANCE): Added instrument PONDBTC.BINANCE and created matching engine
2026-09-23T03:57:43.464447842Z [INFO] EDGETRADER-VIRTUAL.SimulatedExchange(BINANCE): Added instrument PONDBUSD.BINANCE and created matching engine
2026-09-23T03:57:43.464568805Z [INFO] EDGETRADER-VIRTUAL.SimulatedExchange(BINANCE): Added instrument PONDUSDT.BINANCE and created matching engine
2026-09-23T03:57:43.464698008Z [INFO] EDGETRADER-VIRTUAL.SimulatedExchange(BINANCE): Added instrument DEGOBTC.BINANCE and created matching engine
2026-09-23T03:57:43.464815895Z [INFO] EDGETRADER-VIRTUAL.SimulatedExchange(BINANCE): Added instrument DEGOBUSD.BINANCE and created matching engine
2026-09-23T03:57:43.464940030Z [INFO] EDGETRADER-VIRTUAL.SimulatedExchange(BINANCE): Added instrument DEGOUSDT.BINANCE and created matching engine
2026-09-23T03:57:43.465063902Z [INFO] EDGETRADER-VIRTUAL.SimulatedExchange(BINANCE): Added instrument AVAXEUR.BINANCE and created matching engine
2026-09-23T03:57:43.465190780Z [INFO] EDGETRADER-VIRTUAL.SimulatedExchange(BINANCE): Added instrument BTTTRY.BINANCE and created matching engine
2026-09-23T03:57:43.465311698Z [INFO] EDGETRADER-VIRTUAL.SimulatedExchange(BINANCE): Added instrument CHZBRL.BINANCE and created matching engine
2026-09-23T03:57:43.465438815Z [INFO] EDGETRADER-VIRTUAL.SimulatedExchange(BINANCE): Added instrument UNIEUR.BINANCE and created matching engine
2026-09-23T03:57:43.465558742Z [INFO] EDGETRADER-VIRTUAL.SimulatedExchange(BINANCE): Added instrument ALICEBTC.BINANCE and created matching engine
2026-09-23T03:57:43.465717938Z [INFO] EDGETRADER-VIRTUAL.SimulatedExchange(BINANCE): Added instrument ALICEBUSD.BINANCE and created matching engine
2026-09-23T03:57:43.465850990Z [INFO] EDGETRADER-VIRTUAL.SimulatedExchange(BINANCE): Added instrument ALICEUSDT.BINANCE and created matching engine
2026-09-23T03:57:43.465984893Z [INFO] EDGETRADER-VIRTUAL.SimulatedExchange(BINANCE): Added instrument CHZBUSD.BINANCE and created matching engine
2026-09-23T03:57:43.466107981Z [INFO] EDGETRADER-VIRTUAL.SimulatedExchange(BINANCE): Added instrument CHZEUR.BINANCE and created matching engine
2026-09-23T03:57:43.466236801Z [INFO] EDGETRADER-VIRTUAL.SimulatedExchange(BINANCE): Added instrument CHZGBP.BINANCE and created matching engine
2026-09-23T03:57:43.466360103Z [INFO] EDGETRADER-VIRTUAL.SimulatedExchange(BINANCE): Added instrument BIFIBNB.BINANCE and created matching engine
2026-09-23T03:57:43.466488240Z [INFO] EDGETRADER-VIRTUAL.SimulatedExchange(BINANCE): Added instrument BIFIBUSD.BINANCE and created matching engine
2026-09-23T03:57:43.466612903Z [INFO] EDGETRADER-VIRTUAL.SimulatedExchange(BINANCE): Added instrument LINABTC.BINANCE and created matching engine
2026-09-23T03:57:43.466739523Z [INFO] EDGETRADER-VIRTUAL.SimulatedExchange(BINANCE): Added instrument LINABUSD.BINANCE and created matching engine
2026-09-23T03:57:43.466858286Z [INFO] EDGETRADER-VIRTUAL.SimulatedExchange(BINANCE): Added instrument LINAUSDT.BINANCE and created matching engine
2026-09-23T03:57:43.466987547Z [INFO] EDGETRADER-VIRTUAL.SimulatedExchange(BINANCE): Added instrument ADARUB.BINANCE and created matching engine
2026-09-23T03:57:43.467117886Z [INFO] EDGETRADER-VIRTUAL.SimulatedExchange(BINANCE): Added instrument ENJBRL.BINANCE and created matching engine
2026-09-23T03:57:43.467248520Z [INFO] EDGETRADER-VIRTUAL.SimulatedExchange(BINANCE): Added instrument ENJEUR.BINANCE and created matching engine
2026-09-23T03:57:43.467370333Z [INFO] EDGETRADER-VIRTUAL.SimulatedExchange(BINANCE): Added instrument MATICEUR.BINANCE and created matching engine
2026-09-23T03:57:43.467495820Z [INFO] EDGETRADER-VIRTUAL.SimulatedExchange(BINANCE): Added instrument NEOTRY.BINANCE and created matching engine
2026-09-23T03:57:43.467625819Z [INFO] EDGETRADER-VIRTUAL.SimulatedExchange(BINANCE): Added instrument PERPBTC.BINANCE and created matching engine
2026-09-23T03:57:43.467774206Z [INFO] EDGETRADER-VIRTUAL.SimulatedExchange(BINANCE): Added instrument PERPBUSD.BINANCE and created matching engine
2026-09-23T03:57:43.467900435Z [INFO] EDGETRADER-VIRTUAL.SimulatedExchange(BINANCE): Added instrument PERPUSDT.BINANCE and created matching engine
2026-09-23T03:57:43.468034582Z [INFO] EDGETRADER-VIRTUAL.SimulatedExchange(BINANCE): Added instrument RAMPBTC.BINANCE and created matching engine
2026-09-23T03:57:43.468158826Z [INFO] EDGETRADER-VIRTUAL.SimulatedExchange(BINANCE): Added instrument RAMPBUSD.BINANCE and created matching engine
2026-09-23T03:57:43.468283846Z [INFO] EDGETRADER-VIRTUAL.SimulatedExchange(BINANCE): Added instrument RAMPUSDT.BINANCE and created matching engine
2026-09-23T03:57:43.468407384Z [INFO] EDGETRADER-VIRTUAL.SimulatedExchange(BINANCE): Added instrument SUPERBTC.BINANCE and created matching engine
2026-09-23T03:57:43.468531367Z [INFO] EDGETRADER-VIRTUAL.SimulatedExchange(BINANCE): Added instrument SUPERBUSD.BINANCE and created matching engine
2026-09-23T03:57:43.468655301Z [INFO] EDGETRADER-VIRTUAL.SimulatedExchange(BINANCE): Added instrument SUPERUSDT.BINANCE and created matching engine
2026-09-23T03:57:43.468823075Z [INFO] EDGETRADER-VIRTUAL.SimulatedExchange(BINANCE): Added instrument CFXBTC.BINANCE and created matching engine
2026-09-23T03:57:43.468955433Z [INFO] EDGETRADER-VIRTUAL.SimulatedExchange(BINANCE): Added instrument CFXBUSD.BINANCE and created matching engine
2026-09-23T03:57:43.469088975Z [INFO] EDGETRADER-VIRTUAL.SimulatedExchange(BINANCE): Added instrument CFXUSDT.BINANCE and created matching engine
2026-09-23T03:57:43.469219782Z [INFO] EDGETRADER-VIRTUAL.SimulatedExchange(BINANCE): Added instrument ENJGBP.BINANCE and created matching engine
2026-09-23T03:57:43.469352860Z [INFO] EDGETRADER-VIRTUAL.SimulatedExchange(BINANCE): Added instrument EOSTRY.BINANCE and created matching engine
2026-09-23T03:57:43.469482251Z [INFO] EDGETRADER-VIRTUAL.SimulatedExchange(BINANCE): Added instrument LTCGBP.BINANCE and created matching engine
2026-09-23T03:57:43.469616340Z [INFO] EDGETRADER-VIRTUAL.SimulatedExchange(BINANCE): Added instrument LUNAEUR.BINANCE and created matching engine
2026-09-23T03:57:43.469744725Z [INFO] EDGETRADER-VIRTUAL.SimulatedExchange(BINANCE): Added instrument RVNTRY.BINANCE and created matching engine
2026-09-23T03:57:43.470073689Z [INFO] EDGETRADER-VIRTUAL.SimulatedExchange(BINANCE): Added instrument THETAEUR.BINANCE and created matching engine
2026-09-23T03:57:43.470217218Z [INFO] EDGETRADER-VIRTUAL.SimulatedExchange(BINANCE): Added instrument XVGBUSD.BINANCE and created matching engine
2026-09-23T03:57:43.470354103Z [INFO] EDGETRADER-VIRTUAL.SimulatedExchange(BINANCE): Added instrument EPSBTC.BINANCE and created matching engine
2026-09-23T03:57:43.470518877Z [INFO] EDGETRADER-VIRTUAL.SimulatedExchange(BINANCE): Added instrument EPSBUSD.BINANCE and created matching engine
2026-09-23T03:57:43.470658550Z [INFO] EDGETRADER-VIRTUAL.SimulatedExchange(BINANCE): Added instrument EPSUSDT.BINANCE and created matching engine
2026-09-23T03:57:43.470788813Z [INFO] EDGETRADER-VIRTUAL.SimulatedExchange(BINANCE): Added instrument AUTOBTC.BINANCE and created matching engine
2026-09-23T03:57:43.470920087Z [INFO] EDGETRADER-VIRTUAL.SimulatedExchange(BINANCE): Added instrument AUTOBUSD.BINANCE and created matching engine
2026-09-23T03:57:43.471044885Z [INFO] EDGETRADER-VIRTUAL.SimulatedExchange(BINANCE): Added instrument AUTOUSDT.BINANCE and created matching engine
2026-09-23T03:57:43.471190668Z [INFO] EDGETRADER-VIRTUAL.SimulatedExchange(BINANCE): Added instrument TKOBTC.BINANCE and created matching engine
2026-09-23T03:57:43.471323955Z [INFO] EDGETRADER-VIRTUAL.SimulatedExchange(BINANCE): Added instrument TKOBIDR.BINANCE and created matching engine
2026-09-23T03:57:43.471461580Z [INFO] EDGETRADER-VIRTUAL.SimulatedExchange(BINANCE): Added instrument TKOBUSD.BINANCE and created matching engine
2026-09-23T03:57:43.471592515Z [INFO] EDGETRADER-VIRTUAL.SimulatedExchange(BINANCE): Added instrument TKOUSDT.BINANCE and created matching engine
2026-09-23T03:57:43.471738335Z [INFO] EDGETRADER-VIRTUAL.SimulatedExchange(BINANCE): Added instrument PUNDIXETH.BINANCE and created matching engine
2026-09-23T03:57:43.471864213Z [INFO] EDGETRADER-VIRTUAL.SimulatedExchange(BINANCE): Added instrument PUNDIXUSDT.BINANCE and created matching engine
2026-09-23T03:57:43.472001133Z [INFO] EDGETRADER-VIRTUAL.SimulatedExchange(BINANCE): Added instrument BTTBRL.BINANCE and created matching engine
2026-09-23T03:57:43.472129416Z [INFO] EDGETRADER-VIRTUAL.SimulatedExchange(BINANCE): Added instrument BTTEUR.BINANCE and created matching engine
2026-09-23T03:57:43.472264043Z [INFO] EDGETRADER-VIRTUAL.SimulatedExchange(BINANCE): Added instrument HOTEUR.BINANCE and created matching engine
2026-09-23T03:57:43.472391550Z [INFO] EDGETRADER-VIRTUAL.SimulatedExchange(BINANCE): Added instrument WINEUR.BINANCE and created matching engine
2026-09-23T03:57:43.472526069Z [INFO] EDGETRADER-VIRTUAL.SimulatedExchange(BINANCE): Added instrument TLMBTC.BINANCE and created matching engine
2026-09-23T03:57:43.472655563Z [INFO] EDGETRADER-VIRTUAL.SimulatedExchange(BINANCE): Added instrument TLMBUSD.BINANCE and created matching engine
2026-09-23T03:57:43.472790997Z [INFO] EDGETRADER-VIRTUAL.SimulatedExchange(BINANCE): Added instrument TLMUSDT.BINANCE and created matching engine
2026-09-23T03:57:43.472913619Z [INFO] EDGETRADER-VIRTUAL.SimulatedExchange(BINANCE): Added instrument 1INCHUPUSDT.BINANCE and created matching engine
2026-09-23T03:57:43.473042675Z [INFO] EDGETRADER-VIRTUAL.SimulatedExchange(BINANCE): Added instrument 1INCHDOWNUSDT.BINANCE and created matching engine
2026-09-23T03:57:43.473174343Z [INFO] EDGETRADER-VIRTUAL.SimulatedExchange(BINANCE): Added instrument BTGBUSD.BINANCE and created matching engine
2026-09-23T03:57:43.473309336Z [INFO] EDGETRADER-VIRTUAL.SimulatedExchange(BINANCE): Added instrument BTGUSDT.BINANCE and created matching engine
2026-09-23T03:57:43.473438437Z [INFO] EDGETRADER-VIRTUAL.SimulatedExchange(BINANCE): Added instrument HOTBUSD.BINANCE and created matching engine
2026-09-23T03:57:43.473573089Z [INFO] EDGETRADER-VIRTUAL.SimulatedExchange(BINANCE): Added instrument BNBUAH.BINANCE and created matching engine
2026-09-23T03:57:43.473702448Z [INFO] EDGETRADER-VIRTUAL.SimulatedExchange(BINANCE): Added instrument ONTTRY.BINANCE and created matching engine
2026-09-23T03:57:43.473838691Z [INFO] EDGETRADER-VIRTUAL.SimulatedExchange(BINANCE): Added instrument VETEUR.BINANCE and created matching engine
2026-09-23T03:57:43.473968126Z [INFO] EDGETRADER-VIRTUAL.SimulatedExchange(BINANCE): Added instrument VETGBP.BINANCE and created matching engine
2026-09-23T03:57:43.474101673Z [INFO] EDGETRADER-VIRTUAL.SimulatedExchange(BINANCE): Added instrument WINBRL.BINANCE and created matching engine
2026-09-23T03:57:43.474230742Z [INFO] EDGETRADER-VIRTUAL.SimulatedExchange(BINANCE): Added instrument MIRBTC.BINANCE and created matching engine
2026-09-23T03:57:43.474367347Z [INFO] EDGETRADER-VIRTUAL.SimulatedExchange(BINANCE): Added instrument MIRBUSD.BINANCE and created matching engine
2026-09-23T03:57:43.474498154Z [INFO] EDGETRADER-VIRTUAL.SimulatedExchange(BINANCE): Added instrument MIRUSDT.BINANCE and created matching engine
2026-09-23T03:57:43.474633462Z [INFO] EDGETRADER-VIRTUAL.SimulatedExchange(BINANCE): Added instrument BARBTC.BINANCE and created matching engine
2026-09-23T03:57:43.474763386Z [INFO] EDGETRADER-VIRTUAL.SimulatedExchange(BINANCE): Added instrument BARBUSD.BINANCE and created matching engine
2026-09-23T03:57:43.474897970Z [INFO] EDGETRADER-VIRTUAL.SimulatedExchange(BINANCE): Added instrument BARUSDT.BINANCE and created matching engine
2026-09-23T03:57:43.475024416Z [INFO] EDGETRADER-VIRTUAL.SimulatedExchange(BINANCE): Added instrument FORTHBTC.BINANCE and created matching engine
2026-09-23T03:57:43.475193510Z [INFO] EDGETRADER-VIRTUAL.SimulatedExchange(BINANCE): Added instrument FORTHBUSD.BINANCE and created matching engine
2026-09-23T03:57:43.475326441Z [INFO] EDGETRADER-VIRTUAL.SimulatedExchange(BINANCE): Added instrument FORTHUSDT.BINANCE and created matching engine
2026-09-23T03:57:43.475464360Z [INFO] EDGETRADER-VIRTUAL.SimulatedExchange(BINANCE): Added instrument CAKEGBP.BINANCE and created matching engine
2026-09-23T03:57:43.475596806Z [INFO] EDGETRADER-VIRTUAL.SimulatedExchange(BINANCE): Added instrument DOGERUB.BINANCE and created matching engine
2026-09-23T03:57:43.475754059Z [INFO] EDGETRADER-VIRTUAL.SimulatedExchange(BINANCE): Added instrument HOTBRL.BINANCE and created matching engine
2026-09-23T03:57:43.475888879Z [INFO] EDGETRADER-VIRTUAL.SimulatedExchange(BINANCE): Added instrument WRXEUR.BINANCE and created matching engine
2026-09-23T03:57:43.476020132Z [INFO] EDGETRADER-VIRTUAL.SimulatedExchange(BINANCE): Added instrument EZBTC.BINANCE and created matching engine
2026-09-23T03:57:43.476142931Z [INFO] EDGETRADER-VIRTUAL.SimulatedExchange(BINANCE): Added instrument EZETH.BINANCE and created matching engine
2026-09-23T03:57:43.476276850Z [INFO] EDGETRADER-VIRTUAL.SimulatedExchange(BINANCE): Added instrument BAKEUSDT.BINANCE and created matching engine
2026-09-23T03:57:43.476400934Z [INFO] EDGETRADER-VIRTUAL.SimulatedExchange(BINANCE): Added instrument BURGERBUSD.BINANCE and created matching engine
2026-09-23T03:57:43.476530045Z [INFO] EDGETRADER-VIRTUAL.SimulatedExchange(BINANCE): Added instrument BURGERUSDT.BINANCE and created matching engine
2026-09-23T03:57:43.476661587Z [INFO] EDGETRADER-VIRTUAL.SimulatedExchange(BINANCE): Added instrument SLPBUSD.BINANCE and created matching engine
2026-09-23T03:57:43.476798221Z [INFO] EDGETRADER-VIRTUAL.SimulatedExchange(BINANCE): Added instrument SLPUSDT.BINANCE and created matching engine
2026-09-23T03:57:43.476929014Z [INFO] EDGETRADER-VIRTUAL.SimulatedExchange(BINANCE): Added instrument TRXAUD.BINANCE and created matching engine
2026-09-23T03:57:43.477064757Z [INFO] EDGETRADER-VIRTUAL.SimulatedExchange(BINANCE): Added instrument TRXEUR.BINANCE and created matching engine
2026-09-23T03:57:43.477193924Z [INFO] EDGETRADER-VIRTUAL.SimulatedExchange(BINANCE): Added instrument VETTRY.BINANCE and created matching engine
2026-09-23T03:57:43.477327510Z [INFO] EDGETRADER-VIRTUAL.SimulatedExchange(BINANCE): Added instrument SHIBUSDT.BINANCE and created matching engine
2026-09-23T03:57:43.477455081Z [INFO] EDGETRADER-VIRTUAL.SimulatedExchange(BINANCE): Added instrument SHIBBUSD.BINANCE and created matching engine
2026-09-23T03:57:43.477592397Z [INFO] EDGETRADER-VIRTUAL.SimulatedExchange(BINANCE): Added instrument ICPBTC.BINANCE and created matching engine
2026-09-23T03:57:43.477723856Z [INFO] EDGETRADER-VIRTUAL.SimulatedExchange(BINANCE): Added instrument ICPBNB.BINANCE and created matching engine
2026-09-23T03:57:43.477862253Z [INFO] EDGETRADER-VIRTUAL.SimulatedExchange(BINANCE): Added instrument ICPBUSD.BINANCE and created matching engine
2026-09-23T03:57:43.477994062Z [INFO] EDGETRADER-VIRTUAL.SimulatedExchange(BINANCE): Added instrument ICPUSDT.BINANCE and created matching engine
2026-09-23T03:57:43.478129711Z [INFO] EDGETRADER-VIRTUAL.SimulatedExchange(BINANCE): Added instrument SHIBEUR.BINANCE and created matching engine
2026-09-23T03:57:43.478260684Z [INFO] EDGETRADER-VIRTUAL.SimulatedExchange(BINANCE): Added instrument SHIBRUB.BINANCE and created matching engine
2026-09-23T03:57:43.478397541Z [INFO] EDGETRADER-VIRTUAL.SimulatedExchange(BINANCE): Added instrument ETCEUR.BINANCE and created matching engine
2026-09-23T03:57:43.478528222Z [INFO] EDGETRADER-VIRTUAL.SimulatedExchange(BINANCE): Added instrument ETCBRL.BINANCE and created matching engine
2026-09-23T03:57:43.478661204Z [INFO] EDGETRADER-VIRTUAL.SimulatedExchange(BINANCE): Added instrument DOGEBIDR.BINANCE and created matching engine
2026-09-23T03:57:43.478786483Z [INFO] EDGETRADER-VIRTUAL.SimulatedExchange(BINANCE): Added instrument ARBTC.BINANCE and created matching engine
2026-09-23T03:57:43.478917236Z [INFO] EDGETRADER-VIRTUAL.SimulatedExchange(BINANCE): Added instrument ARBNB.BINANCE and created matching engine
2026-09-23T03:57:43.479048915Z [INFO] EDGETRADER-VIRTUAL.SimulatedExchange(BINANCE): Added instrument ARBUSD.BINANCE and created matching engine
2026-09-23T03:57:43.479193952Z [INFO] EDGETRADER-VIRTUAL.SimulatedExchange(BINANCE): Added instrument ARUSDT.BINANCE and created matching engine
2026-09-23T03:57:43.479327138Z [INFO] EDGETRADER-VIRTUAL.SimulatedExchange(BINANCE): Added instrument POLSBTC.BINANCE and created matching engine
2026-09-23T03:57:43.479465577Z [INFO] EDGETRADER-VIRTUAL.SimulatedExchange(BINANCE): Added instrument POLSBNB.BINANCE and created matching engine
2026-09-23T03:57:43.479593694Z [INFO] EDGETRADER-VIRTUAL.SimulatedExchange(BINANCE): Added instrument POLSBUSD.BINANCE and created matching engine
2026-09-23T03:57:43.479744977Z [INFO] EDGETRADER-VIRTUAL.SimulatedExchange(BINANCE): Added instrument POLSUSDT.BINANCE and created matching engine
2026-09-23T03:57:43.479909928Z [INFO] EDGETRADER-VIRTUAL.SimulatedExchange(BINANCE): Added instrument MDXBTC.BINANCE and created matching engine
2026-09-23T03:57:43.480052992Z [INFO] EDGETRADER-VIRTUAL.SimulatedExchange(BINANCE): Added instrument MDXBNB.BINANCE and created matching engine
2026-09-23T03:57:43.480185177Z [INFO] EDGETRADER-VIRTUAL.SimulatedExchange(BINANCE): Added instrument MDXBUSD.BINANCE and created matching engine
2026-09-23T03:57:43.480325753Z [INFO] EDGETRADER-VIRTUAL.SimulatedExchange(BINANCE): Added instrument MDXUSDT.BINANCE and created matching engine
2026-09-23T03:57:43.480459076Z [INFO] EDGETRADER-VIRTUAL.SimulatedExchange(BINANCE): Added instrument MASKBNB.BINANCE and created matching engine
2026-09-23T03:57:43.480591818Z [INFO] EDGETRADER-VIRTUAL.SimulatedExchange(BINANCE): Added instrument MASKBUSD.BINANCE and created matching engine
2026-09-23T03:57:43.480717087Z [INFO] EDGETRADER-VIRTUAL.SimulatedExchange(BINANCE): Added instrument MASKUSDT.BINANCE and created matching engine
2026-09-23T03:57:43.480852809Z [INFO] EDGETRADER-VIRTUAL.SimulatedExchange(BINANCE): Added instrument LPTBTC.BINANCE and created matching engine
2026-09-23T03:57:43.480981974Z [INFO] EDGETRADER-VIRTUAL.SimulatedExchange(BINANCE): Added instrument LPTBNB.BINANCE and created matching engine
2026-09-23T03:57:43.481118384Z [INFO] EDGETRADER-VIRTUAL.SimulatedExchange(BINANCE): Added instrument LPTBUSD.BINANCE and created matching engine
2026-09-23T03:57:43.481248021Z [INFO] EDGETRADER-VIRTUAL.SimulatedExchange(BINANCE): Added instrument LPTUSDT.BINANCE and created matching engine
2026-09-23T03:57:43.481382142Z [INFO] EDGETRADER-VIRTUAL.SimulatedExchange(BINANCE): Added instrument ETHUAH.BINANCE and created matching engine
2026-09-23T03:57:43.481506675Z [INFO] EDGETRADER-VIRTUAL.SimulatedExchange(BINANCE): Added instrument MATICBRL.BINANCE and created matching engine
2026-09-23T03:57:43.481609402Z [INFO] EDGETRADER-VIRTUAL.SimulatedExchange(BINANCE): Added instrument SOLEUR.BINANCE and created matching engine
2026-09-23T03:57:43.481758276Z [INFO] EDGETRADER-VIRTUAL.SimulatedExchange(BINANCE): Added instrument SHIBBRL.BINANCE and created matching engine
2026-09-23T03:57:43.481890339Z [INFO] EDGETRADER-VIRTUAL.SimulatedExchange(BINANCE): Added instrument AGIXBTC.BINANCE and created matching engine
2026-09-23T03:57:43.482065063Z [INFO] EDGETRADER-VIRTUAL.SimulatedExchange(BINANCE): Added instrument ICPEUR.BINANCE and created matching engine
2026-09-23T03:57:43.482195551Z [INFO] EDGETRADER-VIRTUAL.SimulatedExchange(BINANCE): Added instrument MATICGBP.BINANCE and created matching engine
2026-09-23T03:57:43.482336132Z [INFO] EDGETRADER-VIRTUAL.SimulatedExchange(BINANCE): Added instrument SHIBTRY.BINANCE and created matching engine
2026-09-23T03:57:43.482462258Z [INFO] EDGETRADER-VIRTUAL.SimulatedExchange(BINANCE): Added instrument MATICBIDR.BINANCE and created matching engine
2026-09-23T03:57:43.482596724Z [INFO] EDGETRADER-VIRTUAL.SimulatedExchange(BINANCE): Added instrument MATICRUB.BINANCE and created matching engine
2026-09-23T03:57:43.482724502Z [INFO] EDGETRADER-VIRTUAL.SimulatedExchange(BINANCE): Added instrument NUBTC.BINANCE and created matching engine
2026-09-23T03:57:43.482851621Z [INFO] EDGETRADER-VIRTUAL.SimulatedExchange(BINANCE): Added instrument NUBNB.BINANCE and created matching engine
2026-09-23T03:57:43.482984624Z [INFO] EDGETRADER-VIRTUAL.SimulatedExchange(BINANCE): Added instrument NUBUSD.BINANCE and created matching engine
2026-09-23T03:57:43.483147306Z [INFO] EDGETRADER-VIRTUAL.SimulatedExchange(BINANCE): Added instrument NUUSDT.BINANCE and created matching engine
2026-09-23T03:57:43.483284820Z [INFO] EDGETRADER-VIRTUAL.SimulatedExchange(BINANCE): Added instrument XVGUSDT.BINANCE and created matching engine
2026-09-23T03:57:43.483423520Z [INFO] EDGETRADER-VIRTUAL.SimulatedExchange(BINANCE): Added instrument RLCBUSD.BINANCE and created matching engine
2026-09-23T03:57:43.483551104Z [INFO] EDGETRADER-VIRTUAL.SimulatedExchange(BINANCE): Added instrument CELRBUSD.BINANCE and created matching engine
2026-09-23T03:57:43.483685287Z [INFO] EDGETRADER-VIRTUAL.SimulatedExchange(BINANCE): Added instrument ATMBUSD.BINANCE and created matching engine
2026-09-23T03:57:43.483843412Z [INFO] EDGETRADER-VIRTUAL.SimulatedExchange(BINANCE): Added instrument ZENBUSD.BINANCE and created matching engine
2026-09-23T03:57:43.483986370Z [INFO] EDGETRADER-VIRTUAL.SimulatedExchange(BINANCE): Added instrument FTMBUSD.BINANCE and created matching engine
2026-09-23T03:57:43.484111181Z [INFO] EDGETRADER-VIRTUAL.SimulatedExchange(BINANCE): Added instrument THETABUSD.BINANCE and created matching engine
2026-09-23T03:57:43.484248826Z [INFO] EDGETRADER-VIRTUAL.SimulatedExchange(BINANCE): Added instrument WINBUSD.BINANCE and created matching engine
2026-09-23T03:57:43.484376371Z [INFO] EDGETRADER-VIRTUAL.SimulatedExchange(BINANCE): Added instrument KAVABUSD.BINANCE and created matching engine
2026-09-23T03:57:43.484515004Z [INFO] EDGETRADER-VIRTUAL.SimulatedExchange(BINANCE): Added instrument XEMBUSD.BINANCE and created matching engine
2026-09-23T03:57:43.484681839Z [INFO] EDGETRADER-VIRTUAL.SimulatedExchange(BINANCE): Added instrument ATABTC.BINANCE and created matching engine
2026-09-23T03:57:43.484826204Z [INFO] EDGETRADER-VIRTUAL.SimulatedExchange(BINANCE): Added instrument ATABNB.BINANCE and created matching engine
2026-09-23T03:57:43.484962559Z [INFO] EDGETRADER-VIRTUAL.SimulatedExchange(BINANCE): Added instrument ATABUSD.BINANCE and created matching engine
2026-09-23T03:57:43.485107754Z [INFO] EDGETRADER-VIRTUAL.SimulatedExchange(BINANCE): Added instrument ATAUSDT.BINANCE and created matching engine
2026-09-23T03:57:43.485246729Z [INFO] EDGETRADER-VIRTUAL.SimulatedExchange(BINANCE): Added instrument GTCBTC.BINANCE and created matching engine
2026-09-23T03:57:43.485386776Z [INFO] EDGETRADER-VIRTUAL.SimulatedExchange(BINANCE): Added instrument GTCBNB.BINANCE and created matching engine
2026-09-23T03:57:43.485519748Z [INFO] EDGETRADER-VIRTUAL.SimulatedExchange(BINANCE): Added instrument GTCBUSD.BINANCE and created matching engine
2026-09-23T03:57:43.485658356Z [INFO] EDGETRADER-VIRTUAL.SimulatedExchange(BINANCE): Added instrument GTCUSDT.BINANCE and created matching engine
2026-09-23T03:57:43.485789694Z [INFO] EDGETRADER-VIRTUAL.SimulatedExchange(BINANCE): Added instrument TORNBTC.BINANCE and created matching engine
2026-09-23T03:57:43.485927698Z [INFO] EDGETRADER-VIRTUAL.SimulatedExchange(BINANCE): Added instrument TORNBNB.BINANCE and created matching engine
2026-09-23T03:57:43.486059219Z [INFO] EDGETRADER-VIRTUAL.SimulatedExchange(BINANCE): Added instrument TORNBUSD.BINANCE and created matching engine
2026-09-23T03:57:43.486192050Z [INFO] EDGETRADER-VIRTUAL.SimulatedExchange(BINANCE): Added instrument TORNUSDT.BINANCE and created matching engine
2026-09-23T03:57:43.486319494Z [INFO] EDGETRADER-VIRTUAL.SimulatedExchange(BINANCE): Added instrument MATICTRY.BINANCE and created matching engine
2026-09-23T03:57:43.486457527Z [INFO] EDGETRADER-VIRTUAL.SimulatedExchange(BINANCE): Added instrument ETCGBP.BINANCE and created matching engine
2026-09-23T03:57:43.486589742Z [INFO] EDGETRADER-VIRTUAL.SimulatedExchange(BINANCE): Added instrument SOLGBP.BINANCE and created matching engine
2026-09-23T03:57:43.486728508Z [INFO] EDGETRADER-VIRTUAL.SimulatedExchange(BINANCE): Added instrument BAKEBTC.BINANCE and created matching engine
2026-09-23T03:57:43.486871297Z [INFO] EDGETRADER-VIRTUAL.SimulatedExchange(BINANCE): Added instrument COTIBUSD.BINANCE and created matching engine
2026-09-23T03:57:43.487015836Z [INFO] EDGETRADER-VIRTUAL.SimulatedExchange(BINANCE): Added instrument KEEPBTC.BINANCE and created matching engine
2026-09-23T03:57:43.487159595Z [INFO] EDGETRADER-VIRTUAL.SimulatedExchange(BINANCE): Added instrument KEEPBNB.BINANCE and created matching engine
2026-09-23T03:57:43.487299342Z [INFO] EDGETRADER-VIRTUAL.SimulatedExchange(BINANCE): Added instrument KEEPBUSD.BINANCE and created matching engine
2026-09-23T03:57:43.487430658Z [INFO] EDGETRADER-VIRTUAL.SimulatedExchange(BINANCE): Added instrument KEEPUSDT.BINANCE and created matching engine
2026-09-23T03:57:43.487572987Z [INFO] EDGETRADER-VIRTUAL.SimulatedExchange(BINANCE): Added instrument SOLTRY.BINANCE and created matching engine
2026-09-23T03:57:43.487726515Z [INFO] EDGETRADER-VIRTUAL.SimulatedExchange(BINANCE): Added instrument RUNEGBP.BINANCE and created matching engine
2026-09-23T03:57:43.487873162Z [INFO] EDGETRADER-VIRTUAL.SimulatedExchange(BINANCE): Added instrument SOLBRL.BINANCE and created matching engine
2026-09-23T03:57:43.488027940Z [INFO] EDGETRADER-VIRTUAL.SimulatedExchange(BINANCE): Added instrument SCBUSD.BINANCE and created matching engine
2026-09-23T03:57:43.488178453Z [INFO] EDGETRADER-VIRTUAL.SimulatedExchange(BINANCE): Added instrument CHRBUSD.BINANCE and created matching engine
2026-09-23T03:57:43.488311198Z [INFO] EDGETRADER-VIRTUAL.SimulatedExchange(BINANCE): Added instrument STMXBUSD.BINANCE and created matching engine
2026-09-23T03:57:43.488452702Z [INFO] EDGETRADER-VIRTUAL.SimulatedExchange(BINANCE): Added instrument HNTBUSD.BINANCE and created matching engine
2026-09-23T03:57:43.488588198Z [INFO] EDGETRADER-VIRTUAL.SimulatedExchange(BINANCE): Added instrument FTTBUSD.BINANCE and created matching engine
2026-09-23T03:57:43.488725307Z [INFO] EDGETRADER-VIRTUAL.SimulatedExchange(BINANCE): Added instrument DOCKBUSD.BINANCE and created matching engine
2026-09-23T03:57:43.488863058Z [INFO] EDGETRADER-VIRTUAL.SimulatedExchange(BINANCE): Added instrument ADABIDR.BINANCE and created matching engine
2026-09-23T03:57:43.489002969Z [INFO] EDGETRADER-VIRTUAL.SimulatedExchange(BINANCE): Added instrument ERNBNB.BINANCE and created matching engine
2026-09-23T03:57:43.489136944Z [INFO] EDGETRADER-VIRTUAL.SimulatedExchange(BINANCE): Added instrument ERNBUSD.BINANCE and created matching engine
2026-09-23T03:57:43.489284053Z [INFO] EDGETRADER-VIRTUAL.SimulatedExchange(BINANCE): Added instrument ERNUSDT.BINANCE and created matching engine
2026-09-23T03:57:43.489421514Z [INFO] EDGETRADER-VIRTUAL.SimulatedExchange(BINANCE): Added instrument KLAYBTC.BINANCE and created matching engine
2026-09-23T03:57:43.489907767Z [INFO] EDGETRADER-VIRTUAL.SimulatedExchange(BINANCE): Added instrument KLAYBNB.BINANCE and created matching engine
2026-09-23T03:57:43.490062287Z [INFO] EDGETRADER-VIRTUAL.SimulatedExchange(BINANCE): Added instrument KLAYBUSD.BINANCE and created matching engine
2026-09-23T03:57:43.490206196Z [INFO] EDGETRADER-VIRTUAL.SimulatedExchange(BINANCE): Added instrument KLAYUSDT.BINANCE and created matching engine
2026-09-23T03:57:43.490345456Z [INFO] EDGETRADER-VIRTUAL.SimulatedExchange(BINANCE): Added instrument RUNEEUR.BINANCE and created matching engine
2026-09-23T03:57:43.490496199Z [INFO] EDGETRADER-VIRTUAL.SimulatedExchange(BINANCE): Added instrument MATICAUD.BINANCE and created matching engine
2026-09-23T03:57:43.490635704Z [INFO] EDGETRADER-VIRTUAL.SimulatedExchange(BINANCE): Added instrument DOTRUB.BINANCE and created matching engine
2026-09-23T03:57:43.490781329Z [INFO] EDGETRADER-VIRTUAL.SimulatedExchange(BINANCE): Added instrument UTKBUSD.BINANCE and created matching engine
2026-09-23T03:57:43.490914374Z [INFO] EDGETRADER-VIRTUAL.SimulatedExchange(BINANCE): Added instrument IOTXBUSD.BINANCE and created matching engine
2026-09-23T03:57:43.491058888Z [INFO] EDGETRADER-VIRTUAL.SimulatedExchange(BINANCE): Added instrument PHAUSDT.BINANCE and created matching engine
2026-09-23T03:57:43.491203993Z [INFO] EDGETRADER-VIRTUAL.SimulatedExchange(BINANCE): Added instrument SOLRUB.BINANCE and created matching engine
2026-09-23T03:57:43.491348847Z [INFO] EDGETRADER-VIRTUAL.SimulatedExchange(BINANCE): Added instrument RUNEAUD.BINANCE and created matching engine
2026-09-23T03:57:43.491488113Z [INFO] EDGETRADER-VIRTUAL.SimulatedExchange(BINANCE): Added instrument BUSDUAH.BINANCE and created matching engine
2026-09-23T03:57:43.491631548Z [INFO] EDGETRADER-VIRTUAL.SimulatedExchange(BINANCE): Added instrument BONDBTC.BINANCE and created matching engine
2026-09-23T03:57:43.491786063Z [INFO] EDGETRADER-VIRTUAL.SimulatedExchange(BINANCE): Added instrument BONDBNB.BINANCE and created matching engine
2026-09-23T03:57:43.491927006Z [INFO] EDGETRADER-VIRTUAL.SimulatedExchange(BINANCE): Added instrument BONDBUSD.BINANCE and created matching engine
2026-09-23T03:57:43.492058158Z [INFO] EDGETRADER-VIRTUAL.SimulatedExchange(BINANCE): Added instrument BONDUSDT.BINANCE and created matching engine
2026-09-23T03:57:43.492200870Z [INFO] EDGETRADER-VIRTUAL.SimulatedExchange(BINANCE): Added instrument MLNBTC.BINANCE and created matching engine
2026-09-23T03:57:43.492335533Z [INFO] EDGETRADER-VIRTUAL.SimulatedExchange(BINANCE): Added instrument MLNBNB.BINANCE and created matching engine
2026-09-23T03:57:43.492477306Z [INFO] EDGETRADER-VIRTUAL.SimulatedExchange(BINANCE): Added instrument MLNBUSD.BINANCE and created matching engine
2026-09-23T03:57:43.492611682Z [INFO] EDGETRADER-VIRTUAL.SimulatedExchange(BINANCE): Added instrument MLNUSDT.BINANCE and created matching engine
2026-09-23T03:57:43.492747093Z [INFO] EDGETRADER-VIRTUAL.SimulatedExchange(BINANCE): Added instrument GRTTRY.BINANCE and created matching engine
2026-09-23T03:57:43.492882898Z [INFO] EDGETRADER-VIRTUAL.SimulatedExchange(BINANCE): Added instrument CAKEBRL.BINANCE and created matching engine
2026-09-23T03:57:43.493039217Z [INFO] EDGETRADER-VIRTUAL.SimulatedExchange(BINANCE): Added instrument ICPRUB.BINANCE and created matching engine
2026-09-23T03:57:43.493178628Z [INFO] EDGETRADER-VIRTUAL.SimulatedExchange(BINANCE): Added instrument DOTAUD.BINANCE and created matching engine
2026-09-23T03:57:43.493322299Z [INFO] EDGETRADER-VIRTUAL.SimulatedExchange(BINANCE): Added instrument AAVEBRL.BINANCE and created matching engine
2026-09-23T03:57:43.493457573Z [INFO] EDGETRADER-VIRTUAL.SimulatedExchange(BINANCE): Added instrument EOSAUD.BINANCE and created matching engine
2026-09-23T03:57:43.493600323Z [INFO] EDGETRADER-VIRTUAL.SimulatedExchange(BINANCE): Added instrument DEXEUSDT.BINANCE and created matching engine
2026-09-23T03:57:43.493737744Z [INFO] EDGETRADER-VIRTUAL.SimulatedExchange(BINANCE): Added instrument LTOBUSD.BINANCE and created matching engine
2026-09-23T03:57:43.493908621Z [INFO] EDGETRADER-VIRTUAL.SimulatedExchange(BINANCE): Added instrument ADXBUSD.BINANCE and created matching engine
2026-09-23T03:57:43.494102377Z [INFO] EDGETRADER-VIRTUAL.SimulatedExchange(BINANCE): Added instrument QUICKBTC.BINANCE and created matching engine
2026-09-23T03:57:43.494309661Z [INFO] EDGETRADER-VIRTUAL.SimulatedExchange(BINANCE): Added instrument QUICKBNB.BINANCE and created matching engine
2026-09-23T03:57:43.494514186Z [INFO] EDGETRADER-VIRTUAL.SimulatedExchange(BINANCE): Added instrument QUICKBUSD.BINANCE and created matching engine
2026-09-23T03:57:43.494707500Z [INFO] EDGETRADER-VIRTUAL.SimulatedExchange(BINANCE): Added instrument C98USDT.BINANCE and created matching engine
2026-09-23T03:57:43.494869696Z [INFO] EDGETRADER-VIRTUAL.SimulatedExchange(BINANCE): Added instrument C98BUSD.BINANCE and created matching engine
2026-09-23T03:57:43.495015676Z [INFO] EDGETRADER-VIRTUAL.SimulatedExchange(BINANCE): Added instrument C98BNB.BINANCE and created matching engine
2026-09-23T03:57:43.495210273Z [INFO] EDGETRADER-VIRTUAL.SimulatedExchange(BINANCE): Added instrument C98BTC.BINANCE and created matching engine
2026-09-23T03:57:43.495365994Z [INFO] EDGETRADER-VIRTUAL.SimulatedExchange(BINANCE): Added instrument CLVBTC.BINANCE and created matching engine
2026-09-23T03:57:43.495508556Z [INFO] EDGETRADER-VIRTUAL.SimulatedExchange(BINANCE): Added instrument CLVBNB.BINANCE and created matching engine
2026-09-23T03:57:43.495649782Z [INFO] EDGETRADER-VIRTUAL.SimulatedExchange(BINANCE): Added instrument CLVBUSD.BINANCE and created matching engine
2026-09-23T03:57:43.496372440Z [INFO] EDGETRADER-VIRTUAL.SimulatedExchange(BINANCE): Added instrument CLVUSDT.BINANCE and created matching engine
2026-09-23T03:57:43.496511629Z [INFO] EDGETRADER-VIRTUAL.SimulatedExchange(BINANCE): Added instrument QNTBTC.BINANCE and created matching engine
2026-09-23T03:57:43.496645733Z [INFO] EDGETRADER-VIRTUAL.SimulatedExchange(BINANCE): Added instrument QNTBNB.BINANCE and created matching engine
2026-09-23T03:57:43.496853498Z [INFO] EDGETRADER-VIRTUAL.SimulatedExchange(BINANCE): Added instrument QNTBUSD.BINANCE and created matching engine
2026-09-23T03:57:43.497045123Z [INFO] EDGETRADER-VIRTUAL.SimulatedExchange(BINANCE): Added instrument QNTUSDT.BINANCE and created matching engine
2026-09-23T03:57:43.497177664Z [INFO] EDGETRADER-VIRTUAL.SimulatedExchange(BINANCE): Added instrument FLOWBTC.BINANCE and created matching engine
2026-09-23T03:57:43.497347059Z [INFO] EDGETRADER-VIRTUAL.SimulatedExchange(BINANCE): Added instrument FLOWBNB.BINANCE and created matching engine
2026-09-23T03:57:43.497484416Z [INFO] EDGETRADER-VIRTUAL.SimulatedExchange(BINANCE): Added instrument FLOWBUSD.BINANCE and created matching engine
2026-09-23T03:57:43.497579831Z [INFO] EDGETRADER-VIRTUAL.SimulatedExchange(BINANCE): Added instrument FLOWUSDT.BINANCE and created matching engine
2026-09-23T03:57:43.497670622Z [INFO] EDGETRADER-VIRTUAL.SimulatedExchange(BINANCE): Added instrument XECBUSD.BINANCE and created matching engine
2026-09-23T03:57:43.497759705Z [INFO] EDGETRADER-VIRTUAL.SimulatedExchange(BINANCE): Added instrument AXSBRL.BINANCE and created matching engine
2026-09-23T03:57:43.497848068Z [INFO] EDGETRADER-VIRTUAL.SimulatedExchange(BINANCE): Added instrument AXSAUD.BINANCE and created matching engine
2026-09-23T03:57:43.497937210Z [INFO] EDGETRADER-VIRTUAL.SimulatedExchange(BINANCE): Added instrument TVKUSDT.BINANCE and created matching engine
2026-09-23T03:57:43.498025885Z [INFO] EDGETRADER-VIRTUAL.SimulatedExchange(BINANCE): Added instrument MINABTC.BINANCE and created matching engine
2026-09-23T03:57:43.498114469Z [INFO] EDGETRADER-VIRTUAL.SimulatedExchange(BINANCE): Added instrument MINABNB.BINANCE and created matching engine
2026-09-23T03:57:43.498210325Z [INFO] EDGETRADER-VIRTUAL.SimulatedExchange(BINANCE): Added instrument MINABUSD.BINANCE and created matching engine
2026-09-23T03:57:43.498297664Z [INFO] EDGETRADER-VIRTUAL.SimulatedExchange(BINANCE): Added instrument MINAUSDT.BINANCE and created matching engine
2026-09-23T03:57:43.498385779Z [INFO] EDGETRADER-VIRTUAL.SimulatedExchange(BINANCE): Added instrument RAYBNB.BINANCE and created matching engine
2026-09-23T03:57:43.498500819Z [INFO] EDGETRADER-VIRTUAL.SimulatedExchange(BINANCE): Added instrument RAYBUSD.BINANCE and created matching engine
2026-09-23T03:57:43.498596449Z [INFO] EDGETRADER-VIRTUAL.SimulatedExchange(BINANCE): Added instrument RAYUSDT.BINANCE and created matching engine
2026-09-23T03:57:43.498687430Z [INFO] EDGETRADER-VIRTUAL.SimulatedExchange(BINANCE): Added instrument FARMBTC.BINANCE and created matching engine
2026-09-23T03:57:43.498789990Z [INFO] EDGETRADER-VIRTUAL.SimulatedExchange(BINANCE): Added instrument FARMBNB.BINANCE and created matching engine
2026-09-23T03:57:43.498884095Z [INFO] EDGETRADER-VIRTUAL.SimulatedExchange(BINANCE): Added instrument FARMBUSD.BINANCE and created matching engine
2026-09-23T03:57:43.498970308Z [INFO] EDGETRADER-VIRTUAL.SimulatedExchange(BINANCE): Added instrument FARMUSDT.BINANCE and created matching engine
2026-09-23T03:57:43.499050310Z [INFO] EDGETRADER-VIRTUAL.SimulatedExchange(BINANCE): Added instrument ALPACABTC.BINANCE and created matching engine
2026-09-23T03:57:43.499142226Z [INFO] EDGETRADER-VIRTUAL.SimulatedExchange(BINANCE): Added instrument ALPACABNB.BINANCE and created matching engine
2026-09-23T03:57:43.499227235Z [INFO] EDGETRADER-VIRTUAL.SimulatedExchange(BINANCE): Added instrument ALPACABUSD.BINANCE and created matching engine
2026-09-23T03:57:43.499322604Z [INFO] EDGETRADER-VIRTUAL.SimulatedExchange(BINANCE): Added instrument ALPACAUSDT.BINANCE and created matching engine
2026-09-23T03:57:43.499416555Z [INFO] EDGETRADER-VIRTUAL.SimulatedExchange(BINANCE): Added instrument TLMTRY.BINANCE and created matching engine
2026-09-23T03:57:43.499500279Z [INFO] EDGETRADER-VIRTUAL.SimulatedExchange(BINANCE): Added instrument QUICKUSDT.BINANCE and created matching engine
2026-09-23T03:57:43.499589521Z [INFO] EDGETRADER-VIRTUAL.SimulatedExchange(BINANCE): Added instrument ORNBUSD.BINANCE and created matching engine
2026-09-23T03:57:43.499739692Z [INFO] EDGETRADER-VIRTUAL.SimulatedExchange(BINANCE): Added instrument MBOXBTC.BINANCE and created matching engine
2026-09-23T03:57:43.499948980Z [INFO] EDGETRADER-VIRTUAL.SimulatedExchange(BINANCE): Added instrument MBOXBNB.BINANCE and created matching engine
2026-09-23T03:57:43.500114338Z [INFO] EDGETRADER-VIRTUAL.SimulatedExchange(BINANCE): Added instrument MBOXBUSD.BINANCE and created matching engine
2026-09-23T03:57:43.500286579Z [INFO] EDGETRADER-VIRTUAL.SimulatedExchange(BINANCE): Added instrument MBOXUSDT.BINANCE and created matching engine
2026-09-23T03:57:43.500461878Z [INFO] EDGETRADER-VIRTUAL.SimulatedExchange(BINANCE): Added instrument VGXBTC.BINANCE and created matching engine
2026-09-23T03:57:43.500644207Z [INFO] EDGETRADER-VIRTUAL.SimulatedExchange(BINANCE): Added instrument VGXETH.BINANCE and created matching engine
2026-09-23T03:57:43.500818626Z [INFO] EDGETRADER-VIRTUAL.SimulatedExchange(BINANCE): Added instrument FORUSDT.BINANCE and created matching engine
2026-09-23T03:57:43.500992788Z [INFO] EDGETRADER-VIRTUAL.SimulatedExchange(BINANCE): Added instrument REQUSDT.BINANCE and created matching engine
2026-09-23T03:57:43.501158271Z [INFO] EDGETRADER-VIRTUAL.SimulatedExchange(BINANCE): Added instrument GHSTUSDT.BINANCE and created matching engine
2026-09-23T03:57:43.501330529Z [INFO] EDGETRADER-VIRTUAL.SimulatedExchange(BINANCE): Added instrument TRURUB.BINANCE and created matching engine
2026-09-23T03:57:43.501499043Z [INFO] EDGETRADER-VIRTUAL.SimulatedExchange(BINANCE): Added instrument FISBRL.BINANCE and created matching engine
2026-09-23T03:57:43.501666195Z [INFO] EDGETRADER-VIRTUAL.SimulatedExchange(BINANCE): Added instrument WAXPUSDT.BINANCE and created matching engine
2026-09-23T03:57:43.501830968Z [INFO] EDGETRADER-VIRTUAL.SimulatedExchange(BINANCE): Added instrument WAXPBUSD.BINANCE and created matching engine
2026-09-23T03:57:43.502002088Z [INFO] EDGETRADER-VIRTUAL.SimulatedExchange(BINANCE): Added instrument WAXPBNB.BINANCE and created matching engine
2026-09-23T03:57:43.502174310Z [INFO] EDGETRADER-VIRTUAL.SimulatedExchange(BINANCE): Added instrument WAXPBTC.BINANCE and created matching engine
2026-09-23T03:57:43.502342456Z [INFO] EDGETRADER-VIRTUAL.SimulatedExchange(BINANCE): Added instrument TRIBEBTC.BINANCE and created matching engine
2026-09-23T03:57:43.502516325Z [INFO] EDGETRADER-VIRTUAL.SimulatedExchange(BINANCE): Added instrument TRIBEBNB.BINANCE and created matching engine
2026-09-23T03:57:43.502682744Z [INFO] EDGETRADER-VIRTUAL.SimulatedExchange(BINANCE): Added instrument TRIBEBUSD.BINANCE and created matching engine
2026-09-23T03:57:43.502846043Z [INFO] EDGETRADER-VIRTUAL.SimulatedExchange(BINANCE): Added instrument TRIBEUSDT.BINANCE and created matching engine
2026-09-23T03:57:43.503017742Z [INFO] EDGETRADER-VIRTUAL.SimulatedExchange(BINANCE): Added instrument GNOUSDT.BINANCE and created matching engine
2026-09-23T03:57:43.503180203Z [INFO] EDGETRADER-VIRTUAL.SimulatedExchange(BINANCE): Added instrument GNOBUSD.BINANCE and created matching engine
2026-09-23T03:57:43.503342376Z [INFO] EDGETRADER-VIRTUAL.SimulatedExchange(BINANCE): Added instrument GNOBNB.BINANCE and created matching engine
2026-09-23T03:57:43.503503602Z [INFO] EDGETRADER-VIRTUAL.SimulatedExchange(BINANCE): Added instrument GNOBTC.BINANCE and created matching engine
2026-09-23T03:57:43.503654000Z [INFO] EDGETRADER-VIRTUAL.SimulatedExchange(BINANCE): Added instrument ARPATRY.BINANCE and created matching engine
2026-09-23T03:57:43.503830245Z [INFO] EDGETRADER-VIRTUAL.SimulatedExchange(BINANCE): Added instrument PROMBTC.BINANCE and created matching engine
2026-09-23T03:57:43.503978899Z [INFO] EDGETRADER-VIRTUAL.SimulatedExchange(BINANCE): Added instrument MTLBUSD.BINANCE and created matching engine
2026-09-23T03:57:43.504136758Z [INFO] EDGETRADER-VIRTUAL.SimulatedExchange(BINANCE): Added instrument OGNBUSD.BINANCE and created matching engine
2026-09-23T03:57:43.504284942Z [INFO] EDGETRADER-VIRTUAL.SimulatedExchange(BINANCE): Added instrument XECUSDT.BINANCE and created matching engine
2026-09-23T03:57:43.504441935Z [INFO] EDGETRADER-VIRTUAL.SimulatedExchange(BINANCE): Added instrument C98BRL.BINANCE and created matching engine
2026-09-23T03:57:43.504587383Z [INFO] EDGETRADER-VIRTUAL.SimulatedExchange(BINANCE): Added instrument SOLAUD.BINANCE and created matching engine
2026-09-23T03:57:43.504745457Z [INFO] EDGETRADER-VIRTUAL.SimulatedExchange(BINANCE): Added instrument XRPBIDR.BINANCE and created matching engine
2026-09-23T03:57:43.504886237Z [INFO] EDGETRADER-VIRTUAL.SimulatedExchange(BINANCE): Added instrument POLYBUSD.BINANCE and created matching engine
2026-09-23T03:57:43.505053939Z [INFO] EDGETRADER-VIRTUAL.SimulatedExchange(BINANCE): Added instrument ELFUSDT.BINANCE and created matching engine
2026-09-23T03:57:43.505196954Z [INFO] EDGETRADER-VIRTUAL.SimulatedExchange(BINANCE): Added instrument DYDXUSDT.BINANCE and created matching engine
2026-09-23T03:57:43.505350147Z [INFO] EDGETRADER-VIRTUAL.SimulatedExchange(BINANCE): Added instrument DYDXBUSD.BINANCE and created matching engine
2026-09-23T03:57:43.505532664Z [INFO] EDGETRADER-VIRTUAL.SimulatedExchange(BINANCE): Added instrument DYDXBNB.BINANCE and created matching engine
2026-09-23T03:57:43.505697593Z [INFO] EDGETRADER-VIRTUAL.SimulatedExchange(BINANCE): Added instrument DYDXBTC.BINANCE and created matching engine
2026-09-23T03:57:43.505846570Z [INFO] EDGETRADER-VIRTUAL.SimulatedExchange(BINANCE): Added instrument ELFBUSD.BINANCE and created matching engine
2026-09-23T03:57:43.506001121Z [INFO] EDGETRADER-VIRTUAL.SimulatedExchange(BINANCE): Added instrument POLYUSDT.BINANCE and created matching engine
2026-09-23T03:57:43.506143813Z [INFO] EDGETRADER-VIRTUAL.SimulatedExchange(BINANCE): Added instrument IDEXUSDT.BINANCE and created matching engine
2026-09-23T03:57:43.506294625Z [INFO] EDGETRADER-VIRTUAL.SimulatedExchange(BINANCE): Added instrument VIDTUSDT.BINANCE and created matching engine
2026-09-23T03:57:43.506440248Z [INFO] EDGETRADER-VIRTUAL.SimulatedExchange(BINANCE): Added instrument SOLBIDR.BINANCE and created matching engine
2026-09-23T03:57:43.506597660Z [INFO] EDGETRADER-VIRTUAL.SimulatedExchange(BINANCE): Added instrument BTCUSDP.BINANCE and created matching engine
2026-09-23T03:57:43.506744431Z [INFO] EDGETRADER-VIRTUAL.SimulatedExchange(BINANCE): Added instrument ETHUSDP.BINANCE and created matching engine
2026-09-23T03:57:43.506900456Z [INFO] EDGETRADER-VIRTUAL.SimulatedExchange(BINANCE): Added instrument BNBUSDP.BINANCE and created matching engine
2026-09-23T03:57:43.507041550Z [INFO] EDGETRADER-VIRTUAL.SimulatedExchange(BINANCE): Added instrument USDPBUSD.BINANCE and created matching engine
2026-09-23T03:57:43.507202695Z [INFO] EDGETRADER-VIRTUAL.SimulatedExchange(BINANCE): Added instrument USDPUSDT.BINANCE and created matching engine
2026-09-23T03:57:43.507346840Z [INFO] EDGETRADER-VIRTUAL.SimulatedExchange(BINANCE): Added instrument GALAUSDT.BINANCE and created matching engine
2026-09-23T03:57:43.507511324Z [INFO] EDGETRADER-VIRTUAL.SimulatedExchange(BINANCE): Added instrument GALABUSD.BINANCE and created matching engine
2026-09-23T03:57:43.507662392Z [INFO] EDGETRADER-VIRTUAL.SimulatedExchange(BINANCE): Added instrument GALABNB.BINANCE and created matching engine
2026-09-23T03:57:43.507838175Z [INFO] EDGETRADER-VIRTUAL.SimulatedExchange(BINANCE): Added instrument GALABTC.BINANCE and created matching engine
2026-09-23T03:57:43.507988520Z [INFO] EDGETRADER-VIRTUAL.SimulatedExchange(BINANCE): Added instrument FTMBIDR.BINANCE and created matching engine
2026-09-23T03:57:43.508148821Z [INFO] EDGETRADER-VIRTUAL.SimulatedExchange(BINANCE): Added instrument ALGOBIDR.BINANCE and created matching engine
2026-09-23T03:57:43.508298519Z [INFO] EDGETRADER-VIRTUAL.SimulatedExchange(BINANCE): Added instrument CAKEAUD.BINANCE and created matching engine
2026-09-23T03:57:43.508458003Z [INFO] EDGETRADER-VIRTUAL.SimulatedExchange(BINANCE): Added instrument KSMAUD.BINANCE and created matching engine
2026-09-23T03:57:43.508601078Z [INFO] EDGETRADER-VIRTUAL.SimulatedExchange(BINANCE): Added instrument WAVESRUB.BINANCE and created matching engine
2026-09-23T03:57:43.508761274Z [INFO] EDGETRADER-VIRTUAL.SimulatedExchange(BINANCE): Added instrument SUNBUSD.BINANCE and created matching engine
2026-09-23T03:57:43.508907852Z [INFO] EDGETRADER-VIRTUAL.SimulatedExchange(BINANCE): Added instrument ILVUSDT.BINANCE and created matching engine
2026-09-23T03:57:43.509068096Z [INFO] EDGETRADER-VIRTUAL.SimulatedExchange(BINANCE): Added instrument ILVBUSD.BINANCE and created matching engine
2026-09-23T03:57:43.509214817Z [INFO] EDGETRADER-VIRTUAL.SimulatedExchange(BINANCE): Added instrument ILVBNB.BINANCE and created matching engine
2026-09-23T03:57:43.509372890Z [INFO] EDGETRADER-VIRTUAL.SimulatedExchange(BINANCE): Added instrument ILVBTC.BINANCE and created matching engine
2026-09-23T03:57:43.509521303Z [INFO] EDGETRADER-VIRTUAL.SimulatedExchange(BINANCE): Added instrument RENBUSD.BINANCE and created matching engine
2026-09-23T03:57:43.509684783Z [INFO] EDGETRADER-VIRTUAL.SimulatedExchange(BINANCE): Added instrument YGGUSDT.BINANCE and created matching engine
2026-09-23T03:57:43.509833716Z [INFO] EDGETRADER-VIRTUAL.SimulatedExchange(BINANCE): Added instrument YGGBUSD.BINANCE and created matching engine
2026-09-23T03:57:43.509999731Z [INFO] EDGETRADER-VIRTUAL.SimulatedExchange(BINANCE): Added instrument YGGBNB.BINANCE and created matching engine
2026-09-23T03:57:43.510149893Z [INFO] EDGETRADER-VIRTUAL.SimulatedExchange(BINANCE): Added instrument YGGBTC.BINANCE and created matching engine
2026-09-23T03:57:43.510310549Z [INFO] EDGETRADER-VIRTUAL.SimulatedExchange(BINANCE): Added instrument STXBUSD.BINANCE and created matching engine
2026-09-23T03:57:43.510458868Z [INFO] EDGETRADER-VIRTUAL.SimulatedExchange(BINANCE): Added instrument SYSUSDT.BINANCE and created matching engine
2026-09-23T03:57:43.510616353Z [INFO] EDGETRADER-VIRTUAL.SimulatedExchange(BINANCE): Added instrument DFUSDT.BINANCE and created matching engine
2026-09-23T03:57:43.510764967Z [INFO] EDGETRADER-VIRTUAL.SimulatedExchange(BINANCE): Added instrument SOLUSDC.BINANCE and created matching engine
2026-09-23T03:57:43.510961150Z [INFO] EDGETRADER-VIRTUAL.SimulatedExchange(BINANCE): Added instrument ARPARUB.BINANCE and created matching engine
2026-09-23T03:57:43.511124733Z [INFO] EDGETRADER-VIRTUAL.SimulatedExchange(BINANCE): Added instrument LTCUAH.BINANCE and created matching engine
2026-09-23T03:57:43.511291448Z [INFO] EDGETRADER-VIRTUAL.SimulatedExchange(BINANCE): Added instrument FETBUSD.BINANCE and created matching engine
2026-09-23T03:57:43.511437818Z [INFO] EDGETRADER-VIRTUAL.SimulatedExchange(BINANCE): Added instrument ARPABUSD.BINANCE and created matching engine
2026-09-23T03:57:43.511598219Z [INFO] EDGETRADER-VIRTUAL.SimulatedExchange(BINANCE): Added instrument LSKBUSD.BINANCE and created matching engine
2026-09-23T03:57:43.511757843Z [INFO] EDGETRADER-VIRTUAL.SimulatedExchange(BINANCE): Added instrument AVAXBIDR.BINANCE and created matching engine
2026-09-23T03:57:43.511916274Z [INFO] EDGETRADER-VIRTUAL.SimulatedExchange(BINANCE): Added instrument ALICEBIDR.BINANCE and created matching engine
2026-09-23T03:57:43.512062403Z [INFO] EDGETRADER-VIRTUAL.SimulatedExchange(BINANCE): Added instrument FIDAUSDT.BINANCE and created matching engine
2026-09-23T03:57:43.512216957Z [INFO] EDGETRADER-VIRTUAL.SimulatedExchange(BINANCE): Added instrument FIDABUSD.BINANCE and created matching engine
2026-09-23T03:57:43.512367172Z [INFO] EDGETRADER-VIRTUAL.SimulatedExchange(BINANCE): Added instrument FIDABNB.BINANCE and created matching engine
2026-09-23T03:57:43.512538917Z [INFO] EDGETRADER-VIRTUAL.SimulatedExchange(BINANCE): Added instrument FIDABTC.BINANCE and created matching engine
2026-09-23T03:57:43.512685316Z [INFO] EDGETRADER-VIRTUAL.SimulatedExchange(BINANCE): Added instrument DENTBUSD.BINANCE and created matching engine
2026-09-23T03:57:43.512841945Z [INFO] EDGETRADER-VIRTUAL.SimulatedExchange(BINANCE): Added instrument FRONTUSDT.BINANCE and created matching engine
2026-09-23T03:57:43.512992395Z [INFO] EDGETRADER-VIRTUAL.SimulatedExchange(BINANCE): Added instrument CVPUSDT.BINANCE and created matching engine
2026-09-23T03:57:43.513152507Z [INFO] EDGETRADER-VIRTUAL.SimulatedExchange(BINANCE): Added instrument AGLDBTC.BINANCE and created matching engine
2026-09-23T03:57:43.513301784Z [INFO] EDGETRADER-VIRTUAL.SimulatedExchange(BINANCE): Added instrument AGLDBNB.BINANCE and created matching engine
2026-09-23T03:57:43.513457556Z [INFO] EDGETRADER-VIRTUAL.SimulatedExchange(BINANCE): Added instrument AGLDBUSD.BINANCE and created matching engine
2026-09-23T03:57:43.513607048Z [INFO] EDGETRADER-VIRTUAL.SimulatedExchange(BINANCE): Added instrument AGLDUSDT.BINANCE and created matching engine
2026-09-23T03:57:43.513766715Z [INFO] EDGETRADER-VIRTUAL.SimulatedExchange(BINANCE): Added instrument RADBTC.BINANCE and created matching engine
2026-09-23T03:57:43.513916297Z [INFO] EDGETRADER-VIRTUAL.SimulatedExchange(BINANCE): Added instrument RADBNB.BINANCE and created matching engine
2026-09-23T03:57:43.514076681Z [INFO] EDGETRADER-VIRTUAL.SimulatedExchange(BINANCE): Added instrument RADBUSD.BINANCE and created matching engine
2026-09-23T03:57:43.514226693Z [INFO] EDGETRADER-VIRTUAL.SimulatedExchange(BINANCE): Added instrument RADUSDT.BINANCE and created matching engine
2026-09-23T03:57:43.514389683Z [INFO] EDGETRADER-VIRTUAL.SimulatedExchange(BINANCE): Added instrument UNIAUD.BINANCE and created matching engine
2026-09-23T03:57:43.514534811Z [INFO] EDGETRADER-VIRTUAL.SimulatedExchange(BINANCE): Added instrument HIVEBUSD.BINANCE and created matching engine
2026-09-23T03:57:43.514691111Z [INFO] EDGETRADER-VIRTUAL.SimulatedExchange(BINANCE): Added instrument STPTBUSD.BINANCE and created matching engine
2026-09-23T03:57:43.514842634Z [INFO] EDGETRADER-VIRTUAL.SimulatedExchange(BINANCE): Added instrument BETABTC.BINANCE and created matching engine
2026-09-23T03:57:43.515018161Z [INFO] EDGETRADER-VIRTUAL.SimulatedExchange(BINANCE): Added instrument BETABNB.BINANCE and created matching engine
2026-09-23T03:57:43.515174268Z [INFO] EDGETRADER-VIRTUAL.SimulatedExchange(BINANCE): Added instrument BETABUSD.BINANCE and created matching engine
2026-09-23T03:57:43.515332711Z [INFO] EDGETRADER-VIRTUAL.SimulatedExchange(BINANCE): Added instrument BETAUSDT.BINANCE and created matching engine
2026-09-23T03:57:43.515484208Z [INFO] EDGETRADER-VIRTUAL.SimulatedExchange(BINANCE): Added instrument SHIBAUD.BINANCE and created matching engine
2026-09-23T03:57:43.515645959Z [INFO] EDGETRADER-VIRTUAL.SimulatedExchange(BINANCE): Added instrument RAREBTC.BINANCE and created matching engine
2026-09-23T03:57:43.515824555Z [INFO] EDGETRADER-VIRTUAL.SimulatedExchange(BINANCE): Added instrument RAREBNB.BINANCE and created matching engine
2026-09-23T03:57:43.515969694Z [INFO] EDGETRADER-VIRTUAL.SimulatedExchange(BINANCE): Added instrument RAREBUSD.BINANCE and created matching engine
2026-09-23T03:57:43.516113337Z [INFO] EDGETRADER-VIRTUAL.SimulatedExchange(BINANCE): Added instrument RAREUSDT.BINANCE and created matching engine
2026-09-23T03:57:43.516271799Z [INFO] EDGETRADER-VIRTUAL.SimulatedExchange(BINANCE): Added instrument AVAXBRL.BINANCE and created matching engine
2026-09-23T03:57:43.516466227Z [INFO] EDGETRADER-VIRTUAL.SimulatedExchange(BINANCE): Added instrument AVAXAUD.BINANCE and created matching engine
2026-09-23T03:57:43.516623681Z [INFO] EDGETRADER-VIRTUAL.SimulatedExchange(BINANCE): Added instrument LUNAAUD.BINANCE and created matching engine
2026-09-23T03:57:43.516783673Z [INFO] EDGETRADER-VIRTUAL.SimulatedExchange(BINANCE): Added instrument TROYBUSD.BINANCE and created matching engine
2026-09-23T03:57:43.516934918Z [INFO] EDGETRADER-VIRTUAL.SimulatedExchange(BINANCE): Added instrument AXSETH.BINANCE and created matching engine
2026-09-23T03:57:43.517095627Z [INFO] EDGETRADER-VIRTUAL.SimulatedExchange(BINANCE): Added instrument FTMETH.BINANCE and created matching engine
2026-09-23T03:57:43.517246504Z [INFO] EDGETRADER-VIRTUAL.SimulatedExchange(BINANCE): Added instrument SOLETH.BINANCE and created matching engine
2026-09-23T03:57:43.517406683Z [INFO] EDGETRADER-VIRTUAL.SimulatedExchange(BINANCE): Added instrument SSVBTC.BINANCE and created matching engine
2026-09-23T03:57:43.517564725Z [INFO] EDGETRADER-VIRTUAL.SimulatedExchange(BINANCE): Added instrument SSVETH.BINANCE and created matching engine
2026-09-23T03:57:43.517726261Z [INFO] EDGETRADER-VIRTUAL.SimulatedExchange(BINANCE): Added instrument LAZIOTRY.BINANCE and created matching engine
2026-09-23T03:57:43.517872521Z [INFO] EDGETRADER-VIRTUAL.SimulatedExchange(BINANCE): Added instrument LAZIOEUR.BINANCE and created matching engine
2026-09-23T03:57:43.518030900Z [INFO] EDGETRADER-VIRTUAL.SimulatedExchange(BINANCE): Added instrument LAZIOBTC.BINANCE and created matching engine
2026-09-23T03:57:43.518175654Z [INFO] EDGETRADER-VIRTUAL.SimulatedExchange(BINANCE): Added instrument LAZIOUSDT.BINANCE and created matching engine
2026-09-23T03:57:43.518334885Z [INFO] EDGETRADER-VIRTUAL.SimulatedExchange(BINANCE): Added instrument CHESSBTC.BINANCE and created matching engine
2026-09-23T03:57:43.518481114Z [INFO] EDGETRADER-VIRTUAL.SimulatedExchange(BINANCE): Added instrument CHESSBNB.BINANCE and created matching engine
2026-09-23T03:57:43.518636058Z [INFO] EDGETRADER-VIRTUAL.SimulatedExchange(BINANCE): Added instrument CHESSBUSD.BINANCE and created matching engine
2026-09-23T03:57:43.518780911Z [INFO] EDGETRADER-VIRTUAL.SimulatedExchange(BINANCE): Added instrument CHESSUSDT.BINANCE and created matching engine
2026-09-23T03:57:43.518943373Z [INFO] EDGETRADER-VIRTUAL.SimulatedExchange(BINANCE): Added instrument FTMAUD.BINANCE and created matching engine
2026-09-23T03:57:43.519103255Z [INFO] EDGETRADER-VIRTUAL.SimulatedExchange(BINANCE): Added instrument FTMBRL.BINANCE and created matching engine
2026-09-23T03:57:43.519264758Z [INFO] EDGETRADER-VIRTUAL.SimulatedExchange(BINANCE): Added instrument SCRTBUSD.BINANCE and created matching engine
2026-09-23T03:57:43.519423863Z [INFO] EDGETRADER-VIRTUAL.SimulatedExchange(BINANCE): Added instrument ADXUSDT.BINANCE and created matching engine
2026-09-23T03:57:43.519581794Z [INFO] EDGETRADER-VIRTUAL.SimulatedExchange(BINANCE): Added instrument AUCTIONUSDT.BINANCE and created matching engine
2026-09-23T03:57:43.519747826Z [INFO] EDGETRADER-VIRTUAL.SimulatedExchange(BINANCE): Added instrument CELOBUSD.BINANCE and created matching engine
2026-09-23T03:57:43.519916135Z [INFO] EDGETRADER-VIRTUAL.SimulatedExchange(BINANCE): Added instrument FTMRUB.BINANCE and created matching engine
2026-09-23T03:57:43.520061028Z [INFO] EDGETRADER-VIRTUAL.SimulatedExchange(BINANCE): Added instrument NUAUD.BINANCE and created matching engine
2026-09-23T03:57:43.520219063Z [INFO] EDGETRADER-VIRTUAL.SimulatedExchange(BINANCE): Added instrument NURUB.BINANCE and created matching engine
2026-09-23T03:57:43.520386386Z [INFO] EDGETRADER-VIRTUAL.SimulatedExchange(BINANCE): Added instrument REEFTRY.BINANCE and created matching engine
2026-09-23T03:57:43.520549662Z [INFO] EDGETRADER-VIRTUAL.SimulatedExchange(BINANCE): Added instrument REEFBIDR.BINANCE and created matching engine
2026-09-23T03:57:43.520699023Z [INFO] EDGETRADER-VIRTUAL.SimulatedExchange(BINANCE): Added instrument SHIBDOGE.BINANCE and created matching engine
2026-09-23T03:57:43.520862579Z [INFO] EDGETRADER-VIRTUAL.SimulatedExchange(BINANCE): Added instrument DARUSDT.BINANCE and created matching engine
2026-09-23T03:57:43.521014964Z [INFO] EDGETRADER-VIRTUAL.SimulatedExchange(BINANCE): Added instrument DARBUSD.BINANCE and created matching engine
2026-09-23T03:57:43.521176019Z [INFO] EDGETRADER-VIRTUAL.SimulatedExchange(BINANCE): Added instrument DARBNB.BINANCE and created matching engine
2026-09-23T03:57:43.521326548Z [INFO] EDGETRADER-VIRTUAL.SimulatedExchange(BINANCE): Added instrument DARBTC.BINANCE and created matching engine
2026-09-23T03:57:43.521489034Z [INFO] EDGETRADER-VIRTUAL.SimulatedExchange(BINANCE): Added instrument BNXBTC.BINANCE and created matching engine
2026-09-23T03:57:43.521640539Z [INFO] EDGETRADER-VIRTUAL.SimulatedExchange(BINANCE): Added instrument BNXBNB.BINANCE and created matching engine
2026-09-23T03:57:43.521804669Z [INFO] EDGETRADER-VIRTUAL.SimulatedExchange(BINANCE): Added instrument BNXBUSD.BINANCE and created matching engine
2026-09-23T03:57:43.521990141Z [INFO] EDGETRADER-VIRTUAL.SimulatedExchange(BINANCE): Added instrument BNXUSDT.BINANCE and created matching engine
2026-09-23T03:57:43.522161145Z [INFO] EDGETRADER-VIRTUAL.SimulatedExchange(BINANCE): Added instrument RGTUSDT.BINANCE and created matching engine
2026-09-23T03:57:43.522315789Z [INFO] EDGETRADER-VIRTUAL.SimulatedExchange(BINANCE): Added instrument RGTBTC.BINANCE and created matching engine
2026-09-23T03:57:43.522481536Z [INFO] EDGETRADER-VIRTUAL.SimulatedExchange(BINANCE): Added instrument RGTBUSD.BINANCE and created matching engine
2026-09-23T03:57:43.522636770Z [INFO] EDGETRADER-VIRTUAL.SimulatedExchange(BINANCE): Added instrument RGTBNB.BINANCE and created matching engine
2026-09-23T03:57:43.522790986Z [INFO] EDGETRADER-VIRTUAL.SimulatedExchange(BINANCE): Added instrument LAZIOBUSD.BINANCE and created matching engine
2026-09-23T03:57:43.522958777Z [INFO] EDGETRADER-VIRTUAL.SimulatedExchange(BINANCE): Added instrument OXTBUSD.BINANCE and created matching engine
2026-09-23T03:57:43.523135870Z [INFO] EDGETRADER-VIRTUAL.SimulatedExchange(BINANCE): Added instrument MANATRY.BINANCE and created matching engine
2026-09-23T03:57:43.523292133Z [INFO] EDGETRADER-VIRTUAL.SimulatedExchange(BINANCE): Added instrument ALGORUB.BINANCE and created matching engine
2026-09-23T03:57:43.523462214Z [INFO] EDGETRADER-VIRTUAL.SimulatedExchange(BINANCE): Added instrument SHIBUAH.BINANCE and created matching engine
2026-09-23T03:57:43.523600399Z [INFO] EDGETRADER-VIRTUAL.SimulatedExchange(BINANCE): Added instrument LUNABIDR.BINANCE and created matching engine
2026-09-23T03:57:43.523769744Z [INFO] EDGETRADER-VIRTUAL.SimulatedExchange(BINANCE): Added instrument AUDUSDC.BINANCE and created matching engine
2026-09-23T03:57:43.523904501Z [INFO] EDGETRADER-VIRTUAL.SimulatedExchange(BINANCE): Added instrument MOVRBTC.BINANCE and created matching engine
2026-09-23T03:57:43.524031799Z [INFO] EDGETRADER-VIRTUAL.SimulatedExchange(BINANCE): Added instrument MOVRBNB.BINANCE and created matching engine
2026-09-23T03:57:43.524227164Z [INFO] EDGETRADER-VIRTUAL.SimulatedExchange(BINANCE): Added instrument MOVRBUSD.BINANCE and created matching engine
2026-09-23T03:57:43.524395629Z [INFO] EDGETRADER-VIRTUAL.SimulatedExchange(BINANCE): Added instrument MOVRUSDT.BINANCE and created matching engine
2026-09-23T03:57:43.524577798Z [INFO] EDGETRADER-VIRTUAL.SimulatedExchange(BINANCE): Added instrument CITYBTC.BINANCE and created matching engine
2026-09-23T03:57:43.524768646Z [INFO] EDGETRADER-VIRTUAL.SimulatedExchange(BINANCE): Added instrument CITYBNB.BINANCE and created matching engine
2026-09-23T03:57:43.524936548Z [INFO] EDGETRADER-VIRTUAL.SimulatedExchange(BINANCE): Added instrument CITYBUSD.BINANCE and created matching engine
2026-09-23T03:57:43.525091074Z [INFO] EDGETRADER-VIRTUAL.SimulatedExchange(BINANCE): Added instrument CITYUSDT.BINANCE and created matching engine
2026-09-23T03:57:43.525258129Z [INFO] EDGETRADER-VIRTUAL.SimulatedExchange(BINANCE): Added instrument ENSBTC.BINANCE and created matching engine
2026-09-23T03:57:43.525429819Z [INFO] EDGETRADER-VIRTUAL.SimulatedExchange(BINANCE): Added instrument ENSBNB.BINANCE and created matching engine
2026-09-23T03:57:43.525620122Z [INFO] EDGETRADER-VIRTUAL.SimulatedExchange(BINANCE): Added instrument ENSBUSD.BINANCE and created matching engine
2026-09-23T03:57:43.525790855Z [INFO] EDGETRADER-VIRTUAL.SimulatedExchange(BINANCE): Added instrument ENSUSDT.BINANCE and created matching engine
2026-09-23T03:57:43.525967562Z [INFO] EDGETRADER-VIRTUAL.SimulatedExchange(BINANCE): Added instrument SANDETH.BINANCE and created matching engine
2026-09-23T03:57:43.526110706Z [INFO] EDGETRADER-VIRTUAL.SimulatedExchange(BINANCE): Added instrument DOTETH.BINANCE and created matching engine
2026-09-23T03:57:43.526268114Z [INFO] EDGETRADER-VIRTUAL.SimulatedExchange(BINANCE): Added instrument MATICETH.BINANCE and created matching engine
2026-09-23T03:57:43.526410769Z [INFO] EDGETRADER-VIRTUAL.SimulatedExchange(BINANCE): Added instrument ANKRBUSD.BINANCE and created matching engine
2026-09-23T03:57:43.526571898Z [INFO] EDGETRADER-VIRTUAL.SimulatedExchange(BINANCE): Added instrument SANDTRY.BINANCE and created matching engine
2026-09-23T03:57:43.526744604Z [INFO] EDGETRADER-VIRTUAL.SimulatedExchange(BINANCE): Added instrument MANABRL.BINANCE and created matching engine
2026-09-23T03:57:43.526900024Z [INFO] EDGETRADER-VIRTUAL.SimulatedExchange(BINANCE): Added instrument KP3RUSDT.BINANCE and created matching engine
2026-09-23T03:57:43.527059841Z [INFO] EDGETRADER-VIRTUAL.SimulatedExchange(BINANCE): Added instrument QIUSDT.BINANCE and created matching engine
2026-09-23T03:57:43.527209874Z [INFO] EDGETRADER-VIRTUAL.SimulatedExchange(BINANCE): Added instrument QIBUSD.BINANCE and created matching engine
2026-09-23T03:57:43.527361027Z [INFO] EDGETRADER-VIRTUAL.SimulatedExchange(BINANCE): Added instrument QIBNB.BINANCE and created matching engine
2026-09-23T03:57:43.527495534Z [INFO] EDGETRADER-VIRTUAL.SimulatedExchange(BINANCE): Added instrument QIBTC.BINANCE and created matching engine
2026-09-23T03:57:43.527685119Z [INFO] EDGETRADER-VIRTUAL.SimulatedExchange(BINANCE): Added instrument PORTOBTC.BINANCE and created matching engine
2026-09-23T03:57:43.527872761Z [INFO] EDGETRADER-VIRTUAL.SimulatedExchange(BINANCE): Added instrument PORTOUSDT.BINANCE and created matching engine
2026-09-23T03:57:43.528015979Z [INFO] EDGETRADER-VIRTUAL.SimulatedExchange(BINANCE): Added instrument PORTOTRY.BINANCE and created matching engine
2026-09-23T03:57:43.528181834Z [INFO] EDGETRADER-VIRTUAL.SimulatedExchange(BINANCE): Added instrument PORTOEUR.BINANCE and created matching engine
2026-09-23T03:57:43.528321493Z [INFO] EDGETRADER-VIRTUAL.SimulatedExchange(BINANCE): Added instrument POWRUSDT.BINANCE and created matching engine
2026-09-23T03:57:43.528498981Z [INFO] EDGETRADER-VIRTUAL.SimulatedExchange(BINANCE): Added instrument POWRBUSD.BINANCE and created matching engine
2026-09-23T03:57:43.528648269Z [INFO] EDGETRADER-VIRTUAL.SimulatedExchange(BINANCE): Added instrument AVAXETH.BINANCE and created matching engine
2026-09-23T03:57:43.528810867Z [INFO] EDGETRADER-VIRTUAL.SimulatedExchange(BINANCE): Added instrument SLPTRY.BINANCE and created matching engine
2026-09-23T03:57:43.528952958Z [INFO] EDGETRADER-VIRTUAL.SimulatedExchange(BINANCE): Added instrument FISTRY.BINANCE and created matching engine
2026-09-23T03:57:43.529110941Z [INFO] EDGETRADER-VIRTUAL.SimulatedExchange(BINANCE): Added instrument LRCTRY.BINANCE and created matching engine
2026-09-23T03:57:43.529254684Z [INFO] EDGETRADER-VIRTUAL.SimulatedExchange(BINANCE): Added instrument CHRETH.BINANCE and created matching engine
2026-09-23T03:57:43.529414561Z [INFO] EDGETRADER-VIRTUAL.SimulatedExchange(BINANCE): Added instrument FISBIDR.BINANCE and created matching engine
2026-09-23T03:57:43.529557465Z [INFO] EDGETRADER-VIRTUAL.SimulatedExchange(BINANCE): Added instrument VGXUSDT.BINANCE and created matching engine
2026-09-23T03:57:43.529717618Z [INFO] EDGETRADER-VIRTUAL.SimulatedExchange(BINANCE): Added instrument GALAETH.BINANCE and created matching engine
2026-09-23T03:57:43.529851415Z [INFO] EDGETRADER-VIRTUAL.SimulatedExchange(BINANCE): Added instrument JASMYUSDT.BINANCE and created matching engine
2026-09-23T03:57:43.530000833Z [INFO] EDGETRADER-VIRTUAL.SimulatedExchange(BINANCE): Added instrument JASMYBUSD.BINANCE and created matching engine
2026-09-23T03:57:43.530139763Z [INFO] EDGETRADER-VIRTUAL.SimulatedExchange(BINANCE): Added instrument JASMYBNB.BINANCE and created matching engine
2026-09-23T03:57:43.530296218Z [INFO] EDGETRADER-VIRTUAL.SimulatedExchange(BINANCE): Added instrument JASMYBTC.BINANCE and created matching engine
2026-09-23T03:57:43.530439096Z [INFO] EDGETRADER-VIRTUAL.SimulatedExchange(BINANCE): Added instrument AMPBTC.BINANCE and created matching engine
2026-09-23T03:57:43.530597793Z [INFO] EDGETRADER-VIRTUAL.SimulatedExchange(BINANCE): Added instrument AMPBNB.BINANCE and created matching engine
2026-09-23T03:57:43.530742405Z [INFO] EDGETRADER-VIRTUAL.SimulatedExchange(BINANCE): Added instrument AMPBUSD.BINANCE and created matching engine
2026-09-23T03:57:43.530904224Z [INFO] EDGETRADER-VIRTUAL.SimulatedExchange(BINANCE): Added instrument AMPUSDT.BINANCE and created matching engine
2026-09-23T03:57:43.531054388Z [INFO] EDGETRADER-VIRTUAL.SimulatedExchange(BINANCE): Added instrument PLABTC.BINANCE and created matching engine
2026-09-23T03:57:43.531239296Z [INFO] EDGETRADER-VIRTUAL.SimulatedExchange(BINANCE): Added instrument PLABNB.BINANCE and created matching engine
2026-09-23T03:57:43.531404219Z [INFO] EDGETRADER-VIRTUAL.SimulatedExchange(BINANCE): Added instrument PLABUSD.BINANCE and created matching engine
2026-09-23T03:57:43.531572445Z [INFO] EDGETRADER-VIRTUAL.SimulatedExchange(BINANCE): Added instrument PLAUSDT.BINANCE and created matching engine
2026-09-23T03:57:43.531756189Z [INFO] EDGETRADER-VIRTUAL.SimulatedExchange(BINANCE): Added instrument PYRBTC.BINANCE and created matching engine
2026-09-23T03:57:43.531928936Z [INFO] EDGETRADER-VIRTUAL.SimulatedExchange(BINANCE): Added instrument PYRBUSD.BINANCE and created matching engine
2026-09-23T03:57:43.532100338Z [INFO] EDGETRADER-VIRTUAL.SimulatedExchange(BINANCE): Added instrument PYRUSDT.BINANCE and created matching engine
2026-09-23T03:57:43.532270718Z [INFO] EDGETRADER-VIRTUAL.SimulatedExchange(BINANCE): Added instrument RNDRBTC.BINANCE and created matching engine
2026-09-23T03:57:43.532431256Z [INFO] EDGETRADER-VIRTUAL.SimulatedExchange(BINANCE): Added instrument RNDRUSDT.BINANCE and created matching engine
2026-09-23T03:57:43.532591178Z [INFO] EDGETRADER-VIRTUAL.SimulatedExchange(BINANCE): Added instrument RNDRBUSD.BINANCE and created matching engine
2026-09-23T03:57:43.532755839Z [INFO] EDGETRADER-VIRTUAL.SimulatedExchange(BINANCE): Added instrument ALCXBTC.BINANCE and created matching engine
2026-09-23T03:57:43.532915831Z [INFO] EDGETRADER-VIRTUAL.SimulatedExchange(BINANCE): Added instrument ALCXBUSD.BINANCE and created matching engine
2026-09-23T03:57:43.533074359Z [INFO] EDGETRADER-VIRTUAL.SimulatedExchange(BINANCE): Added instrument ALCXUSDT.BINANCE and created matching engine
2026-09-23T03:57:43.533269706Z [INFO] EDGETRADER-VIRTUAL.SimulatedExchange(BINANCE): Added instrument SANTOSBTC.BINANCE and created matching engine
2026-09-23T03:57:43.533430406Z [INFO] EDGETRADER-VIRTUAL.SimulatedExchange(BINANCE): Added instrument SANTOSUSDT.BINANCE and created matching engine
2026-09-23T03:57:43.533588371Z [INFO] EDGETRADER-VIRTUAL.SimulatedExchange(BINANCE): Added instrument SANTOSBRL.BINANCE and created matching engine
2026-09-23T03:57:43.533755082Z [INFO] EDGETRADER-VIRTUAL.SimulatedExchange(BINANCE): Added instrument SANTOSTRY.BINANCE and created matching engine
2026-09-23T03:57:43.533912603Z [INFO] EDGETRADER-VIRTUAL.SimulatedExchange(BINANCE): Added instrument MCBTC.BINANCE and created matching engine
2026-09-23T03:57:43.534076160Z [INFO] EDGETRADER-VIRTUAL.SimulatedExchange(BINANCE): Added instrument MCBUSD.BINANCE and created matching engine
2026-09-23T03:57:43.534240753Z [INFO] EDGETRADER-VIRTUAL.SimulatedExchange(BINANCE): Added instrument MCUSDT.BINANCE and created matching engine
2026-09-23T03:57:43.534411128Z [INFO] EDGETRADER-VIRTUAL.SimulatedExchange(BINANCE): Added instrument BELTRY.BINANCE and created matching engine
2026-09-23T03:57:43.534570082Z [INFO] EDGETRADER-VIRTUAL.SimulatedExchange(BINANCE): Added instrument COCOSBUSD.BINANCE and created matching engine
2026-09-23T03:57:43.534737023Z [INFO] EDGETRADER-VIRTUAL.SimulatedExchange(BINANCE): Added instrument DENTTRY.BINANCE and created matching engine
2026-09-23T03:57:43.534912661Z [INFO] EDGETRADER-VIRTUAL.SimulatedExchange(BINANCE): Added instrument ENJTRY.BINANCE and created matching engine
2026-09-23T03:57:43.535076010Z [INFO] EDGETRADER-VIRTUAL.SimulatedExchange(BINANCE): Added instrument NEORUB.BINANCE and created matching engine
2026-09-23T03:57:43.535252398Z [INFO] EDGETRADER-VIRTUAL.SimulatedExchange(BINANCE): Added instrument SANDAUD.BINANCE and created matching engine
2026-09-23T03:57:43.535419223Z [INFO] EDGETRADER-VIRTUAL.SimulatedExchange(BINANCE): Added instrument SLPBIDR.BINANCE and created matching engine
2026-09-23T03:57:43.535584431Z [INFO] EDGETRADER-VIRTUAL.SimulatedExchange(BINANCE): Added instrument ANYBTC.BINANCE and created matching engine
2026-09-23T03:57:43.535771801Z [INFO] EDGETRADER-VIRTUAL.SimulatedExchange(BINANCE): Added instrument ANYBUSD.BINANCE and created matching engine
2026-09-23T03:57:43.535943789Z [INFO] EDGETRADER-VIRTUAL.SimulatedExchange(BINANCE): Added instrument ANYUSDT.BINANCE and created matching engine
2026-09-23T03:57:43.536113025Z [INFO] EDGETRADER-VIRTUAL.SimulatedExchange(BINANCE): Added instrument BICOBTC.BINANCE and created matching engine
2026-09-23T03:57:43.536276473Z [INFO] EDGETRADER-VIRTUAL.SimulatedExchange(BINANCE): Added instrument BICOBUSD.BINANCE and created matching engine
2026-09-23T03:57:43.536438414Z [INFO] EDGETRADER-VIRTUAL.SimulatedExchange(BINANCE): Added instrument BICOUSDT.BINANCE and created matching engine
2026-09-23T03:57:43.536605968Z [INFO] EDGETRADER-VIRTUAL.SimulatedExchange(BINANCE): Added instrument FLUXBTC.BINANCE and created matching engine
2026-09-23T03:57:43.536767809Z [INFO] EDGETRADER-VIRTUAL.SimulatedExchange(BINANCE): Added instrument FLUXBUSD.BINANCE and created matching engine
2026-09-23T03:57:43.536928715Z [INFO] EDGETRADER-VIRTUAL.SimulatedExchange(BINANCE): Added instrument FLUXUSDT.BINANCE and created matching engine
2026-09-23T03:57:43.537091922Z [INFO] EDGETRADER-VIRTUAL.SimulatedExchange(BINANCE): Added instrument ALICETRY.BINANCE and created matching engine
2026-09-23T03:57:43.537265763Z [INFO] EDGETRADER-VIRTUAL.SimulatedExchange(BINANCE): Added instrument FXSUSDT.BINANCE and created matching engine
2026-09-23T03:57:43.537432867Z [INFO] EDGETRADER-VIRTUAL.SimulatedExchange(BINANCE): Added instrument GALABRL.BINANCE and created matching engine
2026-09-23T03:57:43.537611564Z [INFO] EDGETRADER-VIRTUAL.SimulatedExchange(BINANCE): Added instrument GALATRY.BINANCE and created matching engine
2026-09-23T03:57:43.537779198Z [INFO] EDGETRADER-VIRTUAL.SimulatedExchange(BINANCE): Added instrument LUNATRY.BINANCE and created matching engine
2026-09-23T03:57:43.537946246Z [INFO] EDGETRADER-VIRTUAL.SimulatedExchange(BINANCE): Added instrument REQBUSD.BINANCE and created matching engine
2026-09-23T03:57:43.538111999Z [INFO] EDGETRADER-VIRTUAL.SimulatedExchange(BINANCE): Added instrument SANDBRL.BINANCE and created matching engine
2026-09-23T03:57:43.538275270Z [INFO] EDGETRADER-VIRTUAL.SimulatedExchange(BINANCE): Added instrument MANABIDR.BINANCE and created matching engine
2026-09-23T03:57:43.538436061Z [INFO] EDGETRADER-VIRTUAL.SimulatedExchange(BINANCE): Added instrument SANDBIDR.BINANCE and created matching engine
2026-09-23T03:57:43.538597251Z [INFO] EDGETRADER-VIRTUAL.SimulatedExchange(BINANCE): Added instrument VOXELBTC.BINANCE and created matching engine
2026-09-23T03:57:43.538758938Z [INFO] EDGETRADER-VIRTUAL.SimulatedExchange(BINANCE): Added instrument VOXELBNB.BINANCE and created matching engine
2026-09-23T03:57:43.538917294Z [INFO] EDGETRADER-VIRTUAL.SimulatedExchange(BINANCE): Added instrument VOXELBUSD.BINANCE and created matching engine
2026-09-23T03:57:43.539125194Z [INFO] EDGETRADER-VIRTUAL.SimulatedExchange(BINANCE): Added instrument VOXELUSDT.BINANCE and created matching engine
2026-09-23T03:57:43.539302544Z [INFO] EDGETRADER-VIRTUAL.SimulatedExchange(BINANCE): Added instrument COSBUSD.BINANCE and created matching engine
2026-09-23T03:57:43.539466792Z [INFO] EDGETRADER-VIRTUAL.SimulatedExchange(BINANCE): Added instrument CTXCBUSD.BINANCE and created matching engine
2026-09-23T03:57:43.539634242Z [INFO] EDGETRADER-VIRTUAL.SimulatedExchange(BINANCE): Added instrument FTMTRY.BINANCE and created matching engine
2026-09-23T03:57:43.539832090Z [INFO] EDGETRADER-VIRTUAL.SimulatedExchange(BINANCE): Added instrument MANABNB.BINANCE and created matching engine
2026-09-23T03:57:43.540003735Z [INFO] EDGETRADER-VIRTUAL.SimulatedExchange(BINANCE): Added instrument MINATRY.BINANCE and created matching engine
2026-09-23T03:57:43.540174614Z [INFO] EDGETRADER-VIRTUAL.SimulatedExchange(BINANCE): Added instrument XTZTRY.BINANCE and created matching engine
2026-09-23T03:57:43.540340548Z [INFO] EDGETRADER-VIRTUAL.SimulatedExchange(BINANCE): Added instrument HIGHBTC.BINANCE and created matching engine
2026-09-23T03:57:43.540505383Z [INFO] EDGETRADER-VIRTUAL.SimulatedExchange(BINANCE): Added instrument HIGHBUSD.BINANCE and created matching engine
2026-09-23T03:57:43.540682551Z [INFO] EDGETRADER-VIRTUAL.SimulatedExchange(BINANCE): Added instrument HIGHUSDT.BINANCE and created matching engine
2026-09-23T03:57:43.540852080Z [INFO] EDGETRADER-VIRTUAL.SimulatedExchange(BINANCE): Added instrument CVXBTC.BINANCE and created matching engine
2026-09-23T03:57:43.541020285Z [INFO] EDGETRADER-VIRTUAL.SimulatedExchange(BINANCE): Added instrument CVXBUSD.BINANCE and created matching engine
2026-09-23T03:57:43.541188847Z [INFO] EDGETRADER-VIRTUAL.SimulatedExchange(BINANCE): Added instrument CVXUSDT.BINANCE and created matching engine
2026-09-23T03:57:43.541348763Z [INFO] EDGETRADER-VIRTUAL.SimulatedExchange(BINANCE): Added instrument PEOPLEBTC.BINANCE and created matching engine
2026-09-23T03:57:43.541506001Z [INFO] EDGETRADER-VIRTUAL.SimulatedExchange(BINANCE): Added instrument PEOPLEBUSD.BINANCE and created matching engine
2026-09-23T03:57:43.541663616Z [INFO] EDGETRADER-VIRTUAL.SimulatedExchange(BINANCE): Added instrument PEOPLEUSDT.BINANCE and created matching engine
2026-09-23T03:57:43.541825608Z [INFO] EDGETRADER-VIRTUAL.SimulatedExchange(BINANCE): Added instrument OOKIBUSD.BINANCE and created matching engine
2026-09-23T03:57:43.541988029Z [INFO] EDGETRADER-VIRTUAL.SimulatedExchange(BINANCE): Added instrument OOKIUSDT.BINANCE and created matching engine
2026-09-23T03:57:43.542149784Z [INFO] EDGETRADER-VIRTUAL.SimulatedExchange(BINANCE): Added instrument COCOSTRY.BINANCE and created matching engine
2026-09-23T03:57:43.542316576Z [INFO] EDGETRADER-VIRTUAL.SimulatedExchange(BINANCE): Added instrument GXSBNB.BINANCE and created matching engine
2026-09-23T03:57:43.542485447Z [INFO] EDGETRADER-VIRTUAL.SimulatedExchange(BINANCE): Added instrument LINKBNB.BINANCE and created matching engine
2026-09-23T03:57:43.542653550Z [INFO] EDGETRADER-VIRTUAL.SimulatedExchange(BINANCE): Added instrument LUNAETH.BINANCE and created matching engine
2026-09-23T03:57:43.542823645Z [INFO] EDGETRADER-VIRTUAL.SimulatedExchange(BINANCE): Added instrument MDTBUSD.BINANCE and created matching engine
2026-09-23T03:57:43.542987483Z [INFO] EDGETRADER-VIRTUAL.SimulatedExchange(BINANCE): Added instrument NULSBUSD.BINANCE and created matching engine
2026-09-23T03:57:43.543161607Z [INFO] EDGETRADER-VIRTUAL.SimulatedExchange(BINANCE): Added instrument SPELLBTC.BINANCE and created matching engine
2026-09-23T03:57:43.543322756Z [INFO] EDGETRADER-VIRTUAL.SimulatedExchange(BINANCE): Added instrument SPELLUSDT.BINANCE and created matching engine
2026-09-23T03:57:43.543485244Z [INFO] EDGETRADER-VIRTUAL.SimulatedExchange(BINANCE): Added instrument SPELLBUSD.BINANCE and created matching engine
2026-09-23T03:57:43.543665916Z [INFO] EDGETRADER-VIRTUAL.SimulatedExchange(BINANCE): Added instrument USTBTC.BINANCE and created matching engine
2026-09-23T03:57:43.543858786Z [INFO] EDGETRADER-VIRTUAL.SimulatedExchange(BINANCE): Added instrument USTBUSD.BINANCE and created matching engine
2026-09-23T03:57:43.544033598Z [INFO] EDGETRADER-VIRTUAL.SimulatedExchange(BINANCE): Added instrument USTUSDT.BINANCE and created matching engine
2026-09-23T03:57:43.544204360Z [INFO] EDGETRADER-VIRTUAL.SimulatedExchange(BINANCE): Added instrument JOEBTC.BINANCE and created matching engine
2026-09-23T03:57:43.544375869Z [INFO] EDGETRADER-VIRTUAL.SimulatedExchange(BINANCE): Added instrument JOEBUSD.BINANCE and created matching engine
2026-09-23T03:57:43.544545148Z [INFO] EDGETRADER-VIRTUAL.SimulatedExchange(BINANCE): Added instrument JOEUSDT.BINANCE and created matching engine
2026-09-23T03:57:43.544715579Z [INFO] EDGETRADER-VIRTUAL.SimulatedExchange(BINANCE): Added instrument ATOMETH.BINANCE and created matching engine
2026-09-23T03:57:43.544878331Z [INFO] EDGETRADER-VIRTUAL.SimulatedExchange(BINANCE): Added instrument DUSKBUSD.BINANCE and created matching engine
2026-09-23T03:57:43.545084538Z [INFO] EDGETRADER-VIRTUAL.SimulatedExchange(BINANCE): Added instrument EGLDETH.BINANCE and created matching engine
2026-09-23T03:57:43.545257771Z [INFO] EDGETRADER-VIRTUAL.SimulatedExchange(BINANCE): Added instrument ICPETH.BINANCE and created matching engine
2026-09-23T03:57:43.545431052Z [INFO] EDGETRADER-VIRTUAL.SimulatedExchange(BINANCE): Added instrument LUNABRL.BINANCE and created matching engine
2026-09-23T03:57:43.545600952Z [INFO] EDGETRADER-VIRTUAL.SimulatedExchange(BINANCE): Added instrument LUNAUST.BINANCE and created matching engine
2026-09-23T03:57:43.545774538Z [INFO] EDGETRADER-VIRTUAL.SimulatedExchange(BINANCE): Added instrument NEARETH.BINANCE and created matching engine
2026-09-23T03:57:43.545943182Z [INFO] EDGETRADER-VIRTUAL.SimulatedExchange(BINANCE): Added instrument ROSEBNB.BINANCE and created matching engine
2026-09-23T03:57:43.546109547Z [INFO] EDGETRADER-VIRTUAL.SimulatedExchange(BINANCE): Added instrument VOXELETH.BINANCE and created matching engine
2026-09-23T03:57:43.546273072Z [INFO] EDGETRADER-VIRTUAL.SimulatedExchange(BINANCE): Added instrument ALICEBNB.BINANCE and created matching engine
2026-09-23T03:57:43.546443971Z [INFO] EDGETRADER-VIRTUAL.SimulatedExchange(BINANCE): Added instrument ATOMTRY.BINANCE and created matching engine
2026-09-23T03:57:43.546613201Z [INFO] EDGETRADER-VIRTUAL.SimulatedExchange(BINANCE): Added instrument ETHUST.BINANCE and created matching engine
2026-09-23T03:57:43.546799466Z [INFO] EDGETRADER-VIRTUAL.SimulatedExchange(BINANCE): Added instrument GALAAUD.BINANCE and created matching engine
2026-09-23T03:57:43.546970014Z [INFO] EDGETRADER-VIRTUAL.SimulatedExchange(BINANCE): Added instrument LRCBNB.BINANCE and created matching engine
2026-09-23T03:57:43.547147900Z [INFO] EDGETRADER-VIRTUAL.SimulatedExchange(BINANCE): Added instrument ONEETH.BINANCE and created matching engine
2026-09-23T03:57:43.547319245Z [INFO] EDGETRADER-VIRTUAL.SimulatedExchange(BINANCE): Added instrument OOKIBNB.BINANCE and created matching engine
2026-09-23T03:57:43.547487151Z [INFO] EDGETRADER-VIRTUAL.SimulatedExchange(BINANCE): Added instrument ACHBTC.BINANCE and created matching engine
2026-09-23T03:57:43.547666661Z [INFO] EDGETRADER-VIRTUAL.SimulatedExchange(BINANCE): Added instrument ACHBUSD.BINANCE and created matching engine
2026-09-23T03:57:43.547862945Z [INFO] EDGETRADER-VIRTUAL.SimulatedExchange(BINANCE): Added instrument ACHUSDT.BINANCE and created matching engine
2026-09-23T03:57:43.548033974Z [INFO] EDGETRADER-VIRTUAL.SimulatedExchange(BINANCE): Added instrument IMXBTC.BINANCE and created matching engine
2026-09-23T03:57:43.548206791Z [INFO] EDGETRADER-VIRTUAL.SimulatedExchange(BINANCE): Added instrument IMXBUSD.BINANCE and created matching engine
2026-09-23T03:57:43.548377198Z [INFO] EDGETRADER-VIRTUAL.SimulatedExchange(BINANCE): Added instrument IMXUSDT.BINANCE and created matching engine
2026-09-23T03:57:43.548548861Z [INFO] EDGETRADER-VIRTUAL.SimulatedExchange(BINANCE): Added instrument GLMRBTC.BINANCE and created matching engine
2026-09-23T03:57:43.548726069Z [INFO] EDGETRADER-VIRTUAL.SimulatedExchange(BINANCE): Added instrument GLMRBUSD.BINANCE and created matching engine
2026-09-23T03:57:43.548894737Z [INFO] EDGETRADER-VIRTUAL.SimulatedExchange(BINANCE): Added instrument GLMRUSDT.BINANCE and created matching engine
2026-09-23T03:57:43.549072729Z [INFO] EDGETRADER-VIRTUAL.SimulatedExchange(BINANCE): Added instrument ATOMBIDR.BINANCE and created matching engine
2026-09-23T03:57:43.549247859Z [INFO] EDGETRADER-VIRTUAL.SimulatedExchange(BINANCE): Added instrument DYDXETH.BINANCE and created matching engine
2026-09-23T03:57:43.549418692Z [INFO] EDGETRADER-VIRTUAL.SimulatedExchange(BINANCE): Added instrument FARMETH.BINANCE and created matching engine
2026-09-23T03:57:43.549599776Z [INFO] EDGETRADER-VIRTUAL.SimulatedExchange(BINANCE): Added instrument FORBNB.BINANCE and created matching engine
2026-09-23T03:57:43.549769250Z [INFO] EDGETRADER-VIRTUAL.SimulatedExchange(BINANCE): Added instrument ICPTRY.BINANCE and created matching engine
2026-09-23T03:57:43.549935899Z [INFO] EDGETRADER-VIRTUAL.SimulatedExchange(BINANCE): Added instrument JASMYETH.BINANCE and created matching engine
2026-09-23T03:57:43.550107691Z [INFO] EDGETRADER-VIRTUAL.SimulatedExchange(BINANCE): Added instrument LINABNB.BINANCE and created matching engine
2026-09-23T03:57:43.550280203Z [INFO] EDGETRADER-VIRTUAL.SimulatedExchange(BINANCE): Added instrument OOKIETH.BINANCE and created matching engine
2026-09-23T03:57:43.550450038Z [INFO] EDGETRADER-VIRTUAL.SimulatedExchange(BINANCE): Added instrument ROSEETH.BINANCE and created matching engine
2026-09-23T03:57:43.550622291Z [INFO] EDGETRADER-VIRTUAL.SimulatedExchange(BINANCE): Added instrument UMABUSD.BINANCE and created matching engine
2026-09-23T03:57:43.550790231Z [INFO] EDGETRADER-VIRTUAL.SimulatedExchange(BINANCE): Added instrument UNIETH.BINANCE and created matching engine
2026-09-23T03:57:43.550973632Z [INFO] EDGETRADER-VIRTUAL.SimulatedExchange(BINANCE): Added instrument XTZETH.BINANCE and created matching engine
2026-09-23T03:57:43.551190869Z [INFO] EDGETRADER-VIRTUAL.SimulatedExchange(BINANCE): Added instrument LOKABTC.BINANCE and created matching engine
2026-09-23T03:57:43.551369018Z [INFO] EDGETRADER-VIRTUAL.SimulatedExchange(BINANCE): Added instrument LOKABNB.BINANCE and created matching engine
2026-09-23T03:57:43.551536955Z [INFO] EDGETRADER-VIRTUAL.SimulatedExchange(BINANCE): Added instrument LOKABUSD.BINANCE and created matching engine
2026-09-23T03:57:43.551722808Z [INFO] EDGETRADER-VIRTUAL.SimulatedExchange(BINANCE): Added instrument LOKAUSDT.BINANCE and created matching engine
2026-09-23T03:57:43.551903478Z [INFO] EDGETRADER-VIRTUAL.SimulatedExchange(BINANCE): Added instrument ATOMBRL.BINANCE and created matching engine
2026-09-23T03:57:43.552077863Z [INFO] EDGETRADER-VIRTUAL.SimulatedExchange(BINANCE): Added instrument BNBUST.BINANCE and created matching engine
2026-09-23T03:57:43.552250842Z [INFO] EDGETRADER-VIRTUAL.SimulatedExchange(BINANCE): Added instrument CRVETH.BINANCE and created matching engine
2026-09-23T03:57:43.552426511Z [INFO] EDGETRADER-VIRTUAL.SimulatedExchange(BINANCE): Added instrument HIGHBNB.BINANCE and created matching engine
2026-09-23T03:57:43.552601500Z [INFO] EDGETRADER-VIRTUAL.SimulatedExchange(BINANCE): Added instrument NEARRUB.BINANCE and created matching engine
2026-09-23T03:57:43.552775897Z [INFO] EDGETRADER-VIRTUAL.SimulatedExchange(BINANCE): Added instrument ROSETRY.BINANCE and created matching engine
2026-09-23T03:57:43.552944727Z [INFO] EDGETRADER-VIRTUAL.SimulatedExchange(BINANCE): Added instrument SCRTUSDT.BINANCE and created matching engine
2026-09-23T03:57:43.553118662Z [INFO] EDGETRADER-VIRTUAL.SimulatedExchange(BINANCE): Added instrument API3BTC.BINANCE and created matching engine
2026-09-23T03:57:43.553287105Z [INFO] EDGETRADER-VIRTUAL.SimulatedExchange(BINANCE): Added instrument API3BUSD.BINANCE and created matching engine
2026-09-23T03:57:43.553455027Z [INFO] EDGETRADER-VIRTUAL.SimulatedExchange(BINANCE): Added instrument API3USDT.BINANCE and created matching engine
2026-09-23T03:57:43.553624621Z [INFO] EDGETRADER-VIRTUAL.SimulatedExchange(BINANCE): Added instrument BTTCUSDT.BINANCE and created matching engine
2026-09-23T03:57:43.553811324Z [INFO] EDGETRADER-VIRTUAL.SimulatedExchange(BINANCE): Added instrument BTTCUSDC.BINANCE and created matching engine
2026-09-23T03:57:43.553987004Z [INFO] EDGETRADER-VIRTUAL.SimulatedExchange(BINANCE): Added instrument BTTCTRY.BINANCE and created matching engine
2026-09-23T03:57:43.554161485Z [INFO] EDGETRADER-VIRTUAL.SimulatedExchange(BINANCE): Added instrument ACABTC.BINANCE and created matching engine
2026-09-23T03:57:43.554338496Z [INFO] EDGETRADER-VIRTUAL.SimulatedExchange(BINANCE): Added instrument ACABUSD.BINANCE and created matching engine
2026-09-23T03:57:43.554513747Z [INFO] EDGETRADER-VIRTUAL.SimulatedExchange(BINANCE): Added instrument ACAUSDT.BINANCE and created matching engine
2026-09-23T03:57:43.554688756Z [INFO] EDGETRADER-VIRTUAL.SimulatedExchange(BINANCE): Added instrument ANCBTC.BINANCE and created matching engine
2026-09-23T03:57:43.554864847Z [INFO] EDGETRADER-VIRTUAL.SimulatedExchange(BINANCE): Added instrument ANCBUSD.BINANCE and created matching engine
2026-09-23T03:57:43.555042218Z [INFO] EDGETRADER-VIRTUAL.SimulatedExchange(BINANCE): Added instrument ANCUSDT.BINANCE and created matching engine
2026-09-23T03:57:43.555225687Z [INFO] EDGETRADER-VIRTUAL.SimulatedExchange(BINANCE): Added instrument BDOTDOT.BINANCE and created matching engine
2026-09-23T03:57:43.555402833Z [INFO] EDGETRADER-VIRTUAL.SimulatedExchange(BINANCE): Added instrument XNOBTC.BINANCE and created matching engine
2026-09-23T03:57:43.555572804Z [INFO] EDGETRADER-VIRTUAL.SimulatedExchange(BINANCE): Added instrument XNOETH.BINANCE and created matching engine
2026-09-23T03:57:43.555769325Z [INFO] EDGETRADER-VIRTUAL.SimulatedExchange(BINANCE): Added instrument XNOBUSD.BINANCE and created matching engine
2026-09-23T03:57:43.555948506Z [INFO] EDGETRADER-VIRTUAL.SimulatedExchange(BINANCE): Added instrument XNOUSDT.BINANCE and created matching engine
2026-09-23T03:57:43.556124253Z [INFO] EDGETRADER-VIRTUAL.SimulatedExchange(BINANCE): Added instrument COSTRY.BINANCE and created matching engine
2026-09-23T03:57:43.556302082Z [INFO] EDGETRADER-VIRTUAL.SimulatedExchange(BINANCE): Added instrument KAVAETH.BINANCE and created matching engine
2026-09-23T03:57:43.556466028Z [INFO] EDGETRADER-VIRTUAL.SimulatedExchange(BINANCE): Added instrument MCBNB.BINANCE and created matching engine
2026-09-23T03:57:43.556630734Z [INFO] EDGETRADER-VIRTUAL.SimulatedExchange(BINANCE): Added instrument ONETRY.BINANCE and created matching engine
2026-09-23T03:57:43.556802901Z [INFO] EDGETRADER-VIRTUAL.SimulatedExchange(BINANCE): Added instrument WOOBTC.BINANCE and created matching engine
2026-09-23T03:57:43.556980749Z [INFO] EDGETRADER-VIRTUAL.SimulatedExchange(BINANCE): Added instrument WOOBNB.BINANCE and created matching engine
2026-09-23T03:57:43.557156085Z [INFO] EDGETRADER-VIRTUAL.SimulatedExchange(BINANCE): Added instrument WOOBUSD.BINANCE and created matching engine
2026-09-23T03:57:43.557719750Z [INFO] EDGETRADER-VIRTUAL.SimulatedExchange(BINANCE): Added instrument WOOUSDT.BINANCE and created matching engine
2026-09-23T03:57:43.557910312Z [INFO] EDGETRADER-VIRTUAL.SimulatedExchange(BINANCE): Added instrument CELRETH.BINANCE and created matching engine
2026-09-23T03:57:43.558070291Z [INFO] EDGETRADER-VIRTUAL.SimulatedExchange(BINANCE): Added instrument PEOPLEBNB.BINANCE and created matching engine
2026-09-23T03:57:43.558244056Z [INFO] EDGETRADER-VIRTUAL.SimulatedExchange(BINANCE): Added instrument SLPBNB.BINANCE and created matching engine
2026-09-23T03:57:43.558406447Z [INFO] EDGETRADER-VIRTUAL.SimulatedExchange(BINANCE): Added instrument SPELLBNB.BINANCE and created matching engine
2026-09-23T03:57:43.558573776Z [INFO] EDGETRADER-VIRTUAL.SimulatedExchange(BINANCE): Added instrument SPELLTRY.BINANCE and created matching engine
2026-09-23T03:57:43.558730271Z [INFO] EDGETRADER-VIRTUAL.SimulatedExchange(BINANCE): Added instrument TFUELBUSD.BINANCE and created matching engine
2026-09-23T03:57:43.558903487Z [INFO] EDGETRADER-VIRTUAL.SimulatedExchange(BINANCE): Added instrument AXSTRY.BINANCE and created matching engine
2026-09-23T03:57:43.559069106Z [INFO] EDGETRADER-VIRTUAL.SimulatedExchange(BINANCE): Added instrument DARTRY.BINANCE and created matching engine
2026-09-23T03:57:43.559253655Z [INFO] EDGETRADER-VIRTUAL.SimulatedExchange(BINANCE): Added instrument NEARTRY.BINANCE and created matching engine
2026-09-23T03:57:43.559421886Z [INFO] EDGETRADER-VIRTUAL.SimulatedExchange(BINANCE): Added instrument IDEXBNB.BINANCE and created matching engine
2026-09-23T03:57:43.559586580Z [INFO] EDGETRADER-VIRTUAL.SimulatedExchange(BINANCE): Added instrument ALPINEEUR.BINANCE and created matching engine
2026-09-23T03:57:43.559763123Z [INFO] EDGETRADER-VIRTUAL.SimulatedExchange(BINANCE): Added instrument ALPINETRY.BINANCE and created matching engine
2026-09-23T03:57:43.559928947Z [INFO] EDGETRADER-VIRTUAL.SimulatedExchange(BINANCE): Added instrument ALPINEUSDT.BINANCE and created matching engine
2026-09-23T03:57:43.560096793Z [INFO] EDGETRADER-VIRTUAL.SimulatedExchange(BINANCE): Added instrument ALPINEBTC.BINANCE and created matching engine
2026-09-23T03:57:43.560262752Z [INFO] EDGETRADER-VIRTUAL.SimulatedExchange(BINANCE): Added instrument TUSDT.BINANCE and created matching engine
2026-09-23T03:57:43.560428606Z [INFO] EDGETRADER-VIRTUAL.SimulatedExchange(BINANCE): Added instrument TBUSD.BINANCE and created matching engine
2026-09-23T03:57:43.560607375Z [INFO] EDGETRADER-VIRTUAL.SimulatedExchange(BINANCE): Added instrument API3BNB.BINANCE and created matching engine
2026-09-23T03:57:43.560787423Z [INFO] EDGETRADER-VIRTUAL.SimulatedExchange(BINANCE): Added instrument BETAETH.BINANCE and created matching engine
2026-09-23T03:57:43.560960291Z [INFO] EDGETRADER-VIRTUAL.SimulatedExchange(BINANCE): Added instrument INJTRY.BINANCE and created matching engine
2026-09-23T03:57:43.561125637Z [INFO] EDGETRADER-VIRTUAL.SimulatedExchange(BINANCE): Added instrument TLMBNB.BINANCE and created matching engine
2026-09-23T03:57:43.561292483Z [INFO] EDGETRADER-VIRTUAL.SimulatedExchange(BINANCE): Added instrument ASTRBUSD.BINANCE and created matching engine
2026-09-23T03:57:43.561450774Z [INFO] EDGETRADER-VIRTUAL.SimulatedExchange(BINANCE): Added instrument ASTRUSDT.BINANCE and created matching engine
2026-09-23T03:57:43.561624322Z [INFO] EDGETRADER-VIRTUAL.SimulatedExchange(BINANCE): Added instrument API3TRY.BINANCE and created matching engine
2026-09-23T03:57:43.561798739Z [INFO] EDGETRADER-VIRTUAL.SimulatedExchange(BINANCE): Added instrument GLMRBNB.BINANCE and created matching engine
2026-09-23T03:57:43.561973254Z [INFO] EDGETRADER-VIRTUAL.SimulatedExchange(BINANCE): Added instrument MBOXTRY.BINANCE and created matching engine
2026-09-23T03:57:43.562151648Z [INFO] EDGETRADER-VIRTUAL.SimulatedExchange(BINANCE): Added instrument GMTBTC.BINANCE and created matching engine
2026-09-23T03:57:43.562325779Z [INFO] EDGETRADER-VIRTUAL.SimulatedExchange(BINANCE): Added instrument GMTBNB.BINANCE and created matching engine
2026-09-23T03:57:43.562501551Z [INFO] EDGETRADER-VIRTUAL.SimulatedExchange(BINANCE): Added instrument GMTBUSD.BINANCE and created matching engine
2026-09-23T03:57:43.562681899Z [INFO] EDGETRADER-VIRTUAL.SimulatedExchange(BINANCE): Added instrument GMTUSDT.BINANCE and created matching engine
2026-09-23T03:57:43.562845465Z [INFO] EDGETRADER-VIRTUAL.SimulatedExchange(BINANCE): Added instrument ANCBNB.BINANCE and created matching engine
2026-09-23T03:57:43.563019725Z [INFO] EDGETRADER-VIRTUAL.SimulatedExchange(BINANCE): Added instrument ATOMEUR.BINANCE and created matching engine
2026-09-23T03:57:43.563195834Z [INFO] EDGETRADER-VIRTUAL.SimulatedExchange(BINANCE): Added instrument GALAEUR.BINANCE and created matching engine
2026-09-23T03:57:43.563381854Z [INFO] EDGETRADER-VIRTUAL.SimulatedExchange(BINANCE): Added instrument KSMETH.BINANCE and created matching engine
2026-09-23T03:57:43.563548923Z [INFO] EDGETRADER-VIRTUAL.SimulatedExchange(BINANCE): Added instrument UMATRY.BINANCE and created matching engine
2026-09-23T03:57:43.563778701Z [INFO] EDGETRADER-VIRTUAL.SimulatedExchange(BINANCE): Added instrument KDABTC.BINANCE and created matching engine
2026-09-23T03:57:43.563967067Z [INFO] EDGETRADER-VIRTUAL.SimulatedExchange(BINANCE): Added instrument KDABUSD.BINANCE and created matching engine
2026-09-23T03:57:43.564148099Z [INFO] EDGETRADER-VIRTUAL.SimulatedExchange(BINANCE): Added instrument KDAUSDT.BINANCE and created matching engine
2026-09-23T03:57:43.564327656Z [INFO] EDGETRADER-VIRTUAL.SimulatedExchange(BINANCE): Added instrument APEUSDT.BINANCE and created matching engine
2026-09-23T03:57:43.564508486Z [INFO] EDGETRADER-VIRTUAL.SimulatedExchange(BINANCE): Added instrument APEBUSD.BINANCE and created matching engine
2026-09-23T03:57:43.564695592Z [INFO] EDGETRADER-VIRTUAL.SimulatedExchange(BINANCE): Added instrument APEBTC.BINANCE and created matching engine
2026-09-23T03:57:43.564866526Z [INFO] EDGETRADER-VIRTUAL.SimulatedExchange(BINANCE): Added instrument ALPINEBUSD.BINANCE and created matching engine
2026-09-23T03:57:43.565047247Z [INFO] EDGETRADER-VIRTUAL.SimulatedExchange(BINANCE): Added instrument LUNAGBP.BINANCE and created matching engine
2026-09-23T03:57:43.565226600Z [INFO] EDGETRADER-VIRTUAL.SimulatedExchange(BINANCE): Added instrument NEAREUR.BINANCE and created matching engine
2026-09-23T03:57:43.565405294Z [INFO] EDGETRADER-VIRTUAL.SimulatedExchange(BINANCE): Added instrument TWTTRY.BINANCE and created matching engine
2026-09-23T03:57:43.565580996Z [INFO] EDGETRADER-VIRTUAL.SimulatedExchange(BINANCE): Added instrument WAVESEUR.BINANCE and created matching engine
2026-09-23T03:57:43.565757792Z [INFO] EDGETRADER-VIRTUAL.SimulatedExchange(BINANCE): Added instrument APEEUR.BINANCE and created matching engine
2026-09-23T03:57:43.565936453Z [INFO] EDGETRADER-VIRTUAL.SimulatedExchange(BINANCE): Added instrument APEGBP.BINANCE and created matching engine
2026-09-23T03:57:43.566117879Z [INFO] EDGETRADER-VIRTUAL.SimulatedExchange(BINANCE): Added instrument APETRY.BINANCE and created matching engine
2026-09-23T03:57:43.566299960Z [INFO] EDGETRADER-VIRTUAL.SimulatedExchange(BINANCE): Added instrument BSWUSDT.BINANCE and created matching engine
2026-09-23T03:57:43.566481183Z [INFO] EDGETRADER-VIRTUAL.SimulatedExchange(BINANCE): Added instrument BSWBUSD.BINANCE and created matching engine
2026-09-23T03:57:43.566658757Z [INFO] EDGETRADER-VIRTUAL.SimulatedExchange(BINANCE): Added instrument BSWBNB.BINANCE and created matching engine
2026-09-23T03:57:43.566830342Z [INFO] EDGETRADER-VIRTUAL.SimulatedExchange(BINANCE): Added instrument APEBNB.BINANCE and created matching engine
2026-09-23T03:57:43.567004749Z [INFO] EDGETRADER-VIRTUAL.SimulatedExchange(BINANCE): Added instrument GMTBRL.BINANCE and created matching engine
2026-09-23T03:57:43.567184330Z [INFO] EDGETRADER-VIRTUAL.SimulatedExchange(BINANCE): Added instrument GMTETH.BINANCE and created matching engine
2026-09-23T03:57:43.567357904Z [INFO] EDGETRADER-VIRTUAL.SimulatedExchange(BINANCE): Added instrument JASMYTRY.BINANCE and created matching engine
2026-09-23T03:57:43.567519367Z [INFO] EDGETRADER-VIRTUAL.SimulatedExchange(BINANCE): Added instrument SANTOSBUSD.BINANCE and created matching engine
2026-09-23T03:57:43.567695916Z [INFO] EDGETRADER-VIRTUAL.SimulatedExchange(BINANCE): Added instrument APEAUD.BINANCE and created matching engine
2026-09-23T03:57:43.567874677Z [INFO] EDGETRADER-VIRTUAL.SimulatedExchange(BINANCE): Added instrument BIFIUSDT.BINANCE and created matching engine
2026-09-23T03:57:43.568053666Z [INFO] EDGETRADER-VIRTUAL.SimulatedExchange(BINANCE): Added instrument GMTEUR.BINANCE and created matching engine
2026-09-23T03:57:43.568235924Z [INFO] EDGETRADER-VIRTUAL.SimulatedExchange(BINANCE): Added instrument IMXBNB.BINANCE and created matching engine
2026-09-23T03:57:43.568416855Z [INFO] EDGETRADER-VIRTUAL.SimulatedExchange(BINANCE): Added instrument RUNEETH.BINANCE and created matching engine
2026-09-23T03:57:43.568587593Z [INFO] EDGETRADER-VIRTUAL.SimulatedExchange(BINANCE): Added instrument AVAXGBP.BINANCE and created matching engine
2026-09-23T03:57:43.568758608Z [INFO] EDGETRADER-VIRTUAL.SimulatedExchange(BINANCE): Added instrument MULTIBTC.BINANCE and created matching engine
2026-09-23T03:57:43.568920951Z [INFO] EDGETRADER-VIRTUAL.SimulatedExchange(BINANCE): Added instrument MULTIBUSD.BINANCE and created matching engine
2026-09-23T03:57:43.569088518Z [INFO] EDGETRADER-VIRTUAL.SimulatedExchange(BINANCE): Added instrument MULTIUSDT.BINANCE and created matching engine
2026-09-23T03:57:43.569257464Z [INFO] EDGETRADER-VIRTUAL.SimulatedExchange(BINANCE): Added instrument APEETH.BINANCE and created matching engine
2026-09-23T03:57:43.569434211Z [INFO] EDGETRADER-VIRTUAL.SimulatedExchange(BINANCE): Added instrument BSWETH.BINANCE and created matching engine
2026-09-23T03:57:43.569603102Z [INFO] EDGETRADER-VIRTUAL.SimulatedExchange(BINANCE): Added instrument FILTRY.BINANCE and created matching engine
2026-09-23T03:57:43.569783167Z [INFO] EDGETRADER-VIRTUAL.SimulatedExchange(BINANCE): Added instrument FTMEUR.BINANCE and created matching engine
2026-09-23T03:57:43.569987620Z [INFO] EDGETRADER-VIRTUAL.SimulatedExchange(BINANCE): Added instrument GMTGBP.BINANCE and created matching engine
2026-09-23T03:57:43.570163951Z [INFO] EDGETRADER-VIRTUAL.SimulatedExchange(BINANCE): Added instrument ZILTRY.BINANCE and created matching engine
2026-09-23T03:57:43.570333874Z [INFO] EDGETRADER-VIRTUAL.SimulatedExchange(BINANCE): Added instrument GMTTRY.BINANCE and created matching engine
2026-09-23T03:57:43.570508019Z [INFO] EDGETRADER-VIRTUAL.SimulatedExchange(BINANCE): Added instrument WAVESTRY.BINANCE and created matching engine
2026-09-23T03:57:43.570677760Z [INFO] EDGETRADER-VIRTUAL.SimulatedExchange(BINANCE): Added instrument BTCUST.BINANCE and created matching engine
2026-09-23T03:57:43.570855926Z [INFO] EDGETRADER-VIRTUAL.SimulatedExchange(BINANCE): Added instrument ASTRBTC.BINANCE and created matching engine
2026-09-23T03:57:43.571027782Z [INFO] EDGETRADER-VIRTUAL.SimulatedExchange(BINANCE): Added instrument ASTRETH.BINANCE and created matching engine
2026-09-23T03:57:43.571213898Z [INFO] EDGETRADER-VIRTUAL.SimulatedExchange(BINANCE): Added instrument BSWTRY.BINANCE and created matching engine
2026-09-23T03:57:43.571385682Z [INFO] EDGETRADER-VIRTUAL.SimulatedExchange(BINANCE): Added instrument FTTETH.BINANCE and created matching engine
2026-09-23T03:57:43.571564913Z [INFO] EDGETRADER-VIRTUAL.SimulatedExchange(BINANCE): Added instrument FUNBNB.BINANCE and created matching engine
2026-09-23T03:57:43.571759340Z [INFO] EDGETRADER-VIRTUAL.SimulatedExchange(BINANCE): Added instrument PORTOBUSD.BINANCE and created matching engine
2026-09-23T03:57:43.571934487Z [INFO] EDGETRADER-VIRTUAL.SimulatedExchange(BINANCE): Added instrument STEEMUSDT.BINANCE and created matching engine
2026-09-23T03:57:43.572110782Z [INFO] EDGETRADER-VIRTUAL.SimulatedExchange(BINANCE): Added instrument ZILEUR.BINANCE and created matching engine
2026-09-23T03:57:43.572291971Z [INFO] EDGETRADER-VIRTUAL.SimulatedExchange(BINANCE): Added instrument APEBRL.BINANCE and created matching engine
2026-09-23T03:57:43.572459447Z [INFO] EDGETRADER-VIRTUAL.SimulatedExchange(BINANCE): Added instrument AUDIOTRY.BINANCE and created matching engine
2026-09-23T03:57:43.572632453Z [INFO] EDGETRADER-VIRTUAL.SimulatedExchange(BINANCE): Added instrument BTTCBUSD.BINANCE and created matching engine
2026-09-23T03:57:43.572804322Z [INFO] EDGETRADER-VIRTUAL.SimulatedExchange(BINANCE): Added instrument GMTAUD.BINANCE and created matching engine
2026-09-23T03:57:43.572985589Z [INFO] EDGETRADER-VIRTUAL.SimulatedExchange(BINANCE): Added instrument MBLBUSD.BINANCE and created matching engine
2026-09-23T03:57:43.573157979Z [INFO] EDGETRADER-VIRTUAL.SimulatedExchange(BINANCE): Added instrument MOBUSDT.BINANCE and created matching engine
2026-09-23T03:57:43.573335506Z [INFO] EDGETRADER-VIRTUAL.SimulatedExchange(BINANCE): Added instrument MOBBUSD.BINANCE and created matching engine
2026-09-23T03:57:43.573507467Z [INFO] EDGETRADER-VIRTUAL.SimulatedExchange(BINANCE): Added instrument MOBBTC.BINANCE and created matching engine
2026-09-23T03:57:43.573680536Z [INFO] EDGETRADER-VIRTUAL.SimulatedExchange(BINANCE): Added instrument NEXOUSDT.BINANCE and created matching engine
2026-09-23T03:57:43.573844273Z [INFO] EDGETRADER-VIRTUAL.SimulatedExchange(BINANCE): Added instrument NEXOBUSD.BINANCE and created matching engine
2026-09-23T03:57:43.574024295Z [INFO] EDGETRADER-VIRTUAL.SimulatedExchange(BINANCE): Added instrument NEXOBTC.BINANCE and created matching engine
2026-09-23T03:57:43.574196842Z [INFO] EDGETRADER-VIRTUAL.SimulatedExchange(BINANCE): Added instrument REIUSDT.BINANCE and created matching engine
2026-09-23T03:57:43.574373943Z [INFO] EDGETRADER-VIRTUAL.SimulatedExchange(BINANCE): Added instrument REIBNB.BINANCE and created matching engine
2026-09-23T03:57:43.574545553Z [INFO] EDGETRADER-VIRTUAL.SimulatedExchange(BINANCE): Added instrument REIETH.BINANCE and created matching engine
2026-09-23T03:57:43.574725632Z [INFO] EDGETRADER-VIRTUAL.SimulatedExchange(BINANCE): Added instrument GALUSDT.BINANCE and created matching engine
2026-09-23T03:57:43.574896945Z [INFO] EDGETRADER-VIRTUAL.SimulatedExchange(BINANCE): Added instrument GALBUSD.BINANCE and created matching engine
2026-09-23T03:57:43.575075686Z [INFO] EDGETRADER-VIRTUAL.SimulatedExchange(BINANCE): Added instrument GALBNB.BINANCE and created matching engine
2026-09-23T03:57:43.575256438Z [INFO] EDGETRADER-VIRTUAL.SimulatedExchange(BINANCE): Added instrument GALBTC.BINANCE and created matching engine
2026-09-23T03:57:43.575434098Z [INFO] EDGETRADER-VIRTUAL.SimulatedExchange(BINANCE): Added instrument JASMYEUR.BINANCE and created matching engine
2026-09-23T03:57:43.575599958Z [INFO] EDGETRADER-VIRTUAL.SimulatedExchange(BINANCE): Added instrument KNCBNB.BINANCE and created matching engine
2026-09-23T03:57:43.575830622Z [INFO] EDGETRADER-VIRTUAL.SimulatedExchange(BINANCE): Added instrument SHIBGBP.BINANCE and created matching engine
2026-09-23T03:57:43.576023017Z [INFO] EDGETRADER-VIRTUAL.SimulatedExchange(BINANCE): Added instrument GALEUR.BINANCE and created matching engine
2026-09-23T03:57:43.576204215Z [INFO] EDGETRADER-VIRTUAL.SimulatedExchange(BINANCE): Added instrument GALTRY.BINANCE and created matching engine
2026-09-23T03:57:43.576382252Z [INFO] EDGETRADER-VIRTUAL.SimulatedExchange(BINANCE): Added instrument LDOBUSD.BINANCE and created matching engine
2026-09-23T03:57:43.576564739Z [INFO] EDGETRADER-VIRTUAL.SimulatedExchange(BINANCE): Added instrument LDOUSDT.BINANCE and created matching engine
2026-09-23T03:57:43.576738518Z [INFO] EDGETRADER-VIRTUAL.SimulatedExchange(BINANCE): Added instrument LDOBTC.BINANCE and created matching engine
2026-09-23T03:57:43.576918579Z [INFO] EDGETRADER-VIRTUAL.SimulatedExchange(BINANCE): Added instrument ENSTRY.BINANCE and created matching engine
2026-09-23T03:57:43.577090306Z [INFO] EDGETRADER-VIRTUAL.SimulatedExchange(BINANCE): Added instrument DAREUR.BINANCE and created matching engine
2026-09-23T03:57:43.577269726Z [INFO] EDGETRADER-VIRTUAL.SimulatedExchange(BINANCE): Added instrument DARETH.BINANCE and created matching engine
2026-09-23T03:57:43.577444593Z [INFO] EDGETRADER-VIRTUAL.SimulatedExchange(BINANCE): Added instrument ALGOETH.BINANCE and created matching engine
2026-09-23T03:57:43.577624510Z [INFO] EDGETRADER-VIRTUAL.SimulatedExchange(BINANCE): Added instrument ALGOTRY.BINANCE and created matching engine
2026-09-23T03:57:43.577796245Z [INFO] EDGETRADER-VIRTUAL.SimulatedExchange(BINANCE): Added instrument GALETH.BINANCE and created matching engine
2026-09-23T03:57:43.577977037Z [INFO] EDGETRADER-VIRTUAL.SimulatedExchange(BINANCE): Added instrument EPXUSDT.BINANCE and created matching engine
2026-09-23T03:57:43.578151571Z [INFO] EDGETRADER-VIRTUAL.SimulatedExchange(BINANCE): Added instrument EPXBUSD.BINANCE and created matching engine
2026-09-23T03:57:43.578333812Z [INFO] EDGETRADER-VIRTUAL.SimulatedExchange(BINANCE): Added instrument RUNETRY.BINANCE and created matching engine
2026-09-23T03:57:43.578504218Z [INFO] EDGETRADER-VIRTUAL.SimulatedExchange(BINANCE): Added instrument GALBRL.BINANCE and created matching engine
2026-09-23T03:57:43.578675312Z [INFO] EDGETRADER-VIRTUAL.SimulatedExchange(BINANCE): Added instrument STEEMBUSD.BINANCE and created matching engine
2026-09-23T03:57:43.578863220Z [INFO] EDGETRADER-VIRTUAL.SimulatedExchange(BINANCE): Added instrument CVCBUSD.BINANCE and created matching engine
2026-09-23T03:57:43.579039325Z [INFO] EDGETRADER-VIRTUAL.SimulatedExchange(BINANCE): Added instrument REIBUSD.BINANCE and created matching engine
2026-09-23T03:57:43.579228412Z [INFO] EDGETRADER-VIRTUAL.SimulatedExchange(BINANCE): Added instrument DREPBUSD.BINANCE and created matching engine
2026-09-23T03:57:43.579399167Z [INFO] EDGETRADER-VIRTUAL.SimulatedExchange(BINANCE): Added instrument AKROBUSD.BINANCE and created matching engine
2026-09-23T03:57:43.579587990Z [INFO] EDGETRADER-VIRTUAL.SimulatedExchange(BINANCE): Added instrument PUNDIXBUSD.BINANCE and created matching engine
2026-09-23T03:57:43.579782829Z [INFO] EDGETRADER-VIRTUAL.SimulatedExchange(BINANCE): Added instrument LUNCBUSD.BINANCE and created matching engine
2026-09-23T03:57:43.579962725Z [INFO] EDGETRADER-VIRTUAL.SimulatedExchange(BINANCE): Added instrument USTCBUSD.BINANCE and created matching engine
2026-09-23T03:57:43.580126192Z [INFO] EDGETRADER-VIRTUAL.SimulatedExchange(BINANCE): Added instrument OPBTC.BINANCE and created matching engine
2026-09-23T03:57:43.580306491Z [INFO] EDGETRADER-VIRTUAL.SimulatedExchange(BINANCE): Added instrument OPBUSD.BINANCE and created matching engine
2026-09-23T03:57:43.580478408Z [INFO] EDGETRADER-VIRTUAL.SimulatedExchange(BINANCE): Added instrument OPUSDT.BINANCE and created matching engine
2026-09-23T03:57:43.580657326Z [INFO] EDGETRADER-VIRTUAL.SimulatedExchange(BINANCE): Added instrument OGBUSD.BINANCE and created matching engine
2026-09-23T03:57:43.580834321Z [INFO] EDGETRADER-VIRTUAL.SimulatedExchange(BINANCE): Added instrument KEYBUSD.BINANCE and created matching engine
2026-09-23T03:57:43.581016646Z [INFO] EDGETRADER-VIRTUAL.SimulatedExchange(BINANCE): Added instrument ASRBUSD.BINANCE and created matching engine
2026-09-23T03:57:43.581183138Z [INFO] EDGETRADER-VIRTUAL.SimulatedExchange(BINANCE): Added instrument FIROBUSD.BINANCE and created matching engine
2026-09-23T03:57:43.581364131Z [INFO] EDGETRADER-VIRTUAL.SimulatedExchange(BINANCE): Added instrument NKNBUSD.BINANCE and created matching engine
2026-09-23T03:57:43.581525344Z [INFO] EDGETRADER-VIRTUAL.SimulatedExchange(BINANCE): Added instrument OPBNB.BINANCE and created matching engine
2026-09-23T03:57:43.581695679Z [INFO] EDGETRADER-VIRTUAL.SimulatedExchange(BINANCE): Added instrument OPEUR.BINANCE and created matching engine
2026-09-23T03:57:43.581901556Z [INFO] EDGETRADER-VIRTUAL.SimulatedExchange(BINANCE): Added instrument GTOBUSD.BINANCE and created matching engine
2026-09-23T03:57:43.582093231Z [INFO] EDGETRADER-VIRTUAL.SimulatedExchange(BINANCE): Added instrument SNXETH.BINANCE and created matching engine
2026-09-23T03:57:43.582314894Z [INFO] EDGETRADER-VIRTUAL.SimulatedExchange(BINANCE): Added instrument WBTCBUSD.BINANCE and created matching engine
2026-09-23T03:57:43.582557737Z [INFO] EDGETRADER-VIRTUAL.SimulatedExchange(BINANCE): Added instrument BELETH.BINANCE and created matching engine
2026-09-23T03:57:43.582818113Z [INFO] EDGETRADER-VIRTUAL.SimulatedExchange(BINANCE): Added instrument LITETH.BINANCE and created matching engine
2026-09-23T03:57:43.583101918Z [INFO] EDGETRADER-VIRTUAL.SimulatedExchange(BINANCE): Added instrument LEVERUSDT.BINANCE and created matching engine
2026-09-23T03:57:43.583361770Z [INFO] EDGETRADER-VIRTUAL.SimulatedExchange(BINANCE): Added instrument LEVERBUSD.BINANCE and created matching engine
2026-09-23T03:57:43.583614183Z [INFO] EDGETRADER-VIRTUAL.SimulatedExchange(BINANCE): Added instrument BURGERETH.BINANCE and created matching engine
2026-09-23T03:57:43.583880776Z [INFO] EDGETRADER-VIRTUAL.SimulatedExchange(BINANCE): Added instrument PEOPLEETH.BINANCE and created matching engine
2026-09-23T03:57:43.584145395Z [INFO] EDGETRADER-VIRTUAL.SimulatedExchange(BINANCE): Added instrument UNFIETH.BINANCE and created matching engine
2026-09-23T03:57:43.584361016Z [INFO] EDGETRADER-VIRTUAL.SimulatedExchange(BINANCE): Added instrument BONDETH.BINANCE and created matching engine
2026-09-23T03:57:43.584522465Z [INFO] EDGETRADER-VIRTUAL.SimulatedExchange(BINANCE): Added instrument STORJTRY.BINANCE and created matching engine
2026-09-23T03:57:43.584665291Z [INFO] EDGETRADER-VIRTUAL.SimulatedExchange(BINANCE): Added instrument OPETH.BINANCE and created matching engine
2026-09-23T03:57:43.584854225Z [INFO] EDGETRADER-VIRTUAL.SimulatedExchange(BINANCE): Added instrument ETCTRY.BINANCE and created matching engine
2026-09-23T03:57:43.585033790Z [INFO] EDGETRADER-VIRTUAL.SimulatedExchange(BINANCE): Added instrument WINGETH.BINANCE and created matching engine
2026-09-23T03:57:43.585218965Z [INFO] EDGETRADER-VIRTUAL.SimulatedExchange(BINANCE): Added instrument FILETH.BINANCE and created matching engine
2026-09-23T03:57:43.585394599Z [INFO] EDGETRADER-VIRTUAL.SimulatedExchange(BINANCE): Added instrument GLMBUSD.BINANCE and created matching engine
2026-09-23T03:57:43.585579753Z [INFO] EDGETRADER-VIRTUAL.SimulatedExchange(BINANCE): Added instrument SSVBUSD.BINANCE and created matching engine
2026-09-23T03:57:43.585754746Z [INFO] EDGETRADER-VIRTUAL.SimulatedExchange(BINANCE): Added instrument STGBTC.BINANCE and created matching engine
2026-09-23T03:57:43.585939344Z [INFO] EDGETRADER-VIRTUAL.SimulatedExchange(BINANCE): Added instrument STGBUSD.BINANCE and created matching engine
2026-09-23T03:57:43.586114021Z [INFO] EDGETRADER-VIRTUAL.SimulatedExchange(BINANCE): Added instrument STGUSDT.BINANCE and created matching engine
2026-09-23T03:57:43.586299283Z [INFO] EDGETRADER-VIRTUAL.SimulatedExchange(BINANCE): Added instrument ANKRTRY.BINANCE and created matching engine
2026-09-23T03:57:43.586473500Z [INFO] EDGETRADER-VIRTUAL.SimulatedExchange(BINANCE): Added instrument ARKBUSD.BINANCE and created matching engine
2026-09-23T03:57:43.586649575Z [INFO] EDGETRADER-VIRTUAL.SimulatedExchange(BINANCE): Added instrument BETHBUSD.BINANCE and created matching engine
2026-09-23T03:57:43.586817829Z [INFO] EDGETRADER-VIRTUAL.SimulatedExchange(BINANCE): Added instrument LOOMBUSD.BINANCE and created matching engine
2026-09-23T03:57:43.587000927Z [INFO] EDGETRADER-VIRTUAL.SimulatedExchange(BINANCE): Added instrument SNMBUSD.BINANCE and created matching engine
2026-09-23T03:57:43.587186820Z [INFO] EDGETRADER-VIRTUAL.SimulatedExchange(BINANCE): Added instrument AMBBUSD.BINANCE and created matching engine
2026-09-23T03:57:43.587364899Z [INFO] EDGETRADER-VIRTUAL.SimulatedExchange(BINANCE): Added instrument LUNCUSDT.BINANCE and created matching engine
2026-09-23T03:57:43.587542200Z [INFO] EDGETRADER-VIRTUAL.SimulatedExchange(BINANCE): Added instrument PHBBUSD.BINANCE and created matching engine
2026-09-23T03:57:43.587755681Z [INFO] EDGETRADER-VIRTUAL.SimulatedExchange(BINANCE): Added instrument GASBUSD.BINANCE and created matching engine
2026-09-23T03:57:43.587929671Z [INFO] EDGETRADER-VIRTUAL.SimulatedExchange(BINANCE): Added instrument NEBLBUSD.BINANCE and created matching engine
2026-09-23T03:57:43.588108690Z [INFO] EDGETRADER-VIRTUAL.SimulatedExchange(BINANCE): Added instrument PROSBUSD.BINANCE and created matching engine
2026-09-23T03:57:43.588283567Z [INFO] EDGETRADER-VIRTUAL.SimulatedExchange(BINANCE): Added instrument VIBBUSD.BINANCE and created matching engine
2026-09-23T03:57:43.588507887Z [INFO] EDGETRADER-VIRTUAL.SimulatedExchange(BINANCE): Added instrument GMXBTC.BINANCE and created matching engine
2026-09-23T03:57:43.588690629Z [INFO] EDGETRADER-VIRTUAL.SimulatedExchange(BINANCE): Added instrument GMXBUSD.BINANCE and created matching engine
2026-09-23T03:57:43.588877963Z [INFO] EDGETRADER-VIRTUAL.SimulatedExchange(BINANCE): Added instrument GMXUSDT.BINANCE and created matching engine
2026-09-23T03:57:43.589047435Z [INFO] EDGETRADER-VIRTUAL.SimulatedExchange(BINANCE): Added instrument AGIXBUSD.BINANCE and created matching engine
2026-09-23T03:57:43.589225010Z [INFO] EDGETRADER-VIRTUAL.SimulatedExchange(BINANCE): Added instrument NEBLUSDT.BINANCE and created matching engine
2026-09-23T03:57:43.589401245Z [INFO] EDGETRADER-VIRTUAL.SimulatedExchange(BINANCE): Added instrument SNTBUSD.BINANCE and created matching engine
2026-09-23T03:57:43.589578792Z [INFO] EDGETRADER-VIRTUAL.SimulatedExchange(BINANCE): Added instrument POLYXBTC.BINANCE and created matching engine
2026-09-23T03:57:43.589745129Z [INFO] EDGETRADER-VIRTUAL.SimulatedExchange(BINANCE): Added instrument POLYXBUSD.BINANCE and created matching engine
2026-09-23T03:57:43.589918072Z [INFO] EDGETRADER-VIRTUAL.SimulatedExchange(BINANCE): Added instrument POLYXUSDT.BINANCE and created matching engine
2026-09-23T03:57:43.590092746Z [INFO] EDGETRADER-VIRTUAL.SimulatedExchange(BINANCE): Added instrument APTBTC.BINANCE and created matching engine
2026-09-23T03:57:43.590277960Z [INFO] EDGETRADER-VIRTUAL.SimulatedExchange(BINANCE): Added instrument APTUSDT.BINANCE and created matching engine
2026-09-23T03:57:43.590453845Z [INFO] EDGETRADER-VIRTUAL.SimulatedExchange(BINANCE): Added instrument APTBUSD.BINANCE and created matching engine
2026-09-23T03:57:43.590636801Z [INFO] EDGETRADER-VIRTUAL.SimulatedExchange(BINANCE): Added instrument BTCPLN.BINANCE and created matching engine
2026-09-23T03:57:43.590811543Z [INFO] EDGETRADER-VIRTUAL.SimulatedExchange(BINANCE): Added instrument ETHPLN.BINANCE and created matching engine
2026-09-23T03:57:43.590998591Z [INFO] EDGETRADER-VIRTUAL.SimulatedExchange(BINANCE): Added instrument BUSDPLN.BINANCE and created matching engine
2026-09-23T03:57:43.591181393Z [INFO] EDGETRADER-VIRTUAL.SimulatedExchange(BINANCE): Added instrument APTEUR.BINANCE and created matching engine
2026-09-23T03:57:43.591377565Z [INFO] EDGETRADER-VIRTUAL.SimulatedExchange(BINANCE): Added instrument APTTRY.BINANCE and created matching engine
2026-09-23T03:57:43.591555988Z [INFO] EDGETRADER-VIRTUAL.SimulatedExchange(BINANCE): Added instrument APTBRL.BINANCE and created matching engine
2026-09-23T03:57:43.591761473Z [INFO] EDGETRADER-VIRTUAL.SimulatedExchange(BINANCE): Added instrument QKCBUSD.BINANCE and created matching engine
2026-09-23T03:57:43.591942819Z [INFO] EDGETRADER-VIRTUAL.SimulatedExchange(BINANCE): Added instrument OSMOBTC.BINANCE and created matching engine
2026-09-23T03:57:43.592123451Z [INFO] EDGETRADER-VIRTUAL.SimulatedExchange(BINANCE): Added instrument OSMOUSDT.BINANCE and created matching engine
2026-09-23T03:57:43.592294256Z [INFO] EDGETRADER-VIRTUAL.SimulatedExchange(BINANCE): Added instrument OSMOBUSD.BINANCE and created matching engine
2026-09-23T03:57:43.592477943Z [INFO] EDGETRADER-VIRTUAL.SimulatedExchange(BINANCE): Added instrument HFTBTC.BINANCE and created matching engine
2026-09-23T03:57:43.592655371Z [INFO] EDGETRADER-VIRTUAL.SimulatedExchange(BINANCE): Added instrument HFTBUSD.BINANCE and created matching engine
2026-09-23T03:57:43.592840443Z [INFO] EDGETRADER-VIRTUAL.SimulatedExchange(BINANCE): Added instrument HFTUSDT.BINANCE and created matching engine
2026-09-23T03:57:43.593018689Z [INFO] EDGETRADER-VIRTUAL.SimulatedExchange(BINANCE): Added instrument ARPAETH.BINANCE and created matching engine
2026-09-23T03:57:43.593204689Z [INFO] EDGETRADER-VIRTUAL.SimulatedExchange(BINANCE): Added instrument PHBUSDT.BINANCE and created matching engine
2026-09-23T03:57:43.593374262Z [INFO] EDGETRADER-VIRTUAL.SimulatedExchange(BINANCE): Added instrument VITEBUSD.BINANCE and created matching engine
2026-09-23T03:57:43.593559276Z [INFO] EDGETRADER-VIRTUAL.SimulatedExchange(BINANCE): Added instrument HOOKBTC.BINANCE and created matching engine
2026-09-23T03:57:43.593733102Z [INFO] EDGETRADER-VIRTUAL.SimulatedExchange(BINANCE): Added instrument HOOKUSDT.BINANCE and created matching engine
2026-09-23T03:57:43.593911565Z [INFO] EDGETRADER-VIRTUAL.SimulatedExchange(BINANCE): Added instrument HOOKBUSD.BINANCE and created matching engine
2026-09-23T03:57:43.594088670Z [INFO] EDGETRADER-VIRTUAL.SimulatedExchange(BINANCE): Added instrument HOOKBNB.BINANCE and created matching engine
2026-09-23T03:57:43.594267144Z [INFO] EDGETRADER-VIRTUAL.SimulatedExchange(BINANCE): Added instrument MAGICBTC.BINANCE and created matching engine
2026-09-23T03:57:43.594434121Z [INFO] EDGETRADER-VIRTUAL.SimulatedExchange(BINANCE): Added instrument MAGICBUSD.BINANCE and created matching engine
2026-09-23T03:57:43.594653912Z [INFO] EDGETRADER-VIRTUAL.SimulatedExchange(BINANCE): Added instrument MAGICUSDT.BINANCE and created matching engine
2026-09-23T03:57:43.594839989Z [INFO] EDGETRADER-VIRTUAL.SimulatedExchange(BINANCE): Added instrument BUSDRON.BINANCE and created matching engine
2026-09-23T03:57:43.595029247Z [INFO] EDGETRADER-VIRTUAL.SimulatedExchange(BINANCE): Added instrument HIFIETH.BINANCE and created matching engine
2026-09-23T03:57:43.595211639Z [INFO] EDGETRADER-VIRTUAL.SimulatedExchange(BINANCE): Added instrument HIFIUSDT.BINANCE and created matching engine
2026-09-23T03:57:43.595398233Z [INFO] EDGETRADER-VIRTUAL.SimulatedExchange(BINANCE): Added instrument RPLBTC.BINANCE and created matching engine
2026-09-23T03:57:43.595578237Z [INFO] EDGETRADER-VIRTUAL.SimulatedExchange(BINANCE): Added instrument RPLBUSD.BINANCE and created matching engine
2026-09-23T03:57:43.595784340Z [INFO] EDGETRADER-VIRTUAL.SimulatedExchange(BINANCE): Added instrument RPLUSDT.BINANCE and created matching engine
2026-09-23T03:57:43.595959083Z [INFO] EDGETRADER-VIRTUAL.SimulatedExchange(BINANCE): Added instrument PROSUSDT.BINANCE and created matching engine
2026-09-23T03:57:43.596146479Z [INFO] EDGETRADER-VIRTUAL.SimulatedExchange(BINANCE): Added instrument FETTRY.BINANCE and created matching engine
2026-09-23T03:57:43.596326639Z [INFO] EDGETRADER-VIRTUAL.SimulatedExchange(BINANCE): Added instrument GFTBUSD.BINANCE and created matching engine
2026-09-23T03:57:43.596506036Z [INFO] EDGETRADER-VIRTUAL.SimulatedExchange(BINANCE): Added instrument AGIXUSDT.BINANCE and created matching engine
2026-09-23T03:57:43.596684316Z [INFO] EDGETRADER-VIRTUAL.SimulatedExchange(BINANCE): Added instrument APTETH.BINANCE and created matching engine
2026-09-23T03:57:43.596867110Z [INFO] EDGETRADER-VIRTUAL.SimulatedExchange(BINANCE): Added instrument BTCRON.BINANCE and created matching engine
2026-09-23T03:57:43.597045619Z [INFO] EDGETRADER-VIRTUAL.SimulatedExchange(BINANCE): Added instrument GNSUSDT.BINANCE and created matching engine
2026-09-23T03:57:43.597230009Z [INFO] EDGETRADER-VIRTUAL.SimulatedExchange(BINANCE): Added instrument GNSBTC.BINANCE and created matching engine
2026-09-23T03:57:43.597406589Z [INFO] EDGETRADER-VIRTUAL.SimulatedExchange(BINANCE): Added instrument SYNBTC.BINANCE and created matching engine
2026-09-23T03:57:43.597593051Z [INFO] EDGETRADER-VIRTUAL.SimulatedExchange(BINANCE): Added instrument SYNUSDT.BINANCE and created matching engine
2026-09-23T03:57:43.597771965Z [INFO] EDGETRADER-VIRTUAL.SimulatedExchange(BINANCE): Added instrument VIBUSDT.BINANCE and created matching engine
2026-09-23T03:57:43.597960082Z [INFO] EDGETRADER-VIRTUAL.SimulatedExchange(BINANCE): Added instrument SSVUSDT.BINANCE and created matching engine
2026-09-23T03:57:43.598121820Z [INFO] EDGETRADER-VIRTUAL.SimulatedExchange(BINANCE): Added instrument LQTYUSDT.BINANCE and created matching engine
2026-09-23T03:57:43.598255949Z [INFO] EDGETRADER-VIRTUAL.SimulatedExchange(BINANCE): Added instrument LQTYBTC.BINANCE and created matching engine
2026-09-23T03:57:43.598399479Z [INFO] EDGETRADER-VIRTUAL.SimulatedExchange(BINANCE): Added instrument AMBUSDT.BINANCE and created matching engine
2026-09-23T03:57:43.598590459Z [INFO] EDGETRADER-VIRTUAL.SimulatedExchange(BINANCE): Added instrument BETHUSDT.BINANCE and created matching engine
2026-09-23T03:57:43.598754742Z [INFO] EDGETRADER-VIRTUAL.SimulatedExchange(BINANCE): Added instrument CFXTRY.BINANCE and created matching engine
2026-09-23T03:57:43.598911083Z [INFO] EDGETRADER-VIRTUAL.SimulatedExchange(BINANCE): Added instrument STXTRY.BINANCE and created matching engine
2026-09-23T03:57:43.599096866Z [INFO] EDGETRADER-VIRTUAL.SimulatedExchange(BINANCE): Added instrument USTCUSDT.BINANCE and created matching engine
2026-09-23T03:57:43.599309168Z [INFO] EDGETRADER-VIRTUAL.SimulatedExchange(BINANCE): Added instrument GASUSDT.BINANCE and created matching engine
2026-09-23T03:57:43.599503314Z [INFO] EDGETRADER-VIRTUAL.SimulatedExchange(BINANCE): Added instrument GLMUSDT.BINANCE and created matching engine
2026-09-23T03:57:43.599679795Z [INFO] EDGETRADER-VIRTUAL.SimulatedExchange(BINANCE): Added instrument PROMUSDT.BINANCE and created matching engine
2026-09-23T03:57:43.599864276Z [INFO] EDGETRADER-VIRTUAL.SimulatedExchange(BINANCE): Added instrument QKCUSDT.BINANCE and created matching engine
2026-09-23T03:57:43.599999497Z [INFO] EDGETRADER-VIRTUAL.SimulatedExchange(BINANCE): Added instrument UFTUSDT.BINANCE and created matching engine
2026-09-23T03:57:43.600168615Z [INFO] EDGETRADER-VIRTUAL.SimulatedExchange(BINANCE): Added instrument IDBTC.BINANCE and created matching engine
2026-09-23T03:57:43.600332497Z [INFO] EDGETRADER-VIRTUAL.SimulatedExchange(BINANCE): Added instrument IDBNB.BINANCE and created matching engine
2026-09-23T03:57:43.600548298Z [INFO] EDGETRADER-VIRTUAL.SimulatedExchange(BINANCE): Added instrument IDUSDT.BINANCE and created matching engine
2026-09-23T03:57:43.600730081Z [INFO] EDGETRADER-VIRTUAL.SimulatedExchange(BINANCE): Added instrument ARBBTC.BINANCE and created matching engine
2026-09-23T03:57:43.600912019Z [INFO] EDGETRADER-VIRTUAL.SimulatedExchange(BINANCE): Added instrument ARBUSDT.BINANCE and created matching engine
2026-09-23T03:57:43.601106266Z [INFO] EDGETRADER-VIRTUAL.SimulatedExchange(BINANCE): Added instrument AGIXTRY.BINANCE and created matching engine
2026-09-23T03:57:43.601292878Z [INFO] EDGETRADER-VIRTUAL.SimulatedExchange(BINANCE): Added instrument LOOMUSDT.BINANCE and created matching engine
2026-09-23T03:57:43.601484138Z [INFO] EDGETRADER-VIRTUAL.SimulatedExchange(BINANCE): Added instrument OAXUSDT.BINANCE and created matching engine
2026-09-23T03:57:43.601668378Z [INFO] EDGETRADER-VIRTUAL.SimulatedExchange(BINANCE): Added instrument ARBTUSD.BINANCE and created matching engine
2026-09-23T03:57:43.601857838Z [INFO] EDGETRADER-VIRTUAL.SimulatedExchange(BINANCE): Added instrument ARBTRY.BINANCE and created matching engine
2026-09-23T03:57:43.602036184Z [INFO] EDGETRADER-VIRTUAL.SimulatedExchange(BINANCE): Added instrument ARBEUR.BINANCE and created matching engine
2026-09-23T03:57:43.602222749Z [INFO] EDGETRADER-VIRTUAL.SimulatedExchange(BINANCE): Added instrument IDTUSD.BINANCE and created matching engine
2026-09-23T03:57:43.602389098Z [INFO] EDGETRADER-VIRTUAL.SimulatedExchange(BINANCE): Added instrument IDTRY.BINANCE and created matching engine
2026-09-23T03:57:43.602564411Z [INFO] EDGETRADER-VIRTUAL.SimulatedExchange(BINANCE): Added instrument IDEUR.BINANCE and created matching engine
2026-09-23T03:57:43.602748062Z [INFO] EDGETRADER-VIRTUAL.SimulatedExchange(BINANCE): Added instrument LDOTUSD.BINANCE and created matching engine
2026-09-23T03:57:43.602927004Z [INFO] EDGETRADER-VIRTUAL.SimulatedExchange(BINANCE): Added instrument MATICTUSD.BINANCE and created matching engine
2026-09-23T03:57:43.603117440Z [INFO] EDGETRADER-VIRTUAL.SimulatedExchange(BINANCE): Added instrument OPTUSD.BINANCE and created matching engine
2026-09-23T03:57:43.603320984Z [INFO] EDGETRADER-VIRTUAL.SimulatedExchange(BINANCE): Added instrument SOLTUSD.BINANCE and created matching engine
2026-09-23T03:57:43.603506052Z [INFO] EDGETRADER-VIRTUAL.SimulatedExchange(BINANCE): Added instrument SSVTUSD.BINANCE and created matching engine
2026-09-23T03:57:43.603715113Z [INFO] EDGETRADER-VIRTUAL.SimulatedExchange(BINANCE): Added instrument RDNTBTC.BINANCE and created matching engine
2026-09-23T03:57:43.603904075Z [INFO] EDGETRADER-VIRTUAL.SimulatedExchange(BINANCE): Added instrument RDNTUSDT.BINANCE and created matching engine
2026-09-23T03:57:43.604092189Z [INFO] EDGETRADER-VIRTUAL.SimulatedExchange(BINANCE): Added instrument RDNTTUSD.BINANCE and created matching engine
2026-09-23T03:57:43.604276404Z [INFO] EDGETRADER-VIRTUAL.SimulatedExchange(BINANCE): Added instrument ARBRUB.BINANCE and created matching engine
2026-09-23T03:57:43.604466365Z [INFO] EDGETRADER-VIRTUAL.SimulatedExchange(BINANCE): Added instrument JOETRY.BINANCE and created matching engine
2026-09-23T03:57:43.604644106Z [INFO] EDGETRADER-VIRTUAL.SimulatedExchange(BINANCE): Added instrument MAGICTRY.BINANCE and created matching engine
2026-09-23T03:57:43.604837763Z [INFO] EDGETRADER-VIRTUAL.SimulatedExchange(BINANCE): Added instrument USDTPLN.BINANCE and created matching engine
2026-09-23T03:57:43.605020412Z [INFO] EDGETRADER-VIRTUAL.SimulatedExchange(BINANCE): Added instrument ACHTRY.BINANCE and created matching engine
2026-09-23T03:57:43.605209950Z [INFO] EDGETRADER-VIRTUAL.SimulatedExchange(BINANCE): Added instrument XVSTRY.BINANCE and created matching engine
2026-09-23T03:57:43.605395576Z [INFO] EDGETRADER-VIRTUAL.SimulatedExchange(BINANCE): Added instrument EGLDRON.BINANCE and created matching engine
2026-09-23T03:57:43.605588616Z [INFO] EDGETRADER-VIRTUAL.SimulatedExchange(BINANCE): Added instrument USDTRON.BINANCE and created matching engine
2026-09-23T03:57:43.605773133Z [INFO] EDGETRADER-VIRTUAL.SimulatedExchange(BINANCE): Added instrument USDTARS.BINANCE and created matching engine
2026-09-23T03:57:43.605959731Z [INFO] EDGETRADER-VIRTUAL.SimulatedExchange(BINANCE): Added instrument DOGETUSD.BINANCE and created matching engine
2026-09-23T03:57:43.606138373Z [INFO] EDGETRADER-VIRTUAL.SimulatedExchange(BINANCE): Added instrument WBTCUSDT.BINANCE and created matching engine
2026-09-23T03:57:43.606331389Z [INFO] EDGETRADER-VIRTUAL.SimulatedExchange(BINANCE): Added instrument EDUUSDT.BINANCE and created matching engine
2026-09-23T03:57:43.606517302Z [INFO] EDGETRADER-VIRTUAL.SimulatedExchange(BINANCE): Added instrument EDUTUSD.BINANCE and created matching engine
2026-09-23T03:57:43.606708130Z [INFO] EDGETRADER-VIRTUAL.SimulatedExchange(BINANCE): Added instrument EDUBNB.BINANCE and created matching engine
2026-09-23T03:57:43.606926633Z [INFO] EDGETRADER-VIRTUAL.SimulatedExchange(BINANCE): Added instrument EDUBTC.BINANCE and created matching engine
2026-09-23T03:57:43.607130756Z [INFO] EDGETRADER-VIRTUAL.SimulatedExchange(BINANCE): Added instrument EDUEUR.BINANCE and created matching engine
2026-09-23T03:57:43.607316764Z [INFO] EDGETRADER-VIRTUAL.SimulatedExchange(BINANCE): Added instrument EDUTRY.BINANCE and created matching engine
2026-09-23T03:57:43.607529901Z [INFO] EDGETRADER-VIRTUAL.SimulatedExchange(BINANCE): Added instrument SUIUSDT.BINANCE and created matching engine
2026-09-23T03:57:43.607735959Z [INFO] EDGETRADER-VIRTUAL.SimulatedExchange(BINANCE): Added instrument SUITUSD.BINANCE and created matching engine
2026-09-23T03:57:43.607932964Z [INFO] EDGETRADER-VIRTUAL.SimulatedExchange(BINANCE): Added instrument SUIBTC.BINANCE and created matching engine
2026-09-23T03:57:43.608120787Z [INFO] EDGETRADER-VIRTUAL.SimulatedExchange(BINANCE): Added instrument SUIBNB.BINANCE and created matching engine
2026-09-23T03:57:43.608311985Z [INFO] EDGETRADER-VIRTUAL.SimulatedExchange(BINANCE): Added instrument SUIEUR.BINANCE and created matching engine
2026-09-23T03:57:43.608496355Z [INFO] EDGETRADER-VIRTUAL.SimulatedExchange(BINANCE): Added instrument SUITRY.BINANCE and created matching engine
2026-09-23T03:57:43.608678763Z [INFO] EDGETRADER-VIRTUAL.SimulatedExchange(BINANCE): Added instrument AERGOUSDT.BINANCE and created matching engine
2026-09-23T03:57:43.608864277Z [INFO] EDGETRADER-VIRTUAL.SimulatedExchange(BINANCE): Added instrument RNDRTRY.BINANCE and created matching engine
2026-09-23T03:57:43.609051989Z [INFO] EDGETRADER-VIRTUAL.SimulatedExchange(BINANCE): Added instrument PEPEUSDT.BINANCE and created matching engine
2026-09-23T03:57:43.609230068Z [INFO] EDGETRADER-VIRTUAL.SimulatedExchange(BINANCE): Added instrument PEPETUSD.BINANCE and created matching engine
2026-09-23T03:57:43.609412622Z [INFO] EDGETRADER-VIRTUAL.SimulatedExchange(BINANCE): Added instrument FLOKIUSDT.BINANCE and created matching engine
2026-09-23T03:57:43.609587353Z [INFO] EDGETRADER-VIRTUAL.SimulatedExchange(BINANCE): Added instrument FLOKITUSD.BINANCE and created matching engine
2026-09-23T03:57:43.609768766Z [INFO] EDGETRADER-VIRTUAL.SimulatedExchange(BINANCE): Added instrument OGTRY.BINANCE and created matching engine
2026-09-23T03:57:43.609954668Z [INFO] EDGETRADER-VIRTUAL.SimulatedExchange(BINANCE): Added instrument PEPETRY.BINANCE and created matching engine
2026-09-23T03:57:43.610144106Z [INFO] EDGETRADER-VIRTUAL.SimulatedExchange(BINANCE): Added instrument WBETHETH.BINANCE and created matching engine
2026-09-23T03:57:43.610331007Z [INFO] EDGETRADER-VIRTUAL.SimulatedExchange(BINANCE): Added instrument ASTUSDT.BINANCE and created matching engine
2026-09-23T03:57:43.610526065Z [INFO] EDGETRADER-VIRTUAL.SimulatedExchange(BINANCE): Added instrument SNTUSDT.BINANCE and created matching engine
2026-09-23T03:57:43.610704568Z [INFO] EDGETRADER-VIRTUAL.SimulatedExchange(BINANCE): Added instrument FLOKITRY.BINANCE and created matching engine
2026-09-23T03:57:43.610900165Z [INFO] EDGETRADER-VIRTUAL.SimulatedExchange(BINANCE): Added instrument CITYTRY.BINANCE and created matching engine
2026-09-23T03:57:43.611075884Z [INFO] EDGETRADER-VIRTUAL.SimulatedExchange(BINANCE): Added instrument COMBOUSDT.BINANCE and created matching engine
2026-09-23T03:57:43.611271896Z [INFO] EDGETRADER-VIRTUAL.SimulatedExchange(BINANCE): Added instrument COMBOBNB.BINANCE and created matching engine
2026-09-23T03:57:43.611454553Z [INFO] EDGETRADER-VIRTUAL.SimulatedExchange(BINANCE): Added instrument COMBOTRY.BINANCE and created matching engine
2026-09-23T03:57:43.611665000Z [INFO] EDGETRADER-VIRTUAL.SimulatedExchange(BINANCE): Added instrument LTCTRY.BINANCE and created matching engine
2026-09-23T03:57:43.611869866Z [INFO] EDGETRADER-VIRTUAL.SimulatedExchange(BINANCE): Added instrument RADTRY.BINANCE and created matching engine
2026-09-23T03:57:43.612066656Z [INFO] EDGETRADER-VIRTUAL.SimulatedExchange(BINANCE): Added instrument BTCARS.BINANCE and created matching engine
2026-09-23T03:57:43.612242286Z [INFO] EDGETRADER-VIRTUAL.SimulatedExchange(BINANCE): Added instrument OPTRY.BINANCE and created matching engine
2026-09-23T03:57:43.612438536Z [INFO] EDGETRADER-VIRTUAL.SimulatedExchange(BINANCE): Added instrument PAXGTRY.BINANCE and created matching engine
2026-09-23T03:57:43.612623084Z [INFO] EDGETRADER-VIRTUAL.SimulatedExchange(BINANCE): Added instrument MAVBTC.BINANCE and created matching engine
2026-09-23T03:57:43.612817844Z [INFO] EDGETRADER-VIRTUAL.SimulatedExchange(BINANCE): Added instrument MAVUSDT.BINANCE and created matching engine
2026-09-23T03:57:43.613005889Z [INFO] EDGETRADER-VIRTUAL.SimulatedExchange(BINANCE): Added instrument MAVTUSD.BINANCE and created matching engine
2026-09-23T03:57:43.613234700Z [INFO] EDGETRADER-VIRTUAL.SimulatedExchange(BINANCE): Added instrument CFXTUSD.BINANCE and created matching engine
2026-09-23T03:57:43.613414885Z [INFO] EDGETRADER-VIRTUAL.SimulatedExchange(BINANCE): Added instrument PENDLEBTC.BINANCE and created matching engine
2026-09-23T03:57:43.613602181Z [INFO] EDGETRADER-VIRTUAL.SimulatedExchange(BINANCE): Added instrument PENDLEUSDT.BINANCE and created matching engine
2026-09-23T03:57:43.613778022Z [INFO] EDGETRADER-VIRTUAL.SimulatedExchange(BINANCE): Added instrument PENDLETUSD.BINANCE and created matching engine
2026-09-23T03:57:43.613972380Z [INFO] EDGETRADER-VIRTUAL.SimulatedExchange(BINANCE): Added instrument MAVTRY.BINANCE and created matching engine
2026-09-23T03:57:43.614153218Z [INFO] EDGETRADER-VIRTUAL.SimulatedExchange(BINANCE): Added instrument OCEANTRY.BINANCE and created matching engine
2026-09-23T03:57:43.614349178Z [INFO] EDGETRADER-VIRTUAL.SimulatedExchange(BINANCE): Added instrument TUSDTRY.BINANCE and created matching engine
2026-09-23T03:57:43.614534540Z [INFO] EDGETRADER-VIRTUAL.SimulatedExchange(BINANCE): Added instrument ARBETH.BINANCE and created matching engine
2026-09-23T03:57:43.614725664Z [INFO] EDGETRADER-VIRTUAL.SimulatedExchange(BINANCE): Added instrument BCHTRY.BINANCE and created matching engine
2026-09-23T03:57:43.614909975Z [INFO] EDGETRADER-VIRTUAL.SimulatedExchange(BINANCE): Added instrument XVGTRY.BINANCE and created matching engine
2026-09-23T03:57:43.615112972Z [INFO] EDGETRADER-VIRTUAL.SimulatedExchange(BINANCE): Added instrument XVGTUSD.BINANCE and created matching engine
2026-09-23T03:57:43.615295061Z [INFO] EDGETRADER-VIRTUAL.SimulatedExchange(BINANCE): Added instrument ARKMUSDT.BINANCE and created matching engine
2026-09-23T03:57:43.615483842Z [INFO] EDGETRADER-VIRTUAL.SimulatedExchange(BINANCE): Added instrument ARKMTUSD.BINANCE and created matching engine
2026-09-23T03:57:43.615673386Z [INFO] EDGETRADER-VIRTUAL.SimulatedExchange(BINANCE): Added instrument ARKMTRY.BINANCE and created matching engine
2026-09-23T03:57:43.615901133Z [INFO] EDGETRADER-VIRTUAL.SimulatedExchange(BINANCE): Added instrument ARKMBNB.BINANCE and created matching engine
2026-09-23T03:57:43.616092050Z [INFO] EDGETRADER-VIRTUAL.SimulatedExchange(BINANCE): Added instrument ARKMBTC.BINANCE and created matching engine
2026-09-23T03:57:43.616276762Z [INFO] EDGETRADER-VIRTUAL.SimulatedExchange(BINANCE): Added instrument WBETHUSDT.BINANCE and created matching engine
2026-09-23T03:57:43.616463613Z [INFO] EDGETRADER-VIRTUAL.SimulatedExchange(BINANCE): Added instrument ACATRY.BINANCE and created matching engine
2026-09-23T03:57:43.616656125Z [INFO] EDGETRADER-VIRTUAL.SimulatedExchange(BINANCE): Added instrument AVAXTUSD.BINANCE and created matching engine
2026-09-23T03:57:43.616836284Z [INFO] EDGETRADER-VIRTUAL.SimulatedExchange(BINANCE): Added instrument COMPTUSD.BINANCE and created matching engine
2026-09-23T03:57:43.617032102Z [INFO] EDGETRADER-VIRTUAL.SimulatedExchange(BINANCE): Added instrument COMPTRY.BINANCE and created matching engine
2026-09-23T03:57:43.617217116Z [INFO] EDGETRADER-VIRTUAL.SimulatedExchange(BINANCE): Added instrument XECTRY.BINANCE and created matching engine
2026-09-23T03:57:43.617400647Z [INFO] EDGETRADER-VIRTUAL.SimulatedExchange(BINANCE): Added instrument QUICKTUSD.BINANCE and created matching engine
2026-09-23T03:57:43.617587368Z [INFO] EDGETRADER-VIRTUAL.SimulatedExchange(BINANCE): Added instrument WLDUSDT.BINANCE and created matching engine
2026-09-23T03:57:43.617781490Z [INFO] EDGETRADER-VIRTUAL.SimulatedExchange(BINANCE): Added instrument WLDBTC.BINANCE and created matching engine
2026-09-23T03:57:43.617965217Z [INFO] EDGETRADER-VIRTUAL.SimulatedExchange(BINANCE): Added instrument BNBFDUSD.BINANCE and created matching engine
2026-09-23T03:57:43.618148426Z [INFO] EDGETRADER-VIRTUAL.SimulatedExchange(BINANCE): Added instrument FDUSDBUSD.BINANCE and created matching engine
2026-09-23T03:57:43.618323460Z [INFO] EDGETRADER-VIRTUAL.SimulatedExchange(BINANCE): Added instrument FDUSDUSDT.BINANCE and created matching engine
2026-09-23T03:57:43.618520885Z [INFO] EDGETRADER-VIRTUAL.SimulatedExchange(BINANCE): Added instrument ARKMRUB.BINANCE and created matching engine
2026-09-23T03:57:43.618706233Z [INFO] EDGETRADER-VIRTUAL.SimulatedExchange(BINANCE): Added instrument WLDTRY.BINANCE and created matching engine
2026-09-23T03:57:43.618898105Z [INFO] EDGETRADER-VIRTUAL.SimulatedExchange(BINANCE): Added instrument WLDRUB.BINANCE and created matching engine
2026-09-23T03:57:43.619083544Z [INFO] EDGETRADER-VIRTUAL.SimulatedExchange(BINANCE): Added instrument AMPTRY.BINANCE and created matching engine
2026-09-23T03:57:43.619284547Z [INFO] EDGETRADER-VIRTUAL.SimulatedExchange(BINANCE): Added instrument OGNTRY.BINANCE and created matching engine
2026-09-23T03:57:43.619465401Z [INFO] EDGETRADER-VIRTUAL.SimulatedExchange(BINANCE): Added instrument BTCFDUSD.BINANCE and created matching engine
2026-09-23T03:57:43.619682678Z [INFO] EDGETRADER-VIRTUAL.SimulatedExchange(BINANCE): Added instrument ETHFDUSD.BINANCE and created matching engine
2026-09-23T03:57:43.619897921Z [INFO] EDGETRADER-VIRTUAL.SimulatedExchange(BINANCE): Added instrument ASRTRY.BINANCE and created matching engine
2026-09-23T03:57:43.620109428Z [INFO] EDGETRADER-VIRTUAL.SimulatedExchange(BINANCE): Added instrument ATMTRY.BINANCE and created matching engine
2026-09-23T03:57:43.620298828Z [INFO] EDGETRADER-VIRTUAL.SimulatedExchange(BINANCE): Added instrument ACMTRY.BINANCE and created matching engine
2026-09-23T03:57:43.620494793Z [INFO] EDGETRADER-VIRTUAL.SimulatedExchange(BINANCE): Added instrument BARTRY.BINANCE and created matching engine
2026-09-23T03:57:43.620684148Z [INFO] EDGETRADER-VIRTUAL.SimulatedExchange(BINANCE): Added instrument JUVTRY.BINANCE and created matching engine
2026-09-23T03:57:43.620880250Z [INFO] EDGETRADER-VIRTUAL.SimulatedExchange(BINANCE): Added instrument PSGTRY.BINANCE and created matching engine
2026-09-23T03:57:43.621066116Z [INFO] EDGETRADER-VIRTUAL.SimulatedExchange(BINANCE): Added instrument SEIBNB.BINANCE and created matching engine
2026-09-23T03:57:43.621261523Z [INFO] EDGETRADER-VIRTUAL.SimulatedExchange(BINANCE): Added instrument SEIBTC.BINANCE and created matching engine
2026-09-23T03:57:43.621445962Z [INFO] EDGETRADER-VIRTUAL.SimulatedExchange(BINANCE): Added instrument SEIFDUSD.BINANCE and created matching engine
2026-09-23T03:57:43.621640462Z [INFO] EDGETRADER-VIRTUAL.SimulatedExchange(BINANCE): Added instrument SEITRY.BINANCE and created matching engine
2026-09-23T03:57:43.621831163Z [INFO] EDGETRADER-VIRTUAL.SimulatedExchange(BINANCE): Added instrument SEIUSDT.BINANCE and created matching engine
2026-09-23T03:57:43.622023515Z [INFO] EDGETRADER-VIRTUAL.SimulatedExchange(BINANCE): Added instrument CYBERBNB.BINANCE and created matching engine
2026-09-23T03:57:43.622206886Z [INFO] EDGETRADER-VIRTUAL.SimulatedExchange(BINANCE): Added instrument CYBERBTC.BINANCE and created matching engine
2026-09-23T03:57:43.622390184Z [INFO] EDGETRADER-VIRTUAL.SimulatedExchange(BINANCE): Added instrument CYBERFDUSD.BINANCE and created matching engine
2026-09-23T03:57:43.622573410Z [INFO] EDGETRADER-VIRTUAL.SimulatedExchange(BINANCE): Added instrument CYBERTRY.BINANCE and created matching engine
2026-09-23T03:57:43.622761369Z [INFO] EDGETRADER-VIRTUAL.SimulatedExchange(BINANCE): Added instrument CYBERUSDT.BINANCE and created matching engine
2026-09-23T03:57:43.622938005Z [INFO] EDGETRADER-VIRTUAL.SimulatedExchange(BINANCE): Added instrument CYBERTUSD.BINANCE and created matching engine
2026-09-23T03:57:43.623140455Z [INFO] EDGETRADER-VIRTUAL.SimulatedExchange(BINANCE): Added instrument SEITUSD.BINANCE and created matching engine
2026-09-23T03:57:43.623331977Z [INFO] EDGETRADER-VIRTUAL.SimulatedExchange(BINANCE): Added instrument LPTTRY.BINANCE and created matching engine
2026-09-23T03:57:43.623530574Z [INFO] EDGETRADER-VIRTUAL.SimulatedExchange(BINANCE): Added instrument UNITRY.BINANCE and created matching engine
2026-09-23T03:57:43.623746778Z [INFO] EDGETRADER-VIRTUAL.SimulatedExchange(BINANCE): Added instrument SOLFDUSD.BINANCE and created matching engine
2026-09-23T03:57:43.623954220Z [INFO] EDGETRADER-VIRTUAL.SimulatedExchange(BINANCE): Added instrument TOMOTRY.BINANCE and created matching engine
2026-09-23T03:57:43.624147626Z [INFO] EDGETRADER-VIRTUAL.SimulatedExchange(BINANCE): Added instrument UNFITRY.BINANCE and created matching engine
2026-09-23T03:57:43.624341068Z [INFO] EDGETRADER-VIRTUAL.SimulatedExchange(BINANCE): Added instrument XRPFDUSD.BINANCE and created matching engine
2026-09-23T03:57:43.624521976Z [INFO] EDGETRADER-VIRTUAL.SimulatedExchange(BINANCE): Added instrument DOGEFDUSD.BINANCE and created matching engine
2026-09-23T03:57:43.624714228Z [INFO] EDGETRADER-VIRTUAL.SimulatedExchange(BINANCE): Added instrument CYBERETH.BINANCE and created matching engine
2026-09-23T03:57:43.624904204Z [INFO] EDGETRADER-VIRTUAL.SimulatedExchange(BINANCE): Added instrument MTLTRY.BINANCE and created matching engine
2026-09-23T03:57:43.625107479Z [INFO] EDGETRADER-VIRTUAL.SimulatedExchange(BINANCE): Added instrument ARKUSDT.BINANCE and created matching engine
2026-09-23T03:57:43.625287155Z [INFO] EDGETRADER-VIRTUAL.SimulatedExchange(BINANCE): Added instrument CREAMUSDT.BINANCE and created matching engine
2026-09-23T03:57:43.625487416Z [INFO] EDGETRADER-VIRTUAL.SimulatedExchange(BINANCE): Added instrument GFTUSDT.BINANCE and created matching engine
2026-09-23T03:57:43.625678531Z [INFO] EDGETRADER-VIRTUAL.SimulatedExchange(BINANCE): Added instrument IQUSDT.BINANCE and created matching engine
2026-09-23T03:57:43.625877926Z [INFO] EDGETRADER-VIRTUAL.SimulatedExchange(BINANCE): Added instrument USDTVAI.BINANCE and created matching engine
2026-09-23T03:57:43.626094674Z [INFO] EDGETRADER-VIRTUAL.SimulatedExchange(BINANCE): Added instrument ARBFDUSD.BINANCE and created matching engine
2026-09-23T03:57:43.626291235Z [INFO] EDGETRADER-VIRTUAL.SimulatedExchange(BINANCE): Added instrument FDUSDTRY.BINANCE and created matching engine
2026-09-23T03:57:43.626477977Z [INFO] EDGETRADER-VIRTUAL.SimulatedExchange(BINANCE): Added instrument FRONTTRY.BINANCE and created matching engine
2026-09-23T03:57:43.626670283Z [INFO] EDGETRADER-VIRTUAL.SimulatedExchange(BINANCE): Added instrument SUIFDUSD.BINANCE and created matching engine
2026-09-23T03:57:43.626862188Z [INFO] EDGETRADER-VIRTUAL.SimulatedExchange(BINANCE): Added instrument NTRNBTC.BINANCE and created matching engine
2026-09-23T03:57:43.627054587Z [INFO] EDGETRADER-VIRTUAL.SimulatedExchange(BINANCE): Added instrument NTRNUSDT.BINANCE and created matching engine
2026-09-23T03:57:43.627256063Z [INFO] EDGETRADER-VIRTUAL.SimulatedExchange(BINANCE): Added instrument NTRNBNB.BINANCE and created matching engine
2026-09-23T03:57:43.627449950Z [INFO] EDGETRADER-VIRTUAL.SimulatedExchange(BINANCE): Added instrument FILFDUSD.BINANCE and created matching engine
2026-09-23T03:57:43.627628735Z [INFO] EDGETRADER-VIRTUAL.SimulatedExchange(BINANCE): Added instrument FRONTTUSD.BINANCE and created matching engine
2026-09-23T03:57:43.627838652Z [INFO] EDGETRADER-VIRTUAL.SimulatedExchange(BINANCE): Added instrument LEVERTRY.BINANCE and created matching engine
2026-09-23T03:57:43.628025722Z [INFO] EDGETRADER-VIRTUAL.SimulatedExchange(BINANCE): Added instrument LTCFDUSD.BINANCE and created matching engine
2026-09-23T03:57:43.628219029Z [INFO] EDGETRADER-VIRTUAL.SimulatedExchange(BINANCE): Added instrument ADAFDUSD.BINANCE and created matching engine
2026-09-23T03:57:43.628403058Z [INFO] EDGETRADER-VIRTUAL.SimulatedExchange(BINANCE): Added instrument RUNETUSD.BINANCE and created matching engine
2026-09-23T03:57:43.628604069Z [INFO] EDGETRADER-VIRTUAL.SimulatedExchange(BINANCE): Added instrument TRBTRY.BINANCE and created matching engine
2026-09-23T03:57:43.628785705Z [INFO] EDGETRADER-VIRTUAL.SimulatedExchange(BINANCE): Added instrument ATOMFDUSD.BINANCE and created matching engine
2026-09-23T03:57:43.628976240Z [INFO] EDGETRADER-VIRTUAL.SimulatedExchange(BINANCE): Added instrument AVAXFDUSD.BINANCE and created matching engine
2026-09-23T03:57:43.629177887Z [INFO] EDGETRADER-VIRTUAL.SimulatedExchange(BINANCE): Added instrument BANDTRY.BINANCE and created matching engine
2026-09-23T03:57:43.629377525Z [INFO] EDGETRADER-VIRTUAL.SimulatedExchange(BINANCE): Added instrument BCHFDUSD.BINANCE and created matching engine
2026-09-23T03:57:43.629585007Z [INFO] EDGETRADER-VIRTUAL.SimulatedExchange(BINANCE): Added instrument LOOMTRY.BINANCE and created matching engine
2026-09-23T03:57:43.629763275Z [INFO] EDGETRADER-VIRTUAL.SimulatedExchange(BINANCE): Added instrument MATICFDUSD.BINANCE and created matching engine
2026-09-23T03:57:43.629954443Z [INFO] EDGETRADER-VIRTUAL.SimulatedExchange(BINANCE): Added instrument ALGOFDUSD.BINANCE and created matching engine
2026-09-23T03:57:43.630141129Z [INFO] EDGETRADER-VIRTUAL.SimulatedExchange(BINANCE): Added instrument DOTFDUSD.BINANCE and created matching engine
2026-09-23T03:57:43.630337751Z [INFO] EDGETRADER-VIRTUAL.SimulatedExchange(BINANCE): Added instrument FTMFDUSD.BINANCE and created matching engine
2026-09-23T03:57:43.630520561Z [INFO] EDGETRADER-VIRTUAL.SimulatedExchange(BINANCE): Added instrument LINKFDUSD.BINANCE and created matching engine
2026-09-23T03:57:43.630712667Z [INFO] EDGETRADER-VIRTUAL.SimulatedExchange(BINANCE): Added instrument NEARFDUSD.BINANCE and created matching engine
2026-09-23T03:57:43.630899980Z [INFO] EDGETRADER-VIRTUAL.SimulatedExchange(BINANCE): Added instrument STRAXTRY.BINANCE and created matching engine
2026-09-23T03:57:43.631110233Z [INFO] EDGETRADER-VIRTUAL.SimulatedExchange(BINANCE): Added instrument TIABTC.BINANCE and created matching engine
2026-09-23T03:57:43.631309225Z [INFO] EDGETRADER-VIRTUAL.SimulatedExchange(BINANCE): Added instrument TIAUSDT.BINANCE and created matching engine
2026-09-23T03:57:43.631510927Z [INFO] EDGETRADER-VIRTUAL.SimulatedExchange(BINANCE): Added instrument TIATRY.BINANCE and created matching engine
2026-09-23T03:57:43.631726782Z [INFO] EDGETRADER-VIRTUAL.SimulatedExchange(BINANCE): Added instrument MEMEBNB.BINANCE and created matching engine
2026-09-23T03:57:43.631928507Z [INFO] EDGETRADER-VIRTUAL.SimulatedExchange(BINANCE): Added instrument MEMEUSDT.BINANCE and created matching engine
2026-09-23T03:57:43.632115283Z [INFO] EDGETRADER-VIRTUAL.SimulatedExchange(BINANCE): Added instrument MEMEFDUSD.BINANCE and created matching engine
2026-09-23T03:57:43.632311140Z [INFO] EDGETRADER-VIRTUAL.SimulatedExchange(BINANCE): Added instrument MEMETUSD.BINANCE and created matching engine
2026-09-23T03:57:43.632508312Z [INFO] EDGETRADER-VIRTUAL.SimulatedExchange(BINANCE): Added instrument MEMETRY.BINANCE and created matching engine
2026-09-23T03:57:43.633070940Z [INFO] EDGETRADER-VIRTUAL.SimulatedExchange(BINANCE): Added instrument ORDIBTC.BINANCE and created matching engine
2026-09-23T03:57:43.633274688Z [INFO] EDGETRADER-VIRTUAL.SimulatedExchange(BINANCE): Added instrument ORDIUSDT.BINANCE and created matching engine
2026-09-23T03:57:43.633482187Z [INFO] EDGETRADER-VIRTUAL.SimulatedExchange(BINANCE): Added instrument ORDITRY.BINANCE and created matching engine
2026-09-23T03:57:43.633668062Z [INFO] EDGETRADER-VIRTUAL.SimulatedExchange(BINANCE): Added instrument EGLDFDUSD.BINANCE and created matching engine
2026-09-23T03:57:43.633866649Z [INFO] EDGETRADER-VIRTUAL.SimulatedExchange(BINANCE): Added instrument FETFDUSD.BINANCE and created matching engine
2026-09-23T03:57:43.634055302Z [INFO] EDGETRADER-VIRTUAL.SimulatedExchange(BINANCE): Added instrument GASFDUSD.BINANCE and created matching engine
2026-09-23T03:57:43.634258687Z [INFO] EDGETRADER-VIRTUAL.SimulatedExchange(BINANCE): Added instrument INJETH.BINANCE and created matching engine
2026-09-23T03:57:43.634468534Z [INFO] EDGETRADER-VIRTUAL.SimulatedExchange(BINANCE): Added instrument INJTUSD.BINANCE and created matching engine
2026-09-23T03:57:43.634673657Z [INFO] EDGETRADER-VIRTUAL.SimulatedExchange(BINANCE): Added instrument OPFDUSD.BINANCE and created matching engine
2026-09-23T03:57:43.634858797Z [INFO] EDGETRADER-VIRTUAL.SimulatedExchange(BINANCE): Added instrument ORDIFDUSD.BINANCE and created matching engine
2026-09-23T03:57:43.635054333Z [INFO] EDGETRADER-VIRTUAL.SimulatedExchange(BINANCE): Added instrument ORDITUSD.BINANCE and created matching engine
2026-09-23T03:57:43.635246068Z [INFO] EDGETRADER-VIRTUAL.SimulatedExchange(BINANCE): Added instrument RNDRFDUSD.BINANCE and created matching engine
2026-09-23T03:57:43.635446600Z [INFO] EDGETRADER-VIRTUAL.SimulatedExchange(BINANCE): Added instrument SHIBTUSD.BINANCE and created matching engine
2026-09-23T03:57:43.635633015Z [INFO] EDGETRADER-VIRTUAL.SimulatedExchange(BINANCE): Added instrument BEAMXUSDT.BINANCE and created matching engine
2026-09-23T03:57:43.635853117Z [INFO] EDGETRADER-VIRTUAL.SimulatedExchange(BINANCE): Added instrument ARKTRY.BINANCE and created matching engine
2026-09-23T03:57:43.636051321Z [INFO] EDGETRADER-VIRTUAL.SimulatedExchange(BINANCE): Added instrument BEAMXTRY.BINANCE and created matching engine
2026-09-23T03:57:43.636249581Z [INFO] EDGETRADER-VIRTUAL.SimulatedExchange(BINANCE): Added instrument CAKETRY.BINANCE and created matching engine
2026-09-23T03:57:43.636449799Z [INFO] EDGETRADER-VIRTUAL.SimulatedExchange(BINANCE): Added instrument CAKETUSD.BINANCE and created matching engine
2026-09-23T03:57:43.636634431Z [INFO] EDGETRADER-VIRTUAL.SimulatedExchange(BINANCE): Added instrument DYDXFDUSD.BINANCE and created matching engine
2026-09-23T03:57:43.636831783Z [INFO] EDGETRADER-VIRTUAL.SimulatedExchange(BINANCE): Added instrument PIVXUSDT.BINANCE and created matching engine
2026-09-23T03:57:43.637015664Z [INFO] EDGETRADER-VIRTUAL.SimulatedExchange(BINANCE): Added instrument RUNEFDUSD.BINANCE and created matching engine
2026-09-23T03:57:43.637218397Z [INFO] EDGETRADER-VIRTUAL.SimulatedExchange(BINANCE): Added instrument TIATUSD.BINANCE and created matching engine
2026-09-23T03:57:43.637414124Z [INFO] EDGETRADER-VIRTUAL.SimulatedExchange(BINANCE): Added instrument DOTTUSD.BINANCE and created matching engine
2026-09-23T03:57:43.637604483Z [INFO] EDGETRADER-VIRTUAL.SimulatedExchange(BINANCE): Added instrument GALAFDUSD.BINANCE and created matching engine
2026-09-23T03:57:43.637794524Z [INFO] EDGETRADER-VIRTUAL.SimulatedExchange(BINANCE): Added instrument WLDFDUSD.BINANCE and created matching engine
2026-09-23T03:57:43.637996086Z [INFO] EDGETRADER-VIRTUAL.SimulatedExchange(BINANCE): Added instrument GASTRY.BINANCE and created matching engine
2026-09-23T03:57:43.638192878Z [INFO] EDGETRADER-VIRTUAL.SimulatedExchange(BINANCE): Added instrument NTRNTRY.BINANCE and created matching engine
2026-09-23T03:57:43.638394775Z [INFO] EDGETRADER-VIRTUAL.SimulatedExchange(BINANCE): Added instrument VICBTC.BINANCE and created matching engine
2026-09-23T03:57:43.638591848Z [INFO] EDGETRADER-VIRTUAL.SimulatedExchange(BINANCE): Added instrument VICUSDT.BINANCE and created matching engine
2026-09-23T03:57:43.638816751Z [INFO] EDGETRADER-VIRTUAL.SimulatedExchange(BINANCE): Added instrument VICTRY.BINANCE and created matching engine
2026-09-23T03:57:43.639013848Z [INFO] EDGETRADER-VIRTUAL.SimulatedExchange(BINANCE): Added instrument BLURBTC.BINANCE and created matching engine
2026-09-23T03:57:43.639220200Z [INFO] EDGETRADER-VIRTUAL.SimulatedExchange(BINANCE): Added instrument BLURUSDT.BINANCE and created matching engine
2026-09-23T03:57:43.639418654Z [INFO] EDGETRADER-VIRTUAL.SimulatedExchange(BINANCE): Added instrument BLURTRY.BINANCE and created matching engine
2026-09-23T03:57:43.639644782Z [INFO] EDGETRADER-VIRTUAL.SimulatedExchange(BINANCE): Added instrument BLURFDUSD.BINANCE and created matching engine
2026-09-23T03:57:43.639849468Z [INFO] EDGETRADER-VIRTUAL.SimulatedExchange(BINANCE): Added instrument SUPERFDUSD.BINANCE and created matching engine
2026-09-23T03:57:43.640047786Z [INFO] EDGETRADER-VIRTUAL.SimulatedExchange(BINANCE): Added instrument USTCFDUSD.BINANCE and created matching engine
2026-09-23T03:57:43.640247609Z [INFO] EDGETRADER-VIRTUAL.SimulatedExchange(BINANCE): Added instrument USTCTRY.BINANCE and created matching engine
2026-09-23T03:57:43.640454271Z [INFO] EDGETRADER-VIRTUAL.SimulatedExchange(BINANCE): Added instrument DYDXTRY.BINANCE and created matching engine
2026-09-23T03:57:43.640640951Z [INFO] EDGETRADER-VIRTUAL.SimulatedExchange(BINANCE): Added instrument VANRYUSDT.BINANCE and created matching engine
2026-09-23T03:57:43.640840024Z [INFO] EDGETRADER-VIRTUAL.SimulatedExchange(BINANCE): Added instrument VANRYBTC.BINANCE and created matching engine
2026-09-23T03:57:43.641037798Z [INFO] EDGETRADER-VIRTUAL.SimulatedExchange(BINANCE): Added instrument BTCAEUR.BINANCE and created matching engine
2026-09-23T03:57:43.641236591Z [INFO] EDGETRADER-VIRTUAL.SimulatedExchange(BINANCE): Added instrument AEURUSDT.BINANCE and created matching engine
2026-09-23T03:57:43.641434829Z [INFO] EDGETRADER-VIRTUAL.SimulatedExchange(BINANCE): Added instrument ETHAEUR.BINANCE and created matching engine
2026-09-23T03:57:43.641639870Z [INFO] EDGETRADER-VIRTUAL.SimulatedExchange(BINANCE): Added instrument EURAEUR.BINANCE and created matching engine
2026-09-23T03:57:43.641823963Z [INFO] EDGETRADER-VIRTUAL.SimulatedExchange(BINANCE): Added instrument AUCTIONFDUSD.BINANCE and created matching engine
2026-09-23T03:57:43.642017109Z [INFO] EDGETRADER-VIRTUAL.SimulatedExchange(BINANCE): Added instrument IOTAFDUSD.BINANCE and created matching engine
2026-09-23T03:57:43.642215995Z [INFO] EDGETRADER-VIRTUAL.SimulatedExchange(BINANCE): Added instrument LUNCTRY.BINANCE and created matching engine
2026-09-23T03:57:43.642414924Z [INFO] EDGETRADER-VIRTUAL.SimulatedExchange(BINANCE): Added instrument SUPERTRY.BINANCE and created matching engine
2026-09-23T03:57:43.642612723Z [INFO] EDGETRADER-VIRTUAL.SimulatedExchange(BINANCE): Added instrument JTOUSDT.BINANCE and created matching engine
2026-09-23T03:57:43.642809927Z [INFO] EDGETRADER-VIRTUAL.SimulatedExchange(BINANCE): Added instrument JTOFDUSD.BINANCE and created matching engine
2026-09-23T03:57:43.643008266Z [INFO] EDGETRADER-VIRTUAL.SimulatedExchange(BINANCE): Added instrument JTOTRY.BINANCE and created matching engine
2026-09-23T03:57:43.643225811Z [INFO] EDGETRADER-VIRTUAL.SimulatedExchange(BINANCE): Added instrument 1000SATSUSDT.BINANCE and created matching engine
2026-09-23T03:57:43.643414857Z [INFO] EDGETRADER-VIRTUAL.SimulatedExchange(BINANCE): Added instrument 1000SATSFDUSD.BINANCE and created matching engine
2026-09-23T03:57:43.643610900Z [INFO] EDGETRADER-VIRTUAL.SimulatedExchange(BINANCE): Added instrument 1000SATSTRY.BINANCE and created matching engine
2026-09-23T03:57:43.643816288Z [INFO] EDGETRADER-VIRTUAL.SimulatedExchange(BINANCE): Added instrument SHIBFDUSD.BINANCE and created matching engine
2026-09-23T03:57:43.644012209Z [INFO] EDGETRADER-VIRTUAL.SimulatedExchange(BINANCE): Added instrument SANDFDUSD.BINANCE and created matching engine
2026-09-23T03:57:43.644222202Z [INFO] EDGETRADER-VIRTUAL.SimulatedExchange(BINANCE): Added instrument MEMEETH.BINANCE and created matching engine
2026-09-23T03:57:43.644422128Z [INFO] EDGETRADER-VIRTUAL.SimulatedExchange(BINANCE): Added instrument IOTATRY.BINANCE and created matching engine
2026-09-23T03:57:43.644623240Z [INFO] EDGETRADER-VIRTUAL.SimulatedExchange(BINANCE): Added instrument INJFDUSD.BINANCE and created matching engine
2026-09-23T03:57:43.644823113Z [INFO] EDGETRADER-VIRTUAL.SimulatedExchange(BINANCE): Added instrument FIDATRY.BINANCE and created matching engine
2026-09-23T03:57:43.645024188Z [INFO] EDGETRADER-VIRTUAL.SimulatedExchange(BINANCE): Added instrument BONKUSDT.BINANCE and created matching engine
2026-09-23T03:57:43.645211850Z [INFO] EDGETRADER-VIRTUAL.SimulatedExchange(BINANCE): Added instrument BONKFDUSD.BINANCE and created matching engine
2026-09-23T03:57:43.645418508Z [INFO] EDGETRADER-VIRTUAL.SimulatedExchange(BINANCE): Added instrument BONKTRY.BINANCE and created matching engine
2026-09-23T03:57:43.645611226Z [INFO] EDGETRADER-VIRTUAL.SimulatedExchange(BINANCE): Added instrument ACEFDUSD.BINANCE and created matching engine
2026-09-23T03:57:43.645817664Z [INFO] EDGETRADER-VIRTUAL.SimulatedExchange(BINANCE): Added instrument ACEUSDT.BINANCE and created matching engine
2026-09-23T03:57:43.646015006Z [INFO] EDGETRADER-VIRTUAL.SimulatedExchange(BINANCE): Added instrument ACEBNB.BINANCE and created matching engine
2026-09-23T03:57:43.646219928Z [INFO] EDGETRADER-VIRTUAL.SimulatedExchange(BINANCE): Added instrument ACEBTC.BINANCE and created matching engine
2026-09-23T03:57:43.646454636Z [INFO] EDGETRADER-VIRTUAL.SimulatedExchange(BINANCE): Added instrument ACETRY.BINANCE and created matching engine
2026-09-23T03:57:43.646662462Z [INFO] EDGETRADER-VIRTUAL.SimulatedExchange(BINANCE): Added instrument BLZFDUSD.BINANCE and created matching engine
2026-09-23T03:57:43.646864274Z [INFO] EDGETRADER-VIRTUAL.SimulatedExchange(BINANCE): Added instrument RARETRY.BINANCE and created matching engine
2026-09-23T03:57:43.647063596Z [INFO] EDGETRADER-VIRTUAL.SimulatedExchange(BINANCE): Added instrument VANRYTRY.BINANCE and created matching engine
2026-09-23T03:57:43.647269632Z [INFO] EDGETRADER-VIRTUAL.SimulatedExchange(BINANCE): Added instrument NFPBTC.BINANCE and created matching engine
2026-09-23T03:57:43.647478862Z [INFO] EDGETRADER-VIRTUAL.SimulatedExchange(BINANCE): Added instrument NFPUSDT.BINANCE and created matching engine
2026-09-23T03:57:43.647678005Z [INFO] EDGETRADER-VIRTUAL.SimulatedExchange(BINANCE): Added instrument NFPBNB.BINANCE and created matching engine
2026-09-23T03:57:43.647892878Z [INFO] EDGETRADER-VIRTUAL.SimulatedExchange(BINANCE): Added instrument NFPFDUSD.BINANCE and created matching engine
2026-09-23T03:57:43.648108455Z [INFO] EDGETRADER-VIRTUAL.SimulatedExchange(BINANCE): Added instrument NFPTUSD.BINANCE and created matching engine
2026-09-23T03:57:43.648317855Z [INFO] EDGETRADER-VIRTUAL.SimulatedExchange(BINANCE): Added instrument NFPTRY.BINANCE and created matching engine
2026-09-23T03:57:43.648517879Z [INFO] EDGETRADER-VIRTUAL.SimulatedExchange(BINANCE): Added instrument ARBUSDC.BINANCE and created matching engine
2026-09-23T03:57:43.648718061Z [INFO] EDGETRADER-VIRTUAL.SimulatedExchange(BINANCE): Added instrument AVAXUSDC.BINANCE and created matching engine
2026-09-23T03:57:43.648917268Z [INFO] EDGETRADER-VIRTUAL.SimulatedExchange(BINANCE): Added instrument DOTUSDC.BINANCE and created matching engine
2026-09-23T03:57:43.649122819Z [INFO] EDGETRADER-VIRTUAL.SimulatedExchange(BINANCE): Added instrument INJUSDC.BINANCE and created matching engine
2026-09-23T03:57:43.649322575Z [INFO] EDGETRADER-VIRTUAL.SimulatedExchange(BINANCE): Added instrument MATICUSDC.BINANCE and created matching engine
2026-09-23T03:57:43.649531358Z [INFO] EDGETRADER-VIRTUAL.SimulatedExchange(BINANCE): Added instrument OPUSDC.BINANCE and created matching engine
2026-09-23T03:57:43.649736484Z [INFO] EDGETRADER-VIRTUAL.SimulatedExchange(BINANCE): Added instrument ORDIUSDC.BINANCE and created matching engine
2026-09-23T03:57:43.649931204Z [INFO] EDGETRADER-VIRTUAL.SimulatedExchange(BINANCE): Added instrument AIBTC.BINANCE and created matching engine
2026-09-23T03:57:43.650124486Z [INFO] EDGETRADER-VIRTUAL.SimulatedExchange(BINANCE): Added instrument AIUSDT.BINANCE and created matching engine
2026-09-23T03:57:43.650317527Z [INFO] EDGETRADER-VIRTUAL.SimulatedExchange(BINANCE): Added instrument AIBNB.BINANCE and created matching engine
2026-09-23T03:57:43.650516072Z [INFO] EDGETRADER-VIRTUAL.SimulatedExchange(BINANCE): Added instrument AIFDUSD.BINANCE and created matching engine
2026-09-23T03:57:43.650721696Z [INFO] EDGETRADER-VIRTUAL.SimulatedExchange(BINANCE): Added instrument AITUSD.BINANCE and created matching engine
2026-09-23T03:57:43.650904630Z [INFO] EDGETRADER-VIRTUAL.SimulatedExchange(BINANCE): Added instrument AITRY.BINANCE and created matching engine
2026-09-23T03:57:43.651111417Z [INFO] EDGETRADER-VIRTUAL.SimulatedExchange(BINANCE): Added instrument ICPFDUSD.BINANCE and created matching engine
2026-09-23T03:57:43.651301482Z [INFO] EDGETRADER-VIRTUAL.SimulatedExchange(BINANCE): Added instrument LDOFDUSD.BINANCE and created matching engine
2026-09-23T03:57:43.651511657Z [INFO] EDGETRADER-VIRTUAL.SimulatedExchange(BINANCE): Added instrument MOVRTRY.BINANCE and created matching engine
2026-09-23T03:57:43.651725163Z [INFO] EDGETRADER-VIRTUAL.SimulatedExchange(BINANCE): Added instrument XAIBTC.BINANCE and created matching engine
2026-09-23T03:57:43.651939579Z [INFO] EDGETRADER-VIRTUAL.SimulatedExchange(BINANCE): Added instrument XAIUSDT.BINANCE and created matching engine
2026-09-23T03:57:43.652141235Z [INFO] EDGETRADER-VIRTUAL.SimulatedExchange(BINANCE): Added instrument XAIBNB.BINANCE and created matching engine
2026-09-23T03:57:43.652343875Z [INFO] EDGETRADER-VIRTUAL.SimulatedExchange(BINANCE): Added instrument XAIFDUSD.BINANCE and created matching engine
2026-09-23T03:57:43.652547615Z [INFO] EDGETRADER-VIRTUAL.SimulatedExchange(BINANCE): Added instrument XAITUSD.BINANCE and created matching engine
2026-09-23T03:57:43.652755056Z [INFO] EDGETRADER-VIRTUAL.SimulatedExchange(BINANCE): Added instrument XAITRY.BINANCE and created matching engine
2026-09-23T03:57:43.652977054Z [INFO] EDGETRADER-VIRTUAL.SimulatedExchange(BINANCE): Added instrument SKLTRY.BINANCE and created matching engine
2026-09-23T03:57:43.653219253Z [INFO] EDGETRADER-VIRTUAL.SimulatedExchange(BINANCE): Added instrument STXFDUSD.BINANCE and created matching engine
2026-09-23T03:57:43.653416961Z [INFO] EDGETRADER-VIRTUAL.SimulatedExchange(BINANCE): Added instrument TIAFDUSD.BINANCE and created matching engine
2026-09-23T03:57:43.653621609Z [INFO] EDGETRADER-VIRTUAL.SimulatedExchange(BINANCE): Added instrument MANTABTC.BINANCE and created matching engine
2026-09-23T03:57:43.653812488Z [INFO] EDGETRADER-VIRTUAL.SimulatedExchange(BINANCE): Added instrument MANTAUSDT.BINANCE and created matching engine
2026-09-23T03:57:43.654013766Z [INFO] EDGETRADER-VIRTUAL.SimulatedExchange(BINANCE): Added instrument MANTABNB.BINANCE and created matching engine
2026-09-23T03:57:43.654200224Z [INFO] EDGETRADER-VIRTUAL.SimulatedExchange(BINANCE): Added instrument MANTAFDUSD.BINANCE and created matching engine
2026-09-23T03:57:43.654400947Z [INFO] EDGETRADER-VIRTUAL.SimulatedExchange(BINANCE): Added instrument MANTATRY.BINANCE and created matching engine
2026-09-23T03:57:43.654595015Z [INFO] EDGETRADER-VIRTUAL.SimulatedExchange(BINANCE): Added instrument ENSFDUSD.BINANCE and created matching engine
2026-09-23T03:57:43.654796127Z [INFO] EDGETRADER-VIRTUAL.SimulatedExchange(BINANCE): Added instrument ETCFDUSD.BINANCE and created matching engine
2026-09-23T03:57:43.654999601Z [INFO] EDGETRADER-VIRTUAL.SimulatedExchange(BINANCE): Added instrument SUIUSDC.BINANCE and created matching engine
2026-09-23T03:57:43.655215079Z [INFO] EDGETRADER-VIRTUAL.SimulatedExchange(BINANCE): Added instrument TIAUSDC.BINANCE and created matching engine
2026-09-23T03:57:43.655410927Z [INFO] EDGETRADER-VIRTUAL.SimulatedExchange(BINANCE): Added instrument CHZFDUSD.BINANCE and created matching engine
2026-09-23T03:57:43.655608354Z [INFO] EDGETRADER-VIRTUAL.SimulatedExchange(BINANCE): Added instrument MANTAUSDC.BINANCE and created matching engine
2026-09-23T03:57:43.655828356Z [INFO] EDGETRADER-VIRTUAL.SimulatedExchange(BINANCE): Added instrument ALTBTC.BINANCE and created matching engine
2026-09-23T03:57:43.656041985Z [INFO] EDGETRADER-VIRTUAL.SimulatedExchange(BINANCE): Added instrument ALTUSDT.BINANCE and created matching engine
2026-09-23T03:57:43.656242996Z [INFO] EDGETRADER-VIRTUAL.SimulatedExchange(BINANCE): Added instrument ALTBNB.BINANCE and created matching engine
2026-09-23T03:57:43.656447806Z [INFO] EDGETRADER-VIRTUAL.SimulatedExchange(BINANCE): Added instrument ALTFDUSD.BINANCE and created matching engine
2026-09-23T03:57:43.656648362Z [INFO] EDGETRADER-VIRTUAL.SimulatedExchange(BINANCE): Added instrument ALTTRY.BINANCE and created matching engine
2026-09-23T03:57:43.656849900Z [INFO] EDGETRADER-VIRTUAL.SimulatedExchange(BINANCE): Added instrument APTFDUSD.BINANCE and created matching engine
2026-09-23T03:57:43.657045005Z [INFO] EDGETRADER-VIRTUAL.SimulatedExchange(BINANCE): Added instrument BLURUSDC.BINANCE and created matching engine
2026-09-23T03:57:43.657253888Z [INFO] EDGETRADER-VIRTUAL.SimulatedExchange(BINANCE): Added instrument JUPUSDT.BINANCE and created matching engine
2026-09-23T03:57:43.657448520Z [INFO] EDGETRADER-VIRTUAL.SimulatedExchange(BINANCE): Added instrument JUPFDUSD.BINANCE and created matching engine
2026-09-23T03:57:43.657655591Z [INFO] EDGETRADER-VIRTUAL.SimulatedExchange(BINANCE): Added instrument JUPTRY.BINANCE and created matching engine
2026-09-23T03:57:43.657873288Z [INFO] EDGETRADER-VIRTUAL.SimulatedExchange(BINANCE): Added instrument ALTUSDC.BINANCE and created matching engine
2026-09-23T03:57:43.658070034Z [INFO] EDGETRADER-VIRTUAL.SimulatedExchange(BINANCE): Added instrument MAGICFDUSD.BINANCE and created matching engine
2026-09-23T03:57:43.658274125Z [INFO] EDGETRADER-VIRTUAL.SimulatedExchange(BINANCE): Added instrument SEIUSDC.BINANCE and created matching engine
2026-09-23T03:57:43.658483845Z [INFO] EDGETRADER-VIRTUAL.SimulatedExchange(BINANCE): Added instrument PYTHBTC.BINANCE and created matching engine
2026-09-23T03:57:43.658680010Z [INFO] EDGETRADER-VIRTUAL.SimulatedExchange(BINANCE): Added instrument PYTHUSDT.BINANCE and created matching engine
2026-09-23T03:57:43.658877819Z [INFO] EDGETRADER-VIRTUAL.SimulatedExchange(BINANCE): Added instrument PYTHFDUSD.BINANCE and created matching engine
2026-09-23T03:57:43.659080380Z [INFO] EDGETRADER-VIRTUAL.SimulatedExchange(BINANCE): Added instrument PYTHTRY.BINANCE and created matching engine
2026-09-23T03:57:43.659293136Z [INFO] EDGETRADER-VIRTUAL.SimulatedExchange(BINANCE): Added instrument RONINBTC.BINANCE and created matching engine
2026-09-23T03:57:43.659485382Z [INFO] EDGETRADER-VIRTUAL.SimulatedExchange(BINANCE): Added instrument RONINUSDT.BINANCE and created matching engine
2026-09-23T03:57:43.659681765Z [INFO] EDGETRADER-VIRTUAL.SimulatedExchange(BINANCE): Added instrument RONINFDUSD.BINANCE and created matching engine
2026-09-23T03:57:43.659895806Z [INFO] EDGETRADER-VIRTUAL.SimulatedExchange(BINANCE): Added instrument RONINTRY.BINANCE and created matching engine
2026-09-23T03:57:43.660137449Z [INFO] EDGETRADER-VIRTUAL.SimulatedExchange(BINANCE): Added instrument DYMBTC.BINANCE and created matching engine
2026-09-23T03:57:43.660347491Z [INFO] EDGETRADER-VIRTUAL.SimulatedExchange(BINANCE): Added instrument DYMUSDT.BINANCE and created matching engine
2026-09-23T03:57:43.660555617Z [INFO] EDGETRADER-VIRTUAL.SimulatedExchange(BINANCE): Added instrument DYMFDUSD.BINANCE and created matching engine
2026-09-23T03:57:43.660756488Z [INFO] EDGETRADER-VIRTUAL.SimulatedExchange(BINANCE): Added instrument DYMTRY.BINANCE and created matching engine
2026-09-23T03:57:43.660968991Z [INFO] EDGETRADER-VIRTUAL.SimulatedExchange(BINANCE): Added instrument JUPUSDC.BINANCE and created matching engine
2026-09-23T03:57:43.661158780Z [INFO] EDGETRADER-VIRTUAL.SimulatedExchange(BINANCE): Added instrument PENDLEFDUSD.BINANCE and created matching engine
2026-09-23T03:57:43.661363553Z [INFO] EDGETRADER-VIRTUAL.SimulatedExchange(BINANCE): Added instrument PIXELBTC.BINANCE and created matching engine
2026-09-23T03:57:43.661562910Z [INFO] EDGETRADER-VIRTUAL.SimulatedExchange(BINANCE): Added instrument PIXELBNB.BINANCE and created matching engine
2026-09-23T03:57:43.661759629Z [INFO] EDGETRADER-VIRTUAL.SimulatedExchange(BINANCE): Added instrument PIXELUSDT.BINANCE and created matching engine
2026-09-23T03:57:43.661948725Z [INFO] EDGETRADER-VIRTUAL.SimulatedExchange(BINANCE): Added instrument PIXELFDUSD.BINANCE and created matching engine
2026-09-23T03:57:43.662151557Z [INFO] EDGETRADER-VIRTUAL.SimulatedExchange(BINANCE): Added instrument PIXELTRY.BINANCE and created matching engine
2026-09-23T03:57:43.662355709Z [INFO] EDGETRADER-VIRTUAL.SimulatedExchange(BINANCE): Added instrument STRKBTC.BINANCE and created matching engine
2026-09-23T03:57:43.662559332Z [INFO] EDGETRADER-VIRTUAL.SimulatedExchange(BINANCE): Added instrument STRKUSDT.BINANCE and created matching engine
2026-09-23T03:57:43.662764877Z [INFO] EDGETRADER-VIRTUAL.SimulatedExchange(BINANCE): Added instrument STRKFDUSD.BINANCE and created matching engine
2026-09-23T03:57:43.662979519Z [INFO] EDGETRADER-VIRTUAL.SimulatedExchange(BINANCE): Added instrument STRKTRY.BINANCE and created matching engine
2026-09-23T03:57:43.663193047Z [INFO] EDGETRADER-VIRTUAL.SimulatedExchange(BINANCE): Added instrument FILUSDC.BINANCE and created matching engine
2026-09-23T03:57:43.663404389Z [INFO] EDGETRADER-VIRTUAL.SimulatedExchange(BINANCE): Added instrument HBARTRY.BINANCE and created matching engine
2026-09-23T03:57:43.663597506Z [INFO] EDGETRADER-VIRTUAL.SimulatedExchange(BINANCE): Added instrument PENDLETRY.BINANCE and created matching engine
2026-09-23T03:57:43.663830028Z [INFO] EDGETRADER-VIRTUAL.SimulatedExchange(BINANCE): Added instrument WLDUSDC.BINANCE and created matching engine
2026-09-23T03:57:43.664037029Z [INFO] EDGETRADER-VIRTUAL.SimulatedExchange(BINANCE): Added instrument CKBTRY.BINANCE and created matching engine
2026-09-23T03:57:43.664252626Z [INFO] EDGETRADER-VIRTUAL.SimulatedExchange(BINANCE): Added instrument COTITRY.BINANCE and created matching engine
2026-09-23T03:57:43.664456752Z [INFO] EDGETRADER-VIRTUAL.SimulatedExchange(BINANCE): Added instrument LDOTRY.BINANCE and created matching engine
2026-09-23T03:57:43.664670330Z [INFO] EDGETRADER-VIRTUAL.SimulatedExchange(BINANCE): Added instrument UNIUSDC.BINANCE and created matching engine
2026-09-23T03:57:43.664867326Z [INFO] EDGETRADER-VIRTUAL.SimulatedExchange(BINANCE): Added instrument PORTALBTC.BINANCE and created matching engine
2026-09-23T03:57:43.665066327Z [INFO] EDGETRADER-VIRTUAL.SimulatedExchange(BINANCE): Added instrument PORTALUSDT.BINANCE and created matching engine
2026-09-23T03:57:43.665259098Z [INFO] EDGETRADER-VIRTUAL.SimulatedExchange(BINANCE): Added instrument PORTALBNB.BINANCE and created matching engine
2026-09-23T03:57:43.665457616Z [INFO] EDGETRADER-VIRTUAL.SimulatedExchange(BINANCE): Added instrument PORTALFDUSD.BINANCE and created matching engine
2026-09-23T03:57:43.665650402Z [INFO] EDGETRADER-VIRTUAL.SimulatedExchange(BINANCE): Added instrument PORTALTRY.BINANCE and created matching engine
2026-09-23T03:57:43.665862856Z [INFO] EDGETRADER-VIRTUAL.SimulatedExchange(BINANCE): Added instrument PDABTC.BINANCE and created matching engine
2026-09-23T03:57:43.666069322Z [INFO] EDGETRADER-VIRTUAL.SimulatedExchange(BINANCE): Added instrument PDAUSDT.BINANCE and created matching engine
2026-09-23T03:57:43.666278767Z [INFO] EDGETRADER-VIRTUAL.SimulatedExchange(BINANCE): Added instrument AXLBTC.BINANCE and created matching engine
2026-09-23T03:57:43.666483263Z [INFO] EDGETRADER-VIRTUAL.SimulatedExchange(BINANCE): Added instrument AXLUSDT.BINANCE and created matching engine
2026-09-23T03:57:43.666686852Z [INFO] EDGETRADER-VIRTUAL.SimulatedExchange(BINANCE): Added instrument AXLFDUSD.BINANCE and created matching engine
2026-09-23T03:57:43.666922681Z [INFO] EDGETRADER-VIRTUAL.SimulatedExchange(BINANCE): Added instrument AXLTRY.BINANCE and created matching engine
2026-09-23T03:57:43.667135977Z [INFO] EDGETRADER-VIRTUAL.SimulatedExchange(BINANCE): Added instrument PEPEFDUSD.BINANCE and created matching engine
2026-09-23T03:57:43.667331532Z [INFO] EDGETRADER-VIRTUAL.SimulatedExchange(BINANCE): Added instrument PIXELUSDC.BINANCE and created matching engine
2026-09-23T03:57:43.667539709Z [INFO] EDGETRADER-VIRTUAL.SimulatedExchange(BINANCE): Added instrument STRKUSDC.BINANCE and created matching engine
2026-09-23T03:57:43.667772427Z [INFO] EDGETRADER-VIRTUAL.SimulatedExchange(BINANCE): Added instrument UNIFDUSD.BINANCE and created matching engine
2026-09-23T03:57:43.667976184Z [INFO] EDGETRADER-VIRTUAL.SimulatedExchange(BINANCE): Added instrument OMTRY.BINANCE and created matching engine
2026-09-23T03:57:43.668176909Z [INFO] EDGETRADER-VIRTUAL.SimulatedExchange(BINANCE): Added instrument THETATRY.BINANCE and created matching engine
2026-09-23T03:57:43.668388647Z [INFO] EDGETRADER-VIRTUAL.SimulatedExchange(BINANCE): Added instrument WIFBTC.BINANCE and created matching engine
2026-09-23T03:57:43.668597583Z [INFO] EDGETRADER-VIRTUAL.SimulatedExchange(BINANCE): Added instrument WIFUSDT.BINANCE and created matching engine
2026-09-23T03:57:43.668803852Z [INFO] EDGETRADER-VIRTUAL.SimulatedExchange(BINANCE): Added instrument WIFFDUSD.BINANCE and created matching engine
2026-09-23T03:57:43.669008399Z [INFO] EDGETRADER-VIRTUAL.SimulatedExchange(BINANCE): Added instrument WIFTRY.BINANCE and created matching engine
2026-09-23T03:57:43.669210292Z [INFO] EDGETRADER-VIRTUAL.SimulatedExchange(BINANCE): Added instrument AGIXFDUSD.BINANCE and created matching engine
2026-09-23T03:57:43.669409990Z [INFO] EDGETRADER-VIRTUAL.SimulatedExchange(BINANCE): Added instrument PEPEUSDC.BINANCE and created matching engine
2026-09-23T03:57:43.669616390Z [INFO] EDGETRADER-VIRTUAL.SimulatedExchange(BINANCE): Added instrument SHIBUSDC.BINANCE and created matching engine
2026-09-23T03:57:43.669807667Z [INFO] EDGETRADER-VIRTUAL.SimulatedExchange(BINANCE): Added instrument THETAFDUSD.BINANCE and created matching engine
2026-09-23T03:57:43.670006280Z [INFO] EDGETRADER-VIRTUAL.SimulatedExchange(BINANCE): Added instrument ARTRY.BINANCE and created matching engine
2026-09-23T03:57:43.670206311Z [INFO] EDGETRADER-VIRTUAL.SimulatedExchange(BINANCE): Added instrument METISBTC.BINANCE and created matching engine
2026-09-23T03:57:43.670408226Z [INFO] EDGETRADER-VIRTUAL.SimulatedExchange(BINANCE): Added instrument METISUSDT.BINANCE and created matching engine
2026-09-23T03:57:43.670599928Z [INFO] EDGETRADER-VIRTUAL.SimulatedExchange(BINANCE): Added instrument METISFDUSD.BINANCE and created matching engine
2026-09-23T03:57:43.670808540Z [INFO] EDGETRADER-VIRTUAL.SimulatedExchange(BINANCE): Added instrument METISTRY.BINANCE and created matching engine
2026-09-23T03:57:43.671013440Z [INFO] EDGETRADER-VIRTUAL.SimulatedExchange(BINANCE): Added instrument BNBJPY.BINANCE and created matching engine
2026-09-23T03:57:43.671234800Z [INFO] EDGETRADER-VIRTUAL.SimulatedExchange(BINANCE): Added instrument BTCJPY.BINANCE and created matching engine
2026-09-23T03:57:43.671440109Z [INFO] EDGETRADER-VIRTUAL.SimulatedExchange(BINANCE): Added instrument ETHJPY.BINANCE and created matching engine
2026-09-23T03:57:43.671640076Z [INFO] EDGETRADER-VIRTUAL.SimulatedExchange(BINANCE): Added instrument FLOKIFDUSD.BINANCE and created matching engine
2026-09-23T03:57:43.671857946Z [INFO] EDGETRADER-VIRTUAL.SimulatedExchange(BINANCE): Added instrument GRTFDUSD.BINANCE and created matching engine
2026-09-23T03:57:43.672069160Z [INFO] EDGETRADER-VIRTUAL.SimulatedExchange(BINANCE): Added instrument NEARUSDC.BINANCE and created matching engine
2026-09-23T03:57:43.672275628Z [INFO] EDGETRADER-VIRTUAL.SimulatedExchange(BINANCE): Added instrument SNXTRY.BINANCE and created matching engine
2026-09-23T03:57:43.672493026Z [INFO] EDGETRADER-VIRTUAL.SimulatedExchange(BINANCE): Added instrument AEVOBTC.BINANCE and created matching engine
2026-09-23T03:57:43.672660167Z [INFO] EDGETRADER-VIRTUAL.SimulatedExchange(BINANCE): Added instrument AEVOUSDT.BINANCE and created matching engine
2026-09-23T03:57:43.672839729Z [INFO] EDGETRADER-VIRTUAL.SimulatedExchange(BINANCE): Added instrument AEVOBNB.BINANCE and created matching engine
2026-09-23T03:57:43.673022955Z [INFO] EDGETRADER-VIRTUAL.SimulatedExchange(BINANCE): Added instrument AEVOFDUSD.BINANCE and created matching engine
2026-09-23T03:57:43.673241058Z [INFO] EDGETRADER-VIRTUAL.SimulatedExchange(BINANCE): Added instrument AEVOTRY.BINANCE and created matching engine
2026-09-23T03:57:43.673473165Z [INFO] EDGETRADER-VIRTUAL.SimulatedExchange(BINANCE): Added instrument FETUSDC.BINANCE and created matching engine
2026-09-23T03:57:43.673690663Z [INFO] EDGETRADER-VIRTUAL.SimulatedExchange(BINANCE): Added instrument IMXTRY.BINANCE and created matching engine
2026-09-23T03:57:43.673934603Z [INFO] EDGETRADER-VIRTUAL.SimulatedExchange(BINANCE): Added instrument EURUSDC.BINANCE and created matching engine
2026-09-23T03:57:43.674123633Z [INFO] EDGETRADER-VIRTUAL.SimulatedExchange(BINANCE): Added instrument BOMETRY.BINANCE and created matching engine
2026-09-23T03:57:43.674334355Z [INFO] EDGETRADER-VIRTUAL.SimulatedExchange(BINANCE): Added instrument BOMEBTC.BINANCE and created matching engine
2026-09-23T03:57:43.674545536Z [INFO] EDGETRADER-VIRTUAL.SimulatedExchange(BINANCE): Added instrument BOMEUSDT.BINANCE and created matching engine
2026-09-23T03:57:43.674745612Z [INFO] EDGETRADER-VIRTUAL.SimulatedExchange(BINANCE): Added instrument BOMEFDUSD.BINANCE and created matching engine
2026-09-23T03:57:43.674956020Z [INFO] EDGETRADER-VIRTUAL.SimulatedExchange(BINANCE): Added instrument ETHFIBTC.BINANCE and created matching engine
2026-09-23T03:57:43.675127762Z [INFO] EDGETRADER-VIRTUAL.SimulatedExchange(BINANCE): Added instrument ETHFIUSDT.BINANCE and created matching engine
2026-09-23T03:57:43.675279453Z [INFO] EDGETRADER-VIRTUAL.SimulatedExchange(BINANCE): Added instrument ETHFIBNB.BINANCE and created matching engine
2026-09-23T03:57:43.675464893Z [INFO] EDGETRADER-VIRTUAL.SimulatedExchange(BINANCE): Added instrument ETHFIFDUSD.BINANCE and created matching engine
2026-09-23T03:57:43.675675275Z [INFO] EDGETRADER-VIRTUAL.SimulatedExchange(BINANCE): Added instrument ETHFITRY.BINANCE and created matching engine
2026-09-23T03:57:43.675900986Z [INFO] EDGETRADER-VIRTUAL.SimulatedExchange(BINANCE): Added instrument AAVETRY.BINANCE and created matching engine
2026-09-23T03:57:43.676059851Z [INFO] EDGETRADER-VIRTUAL.SimulatedExchange(BINANCE): Added instrument ARKMFDUSD.BINANCE and created matching engine
2026-09-23T03:57:43.676219705Z [INFO] EDGETRADER-VIRTUAL.SimulatedExchange(BINANCE): Added instrument CRVTRY.BINANCE and created matching engine
2026-09-23T03:57:43.676447300Z [INFO] EDGETRADER-VIRTUAL.SimulatedExchange(BINANCE): Added instrument FETBRL.BINANCE and created matching engine
2026-09-23T03:57:43.676657692Z [INFO] EDGETRADER-VIRTUAL.SimulatedExchange(BINANCE): Added instrument RAYFDUSD.BINANCE and created matching engine
2026-09-23T03:57:43.676868448Z [INFO] EDGETRADER-VIRTUAL.SimulatedExchange(BINANCE): Added instrument RNDREUR.BINANCE and created matching engine
2026-09-23T03:57:43.677080228Z [INFO] EDGETRADER-VIRTUAL.SimulatedExchange(BINANCE): Added instrument BONKUSDC.BINANCE and created matching engine
2026-09-23T03:57:43.677276545Z [INFO] EDGETRADER-VIRTUAL.SimulatedExchange(BINANCE): Added instrument FLOKIUSDC.BINANCE and created matching engine
2026-09-23T03:57:43.677495456Z [INFO] EDGETRADER-VIRTUAL.SimulatedExchange(BINANCE): Added instrument MKRTRY.BINANCE and created matching engine
2026-09-23T03:57:43.677700941Z [INFO] EDGETRADER-VIRTUAL.SimulatedExchange(BINANCE): Added instrument RAYTRY.BINANCE and created matching engine
2026-09-23T03:57:43.677917871Z [INFO] EDGETRADER-VIRTUAL.SimulatedExchange(BINANCE): Added instrument RNDRBRL.BINANCE and created matching engine
2026-09-23T03:57:43.678126140Z [INFO] EDGETRADER-VIRTUAL.SimulatedExchange(BINANCE): Added instrument ENABTC.BINANCE and created matching engine
2026-09-23T03:57:43.678356829Z [INFO] EDGETRADER-VIRTUAL.SimulatedExchange(BINANCE): Added instrument ENAUSDT.BINANCE and created matching engine
2026-09-23T03:57:43.678565157Z [INFO] EDGETRADER-VIRTUAL.SimulatedExchange(BINANCE): Added instrument ENABNB.BINANCE and created matching engine
2026-09-23T03:57:43.678772363Z [INFO] EDGETRADER-VIRTUAL.SimulatedExchange(BINANCE): Added instrument ENAFDUSD.BINANCE and created matching engine
2026-09-23T03:57:43.678979067Z [INFO] EDGETRADER-VIRTUAL.SimulatedExchange(BINANCE): Added instrument ENATRY.BINANCE and created matching engine
2026-09-23T03:57:43.679191965Z [INFO] EDGETRADER-VIRTUAL.SimulatedExchange(BINANCE): Added instrument LQTYFDUSD.BINANCE and created matching engine
2026-09-23T03:57:43.679403151Z [INFO] EDGETRADER-VIRTUAL.SimulatedExchange(BINANCE): Added instrument MASKTRY.BINANCE and created matching engine
2026-09-23T03:57:43.679606540Z [INFO] EDGETRADER-VIRTUAL.SimulatedExchange(BINANCE): Added instrument PENDLEUSDC.BINANCE and created matching engine
2026-09-23T03:57:43.679833427Z [INFO] EDGETRADER-VIRTUAL.SimulatedExchange(BINANCE): Added instrument RDNTTRY.BINANCE and created matching engine
2026-09-23T03:57:43.680036486Z [INFO] EDGETRADER-VIRTUAL.SimulatedExchange(BINANCE): Added instrument WBTC.BINANCE and created matching engine
2026-09-23T03:57:43.680232719Z [INFO] EDGETRADER-VIRTUAL.SimulatedExchange(BINANCE): Added instrument WUSDT.BINANCE and created matching engine
2026-09-23T03:57:43.680449087Z [INFO] EDGETRADER-VIRTUAL.SimulatedExchange(BINANCE): Added instrument WFDUSD.BINANCE and created matching engine
2026-09-23T03:57:43.680680979Z [INFO] EDGETRADER-VIRTUAL.SimulatedExchange(BINANCE): Added instrument WTRY.BINANCE and created matching engine
2026-09-23T03:57:43.680895196Z [INFO] EDGETRADER-VIRTUAL.SimulatedExchange(BINANCE): Added instrument BOMEUSDC.BINANCE and created matching engine
2026-09-23T03:57:43.681106477Z [INFO] EDGETRADER-VIRTUAL.SimulatedExchange(BINANCE): Added instrument JTOUSDC.BINANCE and created matching engine
2026-09-23T03:57:43.681327453Z [INFO] EDGETRADER-VIRTUAL.SimulatedExchange(BINANCE): Added instrument WIFUSDC.BINANCE and created matching engine
2026-09-23T03:57:43.681537068Z [INFO] EDGETRADER-VIRTUAL.SimulatedExchange(BINANCE): Added instrument TNSRBTC.BINANCE and created matching engine
2026-09-23T03:57:43.681749150Z [INFO] EDGETRADER-VIRTUAL.SimulatedExchange(BINANCE): Added instrument TNSRUSDT.BINANCE and created matching engine
2026-09-23T03:57:43.681946003Z [INFO] EDGETRADER-VIRTUAL.SimulatedExchange(BINANCE): Added instrument TNSRFDUSD.BINANCE and created matching engine
2026-09-23T03:57:43.682163223Z [INFO] EDGETRADER-VIRTUAL.SimulatedExchange(BINANCE): Added instrument TNSRTRY.BINANCE and created matching engine
2026-09-23T03:57:43.682373851Z [INFO] EDGETRADER-VIRTUAL.SimulatedExchange(BINANCE): Added instrument SAGABTC.BINANCE and created matching engine
2026-09-23T03:57:43.682588851Z [INFO] EDGETRADER-VIRTUAL.SimulatedExchange(BINANCE): Added instrument SAGAUSDT.BINANCE and created matching engine
2026-09-23T03:57:43.682800073Z [INFO] EDGETRADER-VIRTUAL.SimulatedExchange(BINANCE): Added instrument SAGABNB.BINANCE and created matching engine
2026-09-23T03:57:43.683004175Z [INFO] EDGETRADER-VIRTUAL.SimulatedExchange(BINANCE): Added instrument SAGAFDUSD.BINANCE and created matching engine
2026-09-23T03:57:43.683222726Z [INFO] EDGETRADER-VIRTUAL.SimulatedExchange(BINANCE): Added instrument SAGATRY.BINANCE and created matching engine
2026-09-23T03:57:43.683454534Z [INFO] EDGETRADER-VIRTUAL.SimulatedExchange(BINANCE): Added instrument USDTMXN.BINANCE and created matching engine
2026-09-23T03:57:43.683665086Z [INFO] EDGETRADER-VIRTUAL.SimulatedExchange(BINANCE): Added instrument CKBUSDC.BINANCE and created matching engine
2026-09-23T03:57:43.683901339Z [INFO] EDGETRADER-VIRTUAL.SimulatedExchange(BINANCE): Added instrument ENAUSDC.BINANCE and created matching engine
2026-09-23T03:57:43.684102007Z [INFO] EDGETRADER-VIRTUAL.SimulatedExchange(BINANCE): Added instrument ETHFIUSDC.BINANCE and created matching engine
2026-09-23T03:57:43.684322632Z [INFO] EDGETRADER-VIRTUAL.SimulatedExchange(BINANCE): Added instrument YGGUSDC.BINANCE and created matching engine
2026-09-23T03:57:43.684531689Z [INFO] EDGETRADER-VIRTUAL.SimulatedExchange(BINANCE): Added instrument USDTCZK.BINANCE and created matching engine
2026-09-23T03:57:43.684757209Z [INFO] EDGETRADER-VIRTUAL.SimulatedExchange(BINANCE): Added instrument TAOBTC.BINANCE and created matching engine
2026-09-23T03:57:43.684967798Z [INFO] EDGETRADER-VIRTUAL.SimulatedExchange(BINANCE): Added instrument TAOUSDT.BINANCE and created matching engine
2026-09-23T03:57:43.685178087Z [INFO] EDGETRADER-VIRTUAL.SimulatedExchange(BINANCE): Added instrument TAOFDUSD.BINANCE and created matching engine
2026-09-23T03:57:43.685385924Z [INFO] EDGETRADER-VIRTUAL.SimulatedExchange(BINANCE): Added instrument TAOTRY.BINANCE and created matching engine
2026-09-23T03:57:43.685606688Z [INFO] EDGETRADER-VIRTUAL.SimulatedExchange(BINANCE): Added instrument CFXUSDC.BINANCE and created matching engine
2026-09-23T03:57:43.685810459Z [INFO] EDGETRADER-VIRTUAL.SimulatedExchange(BINANCE): Added instrument RNDRUSDC.BINANCE and created matching engine
2026-09-23T03:57:43.686022279Z [INFO] EDGETRADER-VIRTUAL.SimulatedExchange(BINANCE): Added instrument RUNEUSDC.BINANCE and created matching engine
2026-09-23T03:57:43.686225008Z [INFO] EDGETRADER-VIRTUAL.SimulatedExchange(BINANCE): Added instrument SAGAUSDC.BINANCE and created matching engine
2026-09-23T03:57:43.686436906Z [INFO] EDGETRADER-VIRTUAL.SimulatedExchange(BINANCE): Added instrument POLYXTRY.BINANCE and created matching engine
2026-09-23T03:57:43.686648320Z [INFO] EDGETRADER-VIRTUAL.SimulatedExchange(BINANCE): Added instrument OMNIBTC.BINANCE and created matching engine
2026-09-23T03:57:43.686861125Z [INFO] EDGETRADER-VIRTUAL.SimulatedExchange(BINANCE): Added instrument OMNIUSDT.BINANCE and created matching engine
2026-09-23T03:57:43.687072641Z [INFO] EDGETRADER-VIRTUAL.SimulatedExchange(BINANCE): Added instrument OMNIBNB.BINANCE and created matching engine
2026-09-23T03:57:43.687288449Z [INFO] EDGETRADER-VIRTUAL.SimulatedExchange(BINANCE): Added instrument OMNIFDUSD.BINANCE and created matching engine
2026-09-23T03:57:43.687502289Z [INFO] EDGETRADER-VIRTUAL.SimulatedExchange(BINANCE): Added instrument OMNITRY.BINANCE and created matching engine
2026-09-23T03:57:43.687742332Z [INFO] EDGETRADER-VIRTUAL.SimulatedExchange(BINANCE): Added instrument APTUSDC.BINANCE and created matching engine
2026-09-23T03:57:43.687987503Z [INFO] EDGETRADER-VIRTUAL.SimulatedExchange(BINANCE): Added instrument GALAUSDC.BINANCE and created matching engine
2026-09-23T03:57:43.688212662Z [INFO] EDGETRADER-VIRTUAL.SimulatedExchange(BINANCE): Added instrument OMNIBRL.BINANCE and created matching engine
2026-09-23T03:57:43.688426521Z [INFO] EDGETRADER-VIRTUAL.SimulatedExchange(BINANCE): Added instrument STXUSDC.BINANCE and created matching engine
2026-09-23T03:57:43.688646751Z [INFO] EDGETRADER-VIRTUAL.SimulatedExchange(BINANCE): Added instrument ICPUSDC.BINANCE and created matching engine
2026-09-23T03:57:43.688852983Z [INFO] EDGETRADER-VIRTUAL.SimulatedExchange(BINANCE): Added instrument OMNIUSDC.BINANCE and created matching engine
2026-09-23T03:57:43.689089704Z [INFO] EDGETRADER-VIRTUAL.SimulatedExchange(BINANCE): Added instrument PEPEBRL.BINANCE and created matching engine
2026-09-23T03:57:43.689300369Z [INFO] EDGETRADER-VIRTUAL.SimulatedExchange(BINANCE): Added instrument YGGTRY.BINANCE and created matching engine
2026-09-23T03:57:43.689517379Z [INFO] EDGETRADER-VIRTUAL.SimulatedExchange(BINANCE): Added instrument ADAJPY.BINANCE and created matching engine
2026-09-23T03:57:43.689729055Z [INFO] EDGETRADER-VIRTUAL.SimulatedExchange(BINANCE): Added instrument SHIBJPY.BINANCE and created matching engine
2026-09-23T03:57:43.689946882Z [INFO] EDGETRADER-VIRTUAL.SimulatedExchange(BINANCE): Added instrument SOLJPY.BINANCE and created matching engine
2026-09-23T03:57:43.690156842Z [INFO] EDGETRADER-VIRTUAL.SimulatedExchange(BINANCE): Added instrument XRPJPY.BINANCE and created matching engine
2026-09-23T03:57:43.690373259Z [INFO] EDGETRADER-VIRTUAL.SimulatedExchange(BINANCE): Added instrument REZBTC.BINANCE and created matching engine
2026-09-23T03:57:43.690584971Z [INFO] EDGETRADER-VIRTUAL.SimulatedExchange(BINANCE): Added instrument REZUSDT.BINANCE and created matching engine
2026-09-23T03:57:43.690801676Z [INFO] EDGETRADER-VIRTUAL.SimulatedExchange(BINANCE): Added instrument REZBNB.BINANCE and created matching engine
2026-09-23T03:57:43.691006613Z [INFO] EDGETRADER-VIRTUAL.SimulatedExchange(BINANCE): Added instrument REZFDUSD.BINANCE and created matching engine
2026-09-23T03:57:43.691234594Z [INFO] EDGETRADER-VIRTUAL.SimulatedExchange(BINANCE): Added instrument REZTRY.BINANCE and created matching engine
2026-09-23T03:57:43.691449758Z [INFO] EDGETRADER-VIRTUAL.SimulatedExchange(BINANCE): Added instrument EGLDTRY.BINANCE and created matching engine
2026-09-23T03:57:43.691668524Z [INFO] EDGETRADER-VIRTUAL.SimulatedExchange(BINANCE): Added instrument PHBTRY.BINANCE and created matching engine
2026-09-23T03:57:43.691894845Z [INFO] EDGETRADER-VIRTUAL.SimulatedExchange(BINANCE): Added instrument RSRTRY.BINANCE and created matching engine
2026-09-23T03:57:43.692104278Z [INFO] EDGETRADER-VIRTUAL.SimulatedExchange(BINANCE): Added instrument BBBTC.BINANCE and created matching engine
2026-09-23T03:57:43.692314759Z [INFO] EDGETRADER-VIRTUAL.SimulatedExchange(BINANCE): Added instrument BBUSDT.BINANCE and created matching engine
2026-09-23T03:57:43.692522463Z [INFO] EDGETRADER-VIRTUAL.SimulatedExchange(BINANCE): Added instrument BBBNB.BINANCE and created matching engine
2026-09-23T03:57:43.692736639Z [INFO] EDGETRADER-VIRTUAL.SimulatedExchange(BINANCE): Added instrument BBFDUSD.BINANCE and created matching engine
2026-09-23T03:57:43.692941321Z [INFO] EDGETRADER-VIRTUAL.SimulatedExchange(BINANCE): Added instrument BBTRY.BINANCE and created matching engine
2026-09-23T03:57:43.693141509Z [INFO] EDGETRADER-VIRTUAL.SimulatedExchange(BINANCE): Added instrument FRONTUSDC.BINANCE and created matching engine
2026-09-23T03:57:43.693350919Z [INFO] EDGETRADER-VIRTUAL.SimulatedExchange(BINANCE): Added instrument PEOPLETRY.BINANCE and created matching engine
2026-09-23T03:57:43.693565088Z [INFO] EDGETRADER-VIRTUAL.SimulatedExchange(BINANCE): Added instrument TRBUSDC.BINANCE and created matching engine
2026-09-23T03:57:43.693805413Z [INFO] EDGETRADER-VIRTUAL.SimulatedExchange(BINANCE): Added instrument NOTUSDT.BINANCE and created matching engine
2026-09-23T03:57:43.694017997Z [INFO] EDGETRADER-VIRTUAL.SimulatedExchange(BINANCE): Added instrument NOTBNB.BINANCE and created matching engine
2026-09-23T03:57:43.694233580Z [INFO] EDGETRADER-VIRTUAL.SimulatedExchange(BINANCE): Added instrument NOTFDUSD.BINANCE and created matching engine
2026-09-23T03:57:43.694443692Z [INFO] EDGETRADER-VIRTUAL.SimulatedExchange(BINANCE): Added instrument NOTTRY.BINANCE and created matching engine
2026-09-23T03:57:43.694657776Z [INFO] EDGETRADER-VIRTUAL.SimulatedExchange(BINANCE): Added instrument ARKMUSDC.BINANCE and created matching engine
2026-09-23T03:57:43.694868436Z [INFO] EDGETRADER-VIRTUAL.SimulatedExchange(BINANCE): Added instrument ARUSDC.BINANCE and created matching engine
2026-09-23T03:57:43.695130117Z [INFO] EDGETRADER-VIRTUAL.SimulatedExchange(BINANCE): Added instrument BBUSDC.BINANCE and created matching engine
2026-09-23T03:57:43.695348685Z [INFO] EDGETRADER-VIRTUAL.SimulatedExchange(BINANCE): Added instrument CRVUSDC.BINANCE and created matching engine
2026-09-23T03:57:43.695557983Z [INFO] EDGETRADER-VIRTUAL.SimulatedExchange(BINANCE): Added instrument PEOPLEUSDC.BINANCE and created matching engine
2026-09-23T03:57:43.695792580Z [INFO] EDGETRADER-VIRTUAL.SimulatedExchange(BINANCE): Added instrument ARFDUSD.BINANCE and created matching engine
2026-09-23T03:57:43.696014001Z [INFO] EDGETRADER-VIRTUAL.SimulatedExchange(BINANCE): Added instrument ENAEUR.BINANCE and created matching engine
2026-09-23T03:57:43.696229125Z [INFO] EDGETRADER-VIRTUAL.SimulatedExchange(BINANCE): Added instrument PEPEEUR.BINANCE and created matching engine
2026-09-23T03:57:43.696453199Z [INFO] EDGETRADER-VIRTUAL.SimulatedExchange(BINANCE): Added instrument REZUSDC.BINANCE and created matching engine
2026-09-23T03:57:43.696658569Z [INFO] EDGETRADER-VIRTUAL.SimulatedExchange(BINANCE): Added instrument TRBFDUSD.BINANCE and created matching engine
2026-09-23T03:57:43.696881457Z [INFO] EDGETRADER-VIRTUAL.SimulatedExchange(BINANCE): Added instrument USDCTRY.BINANCE and created matching engine
2026-09-23T03:57:43.697090617Z [INFO] EDGETRADER-VIRTUAL.SimulatedExchange(BINANCE): Added instrument BTCMXN.BINANCE and created matching engine
2026-09-23T03:57:43.697310023Z [INFO] EDGETRADER-VIRTUAL.SimulatedExchange(BINANCE): Added instrument XRPMXN.BINANCE and created matching engine
2026-09-23T03:57:43.697523413Z [INFO] EDGETRADER-VIRTUAL.SimulatedExchange(BINANCE): Added instrument ENSUSDC.BINANCE and created matching engine
2026-09-23T03:57:43.697746195Z [INFO] EDGETRADER-VIRTUAL.SimulatedExchange(BINANCE): Added instrument LDOUSDC.BINANCE and created matching engine
2026-09-23T03:57:43.697957104Z [INFO] EDGETRADER-VIRTUAL.SimulatedExchange(BINANCE): Added instrument NOTUSDC.BINANCE and created matching engine
2026-09-23T03:57:43.698179193Z [INFO] EDGETRADER-VIRTUAL.SimulatedExchange(BINANCE): Added instrument NEARBRL.BINANCE and created matching engine
2026-09-23T03:57:43.698390203Z [INFO] EDGETRADER-VIRTUAL.SimulatedExchange(BINANCE): Added instrument HIGHTRY.BINANCE and created matching engine
2026-09-23T03:57:43.698596758Z [INFO] EDGETRADER-VIRTUAL.SimulatedExchange(BINANCE): Added instrument PEOPLEFDUSD.BINANCE and created matching engine
2026-09-23T03:57:43.698802533Z [INFO] EDGETRADER-VIRTUAL.SimulatedExchange(BINANCE): Added instrument TNSRUSDC.BINANCE and created matching engine
2026-09-23T03:57:43.699024183Z [INFO] EDGETRADER-VIRTUAL.SimulatedExchange(BINANCE): Added instrument USDTCOP.BINANCE and created matching engine
2026-09-23T03:57:43.699232452Z [INFO] EDGETRADER-VIRTUAL.SimulatedExchange(BINANCE): Added instrument IOBTC.BINANCE and created matching engine
2026-09-23T03:57:43.699456555Z [INFO] EDGETRADER-VIRTUAL.SimulatedExchange(BINANCE): Added instrument IOUSDT.BINANCE and created matching engine
2026-09-23T03:57:43.699672411Z [INFO] EDGETRADER-VIRTUAL.SimulatedExchange(BINANCE): Added instrument IOBNB.BINANCE and created matching engine
2026-09-23T03:57:43.699920252Z [INFO] EDGETRADER-VIRTUAL.SimulatedExchange(BINANCE): Added instrument IOFDUSD.BINANCE and created matching engine
2026-09-23T03:57:43.700124919Z [INFO] EDGETRADER-VIRTUAL.SimulatedExchange(BINANCE): Added instrument IOTRY.BINANCE and created matching engine
2026-09-23T03:57:43.700350085Z [INFO] EDGETRADER-VIRTUAL.SimulatedExchange(BINANCE): Added instrument NOTBRL.BINANCE and created matching engine
2026-09-23T03:57:43.700581428Z [INFO] EDGETRADER-VIRTUAL.SimulatedExchange(BINANCE): Added instrument TRUTRY.BINANCE and created matching engine
2026-09-23T03:57:43.700808174Z [INFO] EDGETRADER-VIRTUAL.SimulatedExchange(BINANCE): Added instrument WIFEUR.BINANCE and created matching engine
2026-09-23T03:57:43.701011121Z [INFO] EDGETRADER-VIRTUAL.SimulatedExchange(BINANCE): Added instrument ZKBTC.BINANCE and created matching engine
2026-09-23T03:57:43.701233289Z [INFO] EDGETRADER-VIRTUAL.SimulatedExchange(BINANCE): Added instrument ZKUSDT.BINANCE and created matching engine
2026-09-23T03:57:43.701452619Z [INFO] EDGETRADER-VIRTUAL.SimulatedExchange(BINANCE): Added instrument ZKFDUSD.BINANCE and created matching engine
2026-09-23T03:57:43.701664182Z [INFO] EDGETRADER-VIRTUAL.SimulatedExchange(BINANCE): Added instrument ZKTRY.BINANCE and created matching engine
2026-09-23T03:57:43.701870023Z [INFO] EDGETRADER-VIRTUAL.SimulatedExchange(BINANCE): Added instrument LISTAUSDT.BINANCE and created matching engine
2026-09-23T03:57:43.702088256Z [INFO] EDGETRADER-VIRTUAL.SimulatedExchange(BINANCE): Added instrument LISTABNB.BINANCE and created matching engine
2026-09-23T03:57:43.702291314Z [INFO] EDGETRADER-VIRTUAL.SimulatedExchange(BINANCE): Added instrument LISTAFDUSD.BINANCE and created matching engine
2026-09-23T03:57:43.702541326Z [INFO] EDGETRADER-VIRTUAL.SimulatedExchange(BINANCE): Added instrument LISTATRY.BINANCE and created matching engine
2026-09-23T03:57:43.702761698Z [INFO] EDGETRADER-VIRTUAL.SimulatedExchange(BINANCE): Added instrument ZROBTC.BINANCE and created matching engine
2026-09-23T03:57:43.702986735Z [INFO] EDGETRADER-VIRTUAL.SimulatedExchange(BINANCE): Added instrument ZROUSDT.BINANCE and created matching engine
2026-09-23T03:57:43.703206522Z [INFO] EDGETRADER-VIRTUAL.SimulatedExchange(BINANCE): Added instrument ZROFDUSD.BINANCE and created matching engine
2026-09-23T03:57:43.703430784Z [INFO] EDGETRADER-VIRTUAL.SimulatedExchange(BINANCE): Added instrument ZROTRY.BINANCE and created matching engine
2026-09-23T03:57:43.703642842Z [INFO] EDGETRADER-VIRTUAL.SimulatedExchange(BINANCE): Added instrument LISTABRL.BINANCE and created matching engine
2026-09-23T03:57:43.703892206Z [INFO] EDGETRADER-VIRTUAL.SimulatedExchange(BINANCE): Added instrument BAKETRY.BINANCE and created matching engine
2026-09-23T03:57:43.704116053Z [INFO] EDGETRADER-VIRTUAL.SimulatedExchange(BINANCE): Added instrument WIFBRL.BINANCE and created matching engine
2026-09-23T03:57:43.704327734Z [INFO] EDGETRADER-VIRTUAL.SimulatedExchange(BINANCE): Added instrument ZKUSDC.BINANCE and created matching engine
2026-09-23T03:57:43.704550892Z [INFO] EDGETRADER-VIRTUAL.SimulatedExchange(BINANCE): Added instrument ZROUSDC.BINANCE and created matching engine
2026-09-23T03:57:43.704761598Z [INFO] EDGETRADER-VIRTUAL.SimulatedExchange(BINANCE): Added instrument IOUSDC.BINANCE and created matching engine
2026-09-23T03:57:43.704970927Z [INFO] EDGETRADER-VIRTUAL.SimulatedExchange(BINANCE): Added instrument 1000SATSUSDC.BINANCE and created matching engine
2026-09-23T03:57:43.705182160Z [INFO] EDGETRADER-VIRTUAL.SimulatedExchange(BINANCE): Added instrument BNXTRY.BINANCE and created matching engine
2026-09-23T03:57:43.705401128Z [INFO] EDGETRADER-VIRTUAL.SimulatedExchange(BINANCE): Added instrument ETHARS.BINANCE and created matching engine
2026-09-23T03:57:43.705600725Z [INFO] EDGETRADER-VIRTUAL.SimulatedExchange(BINANCE): Added instrument GUSDT.BINANCE and created matching engine
2026-09-23T03:57:43.705808926Z [INFO] EDGETRADER-VIRTUAL.SimulatedExchange(BINANCE): Added instrument GTRY.BINANCE and created matching engine
2026-09-23T03:57:43.706009384Z [INFO] EDGETRADER-VIRTUAL.SimulatedExchange(BINANCE): Added instrument BANANABTC.BINANCE and created matching engine
2026-09-23T03:57:43.706218262Z [INFO] EDGETRADER-VIRTUAL.SimulatedExchange(BINANCE): Added instrument BANANAUSDT.BINANCE and created matching engine
2026-09-23T03:57:43.706419667Z [INFO] EDGETRADER-VIRTUAL.SimulatedExchange(BINANCE): Added instrument BANANABNB.BINANCE and created matching engine
2026-09-23T03:57:43.706626894Z [INFO] EDGETRADER-VIRTUAL.SimulatedExchange(BINANCE): Added instrument BANANAFDUSD.BINANCE and created matching engine
2026-09-23T03:57:43.706827085Z [INFO] EDGETRADER-VIRTUAL.SimulatedExchange(BINANCE): Added instrument BANANATRY.BINANCE and created matching engine
2026-09-23T03:57:43.707037815Z [INFO] EDGETRADER-VIRTUAL.SimulatedExchange(BINANCE): Added instrument RENDERBTC.BINANCE and created matching engine
2026-09-23T03:57:43.707268842Z [INFO] EDGETRADER-VIRTUAL.SimulatedExchange(BINANCE): Added instrument RENDERUSDT.BINANCE and created matching engine
2026-09-23T03:57:43.707481067Z [INFO] EDGETRADER-VIRTUAL.SimulatedExchange(BINANCE): Added instrument RENDERFDUSD.BINANCE and created matching engine
2026-09-23T03:57:43.707680116Z [INFO] EDGETRADER-VIRTUAL.SimulatedExchange(BINANCE): Added instrument RENDERUSDC.BINANCE and created matching engine
2026-09-23T03:57:43.707919228Z [INFO] EDGETRADER-VIRTUAL.SimulatedExchange(BINANCE): Added instrument RENDERTRY.BINANCE and created matching engine
2026-09-23T03:57:43.708126051Z [INFO] EDGETRADER-VIRTUAL.SimulatedExchange(BINANCE): Added instrument RENDEREUR.BINANCE and created matching engine
2026-09-23T03:57:43.708340049Z [INFO] EDGETRADER-VIRTUAL.SimulatedExchange(BINANCE): Added instrument RENDERBRL.BINANCE and created matching engine
2026-09-23T03:57:43.708556087Z [INFO] EDGETRADER-VIRTUAL.SimulatedExchange(BINANCE): Added instrument TONBTC.BINANCE and created matching engine
2026-09-23T03:57:43.708785038Z [INFO] EDGETRADER-VIRTUAL.SimulatedExchange(BINANCE): Added instrument TONUSDT.BINANCE and created matching engine
2026-09-23T03:57:43.708994309Z [INFO] EDGETRADER-VIRTUAL.SimulatedExchange(BINANCE): Added instrument TONFDUSD.BINANCE and created matching engine
2026-09-23T03:57:43.709222761Z [INFO] EDGETRADER-VIRTUAL.SimulatedExchange(BINANCE): Added instrument TONTRY.BINANCE and created matching engine
2026-09-23T03:57:43.709443556Z [INFO] EDGETRADER-VIRTUAL.SimulatedExchange(BINANCE): Added instrument BONKBRL.BINANCE and created matching engine
2026-09-23T03:57:43.709699498Z [INFO] EDGETRADER-VIRTUAL.SimulatedExchange(BINANCE): Added instrument NOTEUR.BINANCE and created matching engine
2026-09-23T03:57:43.709922189Z [INFO] EDGETRADER-VIRTUAL.SimulatedExchange(BINANCE): Added instrument DOGEJPY.BINANCE and created matching engine
2026-09-23T03:57:43.710143595Z [INFO] EDGETRADER-VIRTUAL.SimulatedExchange(BINANCE): Added instrument MATICJPY.BINANCE and created matching engine
2026-09-23T03:57:43.710363264Z [INFO] EDGETRADER-VIRTUAL.SimulatedExchange(BINANCE): Added instrument NEARJPY.BINANCE and created matching engine
2026-09-23T03:57:43.710591740Z [INFO] EDGETRADER-VIRTUAL.SimulatedExchange(BINANCE): Added instrument TONUSDC.BINANCE and created matching engine
2026-09-23T03:57:43.710798247Z [INFO] EDGETRADER-VIRTUAL.SimulatedExchange(BINANCE): Added instrument AAVEFDUSD.BINANCE and created matching engine
2026-09-23T03:57:43.711018245Z [INFO] EDGETRADER-VIRTUAL.SimulatedExchange(BINANCE): Added instrument DOGSUSDT.BINANCE and created matching engine
2026-09-23T03:57:43.711246026Z [INFO] EDGETRADER-VIRTUAL.SimulatedExchange(BINANCE): Added instrument DOGSBNB.BINANCE and created matching engine
2026-09-23T03:57:43.711459663Z [INFO] EDGETRADER-VIRTUAL.SimulatedExchange(BINANCE): Added instrument DOGSFDUSD.BINANCE and created matching engine
2026-09-23T03:57:43.711678989Z [INFO] EDGETRADER-VIRTUAL.SimulatedExchange(BINANCE): Added instrument DOGSTRY.BINANCE and created matching engine
2026-09-23T03:57:43.711918642Z [INFO] EDGETRADER-VIRTUAL.SimulatedExchange(BINANCE): Added instrument EUREURI.BINANCE and created matching engine
2026-09-23T03:57:43.712132184Z [INFO] EDGETRADER-VIRTUAL.SimulatedExchange(BINANCE): Added instrument EURIUSDT.BINANCE and created matching engine
2026-09-23T03:57:43.712361057Z [INFO] EDGETRADER-VIRTUAL.SimulatedExchange(BINANCE): Added instrument DOGSBRL.BINANCE and created matching engine
2026-09-23T03:57:43.712572277Z [INFO] EDGETRADER-VIRTUAL.SimulatedExchange(BINANCE): Added instrument DOGSUSDC.BINANCE and created matching engine
2026-09-23T03:57:43.712799811Z [INFO] EDGETRADER-VIRTUAL.SimulatedExchange(BINANCE): Added instrument RAREBRL.BINANCE and created matching engine
2026-09-23T03:57:43.713010529Z [INFO] EDGETRADER-VIRTUAL.SimulatedExchange(BINANCE): Added instrument RAREUSDC.BINANCE and created matching engine
2026-09-23T03:57:43.713237308Z [INFO] EDGETRADER-VIRTUAL.SimulatedExchange(BINANCE): Added instrument SLFBTC.BINANCE and created matching engine
2026-09-23T03:57:43.713456140Z [INFO] EDGETRADER-VIRTUAL.SimulatedExchange(BINANCE): Added instrument SLFTRY.BINANCE and created matching engine
2026-09-23T03:57:43.713683527Z [INFO] EDGETRADER-VIRTUAL.SimulatedExchange(BINANCE): Added instrument SLFUSDC.BINANCE and created matching engine
2026-09-23T03:57:43.713917619Z [INFO] EDGETRADER-VIRTUAL.SimulatedExchange(BINANCE): Added instrument SLFUSDT.BINANCE and created matching engine
2026-09-23T03:57:43.714141054Z [INFO] EDGETRADER-VIRTUAL.SimulatedExchange(BINANCE): Added instrument AAVEUSDC.BINANCE and created matching engine
2026-09-23T03:57:43.714416025Z [INFO] EDGETRADER-VIRTUAL.SimulatedExchange(BINANCE): Added instrument SUNTRY.BINANCE and created matching engine
2026-09-23T03:57:43.714649267Z [INFO] EDGETRADER-VIRTUAL.SimulatedExchange(BINANCE): Added instrument STMXTRY.BINANCE and created matching engine
2026-09-23T03:57:43.714868964Z [INFO] EDGETRADER-VIRTUAL.SimulatedExchange(BINANCE): Added instrument POLBNB.BINANCE and created matching engine
2026-09-23T03:57:43.715103456Z [INFO] EDGETRADER-VIRTUAL.SimulatedExchange(BINANCE): Added instrument POLBRL.BINANCE and created matching engine
2026-09-23T03:57:43.715333453Z [INFO] EDGETRADER-VIRTUAL.SimulatedExchange(BINANCE): Added instrument POLBTC.BINANCE and created matching engine
2026-09-23T03:57:43.715561144Z [INFO] EDGETRADER-VIRTUAL.SimulatedExchange(BINANCE): Added instrument POLETH.BINANCE and created matching engine
2026-09-23T03:57:43.715800373Z [INFO] EDGETRADER-VIRTUAL.SimulatedExchange(BINANCE): Added instrument POLEUR.BINANCE and created matching engine
2026-09-23T03:57:43.716022760Z [INFO] EDGETRADER-VIRTUAL.SimulatedExchange(BINANCE): Added instrument POLFDUSD.BINANCE and created matching engine
2026-09-23T03:57:43.716628002Z [INFO] EDGETRADER-VIRTUAL.SimulatedExchange(BINANCE): Added instrument POLJPY.BINANCE and created matching engine
2026-09-23T03:57:43.716862351Z [INFO] EDGETRADER-VIRTUAL.SimulatedExchange(BINANCE): Added instrument POLTRY.BINANCE and created matching engine
2026-09-23T03:57:43.717086000Z [INFO] EDGETRADER-VIRTUAL.SimulatedExchange(BINANCE): Added instrument POLUSDC.BINANCE and created matching engine
2026-09-23T03:57:43.717316305Z [INFO] EDGETRADER-VIRTUAL.SimulatedExchange(BINANCE): Added instrument POLUSDT.BINANCE and created matching engine
2026-09-23T03:57:43.717524843Z [INFO] EDGETRADER-VIRTUAL.SimulatedExchange(BINANCE): Added instrument NEIROUSDT.BINANCE and created matching engine
2026-09-23T03:57:43.718092495Z [INFO] EDGETRADER-VIRTUAL.SimulatedExchange(BINANCE): Added instrument TURBOUSDT.BINANCE and created matching engine
2026-09-23T03:57:43.718309579Z [INFO] EDGETRADER-VIRTUAL.SimulatedExchange(BINANCE): Added instrument 1MBABYDOGEUSDT.BINANCE and created matching engine
2026-09-23T03:57:43.718536715Z [INFO] EDGETRADER-VIRTUAL.SimulatedExchange(BINANCE): Added instrument CATIUSDT.BINANCE and created matching engine
2026-09-23T03:57:43.718760720Z [INFO] EDGETRADER-VIRTUAL.SimulatedExchange(BINANCE): Added instrument CATIBNB.BINANCE and created matching engine
2026-09-23T03:57:43.718979162Z [INFO] EDGETRADER-VIRTUAL.SimulatedExchange(BINANCE): Added instrument CATIFDUSD.BINANCE and created matching engine
2026-09-23T03:57:43.719210504Z [INFO] EDGETRADER-VIRTUAL.SimulatedExchange(BINANCE): Added instrument CATITRY.BINANCE and created matching engine
2026-09-23T03:57:43.719426092Z [INFO] EDGETRADER-VIRTUAL.SimulatedExchange(BINANCE): Added instrument 1MBABYDOGEFDUSD.BINANCE and created matching engine
2026-09-23T03:57:43.719632045Z [INFO] EDGETRADER-VIRTUAL.SimulatedExchange(BINANCE): Added instrument 1MBABYDOGETRY.BINANCE and created matching engine
2026-09-23T03:57:43.719882638Z [INFO] EDGETRADER-VIRTUAL.SimulatedExchange(BINANCE): Added instrument CATIBRL.BINANCE and created matching engine
2026-09-23T03:57:43.720105061Z [INFO] EDGETRADER-VIRTUAL.SimulatedExchange(BINANCE): Added instrument BTCEURI.BINANCE and created matching engine
2026-09-23T03:57:43.720320234Z [INFO] EDGETRADER-VIRTUAL.SimulatedExchange(BINANCE): Added instrument NEIROFDUSD.BINANCE and created matching engine
2026-09-23T03:57:43.720533626Z [INFO] EDGETRADER-VIRTUAL.SimulatedExchange(BINANCE): Added instrument NEIROTRY.BINANCE and created matching engine
2026-09-23T03:57:43.720748689Z [INFO] EDGETRADER-VIRTUAL.SimulatedExchange(BINANCE): Added instrument HMSTRUSDT.BINANCE and created matching engine
2026-09-23T03:57:43.720961528Z [INFO] EDGETRADER-VIRTUAL.SimulatedExchange(BINANCE): Added instrument HMSTRBNB.BINANCE and created matching engine
2026-09-23T03:57:43.721174782Z [INFO] EDGETRADER-VIRTUAL.SimulatedExchange(BINANCE): Added instrument HMSTRFDUSD.BINANCE and created matching engine
2026-09-23T03:57:43.721389932Z [INFO] EDGETRADER-VIRTUAL.SimulatedExchange(BINANCE): Added instrument HMSTRTRY.BINANCE and created matching engine
2026-09-23T03:57:43.721610616Z [INFO] EDGETRADER-VIRTUAL.SimulatedExchange(BINANCE): Added instrument EIGENBTC.BINANCE and created matching engine
2026-09-23T03:57:43.721819998Z [INFO] EDGETRADER-VIRTUAL.SimulatedExchange(BINANCE): Added instrument EIGENUSDT.BINANCE and created matching engine
2026-09-23T03:57:43.722033286Z [INFO] EDGETRADER-VIRTUAL.SimulatedExchange(BINANCE): Added instrument EIGENFDUSD.BINANCE and created matching engine
2026-09-23T03:57:43.722246450Z [INFO] EDGETRADER-VIRTUAL.SimulatedExchange(BINANCE): Added instrument EIGENTRY.BINANCE and created matching engine
2026-09-23T03:57:43.722469668Z [INFO] EDGETRADER-VIRTUAL.SimulatedExchange(BINANCE): Added instrument NEIROBRL.BINANCE and created matching engine
2026-09-23T03:57:43.722682176Z [INFO] EDGETRADER-VIRTUAL.SimulatedExchange(BINANCE): Added instrument NEIROEUR.BINANCE and created matching engine
2026-09-23T03:57:43.722904561Z [INFO] EDGETRADER-VIRTUAL.SimulatedExchange(BINANCE): Added instrument BNSOLSOL.BINANCE and created matching engine
2026-09-23T03:57:43.723135124Z [INFO] EDGETRADER-VIRTUAL.SimulatedExchange(BINANCE): Added instrument SCRUSDT.BINANCE and created matching engine
2026-09-23T03:57:43.723353832Z [INFO] EDGETRADER-VIRTUAL.SimulatedExchange(BINANCE): Added instrument SUIBRL.BINANCE and created matching engine
2026-09-23T03:57:43.723569961Z [INFO] EDGETRADER-VIRTUAL.SimulatedExchange(BINANCE): Added instrument TURBOTRY.BINANCE and created matching engine
2026-09-23T03:57:43.723804706Z [INFO] EDGETRADER-VIRTUAL.SimulatedExchange(BINANCE): Added instrument BNSOLUSDT.BINANCE and created matching engine
2026-09-23T03:57:43.724014537Z [INFO] EDGETRADER-VIRTUAL.SimulatedExchange(BINANCE): Added instrument LUMIAUSDT.BINANCE and created matching engine
2026-09-23T03:57:43.724242948Z [INFO] EDGETRADER-VIRTUAL.SimulatedExchange(BINANCE): Added instrument SCRBTC.BINANCE and created matching engine
2026-09-23T03:57:43.724458973Z [INFO] EDGETRADER-VIRTUAL.SimulatedExchange(BINANCE): Added instrument SCRFDUSD.BINANCE and created matching engine
2026-09-23T03:57:43.724687257Z [INFO] EDGETRADER-VIRTUAL.SimulatedExchange(BINANCE): Added instrument SCRTRY.BINANCE and created matching engine
2026-09-23T03:57:43.724901553Z [INFO] EDGETRADER-VIRTUAL.SimulatedExchange(BINANCE): Added instrument KAIAUSDT.BINANCE and created matching engine
2026-09-23T03:57:43.725133361Z [INFO] EDGETRADER-VIRTUAL.SimulatedExchange(BINANCE): Added instrument COWUSDT.BINANCE and created matching engine
2026-09-23T03:57:43.784399334Z [INFO] EDGETRADER-VIRTUAL.SimulatedExchange(BINANCE): Added instrument CETUSUSDT.BINANCE and created matching engine
2026-09-23T03:57:43.784846822Z [INFO] EDGETRADER-VIRTUAL.SimulatedExchange(BINANCE): Added instrument PNUTUSDT.BINANCE and created matching engine
2026-09-23T03:57:43.785159521Z [INFO] EDGETRADER-VIRTUAL.SimulatedExchange(BINANCE): Added instrument ACTUSDT.BINANCE and created matching engine
2026-09-23T03:57:43.785405528Z [INFO] EDGETRADER-VIRTUAL.SimulatedExchange(BINANCE): Added instrument ACTTRY.BINANCE and created matching engine
2026-09-23T03:57:43.785635827Z [INFO] EDGETRADER-VIRTUAL.SimulatedExchange(BINANCE): Added instrument COWTRY.BINANCE and created matching engine
2026-09-23T03:57:43.785864799Z [INFO] EDGETRADER-VIRTUAL.SimulatedExchange(BINANCE): Added instrument CETUSTRY.BINANCE and created matching engine
2026-09-23T03:57:43.786092405Z [INFO] EDGETRADER-VIRTUAL.SimulatedExchange(BINANCE): Added instrument TROYTRY.BINANCE and created matching engine
2026-09-23T03:57:43.786326957Z [INFO] EDGETRADER-VIRTUAL.SimulatedExchange(BINANCE): Added instrument PNUTTRY.BINANCE and created matching engine
2026-09-23T03:57:43.786548563Z [INFO] EDGETRADER-VIRTUAL.SimulatedExchange(BINANCE): Added instrument ACTFDUSD.BINANCE and created matching engine
2026-09-23T03:57:43.786782784Z [INFO] EDGETRADER-VIRTUAL.SimulatedExchange(BINANCE): Added instrument ACTUSDC.BINANCE and created matching engine
2026-09-23T03:57:43.787000837Z [INFO] EDGETRADER-VIRTUAL.SimulatedExchange(BINANCE): Added instrument NEIROUSDC.BINANCE and created matching engine
2026-09-23T03:57:43.787246066Z [INFO] EDGETRADER-VIRTUAL.SimulatedExchange(BINANCE): Added instrument PNUTBTC.BINANCE and created matching engine
2026-09-23T03:57:43.787463415Z [INFO] EDGETRADER-VIRTUAL.SimulatedExchange(BINANCE): Added instrument PNUTFDUSD.BINANCE and created matching engine
2026-09-23T03:57:43.787688321Z [INFO] EDGETRADER-VIRTUAL.SimulatedExchange(BINANCE): Added instrument PNUTUSDC.BINANCE and created matching engine
2026-09-23T03:57:43.787917227Z [INFO] EDGETRADER-VIRTUAL.SimulatedExchange(BINANCE): Added instrument USUALUSDT.BINANCE and created matching engine
2026-09-23T03:57:43.788152715Z [INFO] EDGETRADER-VIRTUAL.SimulatedExchange(BINANCE): Added instrument ACTBRL.BINANCE and created matching engine
2026-09-23T03:57:43.788375999Z [INFO] EDGETRADER-VIRTUAL.SimulatedExchange(BINANCE): Added instrument ACTEUR.BINANCE and created matching engine
2026-09-23T03:57:43.788602119Z [INFO] EDGETRADER-VIRTUAL.SimulatedExchange(BINANCE): Added instrument CATIUSDC.BINANCE and created matching engine
2026-09-23T03:57:43.788827293Z [INFO] EDGETRADER-VIRTUAL.SimulatedExchange(BINANCE): Added instrument ETHEURI.BINANCE and created matching engine
2026-09-23T03:57:43.789051575Z [INFO] EDGETRADER-VIRTUAL.SimulatedExchange(BINANCE): Added instrument LUMIATRY.BINANCE and created matching engine
2026-09-23T03:57:43.789274432Z [INFO] EDGETRADER-VIRTUAL.SimulatedExchange(BINANCE): Added instrument PNUTBRL.BINANCE and created matching engine
2026-09-23T03:57:43.789508680Z [INFO] EDGETRADER-VIRTUAL.SimulatedExchange(BINANCE): Added instrument PNUTEUR.BINANCE and created matching engine
2026-09-23T03:57:43.789727312Z [INFO] EDGETRADER-VIRTUAL.SimulatedExchange(BINANCE): Added instrument APEFDUSD.BINANCE and created matching engine
2026-09-23T03:57:43.789953135Z [INFO] EDGETRADER-VIRTUAL.SimulatedExchange(BINANCE): Added instrument FDUSDUSDC.BINANCE and created matching engine
2026-09-23T03:57:43.790170281Z [INFO] EDGETRADER-VIRTUAL.SimulatedExchange(BINANCE): Added instrument HBARUSDC.BINANCE and created matching engine
2026-09-23T03:57:43.790401100Z [INFO] EDGETRADER-VIRTUAL.SimulatedExchange(BINANCE): Added instrument OMUSDC.BINANCE and created matching engine
2026-09-23T03:57:43.790628331Z [INFO] EDGETRADER-VIRTUAL.SimulatedExchange(BINANCE): Added instrument RAYUSDC.BINANCE and created matching engine
2026-09-23T03:57:43.790861708Z [INFO] EDGETRADER-VIRTUAL.SimulatedExchange(BINANCE): Added instrument TAOUSDC.BINANCE and created matching engine
2026-09-23T03:57:43.791075963Z [INFO] EDGETRADER-VIRTUAL.SimulatedExchange(BINANCE): Added instrument TURBOFDUSD.BINANCE and created matching engine
2026-09-23T03:57:43.791316286Z [INFO] EDGETRADER-VIRTUAL.SimulatedExchange(BINANCE): Added instrument THEBTC.BINANCE and created matching engine
2026-09-23T03:57:43.791540272Z [INFO] EDGETRADER-VIRTUAL.SimulatedExchange(BINANCE): Added instrument THEBNB.BINANCE and created matching engine
2026-09-23T03:57:43.791785828Z [INFO] EDGETRADER-VIRTUAL.SimulatedExchange(BINANCE): Added instrument THEFDUSD.BINANCE and created matching engine
2026-09-23T03:57:43.792011136Z [INFO] EDGETRADER-VIRTUAL.SimulatedExchange(BINANCE): Added instrument THETRY.BINANCE and created matching engine
2026-09-23T03:57:43.792245351Z [INFO] EDGETRADER-VIRTUAL.SimulatedExchange(BINANCE): Added instrument THEUSDT.BINANCE and created matching engine
2026-09-23T03:57:43.792590980Z [INFO] EDGETRADER-VIRTUAL.SimulatedExchange(BINANCE): Added instrument APEUSDC.BINANCE and created matching engine
2026-09-23T03:57:43.792834709Z [INFO] EDGETRADER-VIRTUAL.SimulatedExchange(BINANCE): Added instrument BOMEEUR.BINANCE and created matching engine
2026-09-23T03:57:43.793049933Z [INFO] EDGETRADER-VIRTUAL.SimulatedExchange(BINANCE): Added instrument EIGENUSDC.BINANCE and created matching engine
2026-09-23T03:57:43.793275519Z [INFO] EDGETRADER-VIRTUAL.SimulatedExchange(BINANCE): Added instrument HBARFDUSD.BINANCE and created matching engine
2026-09-23T03:57:43.793495076Z [INFO] EDGETRADER-VIRTUAL.SimulatedExchange(BINANCE): Added instrument MEMEUSDC.BINANCE and created matching engine
2026-09-23T03:57:43.793721496Z [INFO] EDGETRADER-VIRTUAL.SimulatedExchange(BINANCE): Added instrument TROYUSDC.BINANCE and created matching engine
2026-09-23T03:57:43.793949338Z [INFO] EDGETRADER-VIRTUAL.SimulatedExchange(BINANCE): Added instrument WLDEUR.BINANCE and created matching engine
2026-09-23T03:57:43.794168859Z [INFO] EDGETRADER-VIRTUAL.SimulatedExchange(BINANCE): Added instrument 1MBABYDOGEUSDC.BINANCE and created matching engine
2026-09-23T03:57:43.794382457Z [INFO] EDGETRADER-VIRTUAL.SimulatedExchange(BINANCE): Added instrument CETUSUSDC.BINANCE and created matching engine
2026-09-23T03:57:43.794619073Z [INFO] EDGETRADER-VIRTUAL.SimulatedExchange(BINANCE): Added instrument COWUSDC.BINANCE and created matching engine
2026-09-23T03:57:43.794839495Z [INFO] EDGETRADER-VIRTUAL.SimulatedExchange(BINANCE): Added instrument DYDXUSDC.BINANCE and created matching engine
2026-09-23T03:57:43.795060813Z [INFO] EDGETRADER-VIRTUAL.SimulatedExchange(BINANCE): Added instrument HMSTRUSDC.BINANCE and created matching engine
2026-09-23T03:57:43.795281920Z [INFO] EDGETRADER-VIRTUAL.SimulatedExchange(BINANCE): Added instrument TURBOUSDC.BINANCE and created matching engine
2026-09-23T03:57:43.795515751Z [INFO] EDGETRADER-VIRTUAL.SimulatedExchange(BINANCE): Added instrument ENABRL.BINANCE and created matching engine
2026-09-23T03:57:43.795755936Z [INFO] EDGETRADER-VIRTUAL.SimulatedExchange(BINANCE): Added instrument EOSFDUSD.BINANCE and created matching engine
2026-09-23T03:57:43.795986280Z [INFO] EDGETRADER-VIRTUAL.SimulatedExchange(BINANCE): Added instrument KAIAUSDC.BINANCE and created matching engine
2026-09-23T03:57:43.796218349Z [INFO] EDGETRADER-VIRTUAL.SimulatedExchange(BINANCE): Added instrument SANDUSDC.BINANCE and created matching engine
2026-09-23T03:57:43.796439109Z [INFO] EDGETRADER-VIRTUAL.SimulatedExchange(BINANCE): Added instrument XLMFDUSD.BINANCE and created matching engine
2026-09-23T03:57:43.796675835Z [INFO] EDGETRADER-VIRTUAL.SimulatedExchange(BINANCE): Added instrument CHZUSDC.BINANCE and created matching engine
2026-09-23T03:57:43.796894087Z [INFO] EDGETRADER-VIRTUAL.SimulatedExchange(BINANCE): Added instrument PYTHUSDC.BINANCE and created matching engine
2026-09-23T03:57:43.797130383Z [INFO] EDGETRADER-VIRTUAL.SimulatedExchange(BINANCE): Added instrument RSRUSDC.BINANCE and created matching engine
2026-09-23T03:57:43.797348971Z [INFO] EDGETRADER-VIRTUAL.SimulatedExchange(BINANCE): Added instrument RSRFDUSD.BINANCE and created matching engine
2026-09-23T03:57:43.797567425Z [INFO] EDGETRADER-VIRTUAL.SimulatedExchange(BINANCE): Added instrument WUSDC.BINANCE and created matching engine
2026-09-23T03:57:43.797793350Z [INFO] EDGETRADER-VIRTUAL.SimulatedExchange(BINANCE): Added instrument XTZUSDC.BINANCE and created matching engine
2026-09-23T03:57:43.798028195Z [INFO] EDGETRADER-VIRTUAL.SimulatedExchange(BINANCE): Added instrument ACXUSDT.BINANCE and created matching engine
2026-09-23T03:57:43.798246364Z [INFO] EDGETRADER-VIRTUAL.SimulatedExchange(BINANCE): Added instrument ORCAUSDT.BINANCE and created matching engine
2026-09-23T03:57:43.798483151Z [INFO] EDGETRADER-VIRTUAL.SimulatedExchange(BINANCE): Added instrument MOVEBTC.BINANCE and created matching engine
2026-09-23T03:57:43.798702295Z [INFO] EDGETRADER-VIRTUAL.SimulatedExchange(BINANCE): Added instrument MOVEUSDT.BINANCE and created matching engine
2026-09-23T03:57:43.798938115Z [INFO] EDGETRADER-VIRTUAL.SimulatedExchange(BINANCE): Added instrument MOVEBNB.BINANCE and created matching engine
2026-09-23T03:57:43.799161105Z [INFO] EDGETRADER-VIRTUAL.SimulatedExchange(BINANCE): Added instrument MOVEFDUSD.BINANCE and created matching engine
2026-09-23T03:57:43.799402334Z [INFO] EDGETRADER-VIRTUAL.SimulatedExchange(BINANCE): Added instrument MOVETRY.BINANCE and created matching engine
2026-09-23T03:57:43.799615675Z [INFO] EDGETRADER-VIRTUAL.SimulatedExchange(BINANCE): Added instrument MEBTC.BINANCE and created matching engine
2026-09-23T03:57:43.799865877Z [INFO] EDGETRADER-VIRTUAL.SimulatedExchange(BINANCE): Added instrument MEUSDT.BINANCE and created matching engine
2026-09-23T03:57:43.800144108Z [INFO] EDGETRADER-VIRTUAL.SimulatedExchange(BINANCE): Added instrument MEFDUSD.BINANCE and created matching engine
2026-09-23T03:57:43.800374142Z [INFO] EDGETRADER-VIRTUAL.SimulatedExchange(BINANCE): Added instrument METRY.BINANCE and created matching engine
2026-09-23T03:57:43.800602687Z [INFO] EDGETRADER-VIRTUAL.SimulatedExchange(BINANCE): Added instrument ACXUSDC.BINANCE and created matching engine
2026-09-23T03:57:43.800825704Z [INFO] EDGETRADER-VIRTUAL.SimulatedExchange(BINANCE): Added instrument ORCAUSDC.BINANCE and created matching engine
2026-09-23T03:57:43.801045585Z [INFO] EDGETRADER-VIRTUAL.SimulatedExchange(BINANCE): Added instrument ACXFDUSD.BINANCE and created matching engine
2026-09-23T03:57:43.801268785Z [INFO] EDGETRADER-VIRTUAL.SimulatedExchange(BINANCE): Added instrument ORCAFDUSD.BINANCE and created matching engine
2026-09-23T03:57:43.801493575Z [INFO] EDGETRADER-VIRTUAL.SimulatedExchange(BINANCE): Added instrument ACXTRY.BINANCE and created matching engine
2026-09-23T03:57:43.801732318Z [INFO] EDGETRADER-VIRTUAL.SimulatedExchange(BINANCE): Added instrument ORCATRY.BINANCE and created matching engine
2026-09-23T03:57:43.801957360Z [INFO] EDGETRADER-VIRTUAL.SimulatedExchange(BINANCE): Added instrument KSMTRY.BINANCE and created matching engine
2026-09-23T03:57:43.802196097Z [INFO] EDGETRADER-VIRTUAL.SimulatedExchange(BINANCE): Added instrument CELOTRY.BINANCE and created matching engine
2026-09-23T03:57:43.802411928Z [INFO] EDGETRADER-VIRTUAL.SimulatedExchange(BINANCE): Added instrument HIVEFDUSD.BINANCE and created matching engine
2026-09-23T03:57:43.802644079Z [INFO] EDGETRADER-VIRTUAL.SimulatedExchange(BINANCE): Added instrument HIVEUSDC.BINANCE and created matching engine
2026-09-23T03:57:43.802859228Z [INFO] EDGETRADER-VIRTUAL.SimulatedExchange(BINANCE): Added instrument IDEXFDUSD.BINANCE and created matching engine
2026-09-23T03:57:43.803095741Z [INFO] EDGETRADER-VIRTUAL.SimulatedExchange(BINANCE): Added instrument IDEXUSDC.BINANCE and created matching engine
2026-09-23T03:57:43.803316839Z [INFO] EDGETRADER-VIRTUAL.SimulatedExchange(BINANCE): Added instrument TLMFDUSD.BINANCE and created matching engine
2026-09-23T03:57:43.803554723Z [INFO] EDGETRADER-VIRTUAL.SimulatedExchange(BINANCE): Added instrument TLMUSDC.BINANCE and created matching engine
2026-09-23T03:57:43.803791150Z [INFO] EDGETRADER-VIRTUAL.SimulatedExchange(BINANCE): Added instrument VELODROMEUSDT.BINANCE and created matching engine
2026-09-23T03:57:43.804024846Z [INFO] EDGETRADER-VIRTUAL.SimulatedExchange(BINANCE): Added instrument VANAUSDT.BINANCE and created matching engine
2026-09-23T03:57:43.804255539Z [INFO] EDGETRADER-VIRTUAL.SimulatedExchange(BINANCE): Added instrument VANABNB.BINANCE and created matching engine
2026-09-23T03:57:43.804479387Z [INFO] EDGETRADER-VIRTUAL.SimulatedExchange(BINANCE): Added instrument VANAFDUSD.BINANCE and created matching engine
2026-09-23T03:57:43.804707698Z [INFO] EDGETRADER-VIRTUAL.SimulatedExchange(BINANCE): Added instrument VANATRY.BINANCE and created matching engine
2026-09-23T03:57:43.804931535Z [INFO] EDGETRADER-VIRTUAL.SimulatedExchange(BINANCE): Added instrument 1000CATUSDT.BINANCE and created matching engine
2026-09-23T03:57:43.805152527Z [INFO] EDGETRADER-VIRTUAL.SimulatedExchange(BINANCE): Added instrument 1000CATBNB.BINANCE and created matching engine
2026-09-23T03:57:43.805374280Z [INFO] EDGETRADER-VIRTUAL.SimulatedExchange(BINANCE): Added instrument 1000CATFDUSD.BINANCE and created matching engine
2026-09-23T03:57:43.805586807Z [INFO] EDGETRADER-VIRTUAL.SimulatedExchange(BINANCE): Added instrument 1000CATTRY.BINANCE and created matching engine
2026-09-23T03:57:43.805811099Z [INFO] EDGETRADER-VIRTUAL.SimulatedExchange(BINANCE): Added instrument PENGUUSDT.BINANCE and created matching engine
2026-09-23T03:57:43.806034067Z [INFO] EDGETRADER-VIRTUAL.SimulatedExchange(BINANCE): Added instrument PENGUBNB.BINANCE and created matching engine
2026-09-23T03:57:43.806256724Z [INFO] EDGETRADER-VIRTUAL.SimulatedExchange(BINANCE): Added instrument PENGUFDUSD.BINANCE and created matching engine
2026-09-23T03:57:43.806478012Z [INFO] EDGETRADER-VIRTUAL.SimulatedExchange(BINANCE): Added instrument PENGUTRY.BINANCE and created matching engine
2026-09-23T03:57:43.806710327Z [INFO] EDGETRADER-VIRTUAL.SimulatedExchange(BINANCE): Added instrument USUALBTC.BINANCE and created matching engine
2026-09-23T03:57:43.806922702Z [INFO] EDGETRADER-VIRTUAL.SimulatedExchange(BINANCE): Added instrument USUALFDUSD.BINANCE and created matching engine
2026-09-23T03:57:43.807161870Z [INFO] EDGETRADER-VIRTUAL.SimulatedExchange(BINANCE): Added instrument USUALTRY.BINANCE and created matching engine
2026-09-23T03:57:43.807376439Z [INFO] EDGETRADER-VIRTUAL.SimulatedExchange(BINANCE): Added instrument 1000CATUSDC.BINANCE and created matching engine
2026-09-23T03:57:43.807602275Z [INFO] EDGETRADER-VIRTUAL.SimulatedExchange(BINANCE): Added instrument PENGUUSDC.BINANCE and created matching engine
2026-09-23T03:57:43.807886459Z [INFO] EDGETRADER-VIRTUAL.SimulatedExchange(BINANCE): Added instrument BIOUSDT.BINANCE and created matching engine
2026-09-23T03:57:43.808128716Z [INFO] EDGETRADER-VIRTUAL.SimulatedExchange(BINANCE): Added instrument BIOBNB.BINANCE and created matching engine
2026-09-23T03:57:43.808349581Z [INFO] EDGETRADER-VIRTUAL.SimulatedExchange(BINANCE): Added instrument BIOFDUSD.BINANCE and created matching engine
2026-09-23T03:57:43.808588431Z [INFO] EDGETRADER-VIRTUAL.SimulatedExchange(BINANCE): Added instrument BIOTRY.BINANCE and created matching engine
2026-09-23T03:57:43.808816263Z [INFO] EDGETRADER-VIRTUAL.SimulatedExchange(BINANCE): Added instrument BIOUSDC.BINANCE and created matching engine
2026-09-23T03:57:43.809052898Z [INFO] EDGETRADER-VIRTUAL.SimulatedExchange(BINANCE): Added instrument HIVETRY.BINANCE and created matching engine
2026-09-23T03:57:43.809272897Z [INFO] EDGETRADER-VIRTUAL.SimulatedExchange(BINANCE): Added instrument MOVEUSDC.BINANCE and created matching engine
2026-09-23T03:57:43.809507349Z [INFO] EDGETRADER-VIRTUAL.SimulatedExchange(BINANCE): Added instrument PHATRY.BINANCE and created matching engine
2026-09-23T03:57:43.809725156Z [INFO] EDGETRADER-VIRTUAL.SimulatedExchange(BINANCE): Added instrument SUSHITRY.BINANCE and created matching engine
2026-09-23T03:57:43.809962653Z [INFO] EDGETRADER-VIRTUAL.SimulatedExchange(BINANCE): Added instrument DUSDT.BINANCE and created matching engine
2026-09-23T03:57:43.810184575Z [INFO] EDGETRADER-VIRTUAL.SimulatedExchange(BINANCE): Added instrument DTRY.BINANCE and created matching engine
2026-09-23T03:57:43.810410487Z [INFO] EDGETRADER-VIRTUAL.SimulatedExchange(BINANCE): Added instrument APTJPY.BINANCE and created matching engine
2026-09-23T03:57:43.810645648Z [INFO] EDGETRADER-VIRTUAL.SimulatedExchange(BINANCE): Added instrument SUIJPY.BINANCE and created matching engine
2026-09-23T03:57:43.810870281Z [INFO] EDGETRADER-VIRTUAL.SimulatedExchange(BINANCE): Added instrument XLMJPY.BINANCE and created matching engine
2026-09-23T03:57:43.811136885Z [INFO] EDGETRADER-VIRTUAL.SimulatedExchange(BINANCE): Added instrument PEPEJPY.BINANCE and created matching engine
2026-09-23T03:57:43.811373670Z [INFO] EDGETRADER-VIRTUAL.SimulatedExchange(BINANCE): Added instrument PHAUSDC.BINANCE and created matching engine
2026-09-23T03:57:43.811614289Z [INFO] EDGETRADER-VIRTUAL.SimulatedExchange(BINANCE): Added instrument USDCPLN.BINANCE and created matching engine
2026-09-23T03:57:43.811859535Z [INFO] EDGETRADER-VIRTUAL.SimulatedExchange(BINANCE): Added instrument STEEMUSDC.BINANCE and created matching engine
2026-09-23T03:57:43.812088298Z [INFO] EDGETRADER-VIRTUAL.SimulatedExchange(BINANCE): Added instrument USUALUSDC.BINANCE and created matching engine
2026-09-23T03:57:43.812309729Z [INFO] EDGETRADER-VIRTUAL.SimulatedExchange(BINANCE): Added instrument AIXBTUSDT.BINANCE and created matching engine
2026-09-23T03:57:43.812541067Z [INFO] EDGETRADER-VIRTUAL.SimulatedExchange(BINANCE): Added instrument AIXBTUSDC.BINANCE and created matching engine
2026-09-23T03:57:43.812768080Z [INFO] EDGETRADER-VIRTUAL.SimulatedExchange(BINANCE): Added instrument CGPTUSDT.BINANCE and created matching engine
2026-09-23T03:57:43.813002174Z [INFO] EDGETRADER-VIRTUAL.SimulatedExchange(BINANCE): Added instrument CGPTUSDC.BINANCE and created matching engine
2026-09-23T03:57:43.813220591Z [INFO] EDGETRADER-VIRTUAL.SimulatedExchange(BINANCE): Added instrument COOKIEUSDT.BINANCE and created matching engine
2026-09-23T03:57:43.813444895Z [INFO] EDGETRADER-VIRTUAL.SimulatedExchange(BINANCE): Added instrument COOKIEUSDC.BINANCE and created matching engine
2026-09-23T03:57:43.813662537Z [INFO] EDGETRADER-VIRTUAL.SimulatedExchange(BINANCE): Added instrument SBTC.BINANCE and created matching engine
2026-09-23T03:57:43.813884399Z [INFO] EDGETRADER-VIRTUAL.SimulatedExchange(BINANCE): Added instrument SBNB.BINANCE and created matching engine
2026-09-23T03:57:43.814100984Z [INFO] EDGETRADER-VIRTUAL.SimulatedExchange(BINANCE): Added instrument SETH.BINANCE and created matching engine
2026-09-23T03:57:43.814321297Z [INFO] EDGETRADER-VIRTUAL.SimulatedExchange(BINANCE): Added instrument SEUR.BINANCE and created matching engine
2026-09-23T03:57:43.814551238Z [INFO] EDGETRADER-VIRTUAL.SimulatedExchange(BINANCE): Added instrument SFDUSD.BINANCE and created matching engine
2026-09-23T03:57:43.814772076Z [INFO] EDGETRADER-VIRTUAL.SimulatedExchange(BINANCE): Added instrument STRY.BINANCE and created matching engine
2026-09-23T03:57:43.814996419Z [INFO] EDGETRADER-VIRTUAL.SimulatedExchange(BINANCE): Added instrument SUSDC.BINANCE and created matching engine
2026-09-23T03:57:43.815226551Z [INFO] EDGETRADER-VIRTUAL.SimulatedExchange(BINANCE): Added instrument SUSDT.BINANCE and created matching engine
2026-09-23T03:57:43.815498494Z [INFO] EDGETRADER-VIRTUAL.SimulatedExchange(BINANCE): Added instrument IOTXJPY.BINANCE and created matching engine
2026-09-23T03:57:43.815762396Z [INFO] EDGETRADER-VIRTUAL.SimulatedExchange(BINANCE): Added instrument SEIJPY.BINANCE and created matching engine
2026-09-23T03:57:43.815989851Z [INFO] EDGETRADER-VIRTUAL.SimulatedExchange(BINANCE): Added instrument SOLVUSDT.BINANCE and created matching engine
2026-09-23T03:57:43.816231313Z [INFO] EDGETRADER-VIRTUAL.SimulatedExchange(BINANCE): Added instrument SOLVBNB.BINANCE and created matching engine
2026-09-23T03:57:43.816448356Z [INFO] EDGETRADER-VIRTUAL.SimulatedExchange(BINANCE): Added instrument SOLVFDUSD.BINANCE and created matching engine
2026-09-23T03:57:43.816688904Z [INFO] EDGETRADER-VIRTUAL.SimulatedExchange(BINANCE): Added instrument SOLVTRY.BINANCE and created matching engine
2026-09-23T03:57:43.816904635Z [INFO] EDGETRADER-VIRTUAL.SimulatedExchange(BINANCE): Added instrument TRUMPUSDT.BINANCE and created matching engine
2026-09-23T03:57:43.817129238Z [INFO] EDGETRADER-VIRTUAL.SimulatedExchange(BINANCE): Added instrument TRUMPUSDC.BINANCE and created matching engine
2026-09-23T03:57:43.817353972Z [INFO] EDGETRADER-VIRTUAL.SimulatedExchange(BINANCE): Added instrument AIXBTTRY.BINANCE and created matching engine
2026-09-23T03:57:43.817584914Z [INFO] EDGETRADER-VIRTUAL.SimulatedExchange(BINANCE): Added instrument TRUMPTRY.BINANCE and created matching engine
2026-09-23T03:57:43.817800255Z [INFO] EDGETRADER-VIRTUAL.SimulatedExchange(BINANCE): Added instrument ANIMEUSDT.BINANCE and created matching engine
2026-09-23T03:57:43.818024802Z [INFO] EDGETRADER-VIRTUAL.SimulatedExchange(BINANCE): Added instrument ANIMEUSDC.BINANCE and created matching engine
2026-09-23T03:57:43.818245318Z [INFO] EDGETRADER-VIRTUAL.SimulatedExchange(BINANCE): Added instrument ANIMEBNB.BINANCE and created matching engine
2026-09-23T03:57:43.818468958Z [INFO] EDGETRADER-VIRTUAL.SimulatedExchange(BINANCE): Added instrument ANIMEFDUSD.BINANCE and created matching engine
2026-09-23T03:57:43.818694009Z [INFO] EDGETRADER-VIRTUAL.SimulatedExchange(BINANCE): Added instrument ANIMETRY.BINANCE and created matching engine
2026-09-23T03:57:43.818932062Z [INFO] EDGETRADER-VIRTUAL.SimulatedExchange(BINANCE): Added instrument BERABTC.BINANCE and created matching engine
2026-09-23T03:57:43.819163358Z [INFO] EDGETRADER-VIRTUAL.SimulatedExchange(BINANCE): Added instrument BERAUSDT.BINANCE and created matching engine
2026-09-23T03:57:43.819396059Z [INFO] EDGETRADER-VIRTUAL.SimulatedExchange(BINANCE): Added instrument BERAUSDC.BINANCE and created matching engine
2026-09-23T03:57:43.819619051Z [INFO] EDGETRADER-VIRTUAL.SimulatedExchange(BINANCE): Added instrument BERAFDUSD.BINANCE and created matching engine
2026-09-23T03:57:43.819877276Z [INFO] EDGETRADER-VIRTUAL.SimulatedExchange(BINANCE): Added instrument BERABNB.BINANCE and created matching engine
2026-09-23T03:57:43.820111903Z [INFO] EDGETRADER-VIRTUAL.SimulatedExchange(BINANCE): Added instrument BERATRY.BINANCE and created matching engine
2026-09-23T03:57:43.820341723Z [INFO] EDGETRADER-VIRTUAL.SimulatedExchange(BINANCE): Added instrument 1000CHEEMSUSDT.BINANCE and created matching engine
2026-09-23T03:57:43.820561873Z [INFO] EDGETRADER-VIRTUAL.SimulatedExchange(BINANCE): Added instrument 1000CHEEMSUSDC.BINANCE and created matching engine
2026-09-23T03:57:43.820804627Z [INFO] EDGETRADER-VIRTUAL.SimulatedExchange(BINANCE): Added instrument TSTUSDT.BINANCE and created matching engine
2026-09-23T03:57:43.821038702Z [INFO] EDGETRADER-VIRTUAL.SimulatedExchange(BINANCE): Added instrument TSTUSDC.BINANCE and created matching engine
2026-09-23T03:57:43.821273717Z [INFO] EDGETRADER-VIRTUAL.SimulatedExchange(BINANCE): Added instrument LAYERBTC.BINANCE and created matching engine
2026-09-23T03:57:43.821492942Z [INFO] EDGETRADER-VIRTUAL.SimulatedExchange(BINANCE): Added instrument LAYERUSDT.BINANCE and created matching engine
2026-09-23T03:57:43.821719628Z [INFO] EDGETRADER-VIRTUAL.SimulatedExchange(BINANCE): Added instrument LAYERUSDC.BINANCE and created matching engine
2026-09-23T03:57:43.822024310Z [INFO] EDGETRADER-VIRTUAL.SimulatedExchange(BINANCE): Added instrument LAYERBNB.BINANCE and created matching engine
2026-09-23T03:57:43.822253785Z [INFO] EDGETRADER-VIRTUAL.SimulatedExchange(BINANCE): Added instrument LAYERFDUSD.BINANCE and created matching engine
2026-09-23T03:57:43.822449353Z [INFO] EDGETRADER-VIRTUAL.SimulatedExchange(BINANCE): Added instrument LAYERTRY.BINANCE and created matching engine
2026-09-23T03:57:43.822677622Z [INFO] EDGETRADER-VIRTUAL.SimulatedExchange(BINANCE): Added instrument QTUMTRY.BINANCE and created matching engine
2026-09-23T03:57:43.822876893Z [INFO] EDGETRADER-VIRTUAL.SimulatedExchange(BINANCE): Added instrument TRUMPEUR.BINANCE and created matching engine
2026-09-23T03:57:43.823116623Z [INFO] EDGETRADER-VIRTUAL.SimulatedExchange(BINANCE): Added instrument VTHOTRY.BINANCE and created matching engine
2026-09-23T03:57:43.823378285Z [INFO] EDGETRADER-VIRTUAL.SimulatedExchange(BINANCE): Added instrument HEIBTC.BINANCE and created matching engine
2026-09-23T03:57:43.823578760Z [INFO] EDGETRADER-VIRTUAL.SimulatedExchange(BINANCE): Added instrument HEIUSDT.BINANCE and created matching engine
2026-09-23T03:57:43.823775847Z [INFO] EDGETRADER-VIRTUAL.SimulatedExchange(BINANCE): Added instrument CAKEUSDC.BINANCE and created matching engine
2026-09-23T03:57:43.824008639Z [INFO] EDGETRADER-VIRTUAL.SimulatedExchange(BINANCE): Added instrument HEIUSDC.BINANCE and created matching engine
2026-09-23T03:57:43.824230307Z [INFO] EDGETRADER-VIRTUAL.SimulatedExchange(BINANCE): Added instrument TRUMPFDUSD.BINANCE and created matching engine
2026-09-23T03:57:43.824461726Z [INFO] EDGETRADER-VIRTUAL.SimulatedExchange(BINANCE): Added instrument TSTFDUSD.BINANCE and created matching engine
2026-09-23T03:57:43.824697184Z [INFO] EDGETRADER-VIRTUAL.SimulatedExchange(BINANCE): Added instrument BNXUSDC.BINANCE and created matching engine
2026-09-23T03:57:43.824927623Z [INFO] EDGETRADER-VIRTUAL.SimulatedExchange(BINANCE): Added instrument LTCJPY.BINANCE and created matching engine
2026-09-23T03:57:43.825160767Z [INFO] EDGETRADER-VIRTUAL.SimulatedExchange(BINANCE): Added instrument BCHJPY.BINANCE and created matching engine
2026-09-23T03:57:43.825388948Z [INFO] EDGETRADER-VIRTUAL.SimulatedExchange(BINANCE): Added instrument LINKJPY.BINANCE and created matching engine
2026-09-23T03:57:43.825628287Z [INFO] EDGETRADER-VIRTUAL.SimulatedExchange(BINANCE): Added instrument KAITOBTC.BINANCE and created matching engine
2026-09-23T03:57:43.825851117Z [INFO] EDGETRADER-VIRTUAL.SimulatedExchange(BINANCE): Added instrument KAITOUSDT.BINANCE and created matching engine
2026-09-23T03:57:43.826075501Z [INFO] EDGETRADER-VIRTUAL.SimulatedExchange(BINANCE): Added instrument KAITOUSDC.BINANCE and created matching engine
2026-09-23T03:57:43.826306139Z [INFO] EDGETRADER-VIRTUAL.SimulatedExchange(BINANCE): Added instrument KAITOBNB.BINANCE and created matching engine
2026-09-23T03:57:43.826525755Z [INFO] EDGETRADER-VIRTUAL.SimulatedExchange(BINANCE): Added instrument KAITOFDUSD.BINANCE and created matching engine
2026-09-23T03:57:43.826759622Z [INFO] EDGETRADER-VIRTUAL.SimulatedExchange(BINANCE): Added instrument KAITOTRY.BINANCE and created matching engine
2026-09-23T03:57:43.826992318Z [INFO] EDGETRADER-VIRTUAL.SimulatedExchange(BINANCE): Added instrument ETHMXN.BINANCE and created matching engine
2026-09-23T03:57:43.827235541Z [INFO] EDGETRADER-VIRTUAL.SimulatedExchange(BINANCE): Added instrument KAITOBRL.BINANCE and created matching engine
2026-09-23T03:57:43.827468271Z [INFO] EDGETRADER-VIRTUAL.SimulatedExchange(BINANCE): Added instrument SOLMXN.BINANCE and created matching engine
2026-09-23T03:57:43.827725000Z [INFO] EDGETRADER-VIRTUAL.SimulatedExchange(BINANCE): Added instrument BNBARS.BINANCE and created matching engine
2026-09-23T03:57:43.827957002Z [INFO] EDGETRADER-VIRTUAL.SimulatedExchange(BINANCE): Added instrument SOLARS.BINANCE and created matching engine
2026-09-23T03:57:43.828194461Z [INFO] EDGETRADER-VIRTUAL.SimulatedExchange(BINANCE): Added instrument TRUMPBRL.BINANCE and created matching engine
2026-09-23T03:57:43.828422469Z [INFO] EDGETRADER-VIRTUAL.SimulatedExchange(BINANCE): Added instrument TRXFDUSD.BINANCE and created matching engine
2026-09-23T03:57:43.828661394Z [INFO] EDGETRADER-VIRTUAL.SimulatedExchange(BINANCE): Added instrument TSTTRY.BINANCE and created matching engine
2026-09-23T03:57:43.828901495Z [INFO] EDGETRADER-VIRTUAL.SimulatedExchange(BINANCE): Added instrument SHELLBTC.BINANCE and created matching engine
2026-09-23T03:57:43.829136075Z [INFO] EDGETRADER-VIRTUAL.SimulatedExchange(BINANCE): Added instrument SHELLUSDT.BINANCE and created matching engine
2026-09-23T03:57:43.829362490Z [INFO] EDGETRADER-VIRTUAL.SimulatedExchange(BINANCE): Added instrument SHELLUSDC.BINANCE and created matching engine
2026-09-23T03:57:43.829598976Z [INFO] EDGETRADER-VIRTUAL.SimulatedExchange(BINANCE): Added instrument SHELLBNB.BINANCE and created matching engine
2026-09-23T03:57:43.829830027Z [INFO] EDGETRADER-VIRTUAL.SimulatedExchange(BINANCE): Added instrument SHELLFDUSD.BINANCE and created matching engine
2026-09-23T03:57:43.830068090Z [INFO] EDGETRADER-VIRTUAL.SimulatedExchange(BINANCE): Added instrument SHELLTRY.BINANCE and created matching engine
2026-09-23T03:57:43.830316601Z [INFO] EDGETRADER-VIRTUAL.SimulatedExchange(BINANCE): Added instrument REDUSDT.BINANCE and created matching engine
2026-09-23T03:57:43.830563608Z [INFO] EDGETRADER-VIRTUAL.SimulatedExchange(BINANCE): Added instrument GPSUSDT.BINANCE and created matching engine
2026-09-23T03:57:43.830810741Z [INFO] EDGETRADER-VIRTUAL.SimulatedExchange(BINANCE): Added instrument GPSUSDC.BINANCE and created matching engine
2026-09-23T03:57:43.831083809Z [INFO] EDGETRADER-VIRTUAL.SimulatedExchange(BINANCE): Added instrument GPSFDUSD.BINANCE and created matching engine
2026-09-23T03:57:43.831337799Z [INFO] EDGETRADER-VIRTUAL.SimulatedExchange(BINANCE): Added instrument GPSTRY.BINANCE and created matching engine
2026-09-23T03:57:43.831583344Z [INFO] EDGETRADER-VIRTUAL.SimulatedExchange(BINANCE): Added instrument GPSBNB.BINANCE and created matching engine
2026-09-23T03:57:43.831845459Z [INFO] EDGETRADER-VIRTUAL.SimulatedExchange(BINANCE): Added instrument REDBTC.BINANCE and created matching engine
2026-09-23T03:57:43.832096824Z [INFO] EDGETRADER-VIRTUAL.SimulatedExchange(BINANCE): Added instrument REDUSDC.BINANCE and created matching engine
2026-09-23T03:57:43.832339027Z [INFO] EDGETRADER-VIRTUAL.SimulatedExchange(BINANCE): Added instrument REDFDUSD.BINANCE and created matching engine
2026-09-23T03:57:43.832583914Z [INFO] EDGETRADER-VIRTUAL.SimulatedExchange(BINANCE): Added instrument REDTRY.BINANCE and created matching engine
2026-09-23T03:57:43.832821102Z [INFO] EDGETRADER-VIRTUAL.SimulatedExchange(BINANCE): Added instrument CHESSUSDC.BINANCE and created matching engine
2026-09-23T03:57:43.833061398Z [INFO] EDGETRADER-VIRTUAL.SimulatedExchange(BINANCE): Added instrument EGLDUSDC.BINANCE and created matching engine
2026-09-23T03:57:43.833306549Z [INFO] EDGETRADER-VIRTUAL.SimulatedExchange(BINANCE): Added instrument OSMOUSDC.BINANCE and created matching engine
2026-09-23T03:57:43.833554899Z [INFO] EDGETRADER-VIRTUAL.SimulatedExchange(BINANCE): Added instrument UTKUSDC.BINANCE and created matching engine
2026-09-23T03:57:43.833787556Z [INFO] EDGETRADER-VIRTUAL.SimulatedExchange(BINANCE): Added instrument TUSDC.BINANCE and created matching engine
2026-09-23T03:57:43.834035042Z [INFO] EDGETRADER-VIRTUAL.SimulatedExchange(BINANCE): Added instrument CVCUSDC.BINANCE and created matching engine
2026-09-23T03:57:43.834292583Z [INFO] EDGETRADER-VIRTUAL.SimulatedExchange(BINANCE): Added instrument EURIUSDC.BINANCE and created matching engine
2026-09-23T03:57:43.834541552Z [INFO] EDGETRADER-VIRTUAL.SimulatedExchange(BINANCE): Added instrument SYNUSDC.BINANCE and created matching engine
2026-09-23T03:57:43.834791169Z [INFO] EDGETRADER-VIRTUAL.SimulatedExchange(BINANCE): Added instrument USDCRON.BINANCE and created matching engine
2026-09-23T03:57:43.835022191Z [INFO] EDGETRADER-VIRTUAL.SimulatedExchange(BINANCE): Added instrument VELODROMEUSDC.BINANCE and created matching engine
2026-09-23T03:57:43.835273341Z [INFO] EDGETRADER-VIRTUAL.SimulatedExchange(BINANCE): Added instrument EPICUSDT.BINANCE and created matching engine
2026-09-23T03:57:43.835517486Z [INFO] EDGETRADER-VIRTUAL.SimulatedExchange(BINANCE): Added instrument DFUSDC.BINANCE and created matching engine
2026-09-23T03:57:43.835786705Z [INFO] EDGETRADER-VIRTUAL.SimulatedExchange(BINANCE): Added instrument EPICUSDC.BINANCE and created matching engine
2026-09-23T03:57:43.836038761Z [INFO] EDGETRADER-VIRTUAL.SimulatedExchange(BINANCE): Added instrument GMXUSDC.BINANCE and created matching engine
2026-09-23T03:57:43.836292576Z [INFO] EDGETRADER-VIRTUAL.SimulatedExchange(BINANCE): Added instrument MKRUSDC.BINANCE and created matching engine
2026-09-23T03:57:43.836541128Z [INFO] EDGETRADER-VIRTUAL.SimulatedExchange(BINANCE): Added instrument RPLUSDC.BINANCE and created matching engine
2026-09-23T03:57:43.836791412Z [INFO] EDGETRADER-VIRTUAL.SimulatedExchange(BINANCE): Added instrument BMTUSDT.BINANCE and created matching engine
2026-09-23T03:57:43.837030539Z [INFO] EDGETRADER-VIRTUAL.SimulatedExchange(BINANCE): Added instrument BMTUSDC.BINANCE and created matching engine
2026-09-23T03:57:43.837275145Z [INFO] EDGETRADER-VIRTUAL.SimulatedExchange(BINANCE): Added instrument BMTBNB.BINANCE and created matching engine
2026-09-23T03:57:43.837506774Z [INFO] EDGETRADER-VIRTUAL.SimulatedExchange(BINANCE): Added instrument BMTFDUSD.BINANCE and created matching engine
2026-09-23T03:57:43.837752375Z [INFO] EDGETRADER-VIRTUAL.SimulatedExchange(BINANCE): Added instrument BMTTRY.BINANCE and created matching engine
2026-09-23T03:57:43.837982893Z [INFO] EDGETRADER-VIRTUAL.SimulatedExchange(BINANCE): Added instrument FORMUSDC.BINANCE and created matching engine
2026-09-23T03:57:43.838220374Z [INFO] EDGETRADER-VIRTUAL.SimulatedExchange(BINANCE): Added instrument FORMUSDT.BINANCE and created matching engine
2026-09-23T03:57:43.838456794Z [INFO] EDGETRADER-VIRTUAL.SimulatedExchange(BINANCE): Added instrument FORMTRY.BINANCE and created matching engine
2026-09-23T03:57:43.838697449Z [INFO] EDGETRADER-VIRTUAL.SimulatedExchange(BINANCE): Added instrument XUSDUSDT.BINANCE and created matching engine
2026-09-23T03:57:43.838928067Z [INFO] EDGETRADER-VIRTUAL.SimulatedExchange(BINANCE): Added instrument IOTAUSDC.BINANCE and created matching engine
2026-09-23T03:57:43.839184498Z [INFO] EDGETRADER-VIRTUAL.SimulatedExchange(BINANCE): Added instrument JUVUSDC.BINANCE and created matching engine
2026-09-23T03:57:43.839455280Z [INFO] EDGETRADER-VIRTUAL.SimulatedExchange(BINANCE): Added instrument THEUSDC.BINANCE and created matching engine
2026-09-23T03:57:43.839693369Z [INFO] EDGETRADER-VIRTUAL.SimulatedExchange(BINANCE): Added instrument VANRYUSDC.BINANCE and created matching engine
2026-09-23T03:57:43.839954116Z [INFO] EDGETRADER-VIRTUAL.SimulatedExchange(BINANCE): Added instrument USDCCZK.BINANCE and created matching engine
2026-09-23T03:57:43.840204503Z [INFO] EDGETRADER-VIRTUAL.SimulatedExchange(BINANCE): Added instrument NILUSDT.BINANCE and created matching engine
2026-09-23T03:57:43.840440457Z [INFO] EDGETRADER-VIRTUAL.SimulatedExchange(BINANCE): Added instrument NILBNB.BINANCE and created matching engine
2026-09-23T03:57:43.840683248Z [INFO] EDGETRADER-VIRTUAL.SimulatedExchange(BINANCE): Added instrument NILFDUSD.BINANCE and created matching engine
2026-09-23T03:57:43.840922804Z [INFO] EDGETRADER-VIRTUAL.SimulatedExchange(BINANCE): Added instrument NILUSDC.BINANCE and created matching engine
2026-09-23T03:57:43.841167371Z [INFO] EDGETRADER-VIRTUAL.SimulatedExchange(BINANCE): Added instrument NILTRY.BINANCE and created matching engine
2026-09-23T03:57:43.841393035Z [INFO] EDGETRADER-VIRTUAL.SimulatedExchange(BINANCE): Added instrument BEAMXUSDC.BINANCE and created matching engine
2026-09-23T03:57:43.841628297Z [INFO] EDGETRADER-VIRTUAL.SimulatedExchange(BINANCE): Added instrument VANAUSDC.BINANCE and created matching engine
2026-09-23T03:57:43.841850232Z [INFO] EDGETRADER-VIRTUAL.SimulatedExchange(BINANCE): Added instrument PARTIFDUSD.BINANCE and created matching engine
2026-09-23T03:57:43.842089556Z [INFO] EDGETRADER-VIRTUAL.SimulatedExchange(BINANCE): Added instrument PARTITRY.BINANCE and created matching engine
2026-09-23T03:57:43.842315067Z [INFO] EDGETRADER-VIRTUAL.SimulatedExchange(BINANCE): Added instrument PARTIUSDT.BINANCE and created matching engine
2026-09-23T03:57:43.842547878Z [INFO] EDGETRADER-VIRTUAL.SimulatedExchange(BINANCE): Added instrument PARTIUSDC.BINANCE and created matching engine
2026-09-23T03:57:43.842778923Z [INFO] EDGETRADER-VIRTUAL.SimulatedExchange(BINANCE): Added instrument PARTIBNB.BINANCE and created matching engine
2026-09-23T03:57:43.843010301Z [INFO] EDGETRADER-VIRTUAL.SimulatedExchange(BINANCE): Added instrument MUBARAKUSDT.BINANCE and created matching engine
2026-09-23T03:57:43.843240647Z [INFO] EDGETRADER-VIRTUAL.SimulatedExchange(BINANCE): Added instrument MUBARAKUSDC.BINANCE and created matching engine
2026-09-23T03:57:43.843490883Z [INFO] EDGETRADER-VIRTUAL.SimulatedExchange(BINANCE): Added instrument TUTUSDT.BINANCE and created matching engine
2026-09-23T03:57:43.843734748Z [INFO] EDGETRADER-VIRTUAL.SimulatedExchange(BINANCE): Added instrument BROCCOLI714USDT.BINANCE and created matching engine
2026-09-23T03:57:43.843987151Z [INFO] EDGETRADER-VIRTUAL.SimulatedExchange(BINANCE): Added instrument TUTUSDC.BINANCE and created matching engine
2026-09-23T03:57:43.844208409Z [INFO] EDGETRADER-VIRTUAL.SimulatedExchange(BINANCE): Added instrument BANANAS31USDT.BINANCE and created matching engine
2026-09-23T03:57:43.844443837Z [INFO] EDGETRADER-VIRTUAL.SimulatedExchange(BINANCE): Added instrument BANANAS31USDC.BINANCE and created matching engine
2026-09-23T03:57:43.844665264Z [INFO] EDGETRADER-VIRTUAL.SimulatedExchange(BINANCE): Added instrument BROCCOLI714USDC.BINANCE and created matching engine
2026-09-23T03:57:43.844915136Z [INFO] EDGETRADER-VIRTUAL.SimulatedExchange(BINANCE): Added instrument GUNUSDT.BINANCE and created matching engine
2026-09-23T03:57:43.845150081Z [INFO] EDGETRADER-VIRTUAL.SimulatedExchange(BINANCE): Added instrument GUNBNB.BINANCE and created matching engine
2026-09-23T03:57:43.845391685Z [INFO] EDGETRADER-VIRTUAL.SimulatedExchange(BINANCE): Added instrument GUNFDUSD.BINANCE and created matching engine
2026-09-23T03:57:43.845626993Z [INFO] EDGETRADER-VIRTUAL.SimulatedExchange(BINANCE): Added instrument GUNTRY.BINANCE and created matching engine
2026-09-23T03:57:43.845864649Z [INFO] EDGETRADER-VIRTUAL.SimulatedExchange(BINANCE): Added instrument THETAUSDC.BINANCE and created matching engine
2026-09-23T03:57:43.846096406Z [INFO] EDGETRADER-VIRTUAL.SimulatedExchange(BINANCE): Added instrument API3USDC.BINANCE and created matching engine
2026-09-23T03:57:43.846332054Z [INFO] EDGETRADER-VIRTUAL.SimulatedExchange(BINANCE): Added instrument AUCTIONTRY.BINANCE and created matching engine
2026-09-23T03:57:43.846560645Z [INFO] EDGETRADER-VIRTUAL.SimulatedExchange(BINANCE): Added instrument AUCTIONUSDC.BINANCE and created matching engine
2026-09-23T03:57:43.846793798Z [INFO] EDGETRADER-VIRTUAL.SimulatedExchange(BINANCE): Added instrument BANANAUSDC.BINANCE and created matching engine
2026-09-23T03:57:43.847045962Z [INFO] EDGETRADER-VIRTUAL.SimulatedExchange(BINANCE): Added instrument GUNUSDC.BINANCE and created matching engine
2026-09-23T03:57:43.847344473Z [INFO] EDGETRADER-VIRTUAL.SimulatedExchange(BINANCE): Added instrument QNTUSDC.BINANCE and created matching engine
2026-09-23T03:57:43.847598220Z [INFO] EDGETRADER-VIRTUAL.SimulatedExchange(BINANCE): Added instrument VETUSDC.BINANCE and created matching engine
2026-09-23T03:57:43.847870233Z [INFO] EDGETRADER-VIRTUAL.SimulatedExchange(BINANCE): Added instrument ZENUSDC.BINANCE and created matching engine
2026-09-23T03:57:43.848103539Z [INFO] EDGETRADER-VIRTUAL.SimulatedExchange(BINANCE): Added instrument BABYUSDT.BINANCE and created matching engine
2026-09-23T03:57:43.848349068Z [INFO] EDGETRADER-VIRTUAL.SimulatedExchange(BINANCE): Added instrument BABYUSDC.BINANCE and created matching engine
2026-09-23T03:57:43.848587029Z [INFO] EDGETRADER-VIRTUAL.SimulatedExchange(BINANCE): Added instrument BABYBNB.BINANCE and created matching engine
2026-09-23T03:57:43.848821276Z [INFO] EDGETRADER-VIRTUAL.SimulatedExchange(BINANCE): Added instrument BABYFDUSD.BINANCE and created matching engine
2026-09-23T03:57:43.849059880Z [INFO] EDGETRADER-VIRTUAL.SimulatedExchange(BINANCE): Added instrument BABYTRY.BINANCE and created matching engine
2026-09-23T03:57:43.849302246Z [INFO] EDGETRADER-VIRTUAL.SimulatedExchange(BINANCE): Added instrument ONDOUSDT.BINANCE and created matching engine
2026-09-23T03:57:43.849529934Z [INFO] EDGETRADER-VIRTUAL.SimulatedExchange(BINANCE): Added instrument ONDOUSDC.BINANCE and created matching engine
2026-09-23T03:57:43.849758985Z [INFO] EDGETRADER-VIRTUAL.SimulatedExchange(BINANCE): Added instrument BIGTIMEUSDT.BINANCE and created matching engine
2026-09-23T03:57:43.849977459Z [INFO] EDGETRADER-VIRTUAL.SimulatedExchange(BINANCE): Added instrument BIGTIMEUSDC.BINANCE and created matching engine
2026-09-23T03:57:43.850207410Z [INFO] EDGETRADER-VIRTUAL.SimulatedExchange(BINANCE): Added instrument VIRTUALUSDT.BINANCE and created matching engine
2026-09-23T03:57:43.850443382Z [INFO] EDGETRADER-VIRTUAL.SimulatedExchange(BINANCE): Added instrument VIRTUALUSDC.BINANCE and created matching engine
2026-09-23T03:57:43.850680499Z [INFO] EDGETRADER-VIRTUAL.SimulatedExchange(BINANCE): Added instrument KERNELBNB.BINANCE and created matching engine
2026-09-23T03:57:43.850903657Z [INFO] EDGETRADER-VIRTUAL.SimulatedExchange(BINANCE): Added instrument KERNELFDUSD.BINANCE and created matching engine
2026-09-23T03:57:43.851151454Z [INFO] EDGETRADER-VIRTUAL.SimulatedExchange(BINANCE): Added instrument KERNELTRY.BINANCE and created matching engine
2026-09-23T03:57:43.851376761Z [INFO] EDGETRADER-VIRTUAL.SimulatedExchange(BINANCE): Added instrument KERNELUSDC.BINANCE and created matching engine
2026-09-23T03:57:43.851610296Z [INFO] EDGETRADER-VIRTUAL.SimulatedExchange(BINANCE): Added instrument KERNELUSDT.BINANCE and created matching engine
2026-09-23T03:57:43.851868440Z [INFO] EDGETRADER-VIRTUAL.SimulatedExchange(BINANCE): Added instrument WCTTRY.BINANCE and created matching engine
2026-09-23T03:57:43.852114369Z [INFO] EDGETRADER-VIRTUAL.SimulatedExchange(BINANCE): Added instrument WCTFDUSD.BINANCE and created matching engine
2026-09-23T03:57:43.852352620Z [INFO] EDGETRADER-VIRTUAL.SimulatedExchange(BINANCE): Added instrument WCTBNB.BINANCE and created matching engine
2026-09-23T03:57:43.852603576Z [INFO] EDGETRADER-VIRTUAL.SimulatedExchange(BINANCE): Added instrument WCTUSDC.BINANCE and created matching engine
2026-09-23T03:57:43.852843629Z [INFO] EDGETRADER-VIRTUAL.SimulatedExchange(BINANCE): Added instrument WCTUSDT.BINANCE and created matching engine
2026-09-23T03:57:43.853101332Z [INFO] EDGETRADER-VIRTUAL.SimulatedExchange(BINANCE): Added instrument PAXGUSDC.BINANCE and created matching engine
2026-09-23T03:57:43.853343113Z [INFO] EDGETRADER-VIRTUAL.SimulatedExchange(BINANCE): Added instrument ONDOTRY.BINANCE and created matching engine
2026-09-23T03:57:43.853594451Z [INFO] EDGETRADER-VIRTUAL.SimulatedExchange(BINANCE): Added instrument BABYEUR.BINANCE and created matching engine
2026-09-23T03:57:43.853836411Z [INFO] EDGETRADER-VIRTUAL.SimulatedExchange(BINANCE): Added instrument ACHUSDC.BINANCE and created matching engine
2026-09-23T03:57:43.854085110Z [INFO] EDGETRADER-VIRTUAL.SimulatedExchange(BINANCE): Added instrument GMTUSDC.BINANCE and created matching engine
2026-09-23T03:57:43.854312102Z [INFO] EDGETRADER-VIRTUAL.SimulatedExchange(BINANCE): Added instrument HYPERUSDT.BINANCE and created matching engine
2026-09-23T03:57:43.854547254Z [INFO] EDGETRADER-VIRTUAL.SimulatedExchange(BINANCE): Added instrument HYPERUSDC.BINANCE and created matching engine
2026-09-23T03:57:43.854779551Z [INFO] EDGETRADER-VIRTUAL.SimulatedExchange(BINANCE): Added instrument HYPERBNB.BINANCE and created matching engine
2026-09-23T03:57:43.855012831Z [INFO] EDGETRADER-VIRTUAL.SimulatedExchange(BINANCE): Added instrument HYPERFDUSD.BINANCE and created matching engine
2026-09-23T03:57:43.855254334Z [INFO] EDGETRADER-VIRTUAL.SimulatedExchange(BINANCE): Added instrument HYPERTRY.BINANCE and created matching engine
2026-09-23T03:57:43.855533130Z [INFO] EDGETRADER-VIRTUAL.SimulatedExchange(BINANCE): Added instrument INITUSDT.BINANCE and created matching engine
2026-09-23T03:57:43.855791576Z [INFO] EDGETRADER-VIRTUAL.SimulatedExchange(BINANCE): Added instrument INITUSDC.BINANCE and created matching engine
2026-09-23T03:57:43.856045447Z [INFO] EDGETRADER-VIRTUAL.SimulatedExchange(BINANCE): Added instrument INITBNB.BINANCE and created matching engine
2026-09-23T03:57:43.856274009Z [INFO] EDGETRADER-VIRTUAL.SimulatedExchange(BINANCE): Added instrument INITFDUSD.BINANCE and created matching engine
2026-09-23T03:57:43.856532441Z [INFO] EDGETRADER-VIRTUAL.SimulatedExchange(BINANCE): Added instrument INITTRY.BINANCE and created matching engine
2026-09-23T03:57:43.856767304Z [INFO] EDGETRADER-VIRTUAL.SimulatedExchange(BINANCE): Added instrument SIGNUSDT.BINANCE and created matching engine
2026-09-23T03:57:43.857008148Z [INFO] EDGETRADER-VIRTUAL.SimulatedExchange(BINANCE): Added instrument SIGNUSDC.BINANCE and created matching engine
2026-09-23T03:57:43.857249931Z [INFO] EDGETRADER-VIRTUAL.SimulatedExchange(BINANCE): Added instrument SIGNBNB.BINANCE and created matching engine
2026-09-23T03:57:43.857485566Z [INFO] EDGETRADER-VIRTUAL.SimulatedExchange(BINANCE): Added instrument SIGNFDUSD.BINANCE and created matching engine
2026-09-23T03:57:43.857728633Z [INFO] EDGETRADER-VIRTUAL.SimulatedExchange(BINANCE): Added instrument SIGNTRY.BINANCE and created matching engine
2026-09-23T03:57:43.857979100Z [INFO] EDGETRADER-VIRTUAL.SimulatedExchange(BINANCE): Added instrument STOUSDT.BINANCE and created matching engine
2026-09-23T03:57:43.858220245Z [INFO] EDGETRADER-VIRTUAL.SimulatedExchange(BINANCE): Added instrument STOUSDC.BINANCE and created matching engine
2026-09-23T03:57:43.858469504Z [INFO] EDGETRADER-VIRTUAL.SimulatedExchange(BINANCE): Added instrument STOBNB.BINANCE and created matching engine
2026-09-23T03:57:43.858703863Z [INFO] EDGETRADER-VIRTUAL.SimulatedExchange(BINANCE): Added instrument STOFDUSD.BINANCE and created matching engine
2026-09-23T03:57:43.858952284Z [INFO] EDGETRADER-VIRTUAL.SimulatedExchange(BINANCE): Added instrument STOTRY.BINANCE and created matching engine
2026-09-23T03:57:43.859205651Z [INFO] EDGETRADER-VIRTUAL.SimulatedExchange(BINANCE): Added instrument ENJUSDC.BINANCE and created matching engine
2026-09-23T03:57:43.859441444Z [INFO] EDGETRADER-VIRTUAL.SimulatedExchange(BINANCE): Added instrument VIRTUALTRY.BINANCE and created matching engine
2026-09-23T03:57:43.859670123Z [INFO] EDGETRADER-VIRTUAL.SimulatedExchange(BINANCE): Added instrument SYRUPUSDT.BINANCE and created matching engine
2026-09-23T03:57:43.859942810Z [INFO] EDGETRADER-VIRTUAL.SimulatedExchange(BINANCE): Added instrument SYRUPUSDC.BINANCE and created matching engine
2026-09-23T03:57:43.860177406Z [INFO] EDGETRADER-VIRTUAL.SimulatedExchange(BINANCE): Added instrument KMNOUSDT.BINANCE and created matching engine
2026-09-23T03:57:43.860420047Z [INFO] EDGETRADER-VIRTUAL.SimulatedExchange(BINANCE): Added instrument KMNOUSDC.BINANCE and created matching engine
2026-09-23T03:57:43.860661993Z [INFO] EDGETRADER-VIRTUAL.SimulatedExchange(BINANCE): Added instrument SXTUSDT.BINANCE and created matching engine
2026-09-23T03:57:43.860912011Z [INFO] EDGETRADER-VIRTUAL.SimulatedExchange(BINANCE): Added instrument SXTUSDC.BINANCE and created matching engine
2026-09-23T03:57:43.861149708Z [INFO] EDGETRADER-VIRTUAL.SimulatedExchange(BINANCE): Added instrument SXTBNB.BINANCE and created matching engine
2026-09-23T03:57:43.861409494Z [INFO] EDGETRADER-VIRTUAL.SimulatedExchange(BINANCE): Added instrument SXTFDUSD.BINANCE and created matching engine
2026-09-23T03:57:43.861650056Z [INFO] EDGETRADER-VIRTUAL.SimulatedExchange(BINANCE): Added instrument SXTTRY.BINANCE and created matching engine
2026-09-23T03:57:43.861887001Z [INFO] EDGETRADER-VIRTUAL.SimulatedExchange(BINANCE): Added instrument PUNDIXUSDC.BINANCE and created matching engine
2026-09-23T03:57:43.862121841Z [INFO] EDGETRADER-VIRTUAL.SimulatedExchange(BINANCE): Added instrument SYRUPTRY.BINANCE and created matching engine
2026-09-23T03:57:43.862367402Z [INFO] EDGETRADER-VIRTUAL.SimulatedExchange(BINANCE): Added instrument NXPCUSDT.BINANCE and created matching engine
2026-09-23T03:57:43.862601225Z [INFO] EDGETRADER-VIRTUAL.SimulatedExchange(BINANCE): Added instrument NXPCUSDC.BINANCE and created matching engine
2026-09-23T03:57:43.862851589Z [INFO] EDGETRADER-VIRTUAL.SimulatedExchange(BINANCE): Added instrument NXPCBNB.BINANCE and created matching engine
2026-09-23T03:57:43.863078198Z [INFO] EDGETRADER-VIRTUAL.SimulatedExchange(BINANCE): Added instrument NXPCFDUSD.BINANCE and created matching engine
2026-09-23T03:57:43.863339171Z [INFO] EDGETRADER-VIRTUAL.SimulatedExchange(BINANCE): Added instrument NXPCTRY.BINANCE and created matching engine
2026-09-23T03:57:43.863607403Z [INFO] EDGETRADER-VIRTUAL.SimulatedExchange(BINANCE): Added instrument AWEBTC.BINANCE and created matching engine
2026-09-23T03:57:43.863881843Z [INFO] EDGETRADER-VIRTUAL.SimulatedExchange(BINANCE): Added instrument AWEUSDT.BINANCE and created matching engine
2026-09-23T03:57:43.864110014Z [INFO] EDGETRADER-VIRTUAL.SimulatedExchange(BINANCE): Added instrument HAEDALUSDT.BINANCE and created matching engine
2026-09-23T03:57:43.864352879Z [INFO] EDGETRADER-VIRTUAL.SimulatedExchange(BINANCE): Added instrument HAEDALUSDC.BINANCE and created matching engine
2026-09-23T03:57:43.864581631Z [INFO] EDGETRADER-VIRTUAL.SimulatedExchange(BINANCE): Added instrument HAEDALBNB.BINANCE and created matching engine
2026-09-23T03:57:43.864820042Z [INFO] EDGETRADER-VIRTUAL.SimulatedExchange(BINANCE): Added instrument HAEDALFDUSD.BINANCE and created matching engine
2026-09-23T03:57:43.865047566Z [INFO] EDGETRADER-VIRTUAL.SimulatedExchange(BINANCE): Added instrument HAEDALTRY.BINANCE and created matching engine
2026-09-23T03:57:43.865290891Z [INFO] EDGETRADER-VIRTUAL.SimulatedExchange(BINANCE): Added instrument USD1USDT.BINANCE and created matching engine
2026-09-23T03:57:43.865526400Z [INFO] EDGETRADER-VIRTUAL.SimulatedExchange(BINANCE): Added instrument HUMAUSDT.BINANCE and created matching engine
2026-09-23T03:57:43.865769595Z [INFO] EDGETRADER-VIRTUAL.SimulatedExchange(BINANCE): Added instrument HUMAUSDC.BINANCE and created matching engine
2026-09-23T03:57:43.866021815Z [INFO] EDGETRADER-VIRTUAL.SimulatedExchange(BINANCE): Added instrument HUMABNB.BINANCE and created matching engine
2026-09-23T03:57:43.866251384Z [INFO] EDGETRADER-VIRTUAL.SimulatedExchange(BINANCE): Added instrument HUMAFDUSD.BINANCE and created matching engine
2026-09-23T03:57:43.866504145Z [INFO] EDGETRADER-VIRTUAL.SimulatedExchange(BINANCE): Added instrument HUMATRY.BINANCE and created matching engine
2026-09-23T03:57:43.866729721Z [INFO] EDGETRADER-VIRTUAL.SimulatedExchange(BINANCE): Added instrument ABTC.BINANCE and created matching engine
2026-09-23T03:57:43.866964664Z [INFO] EDGETRADER-VIRTUAL.SimulatedExchange(BINANCE): Added instrument AETH.BINANCE and created matching engine
2026-09-23T03:57:43.867231336Z [INFO] EDGETRADER-VIRTUAL.SimulatedExchange(BINANCE): Added instrument AFDUSD.BINANCE and created matching engine
2026-09-23T03:57:43.867469174Z [INFO] EDGETRADER-VIRTUAL.SimulatedExchange(BINANCE): Added instrument ATRY.BINANCE and created matching engine
2026-09-23T03:57:43.867712218Z [INFO] EDGETRADER-VIRTUAL.SimulatedExchange(BINANCE): Added instrument AUSDC.BINANCE and created matching engine
2026-09-23T03:57:43.867947349Z [INFO] EDGETRADER-VIRTUAL.SimulatedExchange(BINANCE): Added instrument AUSDT.BINANCE and created matching engine
2026-09-23T03:57:43.868185086Z [INFO] EDGETRADER-VIRTUAL.SimulatedExchange(BINANCE): Added instrument SOPHUSDT.BINANCE and created matching engine
2026-09-23T03:57:43.868429870Z [INFO] EDGETRADER-VIRTUAL.SimulatedExchange(BINANCE): Added instrument SOPHUSDC.BINANCE and created matching engine
2026-09-23T03:57:43.868676745Z [INFO] EDGETRADER-VIRTUAL.SimulatedExchange(BINANCE): Added instrument SOPHBNB.BINANCE and created matching engine
2026-09-23T03:57:43.868915247Z [INFO] EDGETRADER-VIRTUAL.SimulatedExchange(BINANCE): Added instrument SOPHFDUSD.BINANCE and created matching engine
2026-09-23T03:57:43.869161638Z [INFO] EDGETRADER-VIRTUAL.SimulatedExchange(BINANCE): Added instrument SOPHTRY.BINANCE and created matching engine
2026-09-23T03:57:43.869398750Z [INFO] EDGETRADER-VIRTUAL.SimulatedExchange(BINANCE): Added instrument MUBARAKTRY.BINANCE and created matching engine
2026-09-23T03:57:43.869642534Z [INFO] EDGETRADER-VIRTUAL.SimulatedExchange(BINANCE): Added instrument TRXJPY.BINANCE and created matching engine
2026-09-23T03:57:43.869891158Z [INFO] EDGETRADER-VIRTUAL.SimulatedExchange(BINANCE): Added instrument DAIJPY.BINANCE and created matching engine
2026-09-23T03:57:43.870120880Z [INFO] EDGETRADER-VIRTUAL.SimulatedExchange(BINANCE): Added instrument RESOLVUSDT.BINANCE and created matching engine
2026-09-23T03:57:43.870356994Z [INFO] EDGETRADER-VIRTUAL.SimulatedExchange(BINANCE): Added instrument RESOLVUSDC.BINANCE and created matching engine
2026-09-23T03:57:43.870588680Z [INFO] EDGETRADER-VIRTUAL.SimulatedExchange(BINANCE): Added instrument RESOLVBNB.BINANCE and created matching engine
2026-09-23T03:57:43.870824956Z [INFO] EDGETRADER-VIRTUAL.SimulatedExchange(BINANCE): Added instrument RESOLVFDUSD.BINANCE and created matching engine
2026-09-23T03:57:43.871056467Z [INFO] EDGETRADER-VIRTUAL.SimulatedExchange(BINANCE): Added instrument RESOLVTRY.BINANCE and created matching engine
2026-09-23T03:57:43.871313200Z [INFO] EDGETRADER-VIRTUAL.SimulatedExchange(BINANCE): Added instrument HOMEUSDT.BINANCE and created matching engine
2026-09-23T03:57:43.871551232Z [INFO] EDGETRADER-VIRTUAL.SimulatedExchange(BINANCE): Added instrument HOMEUSDC.BINANCE and created matching engine
2026-09-23T03:57:43.871857722Z [INFO] EDGETRADER-VIRTUAL.SimulatedExchange(BINANCE): Added instrument HOMEBNB.BINANCE and created matching engine
2026-09-23T03:57:43.872093955Z [INFO] EDGETRADER-VIRTUAL.SimulatedExchange(BINANCE): Added instrument HOMEFDUSD.BINANCE and created matching engine
2026-09-23T03:57:43.872351253Z [INFO] EDGETRADER-VIRTUAL.SimulatedExchange(BINANCE): Added instrument HOMETRY.BINANCE and created matching engine
2026-09-23T03:57:43.872592334Z [INFO] EDGETRADER-VIRTUAL.SimulatedExchange(BINANCE): Added instrument FLUXUSDC.BINANCE and created matching engine
2026-09-23T03:57:43.872839912Z [INFO] EDGETRADER-VIRTUAL.SimulatedExchange(BINANCE): Added instrument MASKUSDC.BINANCE and created matching engine
2026-09-23T03:57:43.873071287Z [INFO] EDGETRADER-VIRTUAL.SimulatedExchange(BINANCE): Added instrument SUSHIUSDC.BINANCE and created matching engine
2026-09-23T03:57:43.873325068Z [INFO] EDGETRADER-VIRTUAL.SimulatedExchange(BINANCE): Added instrument SPKUSDT.BINANCE and created matching engine
2026-09-23T03:57:43.873570362Z [INFO] EDGETRADER-VIRTUAL.SimulatedExchange(BINANCE): Added instrument SPKUSDC.BINANCE and created matching engine
2026-09-23T03:57:43.873819760Z [INFO] EDGETRADER-VIRTUAL.SimulatedExchange(BINANCE): Added instrument SPKBNB.BINANCE and created matching engine
2026-09-23T03:57:43.874055797Z [INFO] EDGETRADER-VIRTUAL.SimulatedExchange(BINANCE): Added instrument SPKFDUSD.BINANCE and created matching engine
2026-09-23T03:57:43.874306334Z [INFO] EDGETRADER-VIRTUAL.SimulatedExchange(BINANCE): Added instrument SPKTRY.BINANCE and created matching engine
2026-09-23T03:57:43.874567847Z [INFO] EDGETRADER-VIRTUAL.SimulatedExchange(BINANCE): Added instrument NEWTUSDT.BINANCE and created matching engine
2026-09-23T03:57:43.874814713Z [INFO] EDGETRADER-VIRTUAL.SimulatedExchange(BINANCE): Added instrument NEWTUSDC.BINANCE and created matching engine
2026-09-23T03:57:43.875062083Z [INFO] EDGETRADER-VIRTUAL.SimulatedExchange(BINANCE): Added instrument NEWTBNB.BINANCE and created matching engine
2026-09-23T03:57:43.875311498Z [INFO] EDGETRADER-VIRTUAL.SimulatedExchange(BINANCE): Added instrument NEWTFDUSD.BINANCE and created matching engine
2026-09-23T03:57:43.875559841Z [INFO] EDGETRADER-VIRTUAL.SimulatedExchange(BINANCE): Added instrument NEWTTRY.BINANCE and created matching engine
2026-09-23T03:57:43.875825275Z [INFO] EDGETRADER-VIRTUAL.SimulatedExchange(BINANCE): Added instrument NEIROJPY.BINANCE and created matching engine
2026-09-23T03:57:43.876056658Z [INFO] EDGETRADER-VIRTUAL.SimulatedExchange(BINANCE): Added instrument SAHARAUSDT.BINANCE and created matching engine
2026-09-23T03:57:43.876296944Z [INFO] EDGETRADER-VIRTUAL.SimulatedExchange(BINANCE): Added instrument SAHARAUSDC.BINANCE and created matching engine
2026-09-23T03:57:43.876530586Z [INFO] EDGETRADER-VIRTUAL.SimulatedExchange(BINANCE): Added instrument SAHARABNB.BINANCE and created matching engine
2026-09-23T03:57:43.876768238Z [INFO] EDGETRADER-VIRTUAL.SimulatedExchange(BINANCE): Added instrument SAHARAFDUSD.BINANCE and created matching engine
2026-09-23T03:57:43.877000135Z [INFO] EDGETRADER-VIRTUAL.SimulatedExchange(BINANCE): Added instrument SAHARATRY.BINANCE and created matching engine
2026-09-23T03:57:43.877255843Z [INFO] EDGETRADER-VIRTUAL.SimulatedExchange(BINANCE): Added instrument LPTUSDC.BINANCE and created matching engine
2026-09-23T03:57:43.877502690Z [INFO] EDGETRADER-VIRTUAL.SimulatedExchange(BINANCE): Added instrument RVNUSDC.BINANCE and created matching engine
2026-09-23T03:57:43.877753975Z [INFO] EDGETRADER-VIRTUAL.SimulatedExchange(BINANCE): Added instrument LAUSDT.BINANCE and created matching engine
2026-09-23T03:57:43.877998228Z [INFO] EDGETRADER-VIRTUAL.SimulatedExchange(BINANCE): Added instrument LAUSDC.BINANCE and created matching engine
2026-09-23T03:57:43.878236755Z [INFO] EDGETRADER-VIRTUAL.SimulatedExchange(BINANCE): Added instrument LABNB.BINANCE and created matching engine
2026-09-23T03:57:43.878483817Z [INFO] EDGETRADER-VIRTUAL.SimulatedExchange(BINANCE): Added instrument LAFDUSD.BINANCE and created matching engine
2026-09-23T03:57:43.878722434Z [INFO] EDGETRADER-VIRTUAL.SimulatedExchange(BINANCE): Added instrument LATRY.BINANCE and created matching engine
2026-09-23T03:57:43.878965077Z [INFO] EDGETRADER-VIRTUAL.SimulatedExchange(BINANCE): Added instrument LPTJPY.BINANCE and created matching engine
2026-09-23T03:57:43.879229529Z [INFO] EDGETRADER-VIRTUAL.SimulatedExchange(BINANCE): Added instrument XAIUSDC.BINANCE and created matching engine
2026-09-23T03:57:43.879477618Z [INFO] EDGETRADER-VIRTUAL.SimulatedExchange(BINANCE): Added instrument AXSUSDC.BINANCE and created matching engine
2026-09-23T03:57:43.879748435Z [INFO] EDGETRADER-VIRTUAL.SimulatedExchange(BINANCE): Added instrument COMPUSDC.BINANCE and created matching engine
2026-09-23T03:57:43.880498173Z [INFO] EDGETRADER-VIRTUAL.SimulatedExchange(BINANCE): Added instrument ERAUSDT.BINANCE and created matching engine
2026-09-23T03:57:43.880765565Z [INFO] EDGETRADER-VIRTUAL.SimulatedExchange(BINANCE): Added instrument ERAUSDC.BINANCE and created matching engine
2026-09-23T03:57:43.881011912Z [INFO] EDGETRADER-VIRTUAL.SimulatedExchange(BINANCE): Added instrument ERABNB.BINANCE and created matching engine
2026-09-23T03:57:43.881263539Z [INFO] EDGETRADER-VIRTUAL.SimulatedExchange(BINANCE): Added instrument ERAFDUSD.BINANCE and created matching engine
2026-09-23T03:57:43.881511694Z [INFO] EDGETRADER-VIRTUAL.SimulatedExchange(BINANCE): Added instrument ERATRY.BINANCE and created matching engine
2026-09-23T03:57:43.881754782Z [INFO] EDGETRADER-VIRTUAL.SimulatedExchange(BINANCE): Added instrument CUSDT.BINANCE and created matching engine
2026-09-23T03:57:43.881985744Z [INFO] EDGETRADER-VIRTUAL.SimulatedExchange(BINANCE): Added instrument CUSDC.BINANCE and created matching engine
2026-09-23T03:57:43.882221911Z [INFO] EDGETRADER-VIRTUAL.SimulatedExchange(BINANCE): Added instrument CBNB.BINANCE and created matching engine
2026-09-23T03:57:43.882501306Z [INFO] EDGETRADER-VIRTUAL.SimulatedExchange(BINANCE): Added instrument CFDUSD.BINANCE and created matching engine
2026-09-23T03:57:43.882746218Z [INFO] EDGETRADER-VIRTUAL.SimulatedExchange(BINANCE): Added instrument CTRY.BINANCE and created matching engine
2026-09-23T03:57:43.883007354Z [INFO] EDGETRADER-VIRTUAL.SimulatedExchange(BINANCE): Added instrument GRTUSDC.BINANCE and created matching engine
2026-09-23T03:57:43.883270354Z [INFO] EDGETRADER-VIRTUAL.SimulatedExchange(BINANCE): Added instrument ROSEUSDC.BINANCE and created matching engine
2026-09-23T03:57:43.883530428Z [INFO] EDGETRADER-VIRTUAL.SimulatedExchange(BINANCE): Added instrument CVXUSDC.BINANCE and created matching engine
2026-09-23T03:57:43.883812125Z [INFO] EDGETRADER-VIRTUAL.SimulatedExchange(BINANCE): Added instrument FUNUSDC.BINANCE and created matching engine
2026-09-23T03:57:43.884061023Z [INFO] EDGETRADER-VIRTUAL.SimulatedExchange(BINANCE): Added instrument LISTAUSDC.BINANCE and created matching engine
2026-09-23T03:57:43.884313765Z [INFO] EDGETRADER-VIRTUAL.SimulatedExchange(BINANCE): Added instrument TREEUSDT.BINANCE and created matching engine
2026-09-23T03:57:43.884564678Z [INFO] EDGETRADER-VIRTUAL.SimulatedExchange(BINANCE): Added instrument TREEUSDC.BINANCE and created matching engine
2026-09-23T03:57:43.884825414Z [INFO] EDGETRADER-VIRTUAL.SimulatedExchange(BINANCE): Added instrument TREEBNB.BINANCE and created matching engine
2026-09-23T03:57:43.885069969Z [INFO] EDGETRADER-VIRTUAL.SimulatedExchange(BINANCE): Added instrument TREEFDUSD.BINANCE and created matching engine
2026-09-23T03:57:43.885329478Z [INFO] EDGETRADER-VIRTUAL.SimulatedExchange(BINANCE): Added instrument TREETRY.BINANCE and created matching engine
2026-09-23T03:57:43.885578356Z [INFO] EDGETRADER-VIRTUAL.SimulatedExchange(BINANCE): Added instrument A2ZUSDT.BINANCE and created matching engine
2026-09-23T03:57:43.885827963Z [INFO] EDGETRADER-VIRTUAL.SimulatedExchange(BINANCE): Added instrument TOWNSUSDT.BINANCE and created matching engine
2026-09-23T03:57:43.886062325Z [INFO] EDGETRADER-VIRTUAL.SimulatedExchange(BINANCE): Added instrument TOWNSUSDC.BINANCE and created matching engine
2026-09-23T03:57:43.886310180Z [INFO] EDGETRADER-VIRTUAL.SimulatedExchange(BINANCE): Added instrument TOWNSBNB.BINANCE and created matching engine
2026-09-23T03:57:43.886541105Z [INFO] EDGETRADER-VIRTUAL.SimulatedExchange(BINANCE): Added instrument TOWNSFDUSD.BINANCE and created matching engine
2026-09-23T03:57:43.886789099Z [INFO] EDGETRADER-VIRTUAL.SimulatedExchange(BINANCE): Added instrument TOWNSTRY.BINANCE and created matching engine
2026-09-23T03:57:43.887023000Z [INFO] EDGETRADER-VIRTUAL.SimulatedExchange(BINANCE): Added instrument PROVEUSDT.BINANCE and created matching engine
2026-09-23T03:57:43.887272441Z [INFO] EDGETRADER-VIRTUAL.SimulatedExchange(BINANCE): Added instrument PROVEUSDC.BINANCE and created matching engine
2026-09-23T03:57:43.887514160Z [INFO] EDGETRADER-VIRTUAL.SimulatedExchange(BINANCE): Added instrument PROVEBNB.BINANCE and created matching engine
2026-09-23T03:57:43.887773899Z [INFO] EDGETRADER-VIRTUAL.SimulatedExchange(BINANCE): Added instrument PROVEFDUSD.BINANCE and created matching engine
2026-09-23T03:57:43.888016216Z [INFO] EDGETRADER-VIRTUAL.SimulatedExchange(BINANCE): Added instrument PROVETRY.BINANCE and created matching engine
2026-09-23T03:57:43.888275274Z [INFO] EDGETRADER-VIRTUAL.SimulatedExchange(BINANCE): Added instrument ILVUSDC.BINANCE and created matching engine
2026-09-23T03:57:43.888511908Z [INFO] EDGETRADER-VIRTUAL.SimulatedExchange(BINANCE): Added instrument MAGICUSDC.BINANCE and created matching engine
2026-09-23T03:57:43.888769927Z [INFO] EDGETRADER-VIRTUAL.SimulatedExchange(BINANCE): Added instrument USDCBRL.BINANCE and created matching engine
2026-09-23T03:57:43.889036087Z [INFO] EDGETRADER-VIRTUAL.SimulatedExchange(BINANCE): Added instrument BFUSDUSDT.BINANCE and created matching engine
2026-09-23T03:57:43.889282571Z [INFO] EDGETRADER-VIRTUAL.SimulatedExchange(BINANCE): Added instrument PLUMEUSDT.BINANCE and created matching engine
2026-09-23T03:57:43.889517080Z [INFO] EDGETRADER-VIRTUAL.SimulatedExchange(BINANCE): Added instrument PLUMEUSDC.BINANCE and created matching engine
2026-09-23T03:57:43.889767326Z [INFO] EDGETRADER-VIRTUAL.SimulatedExchange(BINANCE): Added instrument PLUMEBNB.BINANCE and created matching engine
2026-09-23T03:57:43.890020334Z [INFO] EDGETRADER-VIRTUAL.SimulatedExchange(BINANCE): Added instrument PLUMEFDUSD.BINANCE and created matching engine
2026-09-23T03:57:43.890274346Z [INFO] EDGETRADER-VIRTUAL.SimulatedExchange(BINANCE): Added instrument PLUMETRY.BINANCE and created matching engine
2026-09-23T03:57:43.890510722Z [INFO] EDGETRADER-VIRTUAL.SimulatedExchange(BINANCE): Added instrument CYBERUSDC.BINANCE and created matching engine
2026-09-23T03:57:43.890770867Z [INFO] EDGETRADER-VIRTUAL.SimulatedExchange(BINANCE): Added instrument MAVUSDC.BINANCE and created matching engine
2026-09-23T03:57:43.891023383Z [INFO] EDGETRADER-VIRTUAL.SimulatedExchange(BINANCE): Added instrument SKLUSDC.BINANCE and created matching engine
2026-09-23T03:57:43.891289823Z [INFO] EDGETRADER-VIRTUAL.SimulatedExchange(BINANCE): Added instrument A2ZUSDC.BINANCE and created matching engine
2026-09-23T03:57:43.891542018Z [INFO] EDGETRADER-VIRTUAL.SimulatedExchange(BINANCE): Added instrument SSVUSDC.BINANCE and created matching engine
2026-09-23T03:57:43.891824379Z [INFO] EDGETRADER-VIRTUAL.SimulatedExchange(BINANCE): Added instrument UMAUSDC.BINANCE and created matching engine
2026-09-23T03:57:43.892070062Z [INFO] EDGETRADER-VIRTUAL.SimulatedExchange(BINANCE): Added instrument DOLOUSDT.BINANCE and created matching engine
2026-09-23T03:57:43.892322729Z [INFO] EDGETRADER-VIRTUAL.SimulatedExchange(BINANCE): Added instrument DOLOUSDC.BINANCE and created matching engine
2026-09-23T03:57:43.892574733Z [INFO] EDGETRADER-VIRTUAL.SimulatedExchange(BINANCE): Added instrument DOLOBNB.BINANCE and created matching engine
2026-09-23T03:57:43.892818933Z [INFO] EDGETRADER-VIRTUAL.SimulatedExchange(BINANCE): Added instrument DOLOFDUSD.BINANCE and created matching engine
2026-09-23T03:57:43.893069232Z [INFO] EDGETRADER-VIRTUAL.SimulatedExchange(BINANCE): Added instrument DOLOTRY.BINANCE and created matching engine
2026-09-23T03:57:43.893320307Z [INFO] EDGETRADER-VIRTUAL.SimulatedExchange(BINANCE): Added instrument MITOUSDT.BINANCE and created matching engine
2026-09-23T03:57:43.893560297Z [INFO] EDGETRADER-VIRTUAL.SimulatedExchange(BINANCE): Added instrument MITOUSDC.BINANCE and created matching engine
2026-09-23T03:57:43.893818289Z [INFO] EDGETRADER-VIRTUAL.SimulatedExchange(BINANCE): Added instrument MITOBNB.BINANCE and created matching engine
2026-09-23T03:57:43.894053874Z [INFO] EDGETRADER-VIRTUAL.SimulatedExchange(BINANCE): Added instrument MITOFDUSD.BINANCE and created matching engine
2026-09-23T03:57:43.894316374Z [INFO] EDGETRADER-VIRTUAL.SimulatedExchange(BINANCE): Added instrument MITOTRY.BINANCE and created matching engine
2026-09-23T03:57:43.894558798Z [INFO] EDGETRADER-VIRTUAL.SimulatedExchange(BINANCE): Added instrument WLFIUSDT.BINANCE and created matching engine
2026-09-23T03:57:43.894807227Z [INFO] EDGETRADER-VIRTUAL.SimulatedExchange(BINANCE): Added instrument WLFIUSDC.BINANCE and created matching engine
2026-09-23T03:57:43.895059862Z [INFO] EDGETRADER-VIRTUAL.SimulatedExchange(BINANCE): Added instrument WLFITRY.BINANCE and created matching engine
2026-09-23T03:57:43.895313412Z [INFO] EDGETRADER-VIRTUAL.SimulatedExchange(BINANCE): Added instrument BFUSDUSDC.BINANCE and created matching engine
2026-09-23T03:57:43.895565968Z [INFO] EDGETRADER-VIRTUAL.SimulatedExchange(BINANCE): Added instrument NMRUSDC.BINANCE and created matching engine
2026-09-23T03:57:43.895838995Z [INFO] EDGETRADER-VIRTUAL.SimulatedExchange(BINANCE): Added instrument QTUMUSDC.BINANCE and created matching engine
2026-09-23T03:57:43.896075650Z [INFO] EDGETRADER-VIRTUAL.SimulatedExchange(BINANCE): Added instrument SOMIUSDT.BINANCE and created matching engine
2026-09-23T03:57:43.896311192Z [INFO] EDGETRADER-VIRTUAL.SimulatedExchange(BINANCE): Added instrument SOMIUSDC.BINANCE and created matching engine
2026-09-23T03:57:43.896545172Z [INFO] EDGETRADER-VIRTUAL.SimulatedExchange(BINANCE): Added instrument SOMIBNB.BINANCE and created matching engine
2026-09-23T03:57:43.896815513Z [INFO] EDGETRADER-VIRTUAL.SimulatedExchange(BINANCE): Added instrument SOMIFDUSD.BINANCE and created matching engine
2026-09-23T03:57:43.897073931Z [INFO] EDGETRADER-VIRTUAL.SimulatedExchange(BINANCE): Added instrument SOMITRY.BINANCE and created matching engine
2026-09-23T03:57:43.897364744Z [INFO] EDGETRADER-VIRTUAL.SimulatedExchange(BINANCE): Added instrument WLFIBRL.BINANCE and created matching engine
2026-09-23T03:57:43.897623070Z [INFO] EDGETRADER-VIRTUAL.SimulatedExchange(BINANCE): Added instrument WLFIEUR.BINANCE and created matching engine
2026-09-23T03:57:43.897870026Z [INFO] EDGETRADER-VIRTUAL.SimulatedExchange(BINANCE): Added instrument OPENUSDT.BINANCE and created matching engine
2026-09-23T03:57:43.898132272Z [INFO] EDGETRADER-VIRTUAL.SimulatedExchange(BINANCE): Added instrument OPENUSDC.BINANCE and created matching engine
2026-09-23T03:57:43.898384822Z [INFO] EDGETRADER-VIRTUAL.SimulatedExchange(BINANCE): Added instrument OPENBNB.BINANCE and created matching engine
2026-09-23T03:57:43.898633566Z [INFO] EDGETRADER-VIRTUAL.SimulatedExchange(BINANCE): Added instrument OPENFDUSD.BINANCE and created matching engine
2026-09-23T03:57:43.898897069Z [INFO] EDGETRADER-VIRTUAL.SimulatedExchange(BINANCE): Added instrument OPENTRY.BINANCE and created matching engine
2026-09-23T03:57:43.899142925Z [INFO] EDGETRADER-VIRTUAL.SimulatedExchange(BINANCE): Added instrument USDEUSDC.BINANCE and created matching engine
2026-09-23T03:57:43.899391640Z [INFO] EDGETRADER-VIRTUAL.SimulatedExchange(BINANCE): Added instrument USDEUSDT.BINANCE and created matching engine
2026-09-23T03:57:43.899630243Z [INFO] EDGETRADER-VIRTUAL.SimulatedExchange(BINANCE): Added instrument LINEAUSDT.BINANCE and created matching engine
2026-09-23T03:57:43.899854711Z [INFO] EDGETRADER-VIRTUAL.SimulatedExchange(BINANCE): Added instrument LINEAUSDC.BINANCE and created matching engine
2026-09-23T03:57:43.900109724Z [INFO] EDGETRADER-VIRTUAL.SimulatedExchange(BINANCE): Added instrument LINEABNB.BINANCE and created matching engine
2026-09-23T03:57:43.900353418Z [INFO] EDGETRADER-VIRTUAL.SimulatedExchange(BINANCE): Added instrument LINEAFDUSD.BINANCE and created matching engine
2026-09-23T03:57:43.900596738Z [INFO] EDGETRADER-VIRTUAL.SimulatedExchange(BINANCE): Added instrument LINEATRY.BINANCE and created matching engine
2026-09-23T03:57:43.900856746Z [INFO] EDGETRADER-VIRTUAL.SimulatedExchange(BINANCE): Added instrument HOLOUSDT.BINANCE and created matching engine
2026-09-23T03:57:43.901107385Z [INFO] EDGETRADER-VIRTUAL.SimulatedExchange(BINANCE): Added instrument HOLOUSDC.BINANCE and created matching engine
2026-09-23T03:57:43.901368994Z [INFO] EDGETRADER-VIRTUAL.SimulatedExchange(BINANCE): Added instrument HOLOBNB.BINANCE and created matching engine
2026-09-23T03:57:43.901612181Z [INFO] EDGETRADER-VIRTUAL.SimulatedExchange(BINANCE): Added instrument HOLOFDUSD.BINANCE and created matching engine
2026-09-23T03:57:43.901875652Z [INFO] EDGETRADER-VIRTUAL.SimulatedExchange(BINANCE): Added instrument HOLOTRY.BINANCE and created matching engine
2026-09-23T03:57:43.902119542Z [INFO] EDGETRADER-VIRTUAL.SimulatedExchange(BINANCE): Added instrument PUMPUSDT.BINANCE and created matching engine
2026-09-23T03:57:43.902380716Z [INFO] EDGETRADER-VIRTUAL.SimulatedExchange(BINANCE): Added instrument PUMPTRY.BINANCE and created matching engine
2026-09-23T03:57:43.902623633Z [INFO] EDGETRADER-VIRTUAL.SimulatedExchange(BINANCE): Added instrument PUMPUSDC.BINANCE and created matching engine
2026-09-23T03:57:43.902878432Z [INFO] EDGETRADER-VIRTUAL.SimulatedExchange(BINANCE): Added instrument AVNTUSDT.BINANCE and created matching engine
2026-09-23T03:57:43.903133746Z [INFO] EDGETRADER-VIRTUAL.SimulatedExchange(BINANCE): Added instrument AVNTUSDC.BINANCE and created matching engine
2026-09-23T03:57:43.903395742Z [INFO] EDGETRADER-VIRTUAL.SimulatedExchange(BINANCE): Added instrument AVNTTRY.BINANCE and created matching engine
2026-09-23T03:57:43.903648996Z [INFO] EDGETRADER-VIRTUAL.SimulatedExchange(BINANCE): Added instrument ZKCUSDT.BINANCE and created matching engine
2026-09-23T03:57:43.903926761Z [INFO] EDGETRADER-VIRTUAL.SimulatedExchange(BINANCE): Added instrument ZKCUSDC.BINANCE and created matching engine
2026-09-23T03:57:43.904175017Z [INFO] EDGETRADER-VIRTUAL.SimulatedExchange(BINANCE): Added instrument ZKCFDUSD.BINANCE and created matching engine
2026-09-23T03:57:43.904433750Z [INFO] EDGETRADER-VIRTUAL.SimulatedExchange(BINANCE): Added instrument ZKCBNB.BINANCE and created matching engine
2026-09-23T03:57:43.904682542Z [INFO] EDGETRADER-VIRTUAL.SimulatedExchange(BINANCE): Added instrument ZKCTRY.BINANCE and created matching engine
2026-09-23T03:57:43.904938043Z [INFO] EDGETRADER-VIRTUAL.SimulatedExchange(BINANCE): Added instrument SKYBTC.BINANCE and created matching engine
2026-09-23T03:57:43.905185706Z [INFO] EDGETRADER-VIRTUAL.SimulatedExchange(BINANCE): Added instrument SKYTRY.BINANCE and created matching engine
2026-09-23T03:57:43.905447483Z [INFO] EDGETRADER-VIRTUAL.SimulatedExchange(BINANCE): Added instrument SKYUSDC.BINANCE and created matching engine
2026-09-23T03:57:43.905719151Z [INFO] EDGETRADER-VIRTUAL.SimulatedExchange(BINANCE): Added instrument SKYUSDT.BINANCE and created matching engine
2026-09-23T03:57:43.906009981Z [INFO] EDGETRADER-VIRTUAL.SimulatedExchange(BINANCE): Added instrument BARDUSDT.BINANCE and created matching engine
2026-09-23T03:57:43.906260247Z [INFO] EDGETRADER-VIRTUAL.SimulatedExchange(BINANCE): Added instrument BARDUSDC.BINANCE and created matching engine
2026-09-23T03:57:43.906508787Z [INFO] EDGETRADER-VIRTUAL.SimulatedExchange(BINANCE): Added instrument BARDFDUSD.BINANCE and created matching engine
2026-09-23T03:57:43.906763849Z [INFO] EDGETRADER-VIRTUAL.SimulatedExchange(BINANCE): Added instrument BARDTRY.BINANCE and created matching engine
2026-09-23T03:57:43.907024744Z [INFO] EDGETRADER-VIRTUAL.SimulatedExchange(BINANCE): Added instrument BARDBNB.BINANCE and created matching engine
2026-09-23T03:57:43.907284062Z [INFO] EDGETRADER-VIRTUAL.SimulatedExchange(BINANCE): Added instrument 0GUSDT.BINANCE and created matching engine
2026-09-23T03:57:43.907543194Z [INFO] EDGETRADER-VIRTUAL.SimulatedExchange(BINANCE): Added instrument 0GUSDC.BINANCE and created matching engine
2026-09-23T03:57:43.907802450Z [INFO] EDGETRADER-VIRTUAL.SimulatedExchange(BINANCE): Added instrument 0GBNB.BINANCE and created matching engine
2026-09-23T03:57:43.908066822Z [INFO] EDGETRADER-VIRTUAL.SimulatedExchange(BINANCE): Added instrument 0GFDUSD.BINANCE and created matching engine
2026-09-23T03:57:43.908301861Z [INFO] EDGETRADER-VIRTUAL.SimulatedExchange(BINANCE): Added instrument 0GTRY.BINANCE and created matching engine
2026-09-23T03:57:43.908562822Z [INFO] EDGETRADER-VIRTUAL.SimulatedExchange(BINANCE): Added instrument IMXUSDC.BINANCE and created matching engine
2026-09-23T03:57:43.908811179Z [INFO] EDGETRADER-VIRTUAL.SimulatedExchange(BINANCE): Added instrument NMRTRY.BINANCE and created matching engine
2026-09-23T03:57:43.909073563Z [INFO] EDGETRADER-VIRTUAL.SimulatedExchange(BINANCE): Added instrument TWTUSDC.BINANCE and created matching engine
2026-09-23T03:57:43.909324291Z [INFO] EDGETRADER-VIRTUAL.SimulatedExchange(BINANCE): Added instrument HEMIBNB.BINANCE and created matching engine
2026-09-23T03:57:43.909583960Z [INFO] EDGETRADER-VIRTUAL.SimulatedExchange(BINANCE): Added instrument HEMITRY.BINANCE and created matching engine
2026-09-23T03:57:43.909829239Z [INFO] EDGETRADER-VIRTUAL.SimulatedExchange(BINANCE): Added instrument HEMIUSDT.BINANCE and created matching engine
2026-09-23T03:57:43.910082286Z [INFO] EDGETRADER-VIRTUAL.SimulatedExchange(BINANCE): Added instrument HEMIUSDC.BINANCE and created matching engine
2026-09-23T03:57:43.910319068Z [INFO] EDGETRADER-VIRTUAL.SimulatedExchange(BINANCE): Added instrument HEMIFDUSD.BINANCE and created matching engine
2026-09-23T03:57:43.910580641Z [INFO] EDGETRADER-VIRTUAL.SimulatedExchange(BINANCE): Added instrument XPLUSDT.BINANCE and created matching engine
2026-09-23T03:57:43.910831892Z [INFO] EDGETRADER-VIRTUAL.SimulatedExchange(BINANCE): Added instrument XPLUSDC.BINANCE and created matching engine
2026-09-23T03:57:43.911096864Z [INFO] EDGETRADER-VIRTUAL.SimulatedExchange(BINANCE): Added instrument XPLBNB.BINANCE and created matching engine
2026-09-23T03:57:43.911341383Z [INFO] EDGETRADER-VIRTUAL.SimulatedExchange(BINANCE): Added instrument XPLFDUSD.BINANCE and created matching engine
2026-09-23T03:57:43.911604905Z [INFO] EDGETRADER-VIRTUAL.SimulatedExchange(BINANCE): Added instrument XPLTRY.BINANCE and created matching engine
2026-09-23T03:57:43.911875814Z [INFO] EDGETRADER-VIRTUAL.SimulatedExchange(BINANCE): Added instrument MIRAUSDT.BINANCE and created matching engine
2026-09-23T03:57:43.912134004Z [INFO] EDGETRADER-VIRTUAL.SimulatedExchange(BINANCE): Added instrument MIRAUSDC.BINANCE and created matching engine
2026-09-23T03:57:43.912393116Z [INFO] EDGETRADER-VIRTUAL.SimulatedExchange(BINANCE): Added instrument MIRABNB.BINANCE and created matching engine
2026-09-23T03:57:43.912643939Z [INFO] EDGETRADER-VIRTUAL.SimulatedExchange(BINANCE): Added instrument MIRAFDUSD.BINANCE and created matching engine
2026-09-23T03:57:43.912898590Z [INFO] EDGETRADER-VIRTUAL.SimulatedExchange(BINANCE): Added instrument MIRATRY.BINANCE and created matching engine
2026-09-23T03:57:43.913163225Z [INFO] EDGETRADER-VIRTUAL.SimulatedExchange(BINANCE): Added instrument FFUSDT.BINANCE and created matching engine
2026-09-23T03:57:43.913416182Z [INFO] EDGETRADER-VIRTUAL.SimulatedExchange(BINANCE): Added instrument FFUSDC.BINANCE and created matching engine
2026-09-23T03:57:43.913662580Z [INFO] EDGETRADER-VIRTUAL.SimulatedExchange(BINANCE): Added instrument FFBNB.BINANCE and created matching engine
2026-09-23T03:57:43.913938460Z [INFO] EDGETRADER-VIRTUAL.SimulatedExchange(BINANCE): Added instrument FFFDUSD.BINANCE and created matching engine
2026-09-23T03:57:43.914184661Z [INFO] EDGETRADER-VIRTUAL.SimulatedExchange(BINANCE): Added instrument FFTRY.BINANCE and created matching engine
2026-09-23T03:57:43.914468705Z [INFO] EDGETRADER-VIRTUAL.SimulatedExchange(BINANCE): Added instrument AEVOUSDC.BINANCE and created matching engine
2026-09-23T03:57:43.914732111Z [INFO] EDGETRADER-VIRTUAL.SimulatedExchange(BINANCE): Added instrument MEUSDC.BINANCE and created matching engine
2026-09-23T03:57:43.914990650Z [INFO] EDGETRADER-VIRTUAL.SimulatedExchange(BINANCE): Added instrument SNXUSDC.BINANCE and created matching engine
2026-09-23T03:57:43.915259160Z [INFO] EDGETRADER-VIRTUAL.SimulatedExchange(BINANCE): Added instrument EDENUSDT.BINANCE and created matching engine
2026-09-23T03:57:43.915508030Z [INFO] EDGETRADER-VIRTUAL.SimulatedExchange(BINANCE): Added instrument EDENUSDC.BINANCE and created matching engine
2026-09-23T03:57:43.915794550Z [INFO] EDGETRADER-VIRTUAL.SimulatedExchange(BINANCE): Added instrument EDENBNB.BINANCE and created matching engine
2026-09-23T03:57:43.916038065Z [INFO] EDGETRADER-VIRTUAL.SimulatedExchange(BINANCE): Added instrument EDENFDUSD.BINANCE and created matching engine
2026-09-23T03:57:43.916302971Z [INFO] EDGETRADER-VIRTUAL.SimulatedExchange(BINANCE): Added instrument EDENTRY.BINANCE and created matching engine
2026-09-23T03:57:43.916552709Z [INFO] EDGETRADER-VIRTUAL.SimulatedExchange(BINANCE): Added instrument NOMFDUSD.BINANCE and created matching engine
2026-09-23T03:57:43.916813208Z [INFO] EDGETRADER-VIRTUAL.SimulatedExchange(BINANCE): Added instrument NOMTRY.BINANCE and created matching engine
2026-09-23T03:57:43.917068486Z [INFO] EDGETRADER-VIRTUAL.SimulatedExchange(BINANCE): Added instrument NOMUSDC.BINANCE and created matching engine
2026-09-23T03:57:43.917332214Z [INFO] EDGETRADER-VIRTUAL.SimulatedExchange(BINANCE): Added instrument NOMUSDT.BINANCE and created matching engine
2026-09-23T03:57:43.917584100Z [INFO] EDGETRADER-VIRTUAL.SimulatedExchange(BINANCE): Added instrument 2ZUSDT.BINANCE and created matching engine
2026-09-23T03:57:43.917843428Z [INFO] EDGETRADER-VIRTUAL.SimulatedExchange(BINANCE): Added instrument 2ZUSDC.BINANCE and created matching engine
2026-09-23T03:57:43.918080850Z [INFO] EDGETRADER-VIRTUAL.SimulatedExchange(BINANCE): Added instrument 2ZBNB.BINANCE and created matching engine
2026-09-23T03:57:43.918344860Z [INFO] EDGETRADER-VIRTUAL.SimulatedExchange(BINANCE): Added instrument 2ZFDUSD.BINANCE and created matching engine
2026-09-23T03:57:43.918583328Z [INFO] EDGETRADER-VIRTUAL.SimulatedExchange(BINANCE): Added instrument 2ZTRY.BINANCE and created matching engine
2026-09-23T03:57:43.918840511Z [INFO] EDGETRADER-VIRTUAL.SimulatedExchange(BINANCE): Added instrument TRUMPJPY.BINANCE and created matching engine
2026-09-23T03:57:43.919079057Z [INFO] EDGETRADER-VIRTUAL.SimulatedExchange(BINANCE): Added instrument MORPHOUSDT.BINANCE and created matching engine
2026-09-23T03:57:43.919340033Z [INFO] EDGETRADER-VIRTUAL.SimulatedExchange(BINANCE): Added instrument MORPHOUSDC.BINANCE and created matching engine
2026-09-23T03:57:43.919582643Z [INFO] EDGETRADER-VIRTUAL.SimulatedExchange(BINANCE): Added instrument MORPHOBNB.BINANCE and created matching engine
2026-09-23T03:57:43.919844370Z [INFO] EDGETRADER-VIRTUAL.SimulatedExchange(BINANCE): Added instrument MORPHOFDUSD.BINANCE and created matching engine
2026-09-23T03:57:43.920086108Z [INFO] EDGETRADER-VIRTUAL.SimulatedExchange(BINANCE): Added instrument MORPHOTRY.BINANCE and created matching engine
2026-09-23T03:57:43.920336692Z [INFO] EDGETRADER-VIRTUAL.SimulatedExchange(BINANCE): Added instrument ASTERUSDT.BINANCE and created matching engine
2026-09-23T03:57:43.920577527Z [INFO] EDGETRADER-VIRTUAL.SimulatedExchange(BINANCE): Added instrument ASTERUSDC.BINANCE and created matching engine
2026-09-23T03:57:43.920834362Z [INFO] EDGETRADER-VIRTUAL.SimulatedExchange(BINANCE): Added instrument ASTERTRY.BINANCE and created matching engine
2026-09-23T03:57:43.921091627Z [INFO] EDGETRADER-VIRTUAL.SimulatedExchange(BINANCE): Added instrument WALUSDT.BINANCE and created matching engine
2026-09-23T03:57:43.921357410Z [INFO] EDGETRADER-VIRTUAL.SimulatedExchange(BINANCE): Added instrument WALUSDC.BINANCE and created matching engine
2026-09-23T03:57:43.921609697Z [INFO] EDGETRADER-VIRTUAL.SimulatedExchange(BINANCE): Added instrument WALBNB.BINANCE and created matching engine
2026-09-23T03:57:43.921867593Z [INFO] EDGETRADER-VIRTUAL.SimulatedExchange(BINANCE): Added instrument WALFDUSD.BINANCE and created matching engine
2026-09-23T03:57:43.922145458Z [INFO] EDGETRADER-VIRTUAL.SimulatedExchange(BINANCE): Added instrument WALTRY.BINANCE and created matching engine
2026-09-23T03:57:43.922411827Z [INFO] EDGETRADER-VIRTUAL.SimulatedExchange(BINANCE): Added instrument EULUSDT.BINANCE and created matching engine
2026-09-23T03:57:43.922668188Z [INFO] EDGETRADER-VIRTUAL.SimulatedExchange(BINANCE): Added instrument EULUSDC.BINANCE and created matching engine
2026-09-23T03:57:43.922926727Z [INFO] EDGETRADER-VIRTUAL.SimulatedExchange(BINANCE): Added instrument EULFDUSD.BINANCE and created matching engine
2026-09-23T03:57:43.923224812Z [INFO] EDGETRADER-VIRTUAL.SimulatedExchange(BINANCE): Added instrument EULBNB.BINANCE and created matching engine
2026-09-23T03:57:43.923488802Z [INFO] EDGETRADER-VIRTUAL.SimulatedExchange(BINANCE): Added instrument EULTRY.BINANCE and created matching engine
2026-09-23T03:57:43.923766372Z [INFO] EDGETRADER-VIRTUAL.SimulatedExchange(BINANCE): Added instrument ENSOUSDT.BINANCE and created matching engine
2026-09-23T03:57:43.924027114Z [INFO] EDGETRADER-VIRTUAL.SimulatedExchange(BINANCE): Added instrument ENSOUSDC.BINANCE and created matching engine
2026-09-23T03:57:43.924271942Z [INFO] EDGETRADER-VIRTUAL.SimulatedExchange(BINANCE): Added instrument ENSOFDUSD.BINANCE and created matching engine
2026-09-23T03:57:43.924543140Z [INFO] EDGETRADER-VIRTUAL.SimulatedExchange(BINANCE): Added instrument ENSOBNB.BINANCE and created matching engine
2026-09-23T03:57:43.924802114Z [INFO] EDGETRADER-VIRTUAL.SimulatedExchange(BINANCE): Added instrument ENSOTRY.BINANCE and created matching engine
2026-09-23T03:57:43.925064876Z [INFO] EDGETRADER-VIRTUAL.SimulatedExchange(BINANCE): Added instrument YBUSDT.BINANCE and created matching engine
2026-09-23T03:57:43.925318061Z [INFO] EDGETRADER-VIRTUAL.SimulatedExchange(BINANCE): Added instrument YBUSDC.BINANCE and created matching engine
2026-09-23T03:57:43.925564502Z [INFO] EDGETRADER-VIRTUAL.SimulatedExchange(BINANCE): Added instrument YBBNB.BINANCE and created matching engine
2026-09-23T03:57:43.925821995Z [INFO] EDGETRADER-VIRTUAL.SimulatedExchange(BINANCE): Added instrument YBFDUSD.BINANCE and created matching engine
2026-09-23T03:57:43.926068323Z [INFO] EDGETRADER-VIRTUAL.SimulatedExchange(BINANCE): Added instrument YBTRY.BINANCE and created matching engine
2026-09-23T03:57:43.926324368Z [INFO] EDGETRADER-VIRTUAL.SimulatedExchange(BINANCE): Added instrument ZBTUSDT.BINANCE and created matching engine
2026-09-23T03:57:43.926589786Z [INFO] EDGETRADER-VIRTUAL.SimulatedExchange(BINANCE): Added instrument ZBTUSDC.BINANCE and created matching engine
2026-09-23T03:57:43.926842526Z [INFO] EDGETRADER-VIRTUAL.SimulatedExchange(BINANCE): Added instrument ZBTBNB.BINANCE and created matching engine
2026-09-23T03:57:43.927107750Z [INFO] EDGETRADER-VIRTUAL.SimulatedExchange(BINANCE): Added instrument ZBTFDUSD.BINANCE and created matching engine
2026-09-23T03:57:43.927359411Z [INFO] EDGETRADER-VIRTUAL.SimulatedExchange(BINANCE): Added instrument ZBTTRY.BINANCE and created matching engine
2026-09-23T03:57:43.927607500Z [INFO] EDGETRADER-VIRTUAL.SimulatedExchange(BINANCE): Added instrument TURTLEUSDT.BINANCE and created matching engine
2026-09-23T03:57:43.927866023Z [INFO] EDGETRADER-VIRTUAL.SimulatedExchange(BINANCE): Added instrument TURTLEUSDC.BINANCE and created matching engine
2026-09-23T03:57:43.928120056Z [INFO] EDGETRADER-VIRTUAL.SimulatedExchange(BINANCE): Added instrument TURTLEBNB.BINANCE and created matching engine
2026-09-23T03:57:43.928358545Z [INFO] EDGETRADER-VIRTUAL.SimulatedExchange(BINANCE): Added instrument TURTLEFDUSD.BINANCE and created matching engine
2026-09-23T03:57:43.928610482Z [INFO] EDGETRADER-VIRTUAL.SimulatedExchange(BINANCE): Added instrument TURTLETRY.BINANCE and created matching engine
2026-09-23T03:57:43.928850806Z [INFO] EDGETRADER-VIRTUAL.SimulatedExchange(BINANCE): Added instrument GIGGLEUSDT.BINANCE and created matching engine
2026-09-23T03:57:43.929100205Z [INFO] EDGETRADER-VIRTUAL.SimulatedExchange(BINANCE): Added instrument GIGGLEUSDC.BINANCE and created matching engine
2026-09-23T03:57:43.929343494Z [INFO] EDGETRADER-VIRTUAL.SimulatedExchange(BINANCE): Added instrument GIGGLETRY.BINANCE and created matching engine
2026-09-23T03:57:43.929591690Z [INFO] EDGETRADER-VIRTUAL.SimulatedExchange(BINANCE): Added instrument FUSDT.BINANCE and created matching engine
2026-09-23T03:57:43.929833287Z [INFO] EDGETRADER-VIRTUAL.SimulatedExchange(BINANCE): Added instrument FUSDC.BINANCE and created matching engine
2026-09-23T03:57:43.930083111Z [INFO] EDGETRADER-VIRTUAL.SimulatedExchange(BINANCE): Added instrument FTRY.BINANCE and created matching engine
2026-09-23T03:57:43.930352302Z [INFO] EDGETRADER-VIRTUAL.SimulatedExchange(BINANCE): Added instrument KITEUSDT.BINANCE and created matching engine
2026-09-23T03:57:43.930610552Z [INFO] EDGETRADER-VIRTUAL.SimulatedExchange(BINANCE): Added instrument KITEUSDC.BINANCE and created matching engine
2026-09-23T03:57:43.930869967Z [INFO] EDGETRADER-VIRTUAL.SimulatedExchange(BINANCE): Added instrument KITEBNB.BINANCE and created matching engine
2026-09-23T03:57:43.931149617Z [INFO] EDGETRADER-VIRTUAL.SimulatedExchange(BINANCE): Added instrument KITETRY.BINANCE and created matching engine
2026-09-23T03:57:43.931409982Z [INFO] EDGETRADER-VIRTUAL.SimulatedExchange(BINANCE): Added instrument MMTUSDT.BINANCE and created matching engine
2026-09-23T03:57:43.931730401Z [INFO] EDGETRADER-VIRTUAL.SimulatedExchange(BINANCE): Added instrument MMTUSDC.BINANCE and created matching engine
2026-09-23T03:57:43.931989633Z [INFO] EDGETRADER-VIRTUAL.SimulatedExchange(BINANCE): Added instrument MMTBNB.BINANCE and created matching engine
2026-09-23T03:57:43.932254469Z [INFO] EDGETRADER-VIRTUAL.SimulatedExchange(BINANCE): Added instrument MMTTRY.BINANCE and created matching engine
2026-09-23T03:57:43.932506595Z [INFO] EDGETRADER-VIRTUAL.SimulatedExchange(BINANCE): Added instrument DASHUSDC.BINANCE and created matching engine
2026-09-23T03:57:43.932757191Z [INFO] EDGETRADER-VIRTUAL.SimulatedExchange(BINANCE): Added instrument SAPIENUSDT.BINANCE and created matching engine
2026-09-23T03:57:43.932998742Z [INFO] EDGETRADER-VIRTUAL.SimulatedExchange(BINANCE): Added instrument SAPIENUSDC.BINANCE and created matching engine
2026-09-23T03:57:43.933254349Z [INFO] EDGETRADER-VIRTUAL.SimulatedExchange(BINANCE): Added instrument SAPIENBNB.BINANCE and created matching engine
2026-09-23T03:57:43.933499181Z [INFO] EDGETRADER-VIRTUAL.SimulatedExchange(BINANCE): Added instrument SAPIENTRY.BINANCE and created matching engine
2026-09-23T03:57:43.933758124Z [INFO] EDGETRADER-VIRTUAL.SimulatedExchange(BINANCE): Added instrument MINAUSDC.BINANCE and created matching engine
2026-09-23T03:57:43.934017859Z [INFO] EDGETRADER-VIRTUAL.SimulatedExchange(BINANCE): Added instrument XVGUSDC.BINANCE and created matching engine
2026-09-23T03:57:43.934277703Z [INFO] EDGETRADER-VIRTUAL.SimulatedExchange(BINANCE): Added instrument ALLOUSDT.BINANCE and created matching engine
2026-09-23T03:57:43.934528349Z [INFO] EDGETRADER-VIRTUAL.SimulatedExchange(BINANCE): Added instrument ALLOUSDC.BINANCE and created matching engine
2026-09-23T03:57:43.934795534Z [INFO] EDGETRADER-VIRTUAL.SimulatedExchange(BINANCE): Added instrument ALLOBNB.BINANCE and created matching engine
2026-09-23T03:57:43.935053829Z [INFO] EDGETRADER-VIRTUAL.SimulatedExchange(BINANCE): Added instrument ALLOTRY.BINANCE and created matching engine
2026-09-23T03:57:43.935321976Z [INFO] EDGETRADER-VIRTUAL.SimulatedExchange(BINANCE): Added instrument SOLVUSDC.BINANCE and created matching engine
2026-09-23T03:57:43.935575068Z [INFO] EDGETRADER-VIRTUAL.SimulatedExchange(BINANCE): Added instrument USD1USDC.BINANCE and created matching engine
2026-09-23T03:57:43.935850947Z [INFO] EDGETRADER-VIRTUAL.SimulatedExchange(BINANCE): Added instrument WLFIUSD1.BINANCE and created matching engine
2026-09-23T03:57:43.936103168Z [INFO] EDGETRADER-VIRTUAL.SimulatedExchange(BINANCE): Added instrument BANKUSDT.BINANCE and created matching engine
2026-09-23T03:57:43.936364499Z [INFO] EDGETRADER-VIRTUAL.SimulatedExchange(BINANCE): Added instrument BANKUSDC.BINANCE and created matching engine
2026-09-23T03:57:43.936625692Z [INFO] EDGETRADER-VIRTUAL.SimulatedExchange(BINANCE): Added instrument BANKTRY.BINANCE and created matching engine
2026-09-23T03:57:43.936894732Z [INFO] EDGETRADER-VIRTUAL.SimulatedExchange(BINANCE): Added instrument METUSDT.BINANCE and created matching engine
2026-09-23T03:57:43.937154091Z [INFO] EDGETRADER-VIRTUAL.SimulatedExchange(BINANCE): Added instrument METUSDC.BINANCE and created matching engine
2026-09-23T03:57:43.937417980Z [INFO] EDGETRADER-VIRTUAL.SimulatedExchange(BINANCE): Added instrument METTRY.BINANCE and created matching engine
2026-09-23T03:57:43.937662863Z [INFO] EDGETRADER-VIRTUAL.SimulatedExchange(BINANCE): Added instrument 1INCHUSDC.BINANCE and created matching engine
2026-09-23T03:57:43.937924621Z [INFO] EDGETRADER-VIRTUAL.SimulatedExchange(BINANCE): Added instrument COTIUSDC.BINANCE and created matching engine
2026-09-23T03:57:43.938189142Z [INFO] EDGETRADER-VIRTUAL.SimulatedExchange(BINANCE): Added instrument LSKUSDC.BINANCE and created matching engine
2026-09-23T03:57:43.938459295Z [INFO] EDGETRADER-VIRTUAL.SimulatedExchange(BINANCE): Added instrument USDTUSD.BINANCE and created matching engine
2026-09-23T03:57:43.938738297Z [INFO] EDGETRADER-VIRTUAL.SimulatedExchange(BINANCE): Added instrument USDCUSD.BINANCE and created matching engine
2026-09-23T03:57:43.939007448Z [INFO] EDGETRADER-VIRTUAL.SimulatedExchange(BINANCE): Added instrument DODOTRY.BINANCE and created matching engine
2026-09-23T03:57:43.939274317Z [INFO] EDGETRADER-VIRTUAL.SimulatedExchange(BINANCE): Added instrument HEITRY.BINANCE and created matching engine
2026-09-23T03:57:43.939537864Z [INFO] EDGETRADER-VIRTUAL.SimulatedExchange(BINANCE): Added instrument MANTAIDR.BINANCE and created matching engine
2026-09-23T03:57:43.939816755Z [INFO] EDGETRADER-VIRTUAL.SimulatedExchange(BINANCE): Added instrument SCRIDR.BINANCE and created matching engine
2026-09-23T03:57:43.940083721Z [INFO] EDGETRADER-VIRTUAL.SimulatedExchange(BINANCE): Added instrument WLDIDR.BINANCE and created matching engine
2026-09-23T03:57:43.940348244Z [INFO] EDGETRADER-VIRTUAL.SimulatedExchange(BINANCE): Added instrument HBARIDR.BINANCE and created matching engine
2026-09-23T03:57:43.940651071Z [INFO] EDGETRADER-VIRTUAL.SimulatedExchange(BINANCE): Added instrument ATUSDT.BINANCE and created matching engine
2026-09-23T03:57:43.940910856Z [INFO] EDGETRADER-VIRTUAL.SimulatedExchange(BINANCE): Added instrument ATUSDC.BINANCE and created matching engine
2026-09-23T03:57:43.941163200Z [INFO] EDGETRADER-VIRTUAL.SimulatedExchange(BINANCE): Added instrument ATBNB.BINANCE and created matching engine
2026-09-23T03:57:43.941413680Z [INFO] EDGETRADER-VIRTUAL.SimulatedExchange(BINANCE): Added instrument ATTRY.BINANCE and created matching engine
2026-09-23T03:57:43.941675104Z [INFO] EDGETRADER-VIRTUAL.SimulatedExchange(BINANCE): Added instrument ASTERIDR.BINANCE and created matching engine
2026-09-23T03:57:43.941937469Z [INFO] EDGETRADER-VIRTUAL.SimulatedExchange(BINANCE): Added instrument AVAXIDR.BINANCE and created matching engine
2026-09-23T03:57:43.942209921Z [INFO] EDGETRADER-VIRTUAL.SimulatedExchange(BINANCE): Added instrument BOMEIDR.BINANCE and created matching engine
2026-09-23T03:57:43.942472347Z [INFO] EDGETRADER-VIRTUAL.SimulatedExchange(BINANCE): Added instrument DOGSIDR.BINANCE and created matching engine
2026-09-23T03:57:43.942733958Z [INFO] EDGETRADER-VIRTUAL.SimulatedExchange(BINANCE): Added instrument FLOKIIDR.BINANCE and created matching engine
2026-09-23T03:57:43.942990668Z [INFO] EDGETRADER-VIRTUAL.SimulatedExchange(BINANCE): Added instrument POLIDR.BINANCE and created matching engine
2026-09-23T03:57:43.943253029Z [INFO] EDGETRADER-VIRTUAL.SimulatedExchange(BINANCE): Added instrument RENDERIDR.BINANCE and created matching engine
2026-09-23T03:57:43.943510753Z [INFO] EDGETRADER-VIRTUAL.SimulatedExchange(BINANCE): Added instrument TAOIDR.BINANCE and created matching engine
2026-09-23T03:57:43.943799551Z [INFO] EDGETRADER-VIRTUAL.SimulatedExchange(BINANCE): Added instrument TIAIDR.BINANCE and created matching engine
2026-09-23T03:57:43.944054862Z [INFO] EDGETRADER-VIRTUAL.SimulatedExchange(BINANCE): Added instrument TONIDR.BINANCE and created matching engine
2026-09-23T03:57:43.944306412Z [INFO] EDGETRADER-VIRTUAL.SimulatedExchange(BINANCE): Added instrument VIRTUALIDR.BINANCE and created matching engine
2026-09-23T03:57:43.944562591Z [INFO] EDGETRADER-VIRTUAL.SimulatedExchange(BINANCE): Added instrument WIFIDR.BINANCE and created matching engine
2026-09-23T03:57:43.944827862Z [INFO] EDGETRADER-VIRTUAL.SimulatedExchange(BINANCE): Added instrument ZILIDR.BINANCE and created matching engine
2026-09-23T03:57:43.945082990Z [INFO] EDGETRADER-VIRTUAL.SimulatedExchange(BINANCE): Added instrument ARBIDR.BINANCE and created matching engine
2026-09-23T03:57:43.945346743Z [INFO] EDGETRADER-VIRTUAL.SimulatedExchange(BINANCE): Added instrument ADAIDR.BINANCE and created matching engine
2026-09-23T03:57:43.945601906Z [INFO] EDGETRADER-VIRTUAL.SimulatedExchange(BINANCE): Added instrument BNBIDR.BINANCE and created matching engine
2026-09-23T03:57:43.945866454Z [INFO] EDGETRADER-VIRTUAL.SimulatedExchange(BINANCE): Added instrument BTCIDR.BINANCE and created matching engine
2026-09-23T03:57:43.946128199Z [INFO] EDGETRADER-VIRTUAL.SimulatedExchange(BINANCE): Added instrument DOGEIDR.BINANCE and created matching engine
2026-09-23T03:57:43.946402693Z [INFO] EDGETRADER-VIRTUAL.SimulatedExchange(BINANCE): Added instrument ETHIDR.BINANCE and created matching engine
2026-09-23T03:57:43.946657459Z [INFO] EDGETRADER-VIRTUAL.SimulatedExchange(BINANCE): Added instrument NEIROIDR.BINANCE and created matching engine
2026-09-23T03:57:43.946944280Z [INFO] EDGETRADER-VIRTUAL.SimulatedExchange(BINANCE): Added instrument ONDOIDR.BINANCE and created matching engine
2026-09-23T03:57:43.947216605Z [INFO] EDGETRADER-VIRTUAL.SimulatedExchange(BINANCE): Added instrument SUIIDR.BINANCE and created matching engine
2026-09-23T03:57:43.947486483Z [INFO] EDGETRADER-VIRTUAL.SimulatedExchange(BINANCE): Added instrument TKOIDR.BINANCE and created matching engine
2026-09-23T03:57:43.947787220Z [INFO] EDGETRADER-VIRTUAL.SimulatedExchange(BINANCE): Added instrument XRPIDR.BINANCE and created matching engine
2026-09-23T03:57:43.948062131Z [INFO] EDGETRADER-VIRTUAL.SimulatedExchange(BINANCE): Added instrument USDTIDR.BINANCE and created matching engine
2026-09-23T03:57:43.948325764Z [INFO] EDGETRADER-VIRTUAL.SimulatedExchange(BINANCE): Added instrument USDCIDR.BINANCE and created matching engine
2026-09-23T03:57:43.948591718Z [INFO] EDGETRADER-VIRTUAL.SimulatedExchange(BINANCE): Added instrument SOLIDR.BINANCE and created matching engine
2026-09-23T03:57:43.948847340Z [INFO] EDGETRADER-VIRTUAL.SimulatedExchange(BINANCE): Added instrument BTCUSD.BINANCE and created matching engine
2026-09-23T03:57:43.949117047Z [INFO] EDGETRADER-VIRTUAL.SimulatedExchange(BINANCE): Added instrument BTCUSD1.BINANCE and created matching engine
2026-09-23T03:57:43.949417013Z [INFO] EDGETRADER-VIRTUAL.SimulatedExchange(BINANCE): Added instrument DYMUSDC.BINANCE and created matching engine
2026-09-23T03:57:43.949690219Z [INFO] EDGETRADER-VIRTUAL.SimulatedExchange(BINANCE): Added instrument BNBUSD1.BINANCE and created matching engine
2026-09-23T03:57:43.949951797Z [INFO] EDGETRADER-VIRTUAL.SimulatedExchange(BINANCE): Added instrument ETHUSD1.BINANCE and created matching engine
2026-09-23T03:57:43.950222244Z [INFO] EDGETRADER-VIRTUAL.SimulatedExchange(BINANCE): Added instrument SOLUSD1.BINANCE and created matching engine
2026-09-23T03:57:43.950483516Z [INFO] EDGETRADER-VIRTUAL.SimulatedExchange(BINANCE): Added instrument DASHTRY.BINANCE and created matching engine
2026-09-23T03:57:43.950747888Z [INFO] EDGETRADER-VIRTUAL.SimulatedExchange(BINANCE): Added instrument DOGEUSD1.BINANCE and created matching engine
2026-09-23T03:57:43.951025435Z [INFO] EDGETRADER-VIRTUAL.SimulatedExchange(BINANCE): Added instrument SUIUSD1.BINANCE and created matching engine
2026-09-23T03:57:43.951307889Z [INFO] EDGETRADER-VIRTUAL.SimulatedExchange(BINANCE): Added instrument XRPUSD1.BINANCE and created matching engine
2026-09-23T03:57:43.951567474Z [INFO] EDGETRADER-VIRTUAL.SimulatedExchange(BINANCE): Added instrument KGSTUSDT.BINANCE and created matching engine
2026-09-23T03:57:43.951858875Z [INFO] EDGETRADER-VIRTUAL.SimulatedExchange(BINANCE): Added instrument ADAUSD1.BINANCE and created matching engine
2026-09-23T03:57:43.952109304Z [INFO] EDGETRADER-VIRTUAL.SimulatedExchange(BINANCE): Added instrument ASTERUSD1.BINANCE and created matching engine
2026-09-23T03:57:43.952373694Z [INFO] EDGETRADER-VIRTUAL.SimulatedExchange(BINANCE): Added instrument LUNAUSDC.BINANCE and created matching engine
2026-09-23T03:57:43.952629400Z [INFO] EDGETRADER-VIRTUAL.SimulatedExchange(BINANCE): Added instrument LUNCUSDC.BINANCE and created matching engine
2026-09-23T03:57:43.952902564Z [INFO] EDGETRADER-VIRTUAL.SimulatedExchange(BINANCE): Added instrument ZECUSD1.BINANCE and created matching engine
2026-09-23T03:57:43.953159954Z [INFO] EDGETRADER-VIRTUAL.SimulatedExchange(BINANCE): Added instrument AVAXUSD1.BINANCE and created matching engine
2026-09-23T03:57:43.953434296Z [INFO] EDGETRADER-VIRTUAL.SimulatedExchange(BINANCE): Added instrument BCHUSD1.BINANCE and created matching engine
2026-09-23T03:57:43.953698705Z [INFO] EDGETRADER-VIRTUAL.SimulatedExchange(BINANCE): Added instrument UNIUSD1.BINANCE and created matching engine
2026-09-23T03:57:43.953963914Z [INFO] EDGETRADER-VIRTUAL.SimulatedExchange(BINANCE): Added instrument BREVUSDT.BINANCE and created matching engine
2026-09-23T03:57:43.954219245Z [INFO] EDGETRADER-VIRTUAL.SimulatedExchange(BINANCE): Added instrument BREVUSDC.BINANCE and created matching engine
2026-09-23T03:57:43.954492130Z [INFO] EDGETRADER-VIRTUAL.SimulatedExchange(BINANCE): Added instrument BREVBNB.BINANCE and created matching engine
2026-09-23T03:57:43.954756300Z [INFO] EDGETRADER-VIRTUAL.SimulatedExchange(BINANCE): Added instrument BREVTRY.BINANCE and created matching engine
2026-09-23T03:57:43.955046811Z [INFO] EDGETRADER-VIRTUAL.SimulatedExchange(BINANCE): Added instrument 币安人生USDT.BINANCE and created matching engine
2026-09-23T03:57:43.955337868Z [INFO] EDGETRADER-VIRTUAL.SimulatedExchange(BINANCE): Added instrument 币安人生USDC.BINANCE and created matching engine
2026-09-23T03:57:43.955638808Z [INFO] EDGETRADER-VIRTUAL.SimulatedExchange(BINANCE): Added instrument 币安人生TRY.BINANCE and created matching engine
2026-09-23T03:57:43.955945042Z [INFO] EDGETRADER-VIRTUAL.SimulatedExchange(BINANCE): Added instrument ZKPUSDT.BINANCE and created matching engine
2026-09-23T03:57:43.956243167Z [INFO] EDGETRADER-VIRTUAL.SimulatedExchange(BINANCE): Added instrument ZKPUSDC.BINANCE and created matching engine
2026-09-23T03:57:43.956547366Z [INFO] EDGETRADER-VIRTUAL.SimulatedExchange(BINANCE): Added instrument ZKPTRY.BINANCE and created matching engine
2026-09-23T03:57:43.956839921Z [INFO] EDGETRADER-VIRTUAL.SimulatedExchange(BINANCE): Added instrument FETJPY.BINANCE and created matching engine
2026-09-23T03:57:43.957122860Z [INFO] EDGETRADER-VIRTUAL.SimulatedExchange(BINANCE): Added instrument TAOJPY.BINANCE and created matching engine
2026-09-23T03:57:43.957411266Z [INFO] EDGETRADER-VIRTUAL.SimulatedExchange(BINANCE): Added instrument LINKUSD1.BINANCE and created matching engine
2026-09-23T03:57:43.957698495Z [INFO] EDGETRADER-VIRTUAL.SimulatedExchange(BINANCE): Added instrument USDCMXN.BINANCE and created matching engine
2026-09-23T03:57:43.957985108Z [INFO] EDGETRADER-VIRTUAL.SimulatedExchange(BINANCE): Added instrument PEPEUSD1.BINANCE and created matching engine
2026-09-23T03:57:43.958254044Z [INFO] EDGETRADER-VIRTUAL.SimulatedExchange(BINANCE): Added instrument UUSDT.BINANCE and created matching engine
2026-09-23T03:57:43.958529321Z [INFO] EDGETRADER-VIRTUAL.SimulatedExchange(BINANCE): Added instrument UUSDC.BINANCE and created matching engine
2026-09-23T03:57:43.958844673Z [INFO] EDGETRADER-VIRTUAL.SimulatedExchange(BINANCE): Added instrument FRAXUSDT.BINANCE and created matching engine
2026-09-23T03:57:43.959146663Z [INFO] EDGETRADER-VIRTUAL.SimulatedExchange(BINANCE): Added instrument FOGOUSDT.BINANCE and created matching engine
2026-09-23T03:57:43.959428398Z [INFO] EDGETRADER-VIRTUAL.SimulatedExchange(BINANCE): Added instrument FOGOUSDC.BINANCE and created matching engine
2026-09-23T03:57:43.959747528Z [INFO] EDGETRADER-VIRTUAL.SimulatedExchange(BINANCE): Added instrument FOGOTRY.BINANCE and created matching engine
2026-09-23T03:57:43.960014286Z [INFO] EDGETRADER-VIRTUAL.SimulatedExchange(BINANCE): Added instrument BTCU.BINANCE and created matching engine
2026-09-23T03:57:43.960310542Z [INFO] EDGETRADER-VIRTUAL.SimulatedExchange(BINANCE): Added instrument LTCUSD1.BINANCE and created matching engine
2026-09-23T03:57:43.960576322Z [INFO] EDGETRADER-VIRTUAL.SimulatedExchange(BINANCE): Added instrument UTRY.BINANCE and created matching engine
2026-09-23T03:57:43.960863785Z [INFO] EDGETRADER-VIRTUAL.SimulatedExchange(BINANCE): Added instrument XRPRLUSD.BINANCE and created matching engine
2026-09-23T03:57:43.961134458Z [INFO] EDGETRADER-VIRTUAL.SimulatedExchange(BINANCE): Added instrument RLUSDUSDT.BINANCE and created matching engine
2026-09-23T03:57:43.961425919Z [INFO] EDGETRADER-VIRTUAL.SimulatedExchange(BINANCE): Added instrument RLUSDU.BINANCE and created matching engine
2026-09-23T03:57:43.961703403Z [INFO] EDGETRADER-VIRTUAL.SimulatedExchange(BINANCE): Added instrument SENTUSDT.BINANCE and created matching engine
2026-09-23T03:57:43.962007546Z [INFO] EDGETRADER-VIRTUAL.SimulatedExchange(BINANCE): Added instrument SENTUSDC.BINANCE and created matching engine
2026-09-23T03:57:43.962297272Z [INFO] EDGETRADER-VIRTUAL.SimulatedExchange(BINANCE): Added instrument SENTTRY.BINANCE and created matching engine
2026-09-23T03:57:43.962573617Z [INFO] EDGETRADER-VIRTUAL.SimulatedExchange(BINANCE): Added instrument BNBU.BINANCE and created matching engine
2026-09-23T03:57:43.962843760Z [INFO] EDGETRADER-VIRTUAL.SimulatedExchange(BINANCE): Added instrument KGSTU.BINANCE and created matching engine
2026-09-23T03:57:43.963129360Z [INFO] EDGETRADER-VIRTUAL.SimulatedExchange(BINANCE): Added instrument SOLU.BINANCE and created matching engine
2026-09-23T03:57:43.963418578Z [INFO] EDGETRADER-VIRTUAL.SimulatedExchange(BINANCE): Added instrument TRXUSD1.BINANCE and created matching engine
2026-09-23T03:57:43.963718498Z [INFO] EDGETRADER-VIRTUAL.SimulatedExchange(BINANCE): Added instrument USD1U.BINANCE and created matching engine
2026-09-23T03:57:43.963991357Z [INFO] EDGETRADER-VIRTUAL.SimulatedExchange(BINANCE): Added instrument ETHU.BINANCE and created matching engine
2026-09-23T03:57:43.964282121Z [INFO] EDGETRADER-VIRTUAL.SimulatedExchange(BINANCE): Added instrument ZAMAUSDT.BINANCE and created matching engine
2026-09-23T03:57:43.964564458Z [INFO] EDGETRADER-VIRTUAL.SimulatedExchange(BINANCE): Added instrument ZAMAUSDC.BINANCE and created matching engine
2026-09-23T03:57:43.964862897Z [INFO] EDGETRADER-VIRTUAL.SimulatedExchange(BINANCE): Added instrument ZAMATRY.BINANCE and created matching engine
2026-09-23T03:57:43.965147340Z [INFO] EDGETRADER-VIRTUAL.SimulatedExchange(BINANCE): Added instrument ASTERU.BINANCE and created matching engine
2026-09-23T03:57:43.965439553Z [INFO] EDGETRADER-VIRTUAL.SimulatedExchange(BINANCE): Added instrument PAXGUSD1.BINANCE and created matching engine
2026-09-23T03:57:43.965734845Z [INFO] EDGETRADER-VIRTUAL.SimulatedExchange(BINANCE): Added instrument SUIU.BINANCE and created matching engine
2026-09-23T03:57:43.966012395Z [INFO] EDGETRADER-VIRTUAL.SimulatedExchange(BINANCE): Added instrument XRPU.BINANCE and created matching engine
2026-09-23T03:57:43.966304638Z [INFO] EDGETRADER-VIRTUAL.SimulatedExchange(BINANCE): Added instrument ESPUSDT.BINANCE and created matching engine
2026-09-23T03:57:43.966603348Z [INFO] EDGETRADER-VIRTUAL.SimulatedExchange(BINANCE): Added instrument ESPUSDC.BINANCE and created matching engine
2026-09-23T03:57:43.966890275Z [INFO] EDGETRADER-VIRTUAL.SimulatedExchange(BINANCE): Added instrument ESPTRY.BINANCE and created matching engine
2026-09-23T03:57:43.967178102Z [INFO] EDGETRADER-VIRTUAL.SimulatedExchange(BINANCE): Added instrument ADAU.BINANCE and created matching engine
2026-09-23T03:57:43.967449022Z [INFO] EDGETRADER-VIRTUAL.SimulatedExchange(BINANCE): Added instrument DOGEU.BINANCE and created matching engine
2026-09-23T03:57:43.967748544Z [INFO] EDGETRADER-VIRTUAL.SimulatedExchange(BINANCE): Added instrument PEPEU.BINANCE and created matching engine
2026-09-23T03:57:43.968039254Z [INFO] EDGETRADER-VIRTUAL.SimulatedExchange(BINANCE): Added instrument TAOUSD1.BINANCE and created matching engine
2026-09-23T03:57:43.968368726Z [INFO] EDGETRADER-VIRTUAL.SimulatedExchange(BINANCE): Added instrument BNBUSD.BINANCE and created matching engine
2026-09-23T03:57:43.968658132Z [INFO] EDGETRADER-VIRTUAL.SimulatedExchange(BINANCE): Added instrument ETHUSD.BINANCE and created matching engine
2026-09-23T03:57:43.968952770Z [INFO] EDGETRADER-VIRTUAL.SimulatedExchange(BINANCE): Added instrument SOLUSD.BINANCE and created matching engine
2026-09-23T03:57:43.969225017Z [INFO] EDGETRADER-VIRTUAL.SimulatedExchange(BINANCE): Added instrument MANTRAUSDT.BINANCE and created matching engine
2026-09-23T03:57:43.969504357Z [INFO] EDGETRADER-VIRTUAL.SimulatedExchange(BINANCE): Added instrument MANTRAUSDC.BINANCE and created matching engine
2026-09-23T03:57:43.969777933Z [INFO] EDGETRADER-VIRTUAL.SimulatedExchange(BINANCE): Added instrument MANTRATRY.BINANCE and created matching engine
2026-09-23T03:57:43.970072259Z [INFO] EDGETRADER-VIRTUAL.SimulatedExchange(BINANCE): Added instrument ROBOUSDT.BINANCE and created matching engine
2026-09-23T03:57:43.970351989Z [INFO] EDGETRADER-VIRTUAL.SimulatedExchange(BINANCE): Added instrument ROBOUSDC.BINANCE and created matching engine
2026-09-23T03:57:43.970648693Z [INFO] EDGETRADER-VIRTUAL.SimulatedExchange(BINANCE): Added instrument ROBOTRY.BINANCE and created matching engine
2026-09-23T03:57:43.970919162Z [INFO] EDGETRADER-VIRTUAL.SimulatedExchange(BINANCE): Added instrument LINKU.BINANCE and created matching engine
2026-09-23T03:57:43.971204500Z [INFO] EDGETRADER-VIRTUAL.SimulatedExchange(BINANCE): Added instrument LTCU.BINANCE and created matching engine
2026-09-23T03:57:43.971434118Z [INFO] EDGETRADER-VIRTUAL.SimulatedExchange(BINANCE): Added instrument PAXGU.BINANCE and created matching engine
2026-09-23T03:57:43.971727936Z [INFO] EDGETRADER-VIRTUAL.SimulatedExchange(BINANCE): Added instrument ZECU.BINANCE and created matching engine
2026-09-23T03:57:43.971968325Z [INFO] EDGETRADER-VIRTUAL.SimulatedExchange(BINANCE): Added instrument AVAXU.BINANCE and created matching engine
2026-09-23T03:57:43.972252520Z [INFO] EDGETRADER-VIRTUAL.SimulatedExchange(BINANCE): Added instrument OPNUSDT.BINANCE and created matching engine
2026-09-23T03:57:43.972546705Z [INFO] EDGETRADER-VIRTUAL.SimulatedExchange(BINANCE): Added instrument OPNUSDC.BINANCE and created matching engine
2026-09-23T03:57:43.972831709Z [INFO] EDGETRADER-VIRTUAL.SimulatedExchange(BINANCE): Added instrument OPNBNB.BINANCE and created matching engine
2026-09-23T03:57:43.973106249Z [INFO] EDGETRADER-VIRTUAL.SimulatedExchange(BINANCE): Added instrument OPNU.BINANCE and created matching engine
2026-09-23T03:57:43.973403699Z [INFO] EDGETRADER-VIRTUAL.SimulatedExchange(BINANCE): Added instrument OPNUSD1.BINANCE and created matching engine
2026-09-23T03:57:43.973686722Z [INFO] EDGETRADER-VIRTUAL.SimulatedExchange(BINANCE): Added instrument OPNTRY.BINANCE and created matching engine
2026-09-23T03:57:43.973966834Z [INFO] EDGETRADER-VIRTUAL.SimulatedExchange(BINANCE): Added instrument BCHU.BINANCE and created matching engine
2026-09-23T03:57:43.974239527Z [INFO] EDGETRADER-VIRTUAL.SimulatedExchange(BINANCE): Added instrument NEARU.BINANCE and created matching engine
2026-09-23T03:57:43.974527667Z [INFO] EDGETRADER-VIRTUAL.SimulatedExchange(BINANCE): Added instrument NEARUSD1.BINANCE and created matching engine
2026-09-23T03:57:43.974816831Z [INFO] EDGETRADER-VIRTUAL.SimulatedExchange(BINANCE): Added instrument TRXU.BINANCE and created matching engine
2026-09-23T03:57:43.975096818Z [INFO] EDGETRADER-VIRTUAL.SimulatedExchange(BINANCE): Added instrument UIDR.BINANCE and created matching engine
2026-09-23T03:57:43.975381701Z [INFO] EDGETRADER-VIRTUAL.SimulatedExchange(BINANCE): Added instrument NIGHTUSDT.BINANCE and created matching engine
2026-09-23T03:57:43.975658249Z [INFO] EDGETRADER-VIRTUAL.SimulatedExchange(BINANCE): Added instrument NIGHTUSDC.BINANCE and created matching engine
2026-09-23T03:57:43.975968887Z [INFO] EDGETRADER-VIRTUAL.SimulatedExchange(BINANCE): Added instrument NIGHTBNB.BINANCE and created matching engine
2026-09-23T03:57:43.976252789Z [INFO] EDGETRADER-VIRTUAL.SimulatedExchange(BINANCE): Added instrument NIGHTTRY.BINANCE and created matching engine
2026-09-23T03:57:43.976554099Z [INFO] EDGETRADER-VIRTUAL.SimulatedExchange(BINANCE): Added instrument CFGUSDT.BINANCE and created matching engine
2026-09-23T03:57:43.976846257Z [INFO] EDGETRADER-VIRTUAL.SimulatedExchange(BINANCE): Added instrument CFGUSDC.BINANCE and created matching engine
2026-09-23T03:57:43.977142313Z [INFO] EDGETRADER-VIRTUAL.SimulatedExchange(BINANCE): Added instrument CFGTRY.BINANCE and created matching engine
2026-09-23T03:57:43.977415628Z [INFO] EDGETRADER-VIRTUAL.SimulatedExchange(BINANCE): Added instrument AAVEU.BINANCE and created matching engine
2026-09-23T03:57:43.977694572Z [INFO] EDGETRADER-VIRTUAL.SimulatedExchange(BINANCE): Added instrument TAOU.BINANCE and created matching engine
2026-09-23T03:57:43.978001110Z [INFO] EDGETRADER-VIRTUAL.SimulatedExchange(BINANCE): Added instrument UNIU.BINANCE and created matching engine
2026-09-23T03:57:43.978286100Z [INFO] EDGETRADER-VIRTUAL.SimulatedExchange(BINANCE): Added instrument WLFIU.BINANCE and created matching engine
2026-09-23T03:57:43.978577103Z [INFO] EDGETRADER-VIRTUAL.SimulatedExchange(BINANCE): Added instrument KATUSDT.BINANCE and created matching engine
2026-09-23T03:57:43.978877846Z [INFO] EDGETRADER-VIRTUAL.SimulatedExchange(BINANCE): Added instrument KATUSDC.BINANCE and created matching engine
2026-09-23T03:57:43.979173316Z [INFO] EDGETRADER-VIRTUAL.SimulatedExchange(BINANCE): Added instrument KATTRY.BINANCE and created matching engine
2026-09-23T03:57:43.979465905Z [INFO] EDGETRADER-VIRTUAL.SimulatedExchange(BINANCE): Added instrument XAUTUSDT.BINANCE and created matching engine
2026-09-23T03:57:43.979771221Z [INFO] EDGETRADER-VIRTUAL.SimulatedExchange(BINANCE): Added instrument XAUTUSDC.BINANCE and created matching engine
2026-09-23T03:57:43.980056044Z [INFO] EDGETRADER-VIRTUAL.SimulatedExchange(BINANCE): Added instrument XAUTU.BINANCE and created matching engine
2026-09-23T03:57:43.980350011Z [INFO] EDGETRADER-VIRTUAL.SimulatedExchange(BINANCE): Added instrument XAUTBTC.BINANCE and created matching engine
2026-09-23T03:57:43.980654759Z [INFO] EDGETRADER-VIRTUAL.SimulatedExchange(BINANCE): Added instrument XAUTTRY.BINANCE and created matching engine
2026-09-23T03:57:43.980929471Z [INFO] EDGETRADER-VIRTUAL.SimulatedExchange(BINANCE): Added instrument APTU.BINANCE and created matching engine
2026-09-23T03:57:43.981211075Z [INFO] EDGETRADER-VIRTUAL.SimulatedExchange(BINANCE): Added instrument ENAU.BINANCE and created matching engine
2026-09-23T03:57:43.981483243Z [INFO] EDGETRADER-VIRTUAL.SimulatedExchange(BINANCE): Added instrument FETU.BINANCE and created matching engine
2026-09-23T03:57:43.981779052Z [INFO] EDGETRADER-VIRTUAL.SimulatedExchange(BINANCE): Added instrument NIGHTU.BINANCE and created matching engine
2026-09-23T03:57:43.982065626Z [INFO] EDGETRADER-VIRTUAL.SimulatedExchange(BINANCE): Added instrument TRUMPU.BINANCE and created matching engine
2026-09-23T03:57:43.982344990Z [INFO] EDGETRADER-VIRTUAL.SimulatedExchange(BINANCE): Added instrument WLDU.BINANCE and created matching engine
2026-09-23T03:57:43.982622300Z [INFO] EDGETRADER-VIRTUAL.SimulatedExchange(BINANCE): Added instrument TRUMPUSD1.BINANCE and created matching engine
2026-09-23T03:57:43.982929843Z [INFO] EDGETRADER-VIRTUAL.SimulatedExchange(BINANCE): Added instrument BTCUSDS.BINANCE and created matching engine
2026-09-23T03:57:43.983231546Z [INFO] EDGETRADER-VIRTUAL.SimulatedExchange(BINANCE): Added instrument ETHUSDS.BINANCE and created matching engine
2026-09-23T03:57:43.983550615Z [INFO] EDGETRADER-VIRTUAL.SimulatedExchange(BINANCE): Added instrument USDSUSDT.BINANCE and created matching engine
2026-09-23T03:57:43.983854374Z [INFO] EDGETRADER-VIRTUAL.SimulatedExchange(BINANCE): Added instrument 币安人生U.BINANCE and created matching engine
2026-09-23T03:57:43.984153441Z [INFO] EDGETRADER-VIRTUAL.SimulatedExchange(BINANCE): Added instrument 币安人生USD1.BINANCE and created matching engine
2026-09-23T03:57:43.984432496Z [INFO] EDGETRADER-VIRTUAL.SimulatedExchange(BINANCE): Added instrument ENJU.BINANCE and created matching engine
2026-09-23T03:57:43.984720763Z [INFO] EDGETRADER-VIRTUAL.SimulatedExchange(BINANCE): Added instrument ORDIU.BINANCE and created matching engine
2026-09-23T03:57:43.985015010Z [INFO] EDGETRADER-VIRTUAL.SimulatedExchange(BINANCE): Added instrument GIGGLEU.BINANCE and created matching engine
2026-09-23T03:57:43.985310409Z [INFO] EDGETRADER-VIRTUAL.SimulatedExchange(BINANCE): Added instrument CHIPUSDT.BINANCE and created matching engine
2026-09-23T03:57:43.985595620Z [INFO] EDGETRADER-VIRTUAL.SimulatedExchange(BINANCE): Added instrument CHIPUSDC.BINANCE and created matching engine
2026-09-23T03:57:43.985898507Z [INFO] EDGETRADER-VIRTUAL.SimulatedExchange(BINANCE): Added instrument CHIPTRY.BINANCE and created matching engine
2026-09-23T03:57:43.986173061Z [INFO] EDGETRADER-VIRTUAL.SimulatedExchange(BINANCE): Added instrument AVNTU.BINANCE and created matching engine
2026-09-23T03:57:43.986455088Z [INFO] EDGETRADER-VIRTUAL.SimulatedExchange(BINANCE): Added instrument BIOU.BINANCE and created matching engine
2026-09-23T03:57:43.986728932Z [INFO] EDGETRADER-VIRTUAL.SimulatedExchange(BINANCE): Added instrument CHIPU.BINANCE and created matching engine
2026-09-23T03:57:43.987023645Z [INFO] EDGETRADER-VIRTUAL.SimulatedExchange(BINANCE): Added instrument CHIPUSD1.BINANCE and created matching engine
2026-09-23T03:57:43.987304892Z [INFO] EDGETRADER-VIRTUAL.SimulatedExchange(BINANCE): Added instrument KATU.BINANCE and created matching engine
2026-09-23T03:57:43.987998732Z [INFO] EDGETRADER-VIRTUAL.SimulatedExchange(BINANCE): Added instrument USD1TRY.BINANCE and created matching engine
2026-09-23T03:57:43.988293627Z [INFO] EDGETRADER-VIRTUAL.SimulatedExchange(BINANCE): Added instrument XAUTUSD1.BINANCE and created matching engine
2026-09-23T03:57:43.988590913Z [INFO] EDGETRADER-VIRTUAL.SimulatedExchange(BINANCE): Added instrument MEGAUSDT.BINANCE and created matching engine
2026-09-23T03:57:43.988877830Z [INFO] EDGETRADER-VIRTUAL.SimulatedExchange(BINANCE): Added instrument MEGAUSDC.BINANCE and created matching engine
2026-09-23T03:57:43.989182219Z [INFO] EDGETRADER-VIRTUAL.SimulatedExchange(BINANCE): Added instrument MEGATRY.BINANCE and created matching engine
2026-09-23T03:57:43.989476467Z [INFO] EDGETRADER-VIRTUAL.SimulatedExchange(BINANCE): Added instrument USDTKZT.BINANCE and created matching engine
2026-09-23T03:57:43.989760014Z [INFO] EDGETRADER-VIRTUAL.SimulatedExchange(BINANCE): Added instrument MEGAU.BINANCE and created matching engine
2026-09-23T03:57:43.990033861Z [INFO] EDGETRADER-VIRTUAL.SimulatedExchange(BINANCE): Added instrument TONU.BINANCE and created matching engine
2026-09-23T03:57:43.990335594Z [INFO] EDGETRADER-VIRTUAL.SimulatedExchange(BINANCE): Added instrument TONUSD1.BINANCE and created matching engine
2026-09-23T03:57:43.990610696Z [INFO] EDGETRADER-VIRTUAL.SimulatedExchange(BINANCE): Added instrument AIGENSYNUSDT.BINANCE and created matching engine
2026-09-23T03:57:43.990892834Z [INFO] EDGETRADER-VIRTUAL.SimulatedExchange(BINANCE): Added instrument AIGENSYNUSDC.BINANCE and created matching engine
2026-09-23T03:57:43.991178758Z [INFO] EDGETRADER-VIRTUAL.SimulatedExchange(BINANCE): Added instrument AIGENSYNTRY.BINANCE and created matching engine
2026-09-23T03:57:43.991463687Z [INFO] EDGETRADER-VIRTUAL.SimulatedExchange(BINANCE): Added instrument GENIUSUSDT.BINANCE and created matching engine
2026-09-23T03:57:43.991762044Z [INFO] EDGETRADER-VIRTUAL.SimulatedExchange(BINANCE): Added instrument GENIUSUSDC.BINANCE and created matching engine
2026-09-23T03:57:43.992051418Z [INFO] EDGETRADER-VIRTUAL.SimulatedExchange(BINANCE): Added instrument GENIUSTRY.BINANCE and created matching engine
2026-09-23T03:57:43.992346882Z [INFO] EDGETRADER-VIRTUAL.SimulatedExchange(BINANCE): Added instrument OPGUSDT.BINANCE and created matching engine
2026-09-23T03:57:43.992651384Z [INFO] EDGETRADER-VIRTUAL.SimulatedExchange(BINANCE): Added instrument OPGUSDC.BINANCE and created matching engine
2026-09-23T03:57:43.992944942Z [INFO] EDGETRADER-VIRTUAL.SimulatedExchange(BINANCE): Added instrument OPGTRY.BINANCE and created matching engine
2026-09-23T03:57:43.993276511Z [INFO] EDGETRADER-VIRTUAL.SimulatedExchange(BINANCE): Added instrument USDTAED.BINANCE and created matching engine
2026-09-23T03:57:43.993573122Z [INFO] EDGETRADER-VIRTUAL.SimulatedExchange(BINANCE): Added instrument MUBUSDT.BINANCE and created matching engine
2026-09-23T03:57:43.993862421Z [INFO] EDGETRADER-VIRTUAL.SimulatedExchange(BINANCE): Added instrument CRCLBUSDT.BINANCE and created matching engine
2026-09-23T03:57:43.994143258Z [INFO] EDGETRADER-VIRTUAL.SimulatedExchange(BINANCE): Added instrument NVDABUSDT.BINANCE and created matching engine
2026-09-23T03:57:43.994432840Z [INFO] EDGETRADER-VIRTUAL.SimulatedExchange(BINANCE): Added instrument SNDKBUSDT.BINANCE and created matching engine
2026-09-23T03:57:43.994713375Z [INFO] EDGETRADER-VIRTUAL.SimulatedExchange(BINANCE): Added instrument TSLABUSDT.BINANCE and created matching engine
2026-09-23T03:57:43.995004109Z [INFO] EDGETRADER-VIRTUAL.SimulatedExchange(BINANCE): Added instrument SPCXBUSDT.BINANCE and created matching engine
2026-09-23T03:57:43.995288685Z [INFO] EDGETRADER-VIRTUAL.SimulatedExchange(BINANCE): Added instrument RETRY.BINANCE and created matching engine
2026-09-23T03:57:43.995588851Z [INFO] EDGETRADER-VIRTUAL.SimulatedExchange(BINANCE): Added instrument REUSDT.BINANCE and created matching engine
2026-09-23T03:57:43.995897690Z [INFO] EDGETRADER-VIRTUAL.SimulatedExchange(BINANCE): Added instrument REUSDC.BINANCE and created matching engine
2026-09-23T03:57:43.996202323Z [INFO] EDGETRADER-VIRTUAL.SimulatedExchange(BINANCE): Added instrument XLMUSD1.BINANCE and created matching engine
2026-09-23T03:57:43.996474600Z [INFO] EDGETRADER-VIRTUAL.SimulatedExchange(BINANCE): Added instrument XLMU.BINANCE and created matching engine
2026-09-23T03:57:43.996769628Z [INFO] EDGETRADER-VIRTUAL.SimulatedExchange(BINANCE): Added instrument AMDBUSDT.BINANCE and created matching engine
2026-09-23T03:57:43.997055282Z [INFO] EDGETRADER-VIRTUAL.SimulatedExchange(BINANCE): Added instrument EWYBUSDT.BINANCE and created matching engine
2026-09-23T03:57:43.997349457Z [INFO] EDGETRADER-VIRTUAL.SimulatedExchange(BINANCE): Added instrument INTCBUSDT.BINANCE and created matching engine
2026-09-23T03:57:43.997632306Z [INFO] EDGETRADER-VIRTUAL.SimulatedExchange(BINANCE): Added instrument MSTRBUSDT.BINANCE and created matching engine
2026-09-23T03:57:43.997956939Z [INFO] EDGETRADER-VIRTUAL.SimulatedExchange(BINANCE): Added instrument GIGGLEJPY.BINANCE and created matching engine
2026-09-23T03:57:43.998261624Z [INFO] EDGETRADER-VIRTUAL.SimulatedExchange(BINANCE): Added instrument MEMEJPY.BINANCE and created matching engine
2026-09-23T03:57:43.998564133Z [INFO] EDGETRADER-VIRTUAL.SimulatedExchange(BINANCE): Added instrument TRBJPY.BINANCE and created matching engine
2026-09-23T03:57:43.998847546Z [INFO] EDGETRADER-VIRTUAL.SimulatedExchange(BINANCE): Added instrument REU.BINANCE and created matching engine
2026-09-23T03:57:43.999159463Z [INFO] EDGETRADER-VIRTUAL.SimulatedExchange(BINANCE): Added instrument REUSD1.BINANCE and created matching engine
2026-09-23T03:57:43.999447618Z [INFO] EDGETRADER-VIRTUAL.SimulatedExchange(BINANCE): Added instrument XPLU.BINANCE and created matching engine
2026-09-23T03:57:43.999767067Z [INFO] EDGETRADER-VIRTUAL.SimulatedExchange(BINANCE): Added instrument XPLUSD1.BINANCE and created matching engine
2026-09-23T03:57:44.000060481Z [INFO] EDGETRADER-VIRTUAL.SimulatedExchange(BINANCE): Added instrument LITEBUSDT.BINANCE and created matching engine
2026-09-23T03:57:44.000339427Z [INFO] EDGETRADER-VIRTUAL.SimulatedExchange(BINANCE): Added instrument METABUSDT.BINANCE and created matching engine
2026-09-23T03:57:44.000628662Z [INFO] EDGETRADER-VIRTUAL.SimulatedExchange(BINANCE): Added instrument MSFTBUSDT.BINANCE and created matching engine
2026-09-23T03:57:44.000905657Z [INFO] EDGETRADER-VIRTUAL.SimulatedExchange(BINANCE): Added instrument PLTRBUSDT.BINANCE and created matching engine
2026-09-23T03:57:44.001219169Z [INFO] EDGETRADER-VIRTUAL.SimulatedExchange(BINANCE): Added instrument QQQBUSDT.BINANCE and created matching engine
2026-09-23T03:57:44.001501952Z [INFO] EDGETRADER-VIRTUAL.SimulatedExchange(BINANCE): Added instrument GRAMFDUSD.BINANCE and created matching engine
2026-09-23T03:57:44.001808173Z [INFO] EDGETRADER-VIRTUAL.SimulatedExchange(BINANCE): Added instrument GRAMIDR.BINANCE and created matching engine
2026-09-23T03:57:44.002106903Z [INFO] EDGETRADER-VIRTUAL.SimulatedExchange(BINANCE): Added instrument GRAMTRY.BINANCE and created matching engine
2026-09-23T03:57:44.002394443Z [INFO] EDGETRADER-VIRTUAL.SimulatedExchange(BINANCE): Added instrument GRAMU.BINANCE and created matching engine
2026-09-23T03:57:44.002683209Z [INFO] EDGETRADER-VIRTUAL.SimulatedExchange(BINANCE): Added instrument GRAMUSD1.BINANCE and created matching engine
2026-09-23T03:57:44.002979880Z [INFO] EDGETRADER-VIRTUAL.SimulatedExchange(BINANCE): Added instrument GRAMUSDT.BINANCE and created matching engine
2026-09-23T03:57:44.003299252Z [INFO] EDGETRADER-VIRTUAL.SimulatedExchange(BINANCE): Added instrument GRAMUSDC.BINANCE and created matching engine
2026-09-23T03:57:44.003591085Z [INFO] EDGETRADER-VIRTUAL.SimulatedExchange(BINANCE): Added instrument CBRSBUSDT.BINANCE and created matching engine
2026-09-23T03:57:44.003888573Z [INFO] EDGETRADER-VIRTUAL.SimulatedExchange(BINANCE): Added instrument COINBUSDT.BINANCE and created matching engine
2026-09-23T03:57:44.004182357Z [INFO] EDGETRADER-VIRTUAL.SimulatedExchange(BINANCE): Added instrument DRAMBUSDT.BINANCE and created matching engine
2026-09-23T03:57:44.004471782Z [INFO] EDGETRADER-VIRTUAL.SimulatedExchange(BINANCE): Added instrument GLWBUSDT.BINANCE and created matching engine
2026-09-23T03:57:44.004757911Z [INFO] EDGETRADER-VIRTUAL.SimulatedExchange(BINANCE): Added instrument GOOGLBUSDT.BINANCE and created matching engine
2026-09-23T03:57:44.005039222Z [INFO] EDGETRADER-VIRTUAL.SimulatedExchange(BINANCE): Added instrument NBISBUSDT.BINANCE and created matching engine
2026-09-23T03:57:44.005328601Z [INFO] EDGETRADER-VIRTUAL.SimulatedExchange(BINANCE): Added instrument QCOMBUSDT.BINANCE and created matching engine
2026-09-23T03:57:44.005610359Z [INFO] EDGETRADER-VIRTUAL.SimulatedExchange(BINANCE): Added instrument SOXLBUSDT.BINANCE and created matching engine
2026-09-23T03:57:44.005907877Z [INFO] EDGETRADER-VIRTUAL.SimulatedExchange(BINANCE): Added instrument SPYBUSDT.BINANCE and created matching engine
2026-09-23T03:57:44.006197020Z [INFO] EDGETRADER-VIRTUAL.SimulatedExchange(BINANCE): Added instrument WDCBUSDT.BINANCE and created matching engine
2026-09-23T03:57:44.006487344Z [INFO] EDGETRADER-VIRTUAL.SimulatedExchange(BINANCE): Added instrument SKHYBUSDT.BINANCE and created matching engine
2026-09-23T03:57:44.006769585Z [INFO] EDGETRADER-VIRTUAL.SimulatedExchange(BINANCE): Added instrument AAOIBUSDT.BINANCE and created matching engine
2026-09-23T03:57:44.007066975Z [INFO] EDGETRADER-VIRTUAL.SimulatedExchange(BINANCE): Added instrument ARMBUSDT.BINANCE and created matching engine
2026-09-23T03:57:44.007357544Z [INFO] EDGETRADER-VIRTUAL.SimulatedExchange(BINANCE): Added instrument AVGOBUSDT.BINANCE and created matching engine
2026-09-23T03:57:44.007683320Z [INFO] EDGETRADER-VIRTUAL.SimulatedExchange(BINANCE): Added instrument BABABUSDT.BINANCE and created matching engine
2026-09-23T03:57:44.007988025Z [INFO] EDGETRADER-VIRTUAL.SimulatedExchange(BINANCE): Added instrument HOODBUSDT.BINANCE and created matching engine
2026-09-23T03:57:44.008287667Z [INFO] EDGETRADER-VIRTUAL.SimulatedExchange(BINANCE): Added instrument IBMBUSDT.BINANCE and created matching engine
2026-09-23T03:57:44.008571800Z [INFO] EDGETRADER-VIRTUAL.SimulatedExchange(BINANCE): Added instrument MRVLBUSDT.BINANCE and created matching engine
2026-09-23T03:57:44.008871900Z [INFO] EDGETRADER-VIRTUAL.SimulatedExchange(BINANCE): Added instrument NOKBUSDT.BINANCE and created matching engine
2026-09-23T03:57:44.009162461Z [INFO] EDGETRADER-VIRTUAL.SimulatedExchange(BINANCE): Added instrument TSMBUSDT.BINANCE and created matching engine
2026-09-23T03:57:44.009452283Z [INFO] EDGETRADER-VIRTUAL.SimulatedExchange(BINANCE): Added instrument RKLBBUSDT.BINANCE and created matching engine
2026-09-23T03:57:44.009751101Z [INFO] EDGETRADER-VIRTUAL.SimulatedExchange(BINANCE): Added instrument AEROUSDT.BINANCE and created matching engine
2026-09-23T03:57:44.010040110Z [INFO] EDGETRADER-VIRTUAL.SimulatedExchange(BINANCE): Added instrument AEROUSDC.BINANCE and created matching engine
2026-09-23T03:57:44.010349637Z [INFO] EDGETRADER-VIRTUAL.SimulatedExchange(BINANCE): Added instrument AEROTRY.BINANCE and created matching engine
2026-09-23T03:57:44.010634109Z [INFO] EDGETRADER-VIRTUAL.SimulatedExchange(BINANCE): Added instrument AXTIBUSDT.BINANCE and created matching engine
2026-09-23T03:57:44.010925851Z [INFO] EDGETRADER-VIRTUAL.SimulatedExchange(BINANCE): Added instrument CRWVBUSDT.BINANCE and created matching engine
2026-09-23T03:57:44.011221027Z [INFO] EDGETRADER-VIRTUAL.SimulatedExchange(BINANCE): Added instrument INTWBUSDT.BINANCE and created matching engine
2026-09-23T03:57:44.011513913Z [INFO] EDGETRADER-VIRTUAL.SimulatedExchange(BINANCE): Added instrument KORUBUSDT.BINANCE and created matching engine
2026-09-23T03:57:44.011829000Z [INFO] EDGETRADER-VIRTUAL.SimulatedExchange(BINANCE): Added instrument MUUBUSDT.BINANCE and created matching engine
2026-09-23T03:57:44.012122179Z [INFO] EDGETRADER-VIRTUAL.SimulatedExchange(BINANCE): Added instrument MVLLBUSDT.BINANCE and created matching engine
2026-09-23T03:57:44.012420668Z [INFO] EDGETRADER-VIRTUAL.SimulatedExchange(BINANCE): Added instrument ORCLBUSDT.BINANCE and created matching engine
2026-09-23T03:57:44.012722448Z [INFO] EDGETRADER-VIRTUAL.SimulatedExchange(BINANCE): Added instrument QNTBUSDT.BINANCE and created matching engine
2026-09-23T03:57:44.013008071Z [INFO] EDGETRADER-VIRTUAL.SimulatedExchange(BINANCE): Added instrument SNXXBUSDT.BINANCE and created matching engine
2026-09-23T03:57:44.013302947Z [INFO] EDGETRADER-VIRTUAL.SimulatedExchange(BINANCE): Added instrument TQQQBUSDT.BINANCE and created matching engine
2026-09-23T03:57:44.013588836Z [INFO] EDGETRADER-VIRTUAL.SimulatedExchange(BINANCE): Added instrument AAPLBUSDT.BINANCE and created matching engine
2026-09-23T03:57:44.013907659Z [INFO] EDGETRADER-VIRTUAL.SimulatedExchange(BINANCE): Added instrument AMATBUSDT.BINANCE and created matching engine
2026-09-23T03:57:44.014195606Z [INFO] EDGETRADER-VIRTUAL.SimulatedExchange(BINANCE): Added instrument AMZNBUSDT.BINANCE and created matching engine
2026-09-23T03:57:44.014506845Z [INFO] EDGETRADER-VIRTUAL.SimulatedExchange(BINANCE): Added instrument BEBUSDT.BINANCE and created matching engine
2026-09-23T03:57:44.014792413Z [INFO] EDGETRADER-VIRTUAL.SimulatedExchange(BINANCE): Added instrument DELLBUSDT.BINANCE and created matching engine
2026-09-23T03:57:44.015093475Z [INFO] EDGETRADER-VIRTUAL.SimulatedExchange(BINANCE): Added instrument FLNCBUSDT.BINANCE and created matching engine
2026-09-23T03:57:44.015394968Z [INFO] EDGETRADER-VIRTUAL.SimulatedExchange(BINANCE): Added instrument GSBUSDT.BINANCE and created matching engine
2026-09-23T03:57:44.015688115Z [INFO] EDGETRADER-VIRTUAL.SimulatedExchange(BINANCE): Added instrument PYPLBUSDT.BINANCE and created matching engine
2026-09-23T03:57:44.015995128Z [INFO] EDGETRADER-VIRTUAL.SimulatedExchange(BINANCE): Added instrument SMHBUSDT.BINANCE and created matching engine
2026-09-23T03:57:44.016289204Z [INFO] EDGETRADER-VIRTUAL.SimulatedExchange(BINANCE): Added instrument SOXSBUSDT.BINANCE and created matching engine
2026-09-23T03:57:44.016568633Z [INFO] EDGETRADER-VIRTUAL.SimulatedExchange(BINANCE): Added instrument UUSD.BINANCE and created matching engine
2026-09-23T03:57:44.016862961Z [INFO] EDGETRADER-VIRTUAL.SimulatedExchange(BINANCE): Added instrument ASMLBUSDT.BINANCE and created matching engine
2026-09-23T03:57:44.017147988Z [INFO] EDGETRADER-VIRTUAL.SimulatedExchange(BINANCE): Added instrument ASTSBUSDT.BINANCE and created matching engine
2026-09-23T03:57:44.017439881Z [INFO] EDGETRADER-VIRTUAL.SimulatedExchange(BINANCE): Added instrument BMNRBUSDT.BINANCE and created matching engine
2026-09-23T03:57:44.017759405Z [INFO] EDGETRADER-VIRTUAL.SimulatedExchange(BINANCE): Added instrument COHRBUSDT.BINANCE and created matching engine
2026-09-23T03:57:44.018055331Z [INFO] EDGETRADER-VIRTUAL.SimulatedExchange(BINANCE): Added instrument CRDOBUSDT.BINANCE and created matching engine
2026-09-23T03:57:44.018339702Z [INFO] EDGETRADER-VIRTUAL.SimulatedExchange(BINANCE): Added instrument IRENBUSDT.BINANCE and created matching engine
2026-09-23T03:57:44.018633067Z [INFO] EDGETRADER-VIRTUAL.SimulatedExchange(BINANCE): Added instrument NFLXBUSDT.BINANCE and created matching engine
2026-09-23T03:57:44.018918351Z [INFO] EDGETRADER-VIRTUAL.SimulatedExchange(BINANCE): Added instrument SMCIBUSDT.BINANCE and created matching engine
2026-09-23T03:57:44.019221748Z [INFO] EDGETRADER-VIRTUAL.SimulatedExchange(BINANCE): Added instrument USARBUSDT.BINANCE and created matching engine
2026-09-23T03:57:44.019509787Z [INFO] EDGETRADER-VIRTUAL.SimulatedExchange(BINANCE): Added instrument ALABBUSDT.BINANCE and created matching engine
2026-09-23T03:57:44.019838056Z [INFO] EDGETRADER-VIRTUAL.SimulatedExchange(BINANCE): Added instrument GMEBUSDT.BINANCE and created matching engine
2026-09-23T03:57:44.020131150Z [INFO] EDGETRADER-VIRTUAL.SimulatedExchange(BINANCE): Added instrument DJTBUSDT.BINANCE and created matching engine
2026-09-23T03:57:44.020444499Z [INFO] EDGETRADER-VIRTUAL.SimulatedExchange(BINANCE): Added instrument USDCARS.BINANCE and created matching engine
2026-09-23T03:57:44.020748436Z [INFO] EDGETRADER-VIRTUAL.SimulatedExchange(BINANCE): Added instrument ACEUSDC.BINANCE and created matching engine
2026-09-23T03:57:44.021039421Z [INFO] EDGETRADER-VIRTUAL.SimulatedExchange(BINANCE): Added instrument PUMPU.BINANCE and created matching engine
2026-09-23T03:57:44.021325779Z [INFO] EDGETRADER-VIRTUAL.SimulatedExchange(BINANCE): Added instrument CRWDBUSDT.BINANCE and created matching engine
2026-09-23T03:57:44.021619419Z [INFO] EDGETRADER-VIRTUAL.SimulatedExchange(BINANCE): Added instrument MRNABUSDT.BINANCE and created matching engine
2026-09-23T03:57:44.021904541Z [INFO] EDGETRADER-VIRTUAL.SimulatedExchange(BINANCE): Added instrument SQQQBUSDT.BINANCE and created matching engine
2026-09-23T03:57:44.022207374Z [INFO] EDGETRADER-VIRTUAL.SimulatedExchange(BINANCE): Added instrument STXBUSDT.BINANCE and created matching engine
2026-09-23T03:57:44.022489868Z [INFO] EDGETRADER-VIRTUAL.SimulatedExchange(BINANCE): Added instrument MARSCOINTRY.BINANCE and created matching engine
2026-09-23T03:57:44.022777599Z [INFO] EDGETRADER-VIRTUAL.SimulatedExchange(BINANCE): Added instrument MARSCOINUSDT.BINANCE and created matching engine
2026-09-23T03:57:44.023064900Z [INFO] EDGETRADER-VIRTUAL.SimulatedExchange(BINANCE): Added instrument MARSCOINUSDC.BINANCE and created matching engine
2026-09-23T03:57:44.023375309Z [INFO] EDGETRADER-VIRTUAL.SimulatedExchange(BINANCE): Added instrument ASTERTHB.BINANCE and created matching engine
2026-09-23T03:57:44.023670903Z [INFO] EDGETRADER-VIRTUAL.SimulatedExchange(BINANCE): Added instrument PLUMETHB.BINANCE and created matching engine
2026-09-23T03:57:44.023997078Z [INFO] EDGETRADER-VIRTUAL.SimulatedExchange(BINANCE): Added instrument CRMBUSDT.BINANCE and created matching engine
2026-09-23T03:57:44.024287526Z [INFO] EDGETRADER-VIRTUAL.SimulatedExchange(BINANCE): Added instrument HIMSBUSDT.BINANCE and created matching engine
2026-09-23T03:57:44.024616063Z [INFO] EDGETRADER-VIRTUAL.SimulatedExchange(BINANCE): Added instrument 牛来USDT.BINANCE and created matching engine
2026-09-23T03:57:44.024913518Z [INFO] EDGETRADER-VIRTUAL.SimulatedExchange(BINANCE): Added instrument 牛来USDC.BINANCE and created matching engine
2026-09-23T03:57:44.025217857Z [INFO] EDGETRADER-VIRTUAL.SimulatedExchange(BINANCE): Added instrument BNCBUSDT.BINANCE and created matching engine
2026-09-23T03:57:44.025505151Z [INFO] EDGETRADER-VIRTUAL.SimulatedExchange(BINANCE): Added instrument GPROBUSDT.BINANCE and created matching engine
2026-09-23T03:57:44.025801411Z [INFO] EDGETRADER-VIRTUAL.SimulatedExchange(BINANCE): Added instrument RDDTBUSDT.BINANCE and created matching engine
2026-09-23T03:57:44.026099077Z [INFO] EDGETRADER-VIRTUAL.SimulatedExchange(BINANCE): Added instrument BNBTHB.BINANCE and created matching engine
2026-09-23T03:57:44.026404709Z [INFO] EDGETRADER-VIRTUAL.SimulatedExchange(BINANCE): Added instrument ETHTHB.BINANCE and created matching engine
2026-09-23T03:57:44.026703351Z [INFO] EDGETRADER-VIRTUAL.SimulatedExchange(BINANCE): Added instrument SOLTHB.BINANCE and created matching engine
2026-09-23T03:57:44.027007927Z [INFO] EDGETRADER-VIRTUAL.SimulatedExchange(BINANCE): Added instrument XRPTHB.BINANCE and created matching engine
2026-09-23T03:57:44.027323824Z [INFO] EDGETRADER-VIRTUAL.SimulatedExchange(BINANCE): Added instrument ENAUSD1.BINANCE and created matching engine
2026-09-23T03:57:44.027651134Z [INFO] EDGETRADER-VIRTUAL.SimulatedExchange(BINANCE): Added instrument ARBU.BINANCE and created matching engine
2026-09-23T03:57:44.027818699Z [INFO] EDGETRADER-VIRTUAL.ExecClient-BINANCE: Generating ExecutionMassStatus...
2026-09-23T03:57:44.028009230Z [INFO] EDGETRADER-VIRTUAL.ExecEngine: Reconciling ExecutionMassStatus for BINANCE
2026-09-23T03:57:44.028025206Z [INFO] EDGETRADER-VIRTUAL.ExecEngine: Attempting to adjust fills for 0 instruments
2026-09-23T03:57:44.028083316Z [INFO] EDGETRADER-VIRTUAL.ExecEngine: Updating adjusted fills for 0 instruments
2026-09-23T03:57:44.028091014Z [INFO] EDGETRADER-VIRTUAL.ExecEngine: Final order_reports contains 0 orders, fill_reports contains 0 fills across all instruments
2026-09-23T03:57:44.028142891Z [INFO] EDGETRADER-VIRTUAL.ExecEngine: Reconciliation for BINANCE succeeded
2026-09-23T03:57:44.028163011Z [INFO] EDGETRADER-VIRTUAL.TradingNode: Execution state reconciled
2026-09-23T03:57:44.028177613Z [INFO] EDGETRADER-VIRTUAL.OrderEmulator: No emulated orders to reactivate
2026-09-23T03:57:44.028205172Z [INFO] EDGETRADER-VIRTUAL.OrderEmulator: RUNNING
2026-09-23T03:57:44.028230371Z [INFO] EDGETRADER-VIRTUAL.Portfolio: Initialized 0 open orders
2026-09-23T03:57:44.028242471Z [INFO] EDGETRADER-VIRTUAL.Portfolio: Initialized 0 open positions
2026-09-23T03:57:44.028255923Z [INFO] EDGETRADER-VIRTUAL.TradingNode: Awaiting portfolio initialization (10.0s timeout)...
2026-09-23T03:57:44.028360557Z [INFO] EDGETRADER-VIRTUAL.ExecEngine: Startup reconciliation completed
2026-09-23T03:57:44.028369882Z [INFO] EDGETRADER-VIRTUAL.ExecEngine: Applying post-reconciliation startup delay (10.0s)
2026-09-23T03:57:44.028402532Z [INFO] EDGETRADER-VIRTUAL.TradingNode: Portfolio initialized
2026-09-23T03:57:44.028437500Z [WARN] EDGETRADER-VIRTUAL.Controller: The `Actor.on_start` handler was called when not overridden. It's expected that any actions required when starting the actor occur here, such as subscribing/requesting data
2026-09-23T03:57:44.028459533Z [INFO] EDGETRADER-VIRTUAL.Controller: RUNNING
2026-09-23T03:57:44.028476357Z [INFO] EDGETRADER-VIRTUAL.EDGETRADER-VIRTUAL: RUNNING
2026-09-23T03:57:44.028488127Z [INFO] EDGETRADER-VIRTUAL.TradingNode: RUNNING
✅ TradingNode RUNNING; processing trade events (target=virtual)
📡 [poll #1] Long-polling SQS (virtual)...
2026-09-23T03:57:44.531054093Z [INFO] EDGETRADER-VIRTUAL.TradingNode: STOPPING
2026-09-23T03:57:44.531105150Z [WARN] EDGETRADER-VIRTUAL.Controller: The `Actor.on_stop` handler was called when not overridden. It's expected that any actions required when stopping the actor occur here, such as unsubscribing from data.
2026-09-23T03:57:44.531131824Z [INFO] EDGETRADER-VIRTUAL.Controller: Canceling executor tasks
2026-09-23T03:57:44.531200397Z [INFO] EDGETRADER-VIRTUAL.Controller: STOPPED
2026-09-23T03:57:44.531225652Z [INFO] EDGETRADER-VIRTUAL.EDGETRADER-VIRTUAL: STOPPED
2026-09-23T03:57:44.531242357Z [INFO] EDGETRADER-VIRTUAL.TradingNode: Awaiting post stop (5.0s timeout)...
2026-09-23T03:57:49.533115304Z [INFO] EDGETRADER-VIRTUAL.DataClient-BINANCE: STOPPED
2026-09-23T03:57:49.533148425Z [INFO] EDGETRADER-VIRTUAL.ExecClient-BINANCE: STOPPED
2026-09-23T03:57:49.533158236Z [INFO] EDGETRADER-VIRTUAL.DataEngine: Disconnecting all clients...
2026-09-23T03:57:49.533164271Z [INFO] EDGETRADER-VIRTUAL.DataClient-BINANCE: Disconnecting...
2026-09-23T03:57:49.533188537Z [INFO] EDGETRADER-VIRTUAL.ExecEngine: Disconnecting all clients...
2026-09-23T03:57:49.533197274Z [INFO] EDGETRADER-VIRTUAL.ExecClient-BINANCE: Disconnecting...
2026-09-23T03:57:49.533200799Z [INFO] EDGETRADER-VIRTUAL.ExecClient-BINANCE: Disconnected
2026-09-23T03:57:49.533216787Z [INFO] EDGETRADER-VIRTUAL.TradingNode: Awaiting engine disconnections (10.0s timeout)...
2026-09-23T03:57:49.533513325Z [INFO] EDGETRADER-VIRTUAL.DataClient-BINANCE: Disconnected
2026-09-23T03:57:49.533608720Z [INFO] EDGETRADER-VIRTUAL.DataEngine: STOPPED
2026-09-23T03:57:49.533646531Z [INFO] EDGETRADER-VIRTUAL.RiskEngine: STOPPED
2026-09-23T03:57:49.533696963Z [INFO] EDGETRADER-VIRTUAL.ExecEngine: STOPPED
2026-09-23T03:57:49.533730262Z [INFO] EDGETRADER-VIRTUAL.OrderEmulator: STOPPED
2026-09-23T03:57:49.533751095Z [INFO] EDGETRADER-VIRTUAL.TradingNode: STOPPED
2026-09-23T03:57:49.534033339Z [INFO] EDGETRADER-VIRTUAL.DataClient-BINANCE: DISPOSED
2026-09-23T03:57:49.534052094Z [INFO] EDGETRADER-VIRTUAL.DataEngine: DISPOSED
2026-09-23T03:57:49.534078111Z [INFO] EDGETRADER-VIRTUAL.RiskEngine: DISPOSED
2026-09-23T03:57:49.534111426Z [INFO] EDGETRADER-VIRTUAL.ExecClient-BINANCE: DISPOSED
2026-09-23T03:57:49.534130604Z [INFO] EDGETRADER-VIRTUAL.ExecEngine: DISPOSED
2026-09-23T03:57:49.534171506Z [INFO] EDGETRADER-VIRTUAL.OrderEmulator: DISPOSED
2026-09-23T03:57:49.534211500Z [INFO] EDGETRADER-VIRTUAL.Controller: DISPOSED
2026-09-23T03:57:49.534234870Z [INFO] EDGETRADER-VIRTUAL.EDGETRADER-VIRTUAL: Cleared actors
2026-09-23T03:57:49.534240614Z [INFO] EDGETRADER-VIRTUAL.EDGETRADER-VIRTUAL: Cleared trading strategies
2026-09-23T03:57:49.534245717Z [INFO] EDGETRADER-VIRTUAL.EDGETRADER-VIRTUAL: Cleared execution algorithms
2026-09-23T03:57:49.534259874Z [INFO] EDGETRADER-VIRTUAL.EDGETRADER-VIRTUAL: DISPOSED
2026-09-23T03:57:49.534720031Z [INFO] EDGETRADER-VIRTUAL.Cache: Reset
2026-09-23T03:57:49.537046423Z [INFO] EDGETRADER-VIRTUAL.MessageBus: Closed message bus
2026-09-23T03:57:49.537068063Z [INFO] EDGETRADER-VIRTUAL.TradingNode: Shutting down executor
2026-09-23T03:57:49.537207547Z [INFO] EDGETRADER-VIRTUAL.TradingNode: Stopping event loop
2026-09-23T03:57:49.537259933Z [INFO] EDGETRADER-VIRTUAL.TradingNode: Canceling pending task 'req_queue' (id=140305303513088)
2026-09-23T03:57:49.537272240Z [INFO] EDGETRADER-VIRTUAL.TradingNode: Canceling pending task 'cmd_queue' (id=140305303513664)
2026-09-23T03:57:49.537277640Z [INFO] EDGETRADER-VIRTUAL.TradingNode: Canceling pending task 'Task-4' (id=140305303512128)
2026-09-23T03:57:49.537292871Z [INFO] EDGETRADER-VIRTUAL.TradingNode: Canceling pending task 'evt_queue' (id=140305303514240)
2026-09-23T03:57:49.537296877Z [INFO] EDGETRADER-VIRTUAL.TradingNode: Canceling pending task 'Task-28' (id=140304748876928)
2026-09-23T03:57:49.537301031Z [INFO] EDGETRADER-VIRTUAL.TradingNode: Canceling pending task 'Task-7' (id=140305303511936)
2026-09-23T03:57:49.537307017Z [INFO] EDGETRADER-VIRTUAL.TradingNode: Canceling pending task 'res_queue' (id=140305303513280)
2026-09-23T03:57:49.537310144Z [INFO] EDGETRADER-VIRTUAL.TradingNode: Canceling pending task 'Task-6' (id=140305303511744)
2026-09-23T03:57:49.537313576Z [INFO] EDGETRADER-VIRTUAL.TradingNode: Canceling pending task 'evt_queue' (id=140305303513856)
2026-09-23T03:57:49.537316956Z [INFO] EDGETRADER-VIRTUAL.TradingNode: Canceling pending task 'continuous_reconciliation' (id=140305303514432)
2026-09-23T03:57:49.537320151Z [INFO] EDGETRADER-VIRTUAL.TradingNode: Canceling pending task 'cmd_queue' (id=140305303512896)
2026-09-23T03:57:49.537323525Z [INFO] EDGETRADER-VIRTUAL.TradingNode: Canceling pending task 'data_queue' (id=140305303513472)
2026-09-23T03:57:49.537325675Z [INFO] EDGETRADER-VIRTUAL.TradingNode: Canceling pending task 'cmd_queue' (id=140305303514048)
2026-09-23T03:57:49.537330265Z [INFO] EDGETRADER-VIRTUAL.TradingNode: Event loop still running; scheduling task cleanup
2026-09-23T03:57:49.537519255Z [INFO] EDGETRADER-VIRTUAL.TradingNode: Task cancellation completed
2026-09-23T03:57:49.537532997Z [INFO] EDGETRADER-VIRTUAL.TradingNode: loop.is_running=True
2026-09-23T03:57:49.537536182Z [INFO] EDGETRADER-VIRTUAL.TradingNode: loop.is_closed=False
2026-09-23T03:57:49.537538107Z [INFO] EDGETRADER-VIRTUAL.TradingNode: DISPOSED
2026-09-23T03:57:49.537619024Z [WARN] EDGETRADER-VIRTUAL.DataEngine: RequestData message queue canceled
2026-09-23T03:57:49.537629736Z [WARN] EDGETRADER-VIRTUAL.DataEngine: RequestData message queue stopped with 1 message(s) on queue
2026-09-23T03:57:49.537645013Z [WARN] EDGETRADER-VIRTUAL.RiskEngine: Canceled task 'run_cmd_queue'
2026-09-23T03:57:49.537656708Z [WARN] EDGETRADER-VIRTUAL.RiskEngine: Command message queue stopped with 1 message(s) on queue
2026-09-23T03:57:49.537669943Z [WARN] EDGETRADER-VIRTUAL.DataEngine: DataCommand message queue canceled
2026-09-23T03:57:49.537680051Z [WARN] EDGETRADER-VIRTUAL.DataEngine: DataCommand message queue stopped with 1 message(s) on queue
2026-09-23T03:57:49.537692982Z [WARN] EDGETRADER-VIRTUAL.DataEngine: DataResponse message queue canceled
2026-09-23T03:57:49.537705252Z [WARN] EDGETRADER-VIRTUAL.DataEngine: DataResponse message queue stopped with 1 message(s) on queue
2026-09-23T03:57:49.537718036Z [WARN] EDGETRADER-VIRTUAL.DataEngine: Data message queue canceled
2026-09-23T03:57:49.537728244Z [WARN] EDGETRADER-VIRTUAL.DataEngine: Data message queue stopped with 1 message(s) on queue
2026-09-23T03:57:49.537740835Z [WARN] EDGETRADER-VIRTUAL.RiskEngine: Canceled task 'run_evt_queue'
2026-09-23T03:57:49.537745275Z [WARN] EDGETRADER-VIRTUAL.RiskEngine: Event message queue stopped with 1 message(s) on queue
2026-09-23T03:57:49.537757603Z [WARN] EDGETRADER-VIRTUAL.ExecEngine: Canceled task 'run_cmd_queue'
2026-09-23T03:57:49.537769521Z [WARN] EDGETRADER-VIRTUAL.ExecEngine: Command message queue stopped with 1 message(s) on queue
2026-09-23T03:57:49.537781420Z [WARN] EDGETRADER-VIRTUAL.ExecEngine: Canceled task 'run_evt_queue'
2026-09-23T03:57:49.537790976Z [WARN] EDGETRADER-VIRTUAL.ExecEngine: Event message queue stopped with 1 message(s) on queue
Traceback (most recent call last):
  File "/app/sqs.py", line 50, in receive_trade_events
    response = await loop.run_in_executor(
               ^^^^^^^^^^^^^^^^^^^^^^^^^^^
  File "/usr/local/lib/python3.12/concurrent/futures/thread.py", line 59, in run
    result = self.fn(*self.args, **self.kwargs)
             ^^^^^^^^^^^^^^^^^^^^^^^^^^^^^^^^^^
  File "/app/sqs.py", line 52, in <lambda>
    lambda: sqs_client.receive_message(
            ^^^^^^^^^^^^^^^^^^^^^^^^^^^
  File "/usr/local/lib/python3.12/site-packages/botocore/client.py", line 606, in _api_call
    return self._make_api_call(operation_name, kwargs)
           ^^^^^^^^^^^^^^^^^^^^^^^^^^^^^^^^^^^^^^^^^^^
  File "/usr/local/lib/python3.12/site-packages/botocore/context.py", line 123, in wrapper
    return func(*args, **kwargs)
           ^^^^^^^^^^^^^^^^^^^^^
  File "/usr/local/lib/python3.12/site-packages/botocore/client.py", line 1076, in _make_api_call
    http, parsed_response = self._make_request(
                            ^^^^^^^^^^^^^^^^^^^
  File "/usr/local/lib/python3.12/site-packages/botocore/client.py", line 1100, in _make_request
    return self._endpoint.make_request(operation_model, request_dict)
           ^^^^^^^^^^^^^^^^^^^^^^^^^^^^^^^^^^^^^^^^^^^^^^^^^^^^^^^^^^
  File "/usr/local/lib/python3.12/site-packages/botocore/endpoint.py", line 119, in make_request
    return self._send_request(request_dict, operation_model)
           ^^^^^^^^^^^^^^^^^^^^^^^^^^^^^^^^^^^^^^^^^^^^^^^^^
  File "/usr/local/lib/python3.12/site-packages/botocore/endpoint.py", line 198, in _send_request
    request = self.create_request(request_dict, operation_model)
              ^^^^^^^^^^^^^^^^^^^^^^^^^^^^^^^^^^^^^^^^^^^^^^^^^^
  File "/usr/local/lib/python3.12/site-packages/botocore/endpoint.py", line 132, in create_request
    self._event_emitter.emit(
  File "/usr/local/lib/python3.12/site-packages/botocore/hooks.py", line 412, in emit
    return self._emitter.emit(aliased_event_name, **kwargs)
           ^^^^^^^^^^^^^^^^^^^^^^^^^^^^^^^^^^^^^^^^^^^^^^^^
  File "/usr/local/lib/python3.12/site-packages/botocore/hooks.py", line 256, in emit
    return self._emit(event_name, kwargs)
           ^^^^^^^^^^^^^^^^^^^^^^^^^^^^^^
  File "/usr/local/lib/python3.12/site-packages/botocore/hooks.py", line 239, in _emit
    response = handler(**kwargs)
               ^^^^^^^^^^^^^^^^^
  File "/usr/local/lib/python3.12/site-packages/botocore/signers.py", line 108, in handler
    return self.sign(operation_name, request)
           ^^^^^^^^^^^^^^^^^^^^^^^^^^^^^^^^^^
  File "/usr/local/lib/python3.12/site-packages/botocore/signers.py", line 200, in sign
    auth.add_auth(request)
  File "/usr/local/lib/python3.12/site-packages/botocore/auth.py", line 429, in add_auth
    raise NoCredentialsError()
botocore.exceptions.NoCredentialsError: Unable to locate credentials

During handling of the above exception, another exception occurred:

Traceback (most recent call last):
  File "/app/binance_virtual_mainnet_node.py", line 387, in <module>
    main()
  File "/app/binance_virtual_mainnet_node.py", line 379, in main
    loop.run_until_complete(run())
  File "uvloop/loop.pyx", line 1518, in uvloop.loop.Loop.run_until_complete
  File "/app/binance_virtual_mainnet_node.py", line 364, in run
    await asyncio.gather(
  File "/app/binance_virtual_mainnet_node.py", line 164, in listen_trade_events
    messages = await sqs.receive_trade_events(
               ^^^^^^^^^^^^^^^^^^^^^^^^^^^^^^^
  File "/app/sqs.py", line 60, in receive_trade_events
    print(f"❌ SQS receive error: {e}", file=sys.stderr)
                                             ^^^
NameError: name 'sys' is not defined. Did you forget to import 'sys'?
Task was destroyed but it is pending!
task: <Task pending name='Task-31' coro=<NautilusKernel.cancel_all_tasks.<locals>._cancel_and_wait_for_tasks() done, defined at /usr/local/lib/python3.12/site-packages/nautilus_trader/system/kernel.py:1194> wait_for=<Future pending cb=[Task.task_wakeup()]> cb=[NautilusKernel.cancel_all_tasks.<locals>.<lambda>() at /usr/local/lib/python3.12/site-packages/nautilus_trader/system/kernel.py:1231]>

[Container] 2026/09/23 04:00:01.225739 Running command echo "--- binance-real-node logs ---"
--- binance-real-node logs ---

[Container] 2026/09/23 04:00:01.233802 Running command docker logs binance-real-node || true
🔐 Using Ed25519 credentials for real order execution
2026-09-23T03:57:40.250332626Z [INFO] EDGETRADER-REAL.TradingNode: =================================================================
2026-09-23T03:57:40.250344633Z [INFO] EDGETRADER-REAL.TradingNode:  NAUTILUS TRADER - Automated Algorithmic Trading Platform
2026-09-23T03:57:40.250345257Z [INFO] EDGETRADER-REAL.TradingNode:  by Nautech Systems Pty Ltd.
2026-09-23T03:57:40.250345514Z [INFO] EDGETRADER-REAL.TradingNode:  Copyright (C) 2015-2026. All rights reserved.
2026-09-23T03:57:40.250345903Z [INFO] EDGETRADER-REAL.TradingNode: =================================================================
2026-09-23T03:57:40.250346167Z [INFO] EDGETRADER-REAL.TradingNode: 
2026-09-23T03:57:40.250346479Z [INFO] EDGETRADER-REAL.TradingNode: ⠀⠀⠀⠀⠀⠀⠀⠀⠀⠀⠀⠀⠀⣠⣴⣶⡟⠀⠀⠀⠀⠀⠀⠀⠀⠀⠀⠀⠀⠀⠀
2026-09-23T03:57:40.250346792Z [INFO] EDGETRADER-REAL.TradingNode: ⠀⠀⠀⠀⠀⠀⠀⠀⠀⠀⠀⣰⣾⣿⣿⣿⠀⢸⣿⣿⣿⣿⣶⣶⣤⣀⠀⠀⠀⠀⠀
2026-09-23T03:57:40.250347128Z [INFO] EDGETRADER-REAL.TradingNode: ⠀⠀⠀⠀⠀⠀⢀⣴⡇⢀⣾⣿⣿⣿⣿⣿⠀⣾⣿⣿⣿⣿⣿⣿⣿⠿⠓⠀⠀⠀⠀
2026-09-23T03:57:40.250348503Z [INFO] EDGETRADER-REAL.TradingNode: ⠀⠀⠀⠀⠀⣰⣿⣿⡀⢸⣿⣿⣿⣿⣿⣿⠀⣿⣿⣿⣿⣿⣿⠟⠁⣠⣄⠀⠀⠀⠀
2026-09-23T03:57:40.250348993Z [INFO] EDGETRADER-REAL.TradingNode: ⠀⠀⠀⠀⢠⣿⣿⣿⣇⠀⢿⣿⣿⣿⣿⣿⠀⢻⣿⣿⣿⡿⢃⣠⣾⣿⣿⣧⡀⠀⠀
2026-09-23T03:57:40.250349414Z [INFO] EDGETRADER-REAL.TradingNode: ⠀⠀⠀⠠⣾⣿⣿⣿⣿⣿⣧⠈⠋⢀⣴⣧⠀⣿⡏⢠⡀⢸⣿⣿⣿⣿⣿⣿⣿⡇⠀
2026-09-23T03:57:40.250349699Z [INFO] EDGETRADER-REAL.TradingNode: ⠀⠀⠀⣀⠙⢿⣿⣿⣿⣿⣿⠇⢠⣿⣿⣿⡄⠹⠃⠼⠃⠈⠉⠛⠛⠛⠛⠛⠻⠇⠀
2026-09-23T03:57:40.250349940Z [INFO] EDGETRADER-REAL.TradingNode: ⠀⠀⢸⡟⢠⣤⠉⠛⠿⢿⣿⠀⢸⣿⡿⠋⣠⣤⣄⠀⣾⣿⣿⣶⣶⣶⣦⡄⠀⠀⠀
2026-09-23T03:57:40.250350504Z [INFO] EDGETRADER-REAL.TradingNode: ⠀⠀⠸⠀⣾⠏⣸⣷⠂⣠⣤⠀⠘⢁⣴⣾⣿⣿⣿⡆⠘⣿⣿⣿⣿⣿⣿⠀⠀⠀⠀
2026-09-23T03:57:40.250350670Z [INFO] EDGETRADER-REAL.TradingNode: ⠀⠀⠀⠀⠛⠀⣿⡟⠀⢻⣿⡄⠸⣿⣿⣿⣿⣿⣿⣿⡀⠘⣿⣿⣿⣿⠟⠀⠀⠀⠀
2026-09-23T03:57:40.250350845Z [INFO] EDGETRADER-REAL.TradingNode: ⠀⠀⠀⠀⠀⠀⣿⠇⠀⠀⢻⡿⠀⠈⠻⣿⣿⣿⣿⣿⡇⠀⢹⣿⠿⠋⠀⠀⠀⠀⠀
2026-09-23T03:57:40.250352104Z [INFO] EDGETRADER-REAL.TradingNode: ⠀⠀⠀⠀⠀⠀⠋⠀⠀⠀⡘⠁⠀⠀⠀⠀⠀⠀⠀⠀⠀⠀⠈⠁⠀⠀⠀⠀⠀⠀⠀
2026-09-23T03:57:40.250352413Z [INFO] EDGETRADER-REAL.TradingNode: 
2026-09-23T03:57:40.250352583Z [INFO] EDGETRADER-REAL.TradingNode: =================================================================
2026-09-23T03:57:40.250352891Z [INFO] EDGETRADER-REAL.TradingNode:  SYSTEM SPECIFICATION
2026-09-23T03:57:40.250353109Z [INFO] EDGETRADER-REAL.TradingNode: =================================================================
2026-09-23T03:57:40.250354410Z [INFO] EDGETRADER-REAL.TradingNode: CPU architecture: Intel(R) Xeon(R) Platinum 8275CL CPU @ 3.00GHz
2026-09-23T03:57:40.250355363Z [INFO] EDGETRADER-REAL.TradingNode: CPU(s): 4 @ 3599 MHz
2026-09-23T03:57:40.250356931Z [INFO] EDGETRADER-REAL.TradingNode: OS: kernel-4.14.355-284.742.amzn2.x86_64 Linux (Debian GNU/Linux 13)
2026-09-23T03:57:40.250428874Z [INFO] EDGETRADER-REAL.TradingNode: =================================================================
2026-09-23T03:57:40.250434361Z [INFO] EDGETRADER-REAL.TradingNode:  MEMORY USAGE
2026-09-23T03:57:40.250434670Z [INFO] EDGETRADER-REAL.TradingNode: =================================================================
2026-09-23T03:57:40.250437000Z [INFO] EDGETRADER-REAL.TradingNode: RAM-Total: 7.48 GiB
2026-09-23T03:57:40.250439877Z [INFO] EDGETRADER-REAL.TradingNode: RAM-Used: 1.19 GiB (15.97%)
2026-09-23T03:57:40.250441067Z [INFO] EDGETRADER-REAL.TradingNode: RAM-Avail: 6.29 GiB (84.03%)
2026-09-23T03:57:40.250441972Z [INFO] EDGETRADER-REAL.TradingNode: Swap: disabled
2026-09-23T03:57:40.250442951Z [INFO] EDGETRADER-REAL.TradingNode: =================================================================
2026-09-23T03:57:40.250443176Z [INFO] EDGETRADER-REAL.TradingNode:  IDENTIFIERS
2026-09-23T03:57:40.250444150Z [INFO] EDGETRADER-REAL.TradingNode: =================================================================
2026-09-23T03:57:40.250444794Z [INFO] EDGETRADER-REAL.TradingNode: trader_id: EDGETRADER-REAL
2026-09-23T03:57:40.250445454Z [INFO] EDGETRADER-REAL.TradingNode: machine_id: 8c079bbe134e
2026-09-23T03:57:40.250447932Z [INFO] EDGETRADER-REAL.TradingNode: instance_id: 478f3086-7762-4f93-a97e-5f4c201446ca
2026-09-23T03:57:40.250448480Z [INFO] EDGETRADER-REAL.TradingNode: PID: 1
2026-09-23T03:57:40.250448816Z [INFO] EDGETRADER-REAL.TradingNode: =================================================================
2026-09-23T03:57:40.250449093Z [INFO] EDGETRADER-REAL.TradingNode:  VERSIONING
2026-09-23T03:57:40.250449640Z [INFO] EDGETRADER-REAL.TradingNode: =================================================================
2026-09-23T03:57:40.250458957Z [INFO] EDGETRADER-REAL.TradingNode: nautilus_trader: 1.228.0
2026-09-23T03:57:40.250464557Z [INFO] EDGETRADER-REAL.TradingNode: python: 3.12.14
2026-09-23T03:57:40.250468490Z [INFO] EDGETRADER-REAL.TradingNode: numpy: 2.5.3
2026-09-23T03:57:40.250472202Z [INFO] EDGETRADER-REAL.TradingNode: pandas: 2.3.3
2026-09-23T03:57:40.250475679Z [INFO] EDGETRADER-REAL.TradingNode: msgspec: 0.21.1
2026-09-23T03:57:40.250478992Z [INFO] EDGETRADER-REAL.TradingNode: pyarrow: 25.0.1
2026-09-23T03:57:40.250481912Z [INFO] EDGETRADER-REAL.TradingNode: pytz: 2026.3.post1
2026-09-23T03:57:40.250485695Z [INFO] EDGETRADER-REAL.TradingNode: uvloop: 0.22.1
2026-09-23T03:57:40.250494589Z [INFO] EDGETRADER-REAL.TradingNode: =================================================================
2026-09-23T03:57:40.250536581Z [INFO] EDGETRADER-REAL.TradingNode: Building system kernel
2026-09-23T03:57:40.250736916Z [INFO] EDGETRADER-REAL.MessageBus: config.database=None
2026-09-23T03:57:40.250745652Z [INFO] EDGETRADER-REAL.MessageBus: config.encoding='msgpack'
2026-09-23T03:57:40.250748039Z [INFO] EDGETRADER-REAL.MessageBus: config.timestamps_as_iso8601=False
2026-09-23T03:57:40.250749870Z [INFO] EDGETRADER-REAL.MessageBus: config.buffer_interval_ms=None
2026-09-23T03:57:40.250752277Z [INFO] EDGETRADER-REAL.MessageBus: config.autotrim_mins=None
2026-09-23T03:57:40.250754344Z [INFO] EDGETRADER-REAL.MessageBus: config.use_trader_prefix=True
2026-09-23T03:57:40.250757068Z [INFO] EDGETRADER-REAL.MessageBus: config.use_trader_id=True
2026-09-23T03:57:40.250759738Z [INFO] EDGETRADER-REAL.MessageBus: config.use_instance_id=False
2026-09-23T03:57:40.250761854Z [INFO] EDGETRADER-REAL.MessageBus: config.streams_prefix='stream'
2026-09-23T03:57:40.250763705Z [INFO] EDGETRADER-REAL.MessageBus: config.types_filter=None
2026-09-23T03:57:40.250819540Z [INFO] EDGETRADER-REAL.Cache: READY
2026-09-23T03:57:40.251544299Z [INFO] EDGETRADER-REAL.DataEngine: READY
2026-09-23T03:57:40.251809747Z [INFO] EDGETRADER-REAL.DataEngine: config.graceful_shutdown_on_exception=False
2026-09-23T03:57:40.251865985Z [INFO] EDGETRADER-REAL.RiskEngine: READY
2026-09-23T03:57:40.251927613Z [INFO] EDGETRADER-REAL.RiskEngine: TradingState is ACTIVE
2026-09-23T03:57:40.252029608Z [INFO] EDGETRADER-REAL.Throttler-ORDER_SUBMIT_THROTTLER: READY
2026-09-23T03:57:40.252064688Z [INFO] EDGETRADER-REAL.RiskEngine: Set MAX_ORDER_SUBMIT_RATE: 100/00:00:01
2026-09-23T03:57:40.252114510Z [INFO] EDGETRADER-REAL.Throttler-ORDER_MODIFY_THROTTLER: READY
2026-09-23T03:57:40.252134575Z [INFO] EDGETRADER-REAL.RiskEngine: Set MAX_ORDER_MODIFY_RATE: 100/00:00:01
2026-09-23T03:57:40.252191187Z [INFO] EDGETRADER-REAL.RiskEngine: config.graceful_shutdown_on_exception=False
2026-09-23T03:57:40.252258787Z [INFO] EDGETRADER-REAL.ExecEngine: READY
2026-09-23T03:57:40.252310022Z [INFO] EDGETRADER-REAL.ExecEngine: config.snapshot_orders=True
2026-09-23T03:57:40.252319824Z [INFO] EDGETRADER-REAL.ExecEngine: config.snapshot_positions=True
2026-09-23T03:57:40.252322379Z [INFO] EDGETRADER-REAL.ExecEngine: config.snapshot_positions_interval_secs=None
2026-09-23T03:57:40.252324338Z [INFO] EDGETRADER-REAL.ExecEngine: config.allow_overfills=False
2026-09-23T03:57:40.252380731Z [INFO] EDGETRADER-REAL.ExecEngine: config.reconciliation=True
2026-09-23T03:57:40.252388525Z [INFO] EDGETRADER-REAL.ExecEngine: config.reconciliation_lookback_mins=None
2026-09-23T03:57:40.252390375Z [INFO] EDGETRADER-REAL.ExecEngine: config.reconciliation_instrument_ids=None
2026-09-23T03:57:40.252391925Z [INFO] EDGETRADER-REAL.ExecEngine: config.filter_unclaimed_external_orders=False
2026-09-23T03:57:40.252393412Z [INFO] EDGETRADER-REAL.ExecEngine: config.filter_position_reports=False
2026-09-23T03:57:40.252395228Z [INFO] EDGETRADER-REAL.ExecEngine: config.filtered_client_order_ids=None
2026-09-23T03:57:40.252396581Z [INFO] EDGETRADER-REAL.ExecEngine: config.inflight_check_interval_ms=2000
2026-09-23T03:57:40.252397763Z [INFO] EDGETRADER-REAL.ExecEngine: config.inflight_check_threshold_ms=5000
2026-09-23T03:57:40.252398983Z [INFO] EDGETRADER-REAL.ExecEngine: config.inflight_check_retries=5
2026-09-23T03:57:40.252400257Z [INFO] EDGETRADER-REAL.ExecEngine: config.own_books_audit_interval_secs=None
2026-09-23T03:57:40.252401405Z [INFO] EDGETRADER-REAL.ExecEngine: config.open_check_interval_secs=None
2026-09-23T03:57:40.252402452Z [INFO] EDGETRADER-REAL.ExecEngine: config.open_check_open_only=True
2026-09-23T03:57:40.252403732Z [INFO] EDGETRADER-REAL.ExecEngine: config.open_check_lookback_mins=60
2026-09-23T03:57:40.252404860Z [INFO] EDGETRADER-REAL.ExecEngine: config.open_check_threshold_ms=5000
2026-09-23T03:57:40.252406433Z [INFO] EDGETRADER-REAL.ExecEngine: config.open_check_missing_retries=5
2026-09-23T03:57:40.252407639Z [INFO] EDGETRADER-REAL.ExecEngine: config.max_single_order_queries_per_cycle=10
2026-09-23T03:57:40.252409439Z [INFO] EDGETRADER-REAL.ExecEngine: config.single_order_query_delay_ms=100
2026-09-23T03:57:40.252410519Z [INFO] EDGETRADER-REAL.ExecEngine: config.position_check_interval_secs=None
2026-09-23T03:57:40.252411629Z [INFO] EDGETRADER-REAL.ExecEngine: config.position_check_lookback_mins=60
2026-09-23T03:57:40.252412772Z [INFO] EDGETRADER-REAL.ExecEngine: config.position_check_threshold_ms=5000
2026-09-23T03:57:40.252413907Z [INFO] EDGETRADER-REAL.ExecEngine: config.position_check_retries=3
2026-09-23T03:57:40.252416484Z [INFO] EDGETRADER-REAL.ExecEngine: config.reconciliation_startup_delay_secs=10.0
2026-09-23T03:57:40.252418885Z [INFO] EDGETRADER-REAL.ExecEngine: config.purge_closed_orders_interval_mins=None
2026-09-23T03:57:40.252420203Z [INFO] EDGETRADER-REAL.ExecEngine: config.purge_closed_orders_buffer_mins=None
2026-09-23T03:57:40.252421423Z [INFO] EDGETRADER-REAL.ExecEngine: config.purge_closed_positions_interval_mins=None
2026-09-23T03:57:40.252422566Z [INFO] EDGETRADER-REAL.ExecEngine: config.purge_closed_positions_buffer_mins=None
2026-09-23T03:57:40.252423783Z [INFO] EDGETRADER-REAL.ExecEngine: config.purge_account_events_interval_mins=None
2026-09-23T03:57:40.252424982Z [INFO] EDGETRADER-REAL.ExecEngine: config.purge_account_events_lookback_mins=None
2026-09-23T03:57:40.252426252Z [INFO] EDGETRADER-REAL.ExecEngine: config.purge_from_database=False
2026-09-23T03:57:40.252427533Z [INFO] EDGETRADER-REAL.ExecEngine: config.graceful_shutdown_on_exception=False
2026-09-23T03:57:40.252474689Z [INFO] EDGETRADER-REAL.Cache: Cached 0 general objects from database
2026-09-23T03:57:40.252484029Z [INFO] EDGETRADER-REAL.Cache: Cached 0 currencies from database
2026-09-23T03:57:40.252488019Z [INFO] EDGETRADER-REAL.Cache: Cached 0 instruments from database
2026-09-23T03:57:40.252501706Z [INFO] EDGETRADER-REAL.Cache: Cached 0 accounts from database
2026-09-23T03:57:40.252508056Z [INFO] EDGETRADER-REAL.Cache: Cached 0 orders from database
2026-09-23T03:57:40.252517971Z [INFO] EDGETRADER-REAL.Cache: Cached 0 order lists from database
2026-09-23T03:57:40.252523663Z [INFO] EDGETRADER-REAL.Cache: Cached 0 positions from database
2026-09-23T03:57:40.252542221Z [INFO] EDGETRADER-REAL.Cache: Checking data integrity
2026-09-23T03:57:40.252552368Z [INFO] EDGETRADER-REAL.Cache: Integrity check passed in 9μs
2026-09-23T03:57:40.252572535Z [INFO] EDGETRADER-REAL.ExecEngine: Loaded cache in 0ms
2026-09-23T03:57:40.252647323Z [INFO] EDGETRADER-REAL.OrderEmulator: READY
2026-09-23T03:57:40.252725642Z [INFO] EDGETRADER-REAL.EDGETRADER-REAL: READY
2026-09-23T03:57:40.252968897Z [INFO] EDGETRADER-REAL.Controller: READY
2026-09-23T03:57:40.253019291Z [INFO] EDGETRADER-REAL.EDGETRADER-REAL: Registered Component Controller
2026-09-23T03:57:40.253041522Z [INFO] EDGETRADER-REAL.TradingNode: Initialized in 7ms
2026-09-23T03:57:40.253064286Z [INFO] EDGETRADER-REAL.TradingNode: has_cache_backing=False
2026-09-23T03:57:40.253067542Z [INFO] EDGETRADER-REAL.TradingNode: has_msgbus_backing=False
2026-09-23T03:57:40.253091939Z [INFO] EDGETRADER-REAL.TradingNode: Building data client for BINANCE
2026-09-23T03:57:40.261169233Z [INFO] EDGETRADER-REAL.BinanceSpotInstrumentProvider: READY
2026-09-23T03:57:40.262248628Z [INFO] EDGETRADER-REAL.DataClient-BINANCE: READY
2026-09-23T03:57:40.262311829Z [INFO] EDGETRADER-REAL.DataClient-BINANCE: Account type: SPOT
2026-09-23T03:57:40.262322199Z [INFO] EDGETRADER-REAL.DataClient-BINANCE: config.update_instruments_interval_mins=60
2026-09-23T03:57:40.262324783Z [INFO] EDGETRADER-REAL.DataClient-BINANCE: config.use_agg_trade_ticks=False
2026-09-23T03:57:40.262353825Z [INFO] EDGETRADER-REAL.DataClient-BINANCE: Base url HTTP https://api.binance.com
2026-09-23T03:57:40.262361511Z [INFO] EDGETRADER-REAL.DataClient-BINANCE: Base url WebSocket wss://stream.binance.com:9443
2026-09-23T03:57:40.262789440Z [INFO] EDGETRADER-REAL.DataEngine: Registered BINANCE
2026-09-23T03:57:40.262809178Z [INFO] EDGETRADER-REAL.TradingNode: Building execution client for BINANCE
2026-09-23T03:57:40.269812654Z [INFO] EDGETRADER-REAL.BinanceSpotInstrumentProvider: READY
2026-09-23T03:57:40.270715821Z [INFO] EDGETRADER-REAL.ExecClient-BINANCE: READY
2026-09-23T03:57:40.270760621Z [INFO] EDGETRADER-REAL.ExecClient-BINANCE: Account type: SPOT
2026-09-23T03:57:40.270767700Z [INFO] EDGETRADER-REAL.ExecClient-BINANCE: config.use_gtd=True
2026-09-23T03:57:40.270769887Z [INFO] EDGETRADER-REAL.ExecClient-BINANCE: config.use_reduce_only=True
2026-09-23T03:57:40.270772663Z [INFO] EDGETRADER-REAL.ExecClient-BINANCE: config.use_position_ids=True
2026-09-23T03:57:40.270774946Z [INFO] EDGETRADER-REAL.ExecClient-BINANCE: config.treat_expired_as_canceled=False
2026-09-23T03:57:40.270777339Z [INFO] EDGETRADER-REAL.ExecClient-BINANCE: config.recv_window_ms=5000
2026-09-23T03:57:40.270779409Z [INFO] EDGETRADER-REAL.ExecClient-BINANCE: config.max_retries=None
2026-09-23T03:57:40.270781773Z [INFO] EDGETRADER-REAL.ExecClient-BINANCE: config.retry_delay_initial_ms=None
2026-09-23T03:57:40.270784493Z [INFO] EDGETRADER-REAL.ExecClient-BINANCE: config.retry_delay_max_ms=None
2026-09-23T03:57:40.270786933Z [INFO] EDGETRADER-REAL.ExecClient-BINANCE: config.log_rejected_due_post_only_as_warning=True
2026-09-23T03:57:40.271059490Z [INFO] EDGETRADER-REAL.ExecClient-BINANCE: Base url HTTP https://api.binance.com
2026-09-23T03:57:40.271068481Z [INFO] EDGETRADER-REAL.ExecClient-BINANCE: Base url WebSocket wss://ws-api.binance.com:443/ws-api/v3
2026-09-23T03:57:40.271273670Z [INFO] EDGETRADER-REAL.ExecEngine: Registered ExecutionClient-BINANCE
Connecting to Postgres (trade_events)...
✅ Event‑sourcing tables ready
2026-09-23T03:57:42.391876154Z [INFO] EDGETRADER-REAL.TradingNode: STARTING
2026-09-23T03:57:42.392005007Z [INFO] EDGETRADER-REAL.DataClient-BINANCE: RUNNING
2026-09-23T03:57:42.392059722Z [INFO] EDGETRADER-REAL.DataEngine: RUNNING
2026-09-23T03:57:42.392112711Z [INFO] EDGETRADER-REAL.RiskEngine: RUNNING
2026-09-23T03:57:42.392147620Z [INFO] EDGETRADER-REAL.ExecClient-BINANCE: RUNNING
2026-09-23T03:57:42.392195796Z [INFO] EDGETRADER-REAL.ExecEngine: Started reconciliation task
2026-09-23T03:57:42.392213201Z [INFO] EDGETRADER-REAL.ExecEngine: RUNNING
2026-09-23T03:57:42.392223796Z [INFO] EDGETRADER-REAL.DataEngine: Connecting all clients...
2026-09-23T03:57:42.392234309Z [INFO] EDGETRADER-REAL.DataClient-BINANCE: Connecting...
2026-09-23T03:57:42.392256514Z [INFO] EDGETRADER-REAL.ExecEngine: Connecting all clients...
2026-09-23T03:57:42.392266339Z [INFO] EDGETRADER-REAL.ExecClient-BINANCE: Connecting...
2026-09-23T03:57:42.392291089Z [INFO] EDGETRADER-REAL.TradingNode: Awaiting engine connections and initializations (30.0s timeout)...
⏳ Waiting for the TradingNode to finish starting...
💓 heartbeat_loop starting for venue=binance target=real interval=15.0s balance_tracking=on
2026-09-23T03:57:42.392481873Z [ERROR] EDGETRADER-REAL.Portfolio: Cannot get account: no account registered for venue=Venue('BINANCE') and account_id=None
⚠️ [real] balance lookup failed (iteration=1): RuntimeError: No account available yet for venue BINANCE — the exec client may not have received its first AccountState update yet.
💓 [real] heartbeat (iteration=1): is_running=False balance=n/a detail=balance lookup failed: No account available yet for venue BINANCE — the exec client may not have received its first AccountState update yet.
2026-09-23T03:57:42.393418392Z [INFO] EDGETRADER-REAL.ExecEngine: Starting continuous reconciliation with intervals: inflight=2000ms, consistency=Nones, position=Nones
2026-09-23T03:57:42.393453789Z [INFO] EDGETRADER-REAL.ExecEngine: Awaiting startup reconciliation completion before starting continuous checks
2026-09-23T03:57:42.393497677Z [INFO] EDGETRADER-REAL.BinanceSpotInstrumentProvider: Initializing instruments...
2026-09-23T03:57:42.393519617Z [INFO] EDGETRADER-REAL.BinanceSpotInstrumentProvider: Loading all instruments...
2026-09-23T03:57:42.394129322Z [INFO] EDGETRADER-REAL.BinanceSpotInstrumentProvider: Initializing instruments...
2026-09-23T03:57:42.394140238Z [INFO] EDGETRADER-REAL.BinanceSpotInstrumentProvider: Loading all instruments...
✅ [real] heartbeat row written (iteration=1)
⏱️ [real] heartbeat iteration=1 took 0.004s, sleeping 15.0s
2026-09-23T03:57:44.152823510Z [INFO] EDGETRADER-REAL.BinanceSpotInstrumentProvider: Loaded 3707 instruments
2026-09-23T03:57:44.152844021Z [INFO] EDGETRADER-REAL.BinanceSpotInstrumentProvider: Initialized instruments
2026-09-23T03:57:44.161479394Z [INFO] EDGETRADER-REAL.DataClient-BINANCE: Connected
2026-09-23T03:57:46.235565343Z [INFO] EDGETRADER-REAL.BinanceSpotInstrumentProvider: Loaded 3707 instruments
2026-09-23T03:57:46.235585910Z [INFO] EDGETRADER-REAL.BinanceSpotInstrumentProvider: Initialized instruments
2026-09-23T03:57:46.319982762Z [INFO] EDGETRADER-REAL.ExecClient-BINANCE: Binance API key authenticated.
2026-09-23T03:57:46.320004784Z [INFO] EDGETRADER-REAL.ExecClient-BINANCE: API key muCm...Zx2N has trading permissions
2026-09-23T03:57:46.331886642Z [INFO] EDGETRADER-REAL.Portfolio: Updated AccountState(account_id=BINANCE-SPOT-master, account_type=CASH, base_currency=None, is_reported=True, balances=[AccountBalance(total=0.00000000 BTC, locked=0.00000000 BTC, free=0.00000000 BTC), AccountBalance(total=0.00000000 LTC, locked=0.00000000 LTC, free=0.00000000 LTC), AccountBalance(total=0.00000000 ETH, locked=0.00000000 ETH, free=0.00000000 ETH), AccountBalance(total=0.00000000 NEO, locked=0.00000000 NEO, free=0.00000000 NEO), AccountBalance(total=0.00470572 BNB, locked=0.00000000 BNB, free=0.00470572 BNB), AccountBalance(total=0.00000000 QTUM, locked=0.00000000 QTUM, free=0.00000000 QTUM), AccountBalance(total=0.00000000 EOS, locked=0.00000000 EOS, free=0.00000000 EOS), AccountBalance(total=0.00000000 SNT, locked=0.00000000 SNT, free=0.00000000 SNT), AccountBalance(total=0.00000000 BNT, locked=0.00000000 BNT, free=0.00000000 BNT), AccountBalance(total=0.00000000 GAS, locked=0.00000000 GAS, free=0.00000000 GAS), AccountBalance(total=0.00000000 BCC, locked=0.00000000 BCC, free=0.00000000 BCC), AccountBalance(total=0.92986683 USDT, locked=0.00000000 USDT, free=0.92986683 USDT), AccountBalance(total=0.00000000 HSR, locked=0.00000000 HSR, free=0.00000000 HSR), AccountBalance(total=0.00000000 OAX, locked=0.00000000 OAX, free=0.00000000 OAX), AccountBalance(total=0.00000000 DNT, locked=0.00000000 DNT, free=0.00000000 DNT), AccountBalance(total=0.00000000 MCO, locked=0.00000000 MCO, free=0.00000000 MCO), AccountBalance(total=0.00000000 ICN, locked=0.00000000 ICN, free=0.00000000 ICN), AccountBalance(total=0.00000000 ZRX, locked=0.00000000 ZRX, free=0.00000000 ZRX), AccountBalance(total=0.00000000 OMG, locked=0.00000000 OMG, free=0.00000000 OMG), AccountBalance(total=0.00000000 WTC, locked=0.00000000 WTC, free=0.00000000 WTC), AccountBalance(total=0.00000000 YOYO, locked=0.00000000 YOYO, free=0.00000000 YOYO), AccountBalance(total=0.00000000 LRC, locked=0.00000000 LRC, free=0.00000000 LRC), AccountBalance(total=0.00000000 TRX, locked=0.00000000 TRX, free=0.00000000 TRX), AccountBalance(total=0.00000000 SNGLS, locked=0.00000000 SNGLS, free=0.00000000 SNGLS), AccountBalance(total=0.00000000 STRAT, locked=0.00000000 STRAT, free=0.00000000 STRAT), AccountBalance(total=0.00000000 BQX, locked=0.00000000 BQX, free=0.00000000 BQX), AccountBalance(total=0.00000000 FUN, locked=0.00000000 FUN, free=0.00000000 FUN), AccountBalance(total=0.00000000 KNC, locked=0.00000000 KNC, free=0.00000000 KNC), AccountBalance(total=0.00000000 CDT, locked=0.00000000 CDT, free=0.00000000 CDT), AccountBalance(total=0.00000000 XVG, locked=0.00000000 XVG, free=0.00000000 XVG), AccountBalance(total=0.00000000 IOTA, locked=0.00000000 IOTA, free=0.00000000 IOTA), AccountBalance(total=0.00000000 SNM, locked=0.00000000 SNM, free=0.00000000 SNM), AccountBalance(total=0.00000000 LINK, locked=0.00000000 LINK, free=0.00000000 LINK), AccountBalance(total=0.00000000 CVC, locked=0.00000000 CVC, free=0.00000000 CVC), AccountBalance(total=0.00000000 TNT, locked=0.00000000 TNT, free=0.00000000 TNT), AccountBalance(total=0.00000000 REP, locked=0.00000000 REP, free=0.00000000 REP), AccountBalance(total=0.00000000 MDA, locked=0.00000000 MDA, free=0.00000000 MDA), AccountBalance(total=0.00000000 MTL, locked=0.00000000 MTL, free=0.00000000 MTL), AccountBalance(total=0.00000000 SALT, locked=0.00000000 SALT, free=0.00000000 SALT), AccountBalance(total=0.00000000 NULS, locked=0.00000000 NULS, free=0.00000000 NULS), AccountBalance(total=0.00000000 SUB, locked=0.00000000 SUB, free=0.00000000 SUB), AccountBalance(total=0.00000000 STX, locked=0.00000000 STX, free=0.00000000 STX), AccountBalance(total=0.00000000 MTH, locked=0.00000000 MTH, free=0.00000000 MTH), AccountBalance(total=0.00000000 ADX, locked=0.00000000 ADX, free=0.00000000 ADX), AccountBalance(total=0.00000000 ETC, locked=0.00000000 ETC, free=0.00000000 ETC), AccountBalance(total=0.00000000 ENG, locked=0.00000000 ENG, free=0.00000000 ENG), AccountBalance(total=0.00000000 ZEC, locked=0.00000000 ZEC, free=0.00000000 ZEC), AccountBalance(total=0.00000000 AST, locked=0.00000000 AST, free=0.00000000 AST), AccountBalance(total=0.00000000 GNT, locked=0.00000000 GNT, free=0.00000000 GNT), AccountBalance(total=0.00000000 DGD, locked=0.00000000 DGD, free=0.00000000 DGD), AccountBalance(total=0.00000000 BAT, locked=0.00000000 BAT, free=0.00000000 BAT), AccountBalance(total=0.00000000 DASH, locked=0.00000000 DASH, free=0.00000000 DASH), AccountBalance(total=0.00000000 POWR, locked=0.00000000 POWR, free=0.00000000 POWR), AccountBalance(total=0.00000000 BTG, locked=0.00000000 BTG, free=0.00000000 BTG), AccountBalance(total=0.00000000 REQ, locked=0.00000000 REQ, free=0.00000000 REQ), AccountBalance(total=0.00000000 XMR, locked=0.00000000 XMR, free=0.00000000 XMR), AccountBalance(total=0.00000000 EVX, locked=0.00000000 EVX, free=0.00000000 EVX), AccountBalance(total=0.00000000 VIB, locked=0.00000000 VIB, free=0.00000000 VIB), AccountBalance(total=0.00000000 ENJ, locked=0.00000000 ENJ, free=0.00000000 ENJ), AccountBalance(total=0.00000000 VEN, locked=0.00000000 VEN, free=0.00000000 VEN), AccountBalance(total=0.00000000 ARK, locked=0.00000000 ARK, free=0.00000000 ARK), AccountBalance(total=0.000000 XRP, locked=0.000000 XRP, free=0.000000 XRP), AccountBalance(total=0.00000000 MOD, locked=0.00000000 MOD, free=0.00000000 MOD), AccountBalance(total=0.00000000 STORJ, locked=0.00000000 STORJ, free=0.00000000 STORJ), AccountBalance(total=0.00000000 KMD, locked=0.00000000 KMD, free=0.00000000 KMD), AccountBalance(total=0.00000000 RCN, locked=0.00000000 RCN, free=0.00000000 RCN), AccountBalance(total=0.00000000 EDO, locked=0.00000000 EDO, free=0.00000000 EDO), AccountBalance(total=0.00000000 DATA, locked=0.00000000 DATA, free=0.00000000 DATA), AccountBalance(total=0.00000000 DLT, locked=0.00000000 DLT, free=0.00000000 DLT), AccountBalance(total=0.00000000 MANA, locked=0.00000000 MANA, free=0.00000000 MANA), AccountBalance(total=0.00000000 PPT, locked=0.00000000 PPT, free=0.00000000 PPT), AccountBalance(total=0.00000000 RDN, locked=0.00000000 RDN, free=0.00000000 RDN), AccountBalance(total=0.00000000 GXS, locked=0.00000000 GXS, free=0.00000000 GXS), AccountBalance(total=0.00000000 AMB, locked=0.00000000 AMB, free=0.00000000 AMB), AccountBalance(total=0.00000000 ARN, locked=0.00000000 ARN, free=0.00000000 ARN), AccountBalance(total=0.00000000 BCPT, locked=0.00000000 BCPT, free=0.00000000 BCPT), AccountBalance(total=0.00000000 CND, locked=0.00000000 CND, free=0.00000000 CND), AccountBalance(total=0.00000000 GVT, locked=0.00000000 GVT, free=0.00000000 GVT), AccountBalance(total=0.00000000 POE, locked=0.00000000 POE, free=0.00000000 POE), AccountBalance(total=0.00000000 BTS, locked=0.00000000 BTS, free=0.00000000 BTS), AccountBalance(total=0.00000000 FUEL, locked=0.00000000 FUEL, free=0.00000000 FUEL), AccountBalance(total=0.00000000 XZC, locked=0.00000000 XZC, free=0.00000000 XZC), AccountBalance(total=0.00000000 QSP, locked=0.00000000 QSP, free=0.00000000 QSP), AccountBalance(total=0.00000000 LSK, locked=0.00000000 LSK, free=0.00000000 LSK), AccountBalance(total=0.00000000 BCD, locked=0.00000000 BCD, free=0.00000000 BCD), AccountBalance(total=0.00000000 TNB, locked=0.00000000 TNB, free=0.00000000 TNB), AccountBalance(total=0.000000 ADA, locked=0.000000 ADA, free=0.000000 ADA), AccountBalance(total=0.00000000 LEND, locked=0.00000000 LEND, free=0.00000000 LEND), AccountBalance(total=0.00000000 XLM, locked=0.00000000 XLM, free=0.00000000 XLM), AccountBalance(total=0.00000000 CMT, locked=0.00000000 CMT, free=0.00000000 CMT), AccountBalance(total=0.00000000 WAVES, locked=0.00000000 WAVES, free=0.00000000 WAVES), AccountBalance(total=0.00000000 WABI, locked=0.00000000 WABI, free=0.00000000 WABI), AccountBalance(total=0.00000000 GTO, locked=0.00000000 GTO, free=0.00000000 GTO), AccountBalance(total=0.00000000 ICX, locked=0.00000000 ICX, free=0.00000000 ICX), AccountBalance(total=0.00000000 OST, locked=0.00000000 OST, free=0.00000000 OST), AccountBalance(total=0.00000000 ELF, locked=0.00000000 ELF, free=0.00000000 ELF), AccountBalance(total=0.00000000 AION, locked=0.00000000 AION, free=0.00000000 AION), AccountBalance(total=0.00000000 WINGS, locked=0.00000000 WINGS, free=0.00000000 WINGS), AccountBalance(total=0.00000000 BRD, locked=0.00000000 BRD, free=0.00000000 BRD), AccountBalance(total=0.00000000 NEBL, locked=0.00000000 NEBL, free=0.00000000 NEBL), AccountBalance(total=0.00000000 NAV, locked=0.00000000 NAV, free=0.00000000 NAV), AccountBalance(total=0.00000000 VIBE, locked=0.00000000 VIBE, free=0.00000000 VIBE), AccountBalance(total=0.00000000 LUN, locked=0.00000000 LUN, free=0.00000000 LUN), AccountBalance(total=0.00000000 TRIG, locked=0.00000000 TRIG, free=0.00000000 TRIG), AccountBalance(total=0.00000000 APPC, locked=0.00000000 APPC, free=0.00000000 APPC), AccountBalance(total=0.00000000 CHAT, locked=0.00000000 CHAT, free=0.00000000 CHAT), AccountBalance(total=0.00000000 RLC, locked=0.00000000 RLC, free=0.00000000 RLC), AccountBalance(total=0.00000000 INS, locked=0.00000000 INS, free=0.00000000 INS), AccountBalance(total=0.00000000 PIVX, locked=0.00000000 PIVX, free=0.00000000 PIVX), AccountBalance(total=0.00000000 IOST, locked=0.00000000 IOST, free=0.00000000 IOST), AccountBalance(total=0.00000000 STEEM, locked=0.00000000 STEEM, free=0.00000000 STEEM), AccountBalance(total=0.00000000 NANO, locked=0.00000000 NANO, free=0.00000000 NANO), AccountBalance(total=0.00000000 AE, locked=0.00000000 AE, free=0.00000000 AE), AccountBalance(total=0.00000000 VIA, locked=0.00000000 VIA, free=0.00000000 VIA), AccountBalance(total=0.00000000 BLZ, locked=0.00000000 BLZ, free=0.00000000 BLZ), AccountBalance(total=0.00000000 SYS, locked=0.00000000 SYS, free=0.00000000 SYS), AccountBalance(total=0.00000000 RPX, locked=0.00000000 RPX, free=0.00000000 RPX), AccountBalance(total=0.00000000 NCASH, locked=0.00000000 NCASH, free=0.00000000 NCASH), AccountBalance(total=0.00000000 POA, locked=0.00000000 POA, free=0.00000000 POA), AccountBalance(total=0.00000000 ONT, locked=0.00000000 ONT, free=0.00000000 ONT), AccountBalance(total=0.00000000 ZIL, locked=0.00000000 ZIL, free=0.00000000 ZIL), AccountBalance(total=0.00000000 STORM, locked=0.00000000 STORM, free=0.00000000 STORM), AccountBalance(total=0.00000000 XEM, locked=0.00000000 XEM, free=0.00000000 XEM), AccountBalance(total=0.00000000 WAN, locked=0.00000000 WAN, free=0.00000000 WAN), AccountBalance(total=0.00000000 WPR, locked=0.00000000 WPR, free=0.00000000 WPR), AccountBalance(total=0.00000000 QLC, locked=0.00000000 QLC, free=0.00000000 QLC), AccountBalance(total=0.00000000 GRS, locked=0.00000000 GRS, free=0.00000000 GRS), AccountBalance(total=0.00000000 CLOAK, locked=0.00000000 CLOAK, free=0.00000000 CLOAK), AccountBalance(total=0.00000000 LOOM, locked=0.00000000 LOOM, free=0.00000000 LOOM), AccountBalance(total=0.00000000 BCN, locked=0.00000000 BCN, free=0.00000000 BCN), AccountBalance(total=0.00000000 TUSD, locked=0.00000000 TUSD, free=0.00000000 TUSD), AccountBalance(total=0.00000000 ZEN, locked=0.00000000 ZEN, free=0.00000000 ZEN), AccountBalance(total=0.00000000 SKYCOIN, locked=0.00000000 SKYCOIN, free=0.00000000 SKYCOIN), AccountBalance(total=0.00000000 THETA, locked=0.00000000 THETA, free=0.00000000 THETA), AccountBalance(total=0.00000000 IOTX, locked=0.00000000 IOTX, free=0.00000000 IOTX), AccountBalance(total=0.00000000 QKC, locked=0.00000000 QKC, free=0.00000000 QKC), AccountBalance(total=0.00000000 AGI, locked=0.00000000 AGI, free=0.00000000 AGI), AccountBalance(total=0.00000000 NXS, locked=0.00000000 NXS, free=0.00000000 NXS), AccountBalance(total=0.00000000 SC, locked=0.00000000 SC, free=0.00000000 SC), AccountBalance(total=0.00000000 NPXS, locked=0.00000000 NPXS, free=0.00000000 NPXS), AccountBalance(total=0.00000000 KEY, locked=0.00000000 KEY, free=0.00000000 KEY), AccountBalance(total=0.00000000 NAS, locked=0.00000000 NAS, free=0.00000000 NAS), AccountBalance(total=0.00000000 MFT, locked=0.00000000 MFT, free=0.00000000 MFT), AccountBalance(total=0.00000000 DENT, locked=0.00000000 DENT, free=0.00000000 DENT), AccountBalance(total=0.00000000 IQ, locked=0.00000000 IQ, free=0.00000000 IQ), AccountBalance(total=0.00000000 ARDR, locked=0.00000000 ARDR, free=0.00000000 ARDR), AccountBalance(total=0.00000000 HOT, locked=0.00000000 HOT, free=0.00000000 HOT), AccountBalance(total=0.00000000 VET, locked=0.00000000 VET, free=0.00000000 VET), AccountBalance(total=0.00000000 DOCK, locked=0.00000000 DOCK, free=0.00000000 DOCK), AccountBalance(total=0.00000000 POLY, locked=0.00000000 POLY, free=0.00000000 POLY), AccountBalance(total=0.00000000 VTHO, locked=0.00000000 VTHO, free=0.00000000 VTHO), AccountBalance(total=0.00000000 ONG, locked=0.00000000 ONG, free=0.00000000 ONG), AccountBalance(total=0.00000000 PHX, locked=0.00000000 PHX, free=0.00000000 PHX), AccountBalance(total=0.00000000 HC, locked=0.00000000 HC, free=0.00000000 HC), AccountBalance(total=0.00000000 GO, locked=0.00000000 GO, free=0.00000000 GO), AccountBalance(total=0.00000000 PAX, locked=0.00000000 PAX, free=0.00000000 PAX), AccountBalance(total=0.00000000 RVN, locked=0.00000000 RVN, free=0.00000000 RVN), AccountBalance(total=0.00000000 DCR, locked=0.00000000 DCR, free=0.00000000 DCR), AccountBalance(total=0.00000000 USDC, locked=0.00000000 USDC, free=0.00000000 USDC), AccountBalance(total=0.00000000 MITH, locked=0.00000000 MITH, free=0.00000000 MITH), AccountBalance(total=0.00000000 BCHABC, locked=0.00000000 BCHABC, free=0.00000000 BCHABC), AccountBalance(total=0.00000000 BCHSV, locked=0.00000000 BCHSV, free=0.00000000 BCHSV), AccountBalance(total=0.00000000 REN, locked=0.00000000 REN, free=0.00000000 REN), AccountBalance(total=0.00000000 BTT, locked=0.00000000 BTT, free=0.00000000 BTT), AccountBalance(total=0.00000000 USDSOLD, locked=0.00000000 USDSOLD, free=0.00000000 USDSOLD), AccountBalance(total=0.00000000 FET, locked=0.00000000 FET, free=0.00000000 FET), AccountBalance(total=0.00000000 TFUEL, locked=0.00000000 TFUEL, free=0.00000000 TFUEL), AccountBalance(total=0.00000000 CELR, locked=0.00000000 CELR, free=0.00000000 CELR), AccountBalance(total=0.00000000 MATIC, locked=0.00000000 MATIC, free=0.00000000 MATIC), AccountBalance(total=0.00000000 ATOM, locked=0.00000000 ATOM, free=0.00000000 ATOM), AccountBalance(total=0.00000000 PHB, locked=0.00000000 PHB, free=0.00000000 PHB), AccountBalance(total=0.00000000 ONE, locked=0.00000000 ONE, free=0.00000000 ONE), AccountBalance(total=0.00000000 FTM, locked=0.00000000 FTM, free=0.00000000 FTM), AccountBalance(total=0.00000000 BTCB, locked=0.00000000 BTCB, free=0.00000000 BTCB), AccountBalance(total=0.00000000 USDSB, locked=0.00000000 USDSB, free=0.00000000 USDSB), AccountBalance(total=0.00000000 CHZ, locked=0.00000000 CHZ, free=0.00000000 CHZ), AccountBalance(total=0.00000000 COS, locked=0.00000000 COS, free=0.00000000 COS), AccountBalance(total=0.00000000 ALGO, locked=0.00000000 ALGO, free=0.00000000 ALGO), AccountBalance(total=0.00000000 ERD, locked=0.00000000 ERD, free=0.00000000 ERD), AccountBalance(total=0.00000000 DOGE, locked=0.00000000 DOGE, free=0.00000000 DOGE), AccountBalance(total=0.00000000 BGBP, locked=0.00000000 BGBP, free=0.00000000 BGBP), AccountBalance(total=0.00000000 DUSK, locked=0.00000000 DUSK, free=0.00000000 DUSK), AccountBalance(total=0.00000000 ANKR, locked=0.00000000 ANKR, free=0.00000000 ANKR), AccountBalance(total=0.00000000 WIN, locked=0.00000000 WIN, free=0.00000000 WIN), AccountBalance(total=0.00000000 TUSDB, locked=0.00000000 TUSDB, free=0.00000000 TUSDB), AccountBalance(total=0.00000000 COCOS, locked=0.00000000 COCOS, free=0.00000000 COCOS), AccountBalance(total=0.00000000 PERL, locked=0.00000000 PERL, free=0.00000000 PERL), AccountBalance(total=0.00000000 TOMO, locked=0.00000000 TOMO, free=0.00000000 TOMO), AccountBalance(total=0.00000000 BUSD, locked=0.00000000 BUSD, free=0.00000000 BUSD), AccountBalance(total=0.00000000 BAND, locked=0.00000000 BAND, free=0.00000000 BAND), AccountBalance(total=0.00000000 BEAM, locked=0.00000000 BEAM, free=0.00000000 BEAM), AccountBalance(total=0.00000000 HBAR, locked=0.00000000 HBAR, free=0.00000000 HBAR), AccountBalance(total=0.000000 XTZ, locked=0.000000 XTZ, free=0.000000 XTZ), AccountBalance(total=0.00000000 NGN, locked=0.00000000 NGN, free=0.00000000 NGN), AccountBalance(total=0.00000000 DGB, locked=0.00000000 DGB, free=0.00000000 DGB), AccountBalance(total=0.00000000 NKN, locked=0.00000000 NKN, free=0.00000000 NKN), AccountBalance(total=0.00 GBP, locked=0.00 GBP, free=0.00 GBP), AccountBalance(total=0.00 EUR, locked=0.00 EUR, free=0.00 EUR), AccountBalance(total=0.00000000 KAVA, locked=0.00000000 KAVA, free=0.00000000 KAVA), AccountBalance(total=0.00 RUB, locked=0.00 RUB, free=0.00 RUB), AccountBalance(total=0.00000000 UAH, locked=0.00000000 UAH, free=0.00000000 UAH), AccountBalance(total=0.00000000 KZT, locked=0.00000000 KZT, free=0.00000000 KZT), AccountBalance(total=0.00000000 ARPA, locked=0.00000000 ARPA, free=0.00000000 ARPA), AccountBalance(total=0.00 TRY, locked=0.00 TRY, free=0.00 TRY), AccountBalance(total=0.00000000 CTXC, locked=0.00000000 CTXC, free=0.00000000 CTXC), AccountBalance(total=0.00 USD, locked=0.00 USD, free=0.00 USD), AccountBalance(total=0.00000000 AERGO, locked=0.00000000 AERGO, free=0.00000000 AERGO), AccountBalance(total=0.00000000 BCH, locked=0.00000000 BCH, free=0.00000000 BCH), AccountBalance(total=0.00000000 TROY, locked=0.00000000 TROY, free=0.00000000 TROY), AccountBalance(total=0.00 IDR, locked=0.00 IDR, free=0.00 IDR), AccountBalance(total=0.00000000 COP, locked=0.00000000 COP, free=0.00000000 COP), AccountBalance(total=0.00 MXN, locked=0.00 MXN, free=0.00 MXN), AccountBalance(total=0.00000000 ARS, locked=0.00000000 ARS, free=0.00000000 ARS), AccountBalance(total=0.00 BRL, locked=0.00 BRL, free=0.00 BRL), AccountBalance(total=0.00000000 VITE, locked=0.00000000 VITE, free=0.00000000 VITE), AccountBalance(total=0.00000000 FTT, locked=0.00000000 FTT, free=0.00000000 FTT), AccountBalance(total=0.00 PLN, locked=0.00 PLN, free=0.00 PLN), AccountBalance(total=0.00 CZK, locked=0.00 CZK, free=0.00 CZK), AccountBalance(total=0.00000000 RON, locked=0.00000000 RON, free=0.00000000 RON), AccountBalance(total=0.00 THB, locked=0.00 THB, free=0.00 THB), AccountBalance(total=0.00 AUD, locked=0.00 AUD, free=0.00 AUD), AccountBalance(total=0.00000000 OGN, locked=0.00000000 OGN, free=0.00000000 OGN), AccountBalance(total=0.00000000 DREP, locked=0.00000000 DREP, free=0.00000000 DREP), AccountBalance(total=0.00000000 BULL, locked=0.00000000 BULL, free=0.00000000 BULL), AccountBalance(total=0.00000000 BEAR, locked=0.00000000 BEAR, free=0.00000000 BEAR), AccountBalance(total=0.00000000 ETHBULL, locked=0.00000000 ETHBULL, free=0.00000000 ETHBULL), AccountBalance(total=0.00000000 ETHBEAR, locked=0.00000000 ETHBEAR, free=0.00000000 ETHBEAR), AccountBalance(total=0.00000000 XRPBULL, locked=0.00000000 XRPBULL, free=0.00000000 XRPBULL), AccountBalance(total=0.00000000 XRPBEAR, locked=0.00000000 XRPBEAR, free=0.00000000 XRPBEAR), AccountBalance(total=0.00000000 EOSBULL, locked=0.00000000 EOSBULL, free=0.00000000 EOSBULL), AccountBalance(total=0.00000000 EOSBEAR, locked=0.00000000 EOSBEAR, free=0.00000000 EOSBEAR), AccountBalance(total=0 JPY, locked=0 JPY, free=0 JPY), AccountBalance(total=0.00000000 TCT, locked=0.00000000 TCT, free=0.00000000 TCT), AccountBalance(total=0.00000000 WRX, locked=0.00000000 WRX, free=0.00000000 WRX), AccountBalance(total=0.00000000 LTO, locked=0.00000000 LTO, free=0.00000000 LTO), AccountBalance(total=0.00 ZAR, locked=0.00 ZAR, free=0.00 ZAR), AccountBalance(total=0.00000000 MBL, locked=0.00000000 MBL, free=0.00000000 MBL), AccountBalance(total=0.00000000 COTI, locked=0.00000000 COTI, free=0.00000000 COTI), AccountBalance(total=0.00000000 BKRW, locked=0.00000000 BKRW, free=0.00000000 BKRW), AccountBalance(total=0.00000000 BNBBULL, locked=0.00000000 BNBBULL, free=0.00000000 BNBBULL), AccountBalance(total=0.00000000 BNBBEAR, locked=0.00000000 BNBBEAR, free=0.00000000 BNBBEAR), AccountBalance(total=0.00000000 HIVE, locked=0.00000000 HIVE, free=0.00000000 HIVE), AccountBalance(total=0.00000000 STPT, locked=0.00000000 STPT, free=0.00000000 STPT), AccountBalance(total=0.00000000 AED, locked=0.00000000 AED, free=0.00000000 AED), AccountBalance(total=0.00000000 SOL, locked=0.00000000 SOL, free=0.00000000 SOL), AccountBalance(total=0.00 IDRT, locked=0.00 IDRT, free=0.00 IDRT), AccountBalance(total=0.00000000 CTSI, locked=0.00000000 CTSI, free=0.00000000 CTSI), AccountBalance(total=0.00000000 CHR, locked=0.00000000 CHR, free=0.00000000 CHR), AccountBalance(total=0.00000000 BTCUP, locked=0.00000000 BTCUP, free=0.00000000 BTCUP), AccountBalance(total=0.00000000 BTCDOWN, locked=0.00000000 BTCDOWN, free=0.00000000 BTCDOWN), AccountBalance(total=0.00000000 HNT, locked=0.00000000 HNT, free=0.00000000 HNT), AccountBalance(total=0.00000000 JST, locked=0.00000000 JST, free=0.00000000 JST), AccountBalance(total=0.00000000 FIO, locked=0.00000000 FIO, free=0.00000000 FIO), AccountBalance(total=0.00 BIDR, locked=0.00 BIDR, free=0.00 BIDR), AccountBalance(total=0.00000000 STMX, locked=0.00000000 STMX, free=0.00000000 STMX), AccountBalance(total=0.00000000 MDT, locked=0.00000000 MDT, free=0.00000000 MDT), AccountBalance(total=0.00000000 PNT, locked=0.00000000 PNT, free=0.00000000 PNT), AccountBalance(total=0.00000000 COMP, locked=0.00000000 COMP, free=0.00000000 COMP), AccountBalance(total=0.00000000 IRIS, locked=0.00000000 IRIS, free=0.00000000 IRIS), AccountBalance(total=0.00000000 MKR, locked=0.00000000 MKR, free=0.00000000 MKR), AccountBalance(total=0.00000000 SXP, locked=0.00000000 SXP, free=0.00000000 SXP), AccountBalance(total=0.00000000 SNX, locked=0.00000000 SNX, free=0.00000000 SNX), AccountBalance(total=0.00000000 DAI, locked=0.00000000 DAI, free=0.00000000 DAI), AccountBalance(total=0.00000000 ETHUP, locked=0.00000000 ETHUP, free=0.00000000 ETHUP), AccountBalance(total=0.00000000 ETHDOWN, locked=0.00000000 ETHDOWN, free=0.00000000 ETHDOWN), AccountBalance(total=0.00000000 ADAUP, locked=0.00000000 ADAUP, free=0.00000000 ADAUP), AccountBalance(total=0.00000000 ADADOWN, locked=0.00000000 ADADOWN, free=0.00000000 ADADOWN), AccountBalance(total=0.00000000 LINKUP, locked=0.00000000 LINKUP, free=0.00000000 LINKUP), AccountBalance(total=0.00000000 LINKDOWN, locked=0.00000000 LINKDOWN, free=0.00000000 LINKDOWN), AccountBalance(total=0.00000000 DOT, locked=0.00000000 DOT, free=0.00000000 DOT), AccountBalance(total=0.00000000 RUNE, locked=0.00000000 RUNE, free=0.00000000 RUNE), AccountBalance(total=0.00000000 BNBUP, locked=0.00000000 BNBUP, free=0.00000000 BNBUP), AccountBalance(total=0.00000000 BNBDOWN, locked=0.00000000 BNBDOWN, free=0.00000000 BNBDOWN), AccountBalance(total=0.00000000 XTZUP, locked=0.00000000 XTZUP, free=0.00000000 XTZUP), AccountBalance(total=0.00000000 XTZDOWN, locked=0.00000000 XTZDOWN, free=0.00000000 XTZDOWN), AccountBalance(total=0.00000000 AVA, locked=0.00000000 AVA, free=0.00000000 AVA), AccountBalance(total=0.00000000 BAL, locked=0.00000000 BAL, free=0.00000000 BAL), AccountBalance(total=0.00000000 YFI, locked=0.00000000 YFI, free=0.00000000 YFI), AccountBalance(total=0.00000000 SRM, locked=0.00000000 SRM, free=0.00000000 SRM), AccountBalance(total=0.00000000 ANT, locked=0.00000000 ANT, free=0.00000000 ANT), AccountBalance(total=0.00000000 CRV, locked=0.00000000 CRV, free=0.00000000 CRV), AccountBalance(total=0.00000000 SAND, locked=0.00000000 SAND, free=0.00000000 SAND), AccountBalance(total=0.00000000 OCEAN, locked=0.00000000 OCEAN, free=0.00000000 OCEAN), AccountBalance(total=0.00000000 NMR, locked=0.00000000 NMR, free=0.00000000 NMR), AccountBalance(total=0.00000000 LUNA, locked=0.00000000 LUNA, free=0.00000000 LUNA), AccountBalance(total=0.00000000 IDEX, locked=0.00000000 IDEX, free=0.00000000 IDEX), AccountBalance(total=0.00000000 RSR, locked=0.00000000 RSR, free=0.00000000 RSR), AccountBalance(total=0.00000000 PAXG, locked=0.00000000 PAXG, free=0.00000000 PAXG), AccountBalance(total=0.00000000 WNXM, locked=0.00000000 WNXM, free=0.00000000 WNXM), AccountBalance(total=0.00000000 TRB, locked=0.00000000 TRB, free=0.00000000 TRB), AccountBalance(total=0.00000000 EGLD, locked=0.00000000 EGLD, free=0.00000000 EGLD), AccountBalance(total=0.00000000 BZRX, locked=0.00000000 BZRX, free=0.00000000 BZRX), AccountBalance(total=0.00000000 WBTC, locked=0.00000000 WBTC, free=0.00000000 WBTC), AccountBalance(total=0.00000000 KSM, locked=0.00000000 KSM, free=0.00000000 KSM), AccountBalance(total=0.00000000 SUSHI, locked=0.00000000 SUSHI, free=0.00000000 SUSHI), AccountBalance(total=0.00000000 YFII, locked=0.00000000 YFII, free=0.00000000 YFII), AccountBalance(total=0.00000000 DIA, locked=0.00000000 DIA, free=0.00000000 DIA), AccountBalance(total=0.00000000 BEL, locked=0.00000000 BEL, free=0.00000000 BEL), AccountBalance(total=0.00000000 UMA, locked=0.00000000 UMA, free=0.00000000 UMA), AccountBalance(total=0.00000000 EOSUP, locked=0.00000000 EOSUP, free=0.00000000 EOSUP), AccountBalance(total=0.00000000 TRXUP, locked=0.00000000 TRXUP, free=0.00000000 TRXUP), AccountBalance(total=0.00000000 EOSDOWN, locked=0.00000000 EOSDOWN, free=0.00000000 EOSDOWN), AccountBalance(total=0.00000000 TRXDOWN, locked=0.00000000 TRXDOWN, free=0.00000000 TRXDOWN), AccountBalance(total=0.00000000 XRPUP, locked=0.00000000 XRPUP, free=0.00000000 XRPUP), AccountBalance(total=0.00000000 XRPDOWN, locked=0.00000000 XRPDOWN, free=0.00000000 XRPDOWN), AccountBalance(total=0.00000000 DOTUP, locked=0.00000000 DOTUP, free=0.00000000 DOTUP), AccountBalance(total=0.00000000 DOTDOWN, locked=0.00000000 DOTDOWN, free=0.00000000 DOTDOWN), AccountBalance(total=0.00000000 NBS, locked=0.00000000 NBS, free=0.00000000 NBS), AccountBalance(total=0.00000000 WING, locked=0.00000000 WING, free=0.00000000 WING), AccountBalance(total=0.00000000 SWRV, locked=0.00000000 SWRV, free=0.00000000 SWRV), AccountBalance(total=0.00000000 LTCUP, locked=0.00000000 LTCUP, free=0.00000000 LTCUP), AccountBalance(total=0.00000000 LTCDOWN, locked=0.00000000 LTCDOWN, free=0.00000000 LTCDOWN), AccountBalance(total=0.00000000 CREAM, locked=0.00000000 CREAM, free=0.00000000 CREAM), AccountBalance(total=0.00000000 UNI, locked=0.00000000 UNI, free=0.00000000 UNI), AccountBalance(total=0.00000000 OXT, locked=0.00000000 OXT, free=0.00000000 OXT), AccountBalance(total=0.00000000 SUN, locked=0.00000000 SUN, free=0.00000000 SUN), AccountBalance(total=0.00000000 AVAX, locked=0.00000000 AVAX, free=0.00000000 AVAX), AccountBalance(total=0.00000000 BURGER, locked=0.00000000 BURGER, free=0.00000000 BURGER), AccountBalance(total=0.00000000 BAKE, locked=0.00000000 BAKE, free=0.00000000 BAKE), AccountBalance(total=0.00000000 FLM, locked=0.00000000 FLM, free=0.00000000 FLM), AccountBalance(total=0.00000000 SCRT, locked=0.00000000 SCRT, free=0.00000000 SCRT), AccountBalance(total=0.00000000 XVS, locked=0.00000000 XVS, free=0.00000000 XVS), AccountBalance(total=0.00000000 CAKE, locked=0.00000000 CAKE, free=0.00000000 CAKE), AccountBalance(total=0.00000000 SPARTA, locked=0.00000000 SPARTA, free=0.00000000 SPARTA), AccountBalance(total=0.00000000 UNIUP, locked=0.00000000 UNIUP, free=0.00000000 UNIUP), AccountBalance(total=0.00000000 UNIDOWN, locked=0.00000000 UNIDOWN, free=0.00000000 UNIDOWN), AccountBalance(total=0.00000000 ALPHA, locked=0.00000000 ALPHA, free=0.00000000 ALPHA), AccountBalance(total=0.00000000 ORN, locked=0.00000000 ORN, free=0.00000000 ORN), AccountBalance(total=0.00000000 UTK, locked=0.00000000 UTK, free=0.00000000 UTK), AccountBalance(total=0.00000000 NEAR, locked=0.00000000 NEAR, free=0.00000000 NEAR), AccountBalance(total=0.00000000 VIDT, locked=0.00000000 VIDT, free=0.00000000 VIDT), AccountBalance(total=0.00000000 AAVE, locked=0.00000000 AAVE, free=0.00000000 AAVE), AccountBalance(total=0.00000000 FIL, locked=0.00000000 FIL, free=0.00000000 FIL), AccountBalance(total=0.00000000 SXPUP, locked=0.00000000 SXPUP, free=0.00000000 SXPUP), AccountBalance(total=0.00000000 SXPDOWN, locked=0.00000000 SXPDOWN, free=0.00000000 SXPDOWN), AccountBalance(total=0.00000000 INJ, locked=0.00000000 INJ, free=0.00000000 INJ), AccountBalance(total=0.00000000 FILDOWN, locked=0.00000000 FILDOWN, free=0.00000000 FILDOWN), AccountBalance(total=0.00000000 FILUP, locked=0.00000000 FILUP, free=0.00000000 FILUP), AccountBalance(total=0.00000000 YFIUP, locked=0.00000000 YFIUP, free=0.00000000 YFIUP), AccountBalance(total=0.00000000 YFIDOWN, locked=0.00000000 YFIDOWN, free=0.00000000 YFIDOWN), AccountBalance(total=0.00000000 CTK, locked=0.00000000 CTK, free=0.00000000 CTK), AccountBalance(total=0.00000000 EASY, locked=0.00000000 EASY, free=0.00000000 EASY), AccountBalance(total=0.00000000 AUDIO, locked=0.00000000 AUDIO, free=0.00000000 AUDIO), AccountBalance(total=0.00000000 BCHUP, locked=0.00000000 BCHUP, free=0.00000000 BCHUP), AccountBalance(total=0.00000000 BCHDOWN, locked=0.00000000 BCHDOWN, free=0.00000000 BCHDOWN), AccountBalance(total=0.00000000 BOT, locked=0.00000000 BOT, free=0.00000000 BOT), AccountBalance(total=0.00000000 AXS, locked=0.00000000 AXS, free=0.00000000 AXS), AccountBalance(total=0.00000000 AKRO, locked=0.00000000 AKRO, free=0.00000000 AKRO), AccountBalance(total=0.00000000 HARD, locked=0.00000000 HARD, free=0.00000000 HARD), AccountBalance(total=0.00000000 KP3R, locked=0.00000000 KP3R, free=0.00000000 KP3R), AccountBalance(total=0.00000000 RENBTC, locked=0.00000000 RENBTC, free=0.00000000 RENBTC), AccountBalance(total=0.00000000 SLP, locked=0.00000000 SLP, free=0.00000000 SLP), AccountBalance(total=0.00000000 STRAX, locked=0.00000000 STRAX, free=0.00000000 STRAX), AccountBalance(total=0.00000000 UNFI, locked=0.00000000 UNFI, free=0.00000000 UNFI), AccountBalance(total=0.00000000 CVP, locked=0.00000000 CVP, free=0.00000000 CVP), AccountBalance(total=0.00000000 BCHA, locked=0.00000000 BCHA, free=0.00000000 BCHA), AccountBalance(total=0.00000000 FOR, locked=0.00000000 FOR, free=0.00000000 FOR), AccountBalance(total=0.00000000 FRONT, locked=0.00000000 FRONT, free=0.00000000 FRONT), AccountBalance(total=0.00000000 ROSE, locked=0.00000000 ROSE, free=0.00000000 ROSE), AccountBalance(total=0.00000000 MDX, locked=0.00000000 MDX, free=0.00000000 MDX), AccountBalance(total=0.00000000 HEGIC, locked=0.00000000 HEGIC, free=0.00000000 HEGIC), AccountBalance(total=0.00000000 AAVEUP, locked=0.00000000 AAVEUP, free=0.00000000 AAVEUP), AccountBalance(total=0.00000000 AAVEDOWN, locked=0.00000000 AAVEDOWN, free=0.00000000 AAVEDOWN), AccountBalance(total=0.00000000 PROM, locked=0.00000000 PROM, free=0.00000000 PROM), AccountBalance(total=0.00000000 BETH, locked=0.00000000 BETH, free=0.00000000 BETH), AccountBalance(total=0.00000000 SKL, locked=0.00000000 SKL, free=0.00000000 SKL), AccountBalance(total=0.00000000 GLM, locked=0.00000000 GLM, free=0.00000000 GLM), AccountBalance(total=0.00000000 SUSD, locked=0.00000000 SUSD, free=0.00000000 SUSD), AccountBalance(total=0.00000000 COVER, locked=0.00000000 COVER, free=0.00000000 COVER), AccountBalance(total=0.00000000 GHST, locked=0.00000000 GHST, free=0.00000000 GHST), AccountBalance(total=0.00000000 SUSHIUP, locked=0.00000000 SUSHIUP, free=0.00000000 SUSHIUP), AccountBalance(total=0.00000000 SUSHIDOWN, locked=0.00000000 SUSHIDOWN, free=0.00000000 SUSHIDOWN), AccountBalance(total=0.00000000 XLMUP, locked=0.00000000 XLMUP, free=0.00000000 XLMUP), AccountBalance(total=0.00000000 XLMDOWN, locked=0.00000000 XLMDOWN, free=0.00000000 XLMDOWN), AccountBalance(total=0.00000000 DF, locked=0.00000000 DF, free=0.00000000 DF), AccountBalance(total=0.00000000 JUV, locked=0.00000000 JUV, free=0.00000000 JUV), AccountBalance(total=0.00000000 PSG, locked=0.00000000 PSG, free=0.00000000 PSG), AccountBalance(total=0.00 BVND, locked=0.00 BVND, free=0.00 BVND), AccountBalance(total=0.00000000 GRT, locked=0.00000000 GRT, free=0.00000000 GRT), AccountBalance(total=0.00000000 CELO, locked=0.00000000 CELO, free=0.00000000 CELO), AccountBalance(total=0.00000000 TWT, locked=0.00000000 TWT, free=0.00000000 TWT), AccountBalance(total=0.00000000 REEF, locked=0.00000000 REEF, free=0.00000000 REEF), AccountBalance(total=0.00000000 OG, locked=0.00000000 OG, free=0.00000000 OG), AccountBalance(total=0.00000000 ATM, locked=0.00000000 ATM, free=0.00000000 ATM), AccountBalance(total=0.00000000 ASR, locked=0.00000000 ASR, free=0.00000000 ASR), AccountBalance(total=0.00000000 1INCH, locked=0.00000000 1INCH, free=0.00000000 1INCH), AccountBalance(total=0.00000000 RIF, locked=0.00000000 RIF, free=0.00000000 RIF), AccountBalance(total=0.00000000 BTCST, locked=0.00000000 BTCST, free=0.00000000 BTCST), AccountBalance(total=0.00000000 TRU, locked=0.00000000 TRU, free=0.00000000 TRU), AccountBalance(total=0.00000000 DEXE, locked=0.00000000 DEXE, free=0.00000000 DEXE), AccountBalance(total=0.00000000 CKB, locked=0.00000000 CKB, free=0.00000000 CKB), AccountBalance(total=0.00000000 FIRO, locked=0.00000000 FIRO, free=0.00000000 FIRO), AccountBalance(total=0.00000000 LIT, locked=0.00000000 LIT, free=0.00000000 LIT), AccountBalance(total=0.00000000 PROS, locked=0.00000000 PROS, free=0.00000000 PROS), AccountBalance(total=0.00000000 VAI, locked=0.00000000 VAI, free=0.00000000 VAI), AccountBalance(total=0.00000000 SFP, locked=0.00000000 SFP, free=0.00000000 SFP), AccountBalance(total=0.00000000 FXS, locked=0.00000000 FXS, free=0.00000000 FXS), AccountBalance(total=0.00000000 DODO, locked=0.00000000 DODO, free=0.00000000 DODO), AccountBalance(total=0.00000000 AUCTION, locked=0.00000000 AUCTION, free=0.00000000 AUCTION), AccountBalance(total=0.00000000 UFT, locked=0.00000000 UFT, free=0.00000000 UFT), AccountBalance(total=0.00000000 ACM, locked=0.00000000 ACM, free=0.00000000 ACM), AccountBalance(total=0.00000000 PHA, locked=0.00000000 PHA, free=0.00000000 PHA), AccountBalance(total=0.00000000 TVK, locked=0.00000000 TVK, free=0.00000000 TVK), AccountBalance(total=0.00000000 BADGER, locked=0.00000000 BADGER, free=0.00000000 BADGER), AccountBalance(total=0.00000000 FIS, locked=0.00000000 FIS, free=0.00000000 FIS), AccountBalance(total=0.00000000 QI, locked=0.00000000 QI, free=0.00000000 QI), AccountBalance(total=0.00000000 OM, locked=0.00000000 OM, free=0.00000000 OM), AccountBalance(total=0.00000000 POND, locked=0.00000000 POND, free=0.00000000 POND), AccountBalance(total=0.00000000 ALICE, locked=0.00000000 ALICE, free=0.00000000 ALICE), AccountBalance(total=0.00000000 DEGO, locked=0.00000000 DEGO, free=0.00000000 DEGO), AccountBalance(total=0.00000000 BIFI, locked=0.00000000 BIFI, free=0.00000000 BIFI), AccountBalance(total=0.00000000 LINA, locked=0.00000000 LINA, free=0.00000000 LINA), AccountBalance(total=0.00000000 PERP, locked=0.00000000 PERP, free=0.00000000 PERP), AccountBalance(total=0.00000000 RAMP, locked=0.00000000 RAMP, free=0.00000000 RAMP), AccountBalance(total=0.00000000 SUPER, locked=0.00000000 SUPER, free=0.00000000 SUPER), AccountBalance(total=0.00000000 CFX, locked=0.00000000 CFX, free=0.00000000 CFX), AccountBalance(total=0.00000000 TKO, locked=0.00000000 TKO, free=0.00000000 TKO), AccountBalance(total=0.00000000 AUTO, locked=0.00000000 AUTO, free=0.00000000 AUTO), AccountBalance(total=0.00000000 EPS, locked=0.00000000 EPS, free=0.00000000 EPS), AccountBalance(total=0.00000000 PUNDIX, locked=0.00000000 PUNDIX, free=0.00000000 PUNDIX), AccountBalance(total=0.00000000 TLM, locked=0.00000000 TLM, free=0.00000000 TLM), AccountBalance(total=0.00000000 1INCHUP, locked=0.00000000 1INCHUP, free=0.00000000 1INCHUP), AccountBalance(total=0.00000000 1INCHDOWN, locked=0.00000000 1INCHDOWN, free=0.00000000 1INCHDOWN), AccountBalance(total=0.00000000 MIR, locked=0.00000000 MIR, free=0.00000000 MIR), AccountBalance(total=0.00000000 BAR, locked=0.00000000 BAR, free=0.00000000 BAR), AccountBalance(total=0.00000000 FORTH, locked=0.00000000 FORTH, free=0.00000000 FORTH), AccountBalance(total=0.00000000 EZ, locked=0.00000000 EZ, free=0.00000000 EZ), AccountBalance(total=0.00000000 AR, locked=0.00000000 AR, free=0.00000000 AR), AccountBalance(total=0.00000000 ICP, locked=0.00000000 ICP, free=0.00000000 ICP), AccountBalance(total=0.00 SHIB, locked=0.00 SHIB, free=0.00 SHIB), AccountBalance(total=0.00000000 POLS, locked=0.00000000 POLS, free=0.00000000 POLS), AccountBalance(total=0.00000000 MASK, locked=0.00000000 MASK, free=0.00000000 MASK), AccountBalance(total=0.00000000 LPT, locked=0.00000000 LPT, free=0.00000000 LPT), AccountBalance(total=0.00000000 AGIX, locked=0.00000000 AGIX, free=0.00000000 AGIX), AccountBalance(total=0.00000000 ATA, locked=0.00000000 ATA, free=0.00000000 ATA), AccountBalance(total=0.00000000 NU, locked=0.00000000 NU, free=0.00000000 NU), AccountBalance(total=0.00000000 GTC, locked=0.00000000 GTC, free=0.00000000 GTC), AccountBalance(total=0.00000000 KLAY, locked=0.00000000 KLAY, free=0.00000000 KLAY), AccountBalance(total=0.00000000 TORN, locked=0.00000000 TORN, free=0.00000000 TORN), AccountBalance(total=0.00000000 KEEP, locked=0.00000000 KEEP, free=0.00000000 KEEP), AccountBalance(total=0.00000000 ERN, locked=0.00000000 ERN, free=0.00000000 ERN), AccountBalance(total=0.00000000 BOND, locked=0.00000000 BOND, free=0.00000000 BOND), AccountBalance(total=0.00000000 MLN, locked=0.00000000 MLN, free=0.00000000 MLN), AccountBalance(total=0.00000000 C98, locked=0.00000000 C98, free=0.00000000 C98), AccountBalance(total=0.00000000 FLOW, locked=0.00000000 FLOW, free=0.00000000 FLOW), AccountBalance(total=0.00000000 QUICK, locked=0.00000000 QUICK, free=0.00000000 QUICK), AccountBalance(total=0.00000000 RAY, locked=0.00000000 RAY, free=0.00000000 RAY), AccountBalance(total=0.00000000 MINA, locked=0.00000000 MINA, free=0.00000000 MINA), AccountBalance(total=0.00000000 QNT, locked=0.00000000 QNT, free=0.00000000 QNT), AccountBalance(total=0.00000000 CLV, locked=0.00000000 CLV, free=0.00000000 CLV), AccountBalance(total=0.00000000 XEC, locked=0.00000000 XEC, free=0.00000000 XEC), AccountBalance(total=0.00000000 ALPACA, locked=0.00000000 ALPACA, free=0.00000000 ALPACA), AccountBalance(total=0.00000000 FARM, locked=0.00000000 FARM, free=0.00000000 FARM), AccountBalance(total=0.00000000 VGX, locked=0.00000000 VGX, free=0.00000000 VGX), AccountBalance(total=0.00000000 MBOX, locked=0.00000000 MBOX, free=0.00000000 MBOX), AccountBalance(total=0.00000000 WAXP, locked=0.00000000 WAXP, free=0.00000000 WAXP), AccountBalance(total=0.00000000 TRIBE, locked=0.00000000 TRIBE, free=0.00000000 TRIBE), AccountBalance(total=0.00000000 GNO, locked=0.00000000 GNO, free=0.00000000 GNO), AccountBalance(total=0.00000000 USDP, locked=0.00000000 USDP, free=0.00000000 USDP), AccountBalance(total=0.00000000 DYDX, locked=0.00000000 DYDX, free=0.00000000 DYDX), AccountBalance(total=0.00000000 GALA, locked=0.00000000 GALA, free=0.00000000 GALA), AccountBalance(total=0.00000000 ILV, locked=0.00000000 ILV, free=0.00000000 ILV), AccountBalance(total=0.00000000 YGG, locked=0.00000000 YGG, free=0.00000000 YGG), AccountBalance(total=0.00000000 FIDA, locked=0.00000000 FIDA, free=0.00000000 FIDA), AccountBalance(total=0.00000000 AGLD, locked=0.00000000 AGLD, free=0.00000000 AGLD), AccountBalance(total=0.00000000 BETA, locked=0.00000000 BETA, free=0.00000000 BETA), AccountBalance(total=0.00000000 RAD, locked=0.00000000 RAD, free=0.00000000 RAD), AccountBalance(total=0.00000000 RARE, locked=0.00000000 RARE, free=0.00000000 RARE), AccountBalance(total=0.00000000 SSV, locked=0.00000000 SSV, free=0.00000000 SSV), AccountBalance(total=0.00000000 LAZIO, locked=0.00000000 LAZIO, free=0.00000000 LAZIO), AccountBalance(total=0.00000000 MOVR, locked=0.00000000 MOVR, free=0.00000000 MOVR), AccountBalance(total=0.00000000 CHESS, locked=0.00000000 CHESS, free=0.00000000 CHESS), AccountBalance(total=0.00000000 DAR, locked=0.00000000 DAR, free=0.00000000 DAR), AccountBalance(total=0.00000000 ACA, locked=0.00000000 ACA, free=0.00000000 ACA), AccountBalance(total=0.00000000 ASTR, locked=0.00000000 ASTR, free=0.00000000 ASTR), AccountBalance(total=0.00000000 BNX, locked=0.00000000 BNX, free=0.00000000 BNX), AccountBalance(total=0.00000000 RGT, locked=0.00000000 RGT, free=0.00000000 RGT), AccountBalance(total=0.00000000 CITY, locked=0.00000000 CITY, free=0.00000000 CITY), AccountBalance(total=0.00000000 ENS, locked=0.00000000 ENS, free=0.00000000 ENS), AccountBalance(total=0.00000000 PORTO, locked=0.00000000 PORTO, free=0.00000000 PORTO), AccountBalance(total=0.00000000 JASMY, locked=0.00000000 JASMY, free=0.00000000 JASMY), AccountBalance(total=0.00000000 AMP, locked=0.00000000 AMP, free=0.00000000 AMP), AccountBalance(total=0.00000000 PLA, locked=0.00000000 PLA, free=0.00000000 PLA), AccountBalance(total=0.00000000 PYR, locked=0.00000000 PYR, free=0.00000000 PYR), AccountBalance(total=0.00000000 SANTOS, locked=0.00000000 SANTOS, free=0.00000000 SANTOS), AccountBalance(total=0.00000000 RNDR, locked=0.00000000 RNDR, free=0.00000000 RNDR), AccountBalance(total=0.00000000 ALCX, locked=0.00000000 ALCX, free=0.00000000 ALCX), AccountBalance(total=0.00000000 MC, locked=0.00000000 MC, free=0.00000000 MC), AccountBalance(total=0.00000000 ANY, locked=0.00000000 ANY, free=0.00000000 ANY), AccountBalance(total=0.00000000 VOXEL, locked=0.00000000 VOXEL, free=0.00000000 VOXEL), AccountBalance(total=0.00000000 BICO, locked=0.00000000 BICO, free=0.00000000 BICO), AccountBalance(total=0.00000000 FLUX, locked=0.00000000 FLUX, free=0.00000000 FLUX), AccountBalance(total=0.00000000 UST, locked=0.00000000 UST, free=0.00000000 UST), AccountBalance(total=0.00000000 HIGH, locked=0.00000000 HIGH, free=0.00000000 HIGH), AccountBalance(total=0.00000000 OOKI, locked=0.00000000 OOKI, free=0.00000000 OOKI), AccountBalance(total=0.00000000 CVX, locked=0.00000000 CVX, free=0.00000000 CVX), AccountBalance(total=0.00000000 PEOPLE, locked=0.00000000 PEOPLE, free=0.00000000 PEOPLE), AccountBalance(total=0.00000000 SPELL, locked=0.00000000 SPELL, free=0.00000000 SPELL), AccountBalance(total=0.00000000 JOE, locked=0.00000000 JOE, free=0.00000000 JOE), AccountBalance(total=0.00000000 BDOT, locked=0.00000000 BDOT, free=0.00000000 BDOT), AccountBalance(total=0.00000000 GLMR, locked=0.00000000 GLMR, free=0.00000000 GLMR), AccountBalance(total=0.00000000 ACH, locked=0.00000000 ACH, free=0.00000000 ACH), AccountBalance(total=0.00000000 IMX, locked=0.00000000 IMX, free=0.00000000 IMX), AccountBalance(total=0.00000000 LOKA, locked=0.00000000 LOKA, free=0.00000000 LOKA), AccountBalance(total=0.00000000 BTTC, locked=0.00000000 BTTC, free=0.00000000 BTTC), AccountBalance(total=0.00000000 ANC, locked=0.00000000 ANC, free=0.00000000 ANC), AccountBalance(total=0.00000000 API3, locked=0.00000000 API3, free=0.00000000 API3), AccountBalance(total=0.00000000 XNO, locked=0.00000000 XNO, free=0.00000000 XNO), AccountBalance(total=0.00000000 COW, locked=0.00000000 COW, free=0.00000000 COW), AccountBalance(total=0.00000000 WOO, locked=0.00000000 WOO, free=0.00000000 WOO), AccountBalance(total=0.00000000 ALPINE, locked=0.00000000 ALPINE, free=0.00000000 ALPINE), AccountBalance(total=0.00000000 T, locked=0.00000000 T, free=0.00000000 T), AccountBalance(total=0.00000000 NBT, locked=0.00000000 NBT, free=0.00000000 NBT), AccountBalance(total=0.00000000 KDA, locked=0.00000000 KDA, free=0.00000000 KDA), AccountBalance(total=0.00000000 APE, locked=0.00000000 APE, free=0.00000000 APE), AccountBalance(total=0.00000000 GMT, locked=0.00000000 GMT, free=0.00000000 GMT), AccountBalance(total=0.00000000 MOB, locked=0.00000000 MOB, free=0.00000000 MOB), AccountBalance(total=0.00000000 BSW, locked=0.00000000 BSW, free=0.00000000 BSW), AccountBalance(total=0.00000000 MULTI, locked=0.00000000 MULTI, free=0.00000000 MULTI), AccountBalance(total=0.00000000 REI, locked=0.00000000 REI, free=0.00000000 REI), AccountBalance(total=0.00000000 GAL, locked=0.00000000 GAL, free=0.00000000 GAL), AccountBalance(total=0.00000000 NEXO, locked=0.00000000 NEXO, free=0.00000000 NEXO), AccountBalance(total=0.00000000 EPX, locked=0.00000000 EPX, free=0.00000000 EPX), AccountBalance(total=0.00000000 LDO, locked=0.00000000 LDO, free=0.00000000 LDO), AccountBalance(total=0.00000000 USTC, locked=0.00000000 USTC, free=0.00000000 USTC), AccountBalance(total=0.00491000 LUNC, locked=0.00000000 LUNC, free=0.00491000 LUNC), AccountBalance(total=0.00000000 OP, locked=0.00000000 OP, free=0.00000000 OP), AccountBalance(total=0.00000000 LEVER, locked=0.00000000 LEVER, free=0.00000000 LEVER), AccountBalance(total=0.00000000 STG, locked=0.00000000 STG, free=0.00000000 STG), AccountBalance(total=0.00000000 POLYX, locked=0.00000000 POLYX, free=0.00000000 POLYX), AccountBalance(total=0.00000000 GMX, locked=0.00000000 GMX, free=0.00000000 GMX), AccountBalance(total=0.00000000 APT, locked=0.00000000 APT, free=0.00000000 APT), AccountBalance(total=0.00000000 OSMO, locked=0.00000000 OSMO, free=0.00000000 OSMO), AccountBalance(total=0.00000000 HFT, locked=0.00000000 HFT, free=0.00000000 HFT), AccountBalance(total=0.00000000 HOOK, locked=0.00000000 HOOK, free=0.00000000 HOOK), AccountBalance(total=0.00000000 MAGIC, locked=0.00000000 MAGIC, free=0.00000000 MAGIC), AccountBalance(total=0.00000000 HIFI, locked=0.00000000 HIFI, free=0.00000000 HIFI), AccountBalance(total=0.00000000 RPL, locked=0.00000000 RPL, free=0.00000000 RPL), AccountBalance(total=0.00000000 GFT, locked=0.00000000 GFT, free=0.00000000 GFT), AccountBalance(total=0.00000000 GNS, locked=0.00000000 GNS, free=0.00000000 GNS), AccountBalance(total=0.00000000 SYN, locked=0.00000000 SYN, free=0.00000000 SYN), AccountBalance(total=0.00000000 LQTY, locked=0.00000000 LQTY, free=0.00000000 LQTY), AccountBalance(total=0.00000000 ID, locked=0.00000000 ID, free=0.00000000 ID), AccountBalance(total=0.00000000 ARB, locked=0.00000000 ARB, free=0.00000000 ARB), AccountBalance(total=0.00000000 RDNT, locked=0.00000000 RDNT, free=0.00000000 RDNT), AccountBalance(total=0.00000000 EDU, locked=0.00000000 EDU, free=0.00000000 EDU), AccountBalance(total=0.00000000 WBETH, locked=0.00000000 WBETH, free=0.00000000 WBETH), AccountBalance(total=0.00000000 SUI, locked=0.00000000 SUI, free=0.00000000 SUI), AccountBalance(total=0.00 PEPE, locked=0.00 PEPE, free=0.00 PEPE), AccountBalance(total=0.00 FLOKI, locked=0.00 FLOKI, free=0.00 FLOKI), AccountBalance(total=0.00000000 COMBO, locked=0.00000000 COMBO, free=0.00000000 COMBO), AccountBalance(total=0.00000000 NTRN, locked=0.00000000 NTRN, free=0.00000000 NTRN), AccountBalance(total=0.00000000 MAV, locked=0.00000000 MAV, free=0.00000000 MAV), AccountBalance(total=0.00000000 FDUSD, locked=0.00000000 FDUSD, free=0.00000000 FDUSD), AccountBalance(total=0.00000000 PENDLE, locked=0.00000000 PENDLE, free=0.00000000 PENDLE), AccountBalance(total=0.00000000 ARKM, locked=0.00000000 ARKM, free=0.00000000 ARKM), AccountBalance(total=0.00000000 WLD, locked=0.00000000 WLD, free=0.00000000 WLD), AccountBalance(total=0.00000000 CYBER, locked=0.00000000 CYBER, free=0.00000000 CYBER), AccountBalance(total=0.00000000 SEI, locked=0.00000000 SEI, free=0.00000000 SEI), AccountBalance(total=0.00000000 AEUR, locked=0.00000000 AEUR, free=0.00000000 AEUR), AccountBalance(total=0.00000000 ORDI, locked=0.00000000 ORDI, free=0.00000000 ORDI), AccountBalance(total=0.00000000 MEME, locked=0.00000000 MEME, free=0.00000000 MEME), AccountBalance(total=0.00000000 TIA, locked=0.00000000 TIA, free=0.00000000 TIA), AccountBalance(total=0.00000000 BEAMX, locked=0.00000000 BEAMX, free=0.00000000 BEAMX), AccountBalance(total=0.00000000 VIC, locked=0.00000000 VIC, free=0.00000000 VIC), AccountBalance(total=0.00000000 BLUR, locked=0.00000000 BLUR, free=0.00000000 BLUR), AccountBalance(total=0.00000000 VANRY, locked=0.00000000 VANRY, free=0.00000000 VANRY), AccountBalance(total=0.00000000 JTO, locked=0.00000000 JTO, free=0.00000000 JTO), AccountBalance(total=0.00000000 ACE, locked=0.00000000 ACE, free=0.00000000 ACE), AccountBalance(total=0.00 1000SATS, locked=0.00 1000SATS, free=0.00 1000SATS), AccountBalance(total=0.00000000 TON, locked=0.00000000 TON, free=0.00000000 TON), AccountBalance(total=0.00 BONK, locked=0.00 BONK, free=0.00 BONK), AccountBalance(total=0.00000000 AXL, locked=0.00000000 AXL, free=0.00000000 AXL), AccountBalance(total=0.00000000 NFP, locked=0.00000000 NFP, free=0.00000000 NFP), AccountBalance(total=0.00000000 AI, locked=0.00000000 AI, free=0.00000000 AI), AccountBalance(total=0.00000000 XAI, locked=0.00000000 XAI, free=0.00000000 XAI), AccountBalance(total=0.00000000 MANTA, locked=0.00000000 MANTA, free=0.00000000 MANTA), AccountBalance(total=0.00000000 METIS, locked=0.00000000 METIS, free=0.00000000 METIS), AccountBalance(total=0.00000000 ALT, locked=0.00000000 ALT, free=0.00000000 ALT), AccountBalance(total=0.00000000 RONIN, locked=0.00000000 RONIN, free=0.00000000 RONIN), AccountBalance(total=0.00000000 JUP, locked=0.00000000 JUP, free=0.00000000 JUP), AccountBalance(total=0.00000000 PYTH, locked=0.00000000 PYTH, free=0.00000000 PYTH), AccountBalance(total=0.00000000 DYM, locked=0.00000000 DYM, free=0.00000000 DYM), AccountBalance(total=0.00000000 PIXEL, locked=0.00000000 PIXEL, free=0.00000000 PIXEL), AccountBalance(total=0.00000000 STRK, locked=0.00000000 STRK, free=0.00000000 STRK), AccountBalance(total=0.00000000 PORTAL, locked=0.00000000 PORTAL, free=0.00000000 PORTAL), AccountBalance(total=0.00000000 PDA, locked=0.00000000 PDA, free=0.00000000 PDA), AccountBalance(total=0.00000000 WIF, locked=0.00000000 WIF, free=0.00000000 WIF), AccountBalance(total=0.00000000 AEVO, locked=0.00000000 AEVO, free=0.00000000 AEVO), AccountBalance(total=0.00000000 ETHFI, locked=0.00000000 ETHFI, free=0.00000000 ETHFI), AccountBalance(total=0.00 BOME, locked=0.00 BOME, free=0.00 BOME), AccountBalance(total=0.00000000 ENA, locked=0.00000000 ENA, free=0.00000000 ENA), AccountBalance(total=0.00000000 W, locked=0.00000000 W, free=0.00000000 W), AccountBalance(total=0.00000000 SAGA, locked=0.00000000 SAGA, free=0.00000000 SAGA), AccountBalance(total=0.00000000 TAO, locked=0.00000000 TAO, free=0.00000000 TAO), AccountBalance(total=0.00000000 TNSR, locked=0.00000000 TNSR, free=0.00000000 TNSR), AccountBalance(total=0.00000000 OMNI, locked=0.00000000 OMNI, free=0.00000000 OMNI), AccountBalance(total=0.00000000 BB, locked=0.00000000 BB, free=0.00000000 BB), AccountBalance(total=0.00000000 REZ, locked=0.00000000 REZ, free=0.00000000 REZ), AccountBalance(total=0.00 NOT, locked=0.00 NOT, free=0.00 NOT), AccountBalance(total=0.00000000 LISTA, locked=0.00000000 LISTA, free=0.00000000 LISTA), AccountBalance(total=0.00000000 IO, locked=0.00000000 IO, free=0.00000000 IO), AccountBalance(total=0.00000000 ZK, locked=0.00000000 ZK, free=0.00000000 ZK), AccountBalance(total=0.00000000 ZRO, locked=0.00000000 ZRO, free=0.00000000 ZRO), AccountBalance(total=0.00000000 G, locked=0.00000000 G, free=0.00000000 G), AccountBalance(total=0.00000000 BANANA, locked=0.00000000 BANANA, free=0.00000000 BANANA), AccountBalance(total=0.00000000 RENDER, locked=0.00000000 RENDER, free=0.00000000 RENDER), AccountBalance(total=0.00000000 SLF, locked=0.00000000 SLF, free=0.00000000 SLF), AccountBalance(total=0.00 DOGS, locked=0.00 DOGS, free=0.00 DOGS), AccountBalance(total=0.00000000 EURI, locked=0.00000000 EURI, free=0.00000000 EURI), AccountBalance(total=0.00000000 ONDO, locked=0.00000000 ONDO, free=0.00000000 ONDO), AccountBalance(total=0.00000000 BNSOL, locked=0.00000000 BNSOL, free=0.00000000 BNSOL), AccountBalance(total=0.00000000 LUMIA, locked=0.00000000 LUMIA, free=0.00000000 LUMIA), AccountBalance(total=0.00000000 POL, locked=0.00000000 POL, free=0.00000000 POL), AccountBalance(total=0.00 HMSTR, locked=0.00 HMSTR, free=0.00 HMSTR), AccountBalance(total=0.00000000 CATI, locked=0.00000000 CATI, free=0.00000000 CATI), AccountBalance(total=0.00 NEIRO, locked=0.00 NEIRO, free=0.00 NEIRO), AccountBalance(total=0.00000000 TURBO, locked=0.00000000 TURBO, free=0.00000000 TURBO), AccountBalance(total=0.00 1MBABYDOGE, locked=0.00 1MBABYDOGE, free=0.00 1MBABYDOGE), AccountBalance(total=0.00000000 EIGEN, locked=0.00000000 EIGEN, free=0.00000000 EIGEN), AccountBalance(total=0.00000000 SCR, locked=0.00000000 SCR, free=0.00000000 SCR), AccountBalance(total=0.00000000 BFUSD, locked=0.00000000 BFUSD, free=0.00000000 BFUSD), AccountBalance(total=0.00000000 KAIA, locked=0.00000000 KAIA, free=0.00000000 KAIA), AccountBalance(total=0.00000000 CETUS, locked=0.00000000 CETUS, free=0.00000000 CETUS), AccountBalance(total=0.00000000 PNUT, locked=0.00000000 PNUT, free=0.00000000 PNUT), AccountBalance(total=0.00000000 ACT, locked=0.00000000 ACT, free=0.00000000 ACT), AccountBalance(total=0.00000000 USUAL, locked=0.00000000 USUAL, free=0.00000000 USUAL), AccountBalance(total=0.00000000 THE, locked=0.00000000 THE, free=0.00000000 THE), AccountBalance(total=0.00000000 ACX, locked=0.00000000 ACX, free=0.00000000 ACX), AccountBalance(total=0.00000000 ORCA, locked=0.00000000 ORCA, free=0.00000000 ORCA), AccountBalance(total=0.00000000 MOVE, locked=0.00000000 MOVE, free=0.00000000 MOVE), AccountBalance(total=0.00000000 ME, locked=0.00000000 ME, free=0.00000000 ME), AccountBalance(total=0.00000000 VANA, locked=0.00000000 VANA, free=0.00000000 VANA), AccountBalance(total=0.00000000 VELODROME, locked=0.00000000 VELODROME, free=0.00000000 VELODROME), AccountBalance(total=0.00000000 PENGU, locked=0.00000000 PENGU, free=0.00000000 PENGU), AccountBalance(total=0.00000000 1000CAT, locked=0.00000000 1000CAT, free=0.00000000 1000CAT), AccountBalance(total=0.00000000 BIO, locked=0.00000000 BIO, free=0.00000000 BIO), AccountBalance(total=0.00000000 SOLV, locked=0.00000000 SOLV, free=0.00000000 SOLV), AccountBalance(total=0.00000000 D, locked=0.00000000 D, free=0.00000000 D), AccountBalance(total=0.00000000 S, locked=0.00000000 S, free=0.00000000 S), AccountBalance(total=0.00000000 AIXBT, locked=0.00000000 AIXBT, free=0.00000000 AIXBT), AccountBalance(total=0.00000000 CGPT, locked=0.00000000 CGPT, free=0.00000000 CGPT), AccountBalance(total=0.00000000 COOKIE, locked=0.00000000 COOKIE, free=0.00000000 COOKIE), AccountBalance(total=0.00000000 VIRTUAL, locked=0.00000000 VIRTUAL, free=0.00000000 VIRTUAL), AccountBalance(total=0.00000000 TRUMP, locked=0.00000000 TRUMP, free=0.00000000 TRUMP), AccountBalance(total=0.00000000 ANIME, locked=0.00000000 ANIME, free=0.00000000 ANIME), AccountBalance(total=0.00000000 BERA, locked=0.00000000 BERA, free=0.00000000 BERA), AccountBalance(total=0.00000000 HEI, locked=0.00000000 HEI, free=0.00000000 HEI), AccountBalance(total=0.00000000 TST, locked=0.00000000 TST, free=0.00000000 TST), AccountBalance(total=0.00 1000CHEEMS, locked=0.00 1000CHEEMS, free=0.00 1000CHEEMS), AccountBalance(total=0.00000000 LAYER, locked=0.00000000 LAYER, free=0.00000000 LAYER), AccountBalance(total=0.00000000 KAITO, locked=0.00000000 KAITO, free=0.00000000 KAITO), AccountBalance(total=0.00000000 NIL, locked=0.00000000 NIL, free=0.00000000 NIL), AccountBalance(total=0.00000000 RED, locked=0.00000000 RED, free=0.00000000 RED), AccountBalance(total=0.00000000 SHELL, locked=0.00000000 SHELL, free=0.00000000 SHELL), AccountBalance(total=0.00000000 GPS, locked=0.00000000 GPS, free=0.00000000 GPS), AccountBalance(total=0.00000000 XUSD, locked=0.00000000 XUSD, free=0.00000000 XUSD), AccountBalance(total=0.00000000 EPIC, locked=0.00000000 EPIC, free=0.00000000 EPIC), AccountBalance(total=0.00000000 FORM, locked=0.00000000 FORM, free=0.00000000 FORM), AccountBalance(total=0.00000000 BMT, locked=0.00000000 BMT, free=0.00000000 BMT), AccountBalance(total=0.00000000 GUN, locked=0.00000000 GUN, free=0.00000000 GUN), AccountBalance(total=0.00000000 PARTI, locked=0.00000000 PARTI, free=0.00000000 PARTI), AccountBalance(total=0.00000000 MUBARAK, locked=0.00000000 MUBARAK, free=0.00000000 MUBARAK), AccountBalance(total=0.00000000 BANANAS31, locked=0.00000000 BANANAS31, free=0.00000000 BANANAS31), AccountBalance(total=0.00000000 TUT, locked=0.00000000 TUT, free=0.00000000 TUT), AccountBalance(total=0.00000000 BROCCOLI714, locked=0.00000000 BROCCOLI714, free=0.00000000 BROCCOLI714), AccountBalance(total=0.00000000 KERNEL, locked=0.00000000 KERNEL, free=0.00000000 KERNEL), AccountBalance(total=0.00000000 BABY, locked=0.00000000 BABY, free=0.00000000 BABY), AccountBalance(total=0.00000000 INIT, locked=0.00000000 INIT, free=0.00000000 INIT), AccountBalance(total=0.00000000 WCT, locked=0.00000000 WCT, free=0.00000000 WCT), AccountBalance(total=0.00000000 BIGTIME, locked=0.00000000 BIGTIME, free=0.00000000 BIGTIME), AccountBalance(total=0.00000000 PLUME, locked=0.00000000 PLUME, free=0.00000000 PLUME), AccountBalance(total=0.00000000 MORPHO, locked=0.00000000 MORPHO, free=0.00000000 MORPHO), AccountBalance(total=0.00000000 SOPH, locked=0.00000000 SOPH, free=0.00000000 SOPH), AccountBalance(total=0.00000000 HYPER, locked=0.00000000 HYPER, free=0.00000000 HYPER), AccountBalance(total=0.00000000 SIGN, locked=0.00000000 SIGN, free=0.00000000 SIGN), AccountBalance(total=0.00000000 STO, locked=0.00000000 STO, free=0.00000000 STO), AccountBalance(total=0.00000000 SXT, locked=0.00000000 SXT, free=0.00000000 SXT), AccountBalance(total=0.00000000 SYRUP, locked=0.00000000 SYRUP, free=0.00000000 SYRUP), AccountBalance(total=0.00000000 KMNO, locked=0.00000000 KMNO, free=0.00000000 KMNO), AccountBalance(total=0.00000000 USD1, locked=0.00000000 USD1, free=0.00000000 USD1), AccountBalance(total=0.00000000 NXPC, locked=0.00000000 NXPC, free=0.00000000 NXPC), AccountBalance(total=0.00000000 AWE, locked=0.00000000 AWE, free=0.00000000 AWE), AccountBalance(total=0.00000000 HAEDAL, locked=0.00000000 HAEDAL, free=0.00000000 HAEDAL), AccountBalance(total=0.00000000 HUMA, locked=0.00000000 HUMA, free=0.00000000 HUMA), AccountBalance(total=0.00000000 A, locked=0.00000000 A, free=0.00000000 A), AccountBalance(total=0.00000000 RESOLV, locked=0.00000000 RESOLV, free=0.00000000 RESOLV), AccountBalance(total=0.00000000 HOME, locked=0.00000000 HOME, free=0.00000000 HOME), AccountBalance(total=0.00000000 SPK, locked=0.00000000 SPK, free=0.00000000 SPK), AccountBalance(total=0.00000000 NEWT, locked=0.00000000 NEWT, free=0.00000000 NEWT), AccountBalance(total=0.00000000 SAHARA, locked=0.00000000 SAHARA, free=0.00000000 SAHARA), AccountBalance(total=0.00000000 LA, locked=0.00000000 LA, free=0.00000000 LA), AccountBalance(total=0.00000000 ERA, locked=0.00000000 ERA, free=0.00000000 ERA), AccountBalance(total=0.00000000 C, locked=0.00000000 C, free=0.00000000 C), AccountBalance(total=0.00000000 SKY, locked=0.00000000 SKY, free=0.00000000 SKY), AccountBalance(total=0.00000000 A2Z, locked=0.00000000 A2Z, free=0.00000000 A2Z), AccountBalance(total=0.00000000 SOMI, locked=0.00000000 SOMI, free=0.00000000 SOMI), AccountBalance(total=0.00000000 TREE, locked=0.00000000 TREE, free=0.00000000 TREE), AccountBalance(total=0.00000000 TOWNS, locked=0.00000000 TOWNS, free=0.00000000 TOWNS), AccountBalance(total=0.00000000 PROVE, locked=0.00000000 PROVE, free=0.00000000 PROVE), AccountBalance(total=0.00000000 MITO, locked=0.00000000 MITO, free=0.00000000 MITO), AccountBalance(total=0.00000000 DOLO, locked=0.00000000 DOLO, free=0.00000000 DOLO), AccountBalance(total=0.00 WLFI, locked=0.00 WLFI, free=0.00 WLFI), AccountBalance(total=0.00000000 OPEN, locked=0.00000000 OPEN, free=0.00000000 OPEN), AccountBalance(total=0.00000000 LINEA, locked=0.00000000 LINEA, free=0.00000000 LINEA), AccountBalance(total=0.00000000 USDE, locked=0.00000000 USDE, free=0.00000000 USDE), AccountBalance(total=0.00000000 HOLO, locked=0.00000000 HOLO, free=0.00000000 HOLO), AccountBalance(total=0.00 PUMP, locked=0.00 PUMP, free=0.00 PUMP), AccountBalance(total=0.00000000 ZKC, locked=0.00000000 ZKC, free=0.00000000 ZKC), AccountBalance(total=0.00000000 AVNT, locked=0.00000000 AVNT, free=0.00000000 AVNT), AccountBalance(total=0.00000000 BARD, locked=0.00000000 BARD, free=0.00000000 BARD), AccountBalance(total=0.00000000 0G, locked=0.00000000 0G, free=0.00000000 0G), AccountBalance(total=0.00000000 HEMI, locked=0.00000000 HEMI, free=0.00000000 HEMI), AccountBalance(total=0.00000000 ASTER, locked=0.00000000 ASTER, free=0.00000000 ASTER), AccountBalance(total=0.00000000 XPL, locked=0.00000000 XPL, free=0.00000000 XPL), AccountBalance(total=0.00000000 NOM, locked=0.00000000 NOM, free=0.00000000 NOM), AccountBalance(total=0.00000000 MIRA, locked=0.00000000 MIRA, free=0.00000000 MIRA), AccountBalance(total=0.00000000 FF, locked=0.00000000 FF, free=0.00000000 FF), AccountBalance(total=0.00000000 EDEN, locked=0.00000000 EDEN, free=0.00000000 EDEN), AccountBalance(total=0.00000000 2Z, locked=0.00000000 2Z, free=0.00000000 2Z), AccountBalance(total=0.00000000 WAL, locked=0.00000000 WAL, free=0.00000000 WAL), AccountBalance(total=0.00000000 EUL, locked=0.00000000 EUL, free=0.00000000 EUL), AccountBalance(total=0.00000000 ENSO, locked=0.00000000 ENSO, free=0.00000000 ENSO), AccountBalance(total=0.00000000 YB, locked=0.00000000 YB, free=0.00000000 YB), AccountBalance(total=0.00000000 ZBT, locked=0.00000000 ZBT, free=0.00000000 ZBT), AccountBalance(total=0.00000000 TURTLE, locked=0.00000000 TURTLE, free=0.00000000 TURTLE), AccountBalance(total=0.00000000 GIGGLE, locked=0.00000000 GIGGLE, free=0.00000000 GIGGLE), AccountBalance(total=0.00000000 F, locked=0.00000000 F, free=0.00000000 F), AccountBalance(total=0.00000000 ALLO, locked=0.00000000 ALLO, free=0.00000000 ALLO), AccountBalance(total=0.00000000 KITE, locked=0.00000000 KITE, free=0.00000000 KITE), AccountBalance(total=0.00000000 MMT, locked=0.00000000 MMT, free=0.00000000 MMT), AccountBalance(total=0.00000000 SAPIEN, locked=0.00000000 SAPIEN, free=0.00000000 SAPIEN), AccountBalance(total=0.00000000 BANK, locked=0.00000000 BANK, free=0.00000000 BANK), AccountBalance(total=0.00000000 MET, locked=0.00000000 MET, free=0.00000000 MET), AccountBalance(total=0.00000000 AT, locked=0.00000000 AT, free=0.00000000 AT), AccountBalance(total=0.00000000 NIGHT, locked=0.00000000 NIGHT, free=0.00000000 NIGHT), AccountBalance(total=0.00000000 KGST, locked=0.00000000 KGST, free=0.00000000 KGST), AccountBalance(total=0.00000000 FRAX, locked=0.00000000 FRAX, free=0.00000000 FRAX), AccountBalance(total=0.00000000 BREV, locked=0.00000000 BREV, free=0.00000000 BREV), AccountBalance(total=0.00000000 MEGA, locked=0.00000000 MEGA, free=0.00000000 MEGA), AccountBalance(total=0.00000000 ZKP, locked=0.00000000 ZKP, free=0.00000000 ZKP), AccountBalance(total=0.00000000 币安人生, locked=0.00000000 币安人生, free=0.00000000 币安人生), AccountBalance(total=0.00000000 FOGO, locked=0.00000000 FOGO, free=0.00000000 FOGO), AccountBalance(total=0.00000000 U, locked=0.00000000 U, free=0.00000000 U), AccountBalance(total=0.00000000 RLUSD, locked=0.00000000 RLUSD, free=0.00000000 RLUSD), AccountBalance(total=0.00000000 SENT, locked=0.00000000 SENT, free=0.00000000 SENT), AccountBalance(total=0.00000000 ZAMA, locked=0.00000000 ZAMA, free=0.00000000 ZAMA), AccountBalance(total=0.00000000 ESP, locked=0.00000000 ESP, free=0.00000000 ESP), AccountBalance(total=0.00000000 KAT, locked=0.00000000 KAT, free=0.00000000 KAT), AccountBalance(total=0.00000000 MANTRA, locked=0.00000000 MANTRA, free=0.00000000 MANTRA), AccountBalance(total=0.00000000 OPN, locked=0.00000000 OPN, free=0.00000000 OPN), AccountBalance(total=0.00000000 ROBO, locked=0.00000000 ROBO, free=0.00000000 ROBO), AccountBalance(total=0.00000000 CFG, locked=0.00000000 CFG, free=0.00000000 CFG), AccountBalance(total=0.00000000 XAUT, locked=0.00000000 XAUT, free=0.00000000 XAUT), AccountBalance(total=0.00000000 USDS, locked=0.00000000 USDS, free=0.00000000 USDS), AccountBalance(total=0.00000000 CHIP, locked=0.00000000 CHIP, free=0.00000000 CHIP), AccountBalance(total=0.00000000 AIGENSYN, locked=0.00000000 AIGENSYN, free=0.00000000 AIGENSYN), AccountBalance(total=0.00000000 GENIUS, locked=0.00000000 GENIUS, free=0.00000000 GENIUS), AccountBalance(total=0.00000000 OPG, locked=0.00000000 OPG, free=0.00000000 OPG), AccountBalance(total=0.00000000 TSLAB, locked=0.00000000 TSLAB, free=0.00000000 TSLAB), AccountBalance(total=0.00000000 NVDAB, locked=0.00000000 NVDAB, free=0.00000000 NVDAB), AccountBalance(total=0.00000000 SNDKB, locked=0.00000000 SNDKB, free=0.00000000 SNDKB), AccountBalance(total=0.00000000 MUB, locked=0.00000000 MUB, free=0.00000000 MUB), AccountBalance(total=0.00000000 CRCLB, locked=0.00000000 CRCLB, free=0.00000000 CRCLB), AccountBalance(total=0.00000000 SPCXB, locked=0.00000000 SPCXB, free=0.00000000 SPCXB), AccountBalance(total=0.00000000 RE, locked=0.00000000 RE, free=0.00000000 RE), AccountBalance(total=0.00000000 AMDB, locked=0.00000000 AMDB, free=0.00000000 AMDB), AccountBalance(total=0.00000000 INTCB, locked=0.00000000 INTCB, free=0.00000000 INTCB), AccountBalance(total=0.00000000 MSTRB, locked=0.00000000 MSTRB, free=0.00000000 MSTRB), AccountBalance(total=0.00000000 EWYB, locked=0.00000000 EWYB, free=0.00000000 EWYB), AccountBalance(total=0.00000000 MSFTB, locked=0.00000000 MSFTB, free=0.00000000 MSFTB), AccountBalance(total=0.00000000 QQQB, locked=0.00000000 QQQB, free=0.00000000 QQQB), AccountBalance(total=0.00000000 METAB, locked=0.00000000 METAB, free=0.00000000 METAB), AccountBalance(total=0.00000000 LITEB, locked=0.00000000 LITEB, free=0.00000000 LITEB), AccountBalance(total=0.00000000 PLTRB, locked=0.00000000 PLTRB, free=0.00000000 PLTRB), AccountBalance(total=0.00000000 GRAM, locked=0.00000000 GRAM, free=0.00000000 GRAM), AccountBalance(total=0.00000000 GOOGLB, locked=0.00000000 GOOGLB, free=0.00000000 GOOGLB), AccountBalance(total=0.00000000 QCOMB, locked=0.00000000 QCOMB, free=0.00000000 QCOMB), AccountBalance(total=0.00000000 COINB, locked=0.00000000 COINB, free=0.00000000 COINB), AccountBalance(total=0.00000000 SPYB, locked=0.00000000 SPYB, free=0.00000000 SPYB), AccountBalance(total=0.00000000 WDCB, locked=0.00000000 WDCB, free=0.00000000 WDCB), AccountBalance(total=0.00000000 GLWB, locked=0.00000000 GLWB, free=0.00000000 GLWB), AccountBalance(total=0.00000000 NBISB, locked=0.00000000 NBISB, free=0.00000000 NBISB), AccountBalance(total=0.00000000 SOXLB, locked=0.00000000 SOXLB, free=0.00000000 SOXLB), AccountBalance(total=0.00000000 DRAMB, locked=0.00000000 DRAMB, free=0.00000000 DRAMB), AccountBalance(total=0.00000000 CBRSB, locked=0.00000000 CBRSB, free=0.00000000 CBRSB), AccountBalance(total=0.00000000 SKHYB, locked=0.00000000 SKHYB, free=0.00000000 SKHYB), AccountBalance(total=0.00000000 ARMB, locked=0.00000000 ARMB, free=0.00000000 ARMB), AccountBalance(total=0.00000000 AAOIB, locked=0.00000000 AAOIB, free=0.00000000 AAOIB), AccountBalance(total=0.00000000 IBMB, locked=0.00000000 IBMB, free=0.00000000 IBMB), AccountBalance(total=0.00000000 RKLBB, locked=0.00000000 RKLBB, free=0.00000000 RKLBB), AccountBalance(total=0.00000000 NOKB, locked=0.00000000 NOKB, free=0.00000000 NOKB), AccountBalance(total=0.00000000 TSMB, locked=0.00000000 TSMB, free=0.00000000 TSMB), AccountBalance(total=0.00000000 BABAB, locked=0.00000000 BABAB, free=0.00000000 BABAB), AccountBalance(total=0.00000000 AVGOB, locked=0.00000000 AVGOB, free=0.00000000 AVGOB), AccountBalance(total=0.00000000 MRVLB, locked=0.00000000 MRVLB, free=0.00000000 MRVLB), AccountBalance(total=0.00000000 HOODB, locked=0.00000000 HOODB, free=0.00000000 HOODB), AccountBalance(total=0.00000000 AERO, locked=0.00000000 AERO, free=0.00000000 AERO), AccountBalance(total=0.00000000 MVLLB, locked=0.00000000 MVLLB, free=0.00000000 MVLLB), AccountBalance(total=0.00000000 KORUB, locked=0.00000000 KORUB, free=0.00000000 KORUB), AccountBalance(total=0.00000000 AXTIB, locked=0.00000000 AXTIB, free=0.00000000 AXTIB), AccountBalance(total=0.00000000 CRWVB, locked=0.00000000 CRWVB, free=0.00000000 CRWVB), AccountBalance(total=0.00000000 MUUB, locked=0.00000000 MUUB, free=0.00000000 MUUB), AccountBalance(total=0.00000000 SNXXB, locked=0.00000000 SNXXB, free=0.00000000 SNXXB), AccountBalance(total=0.00000000 INTWB, locked=0.00000000 INTWB, free=0.00000000 INTWB), AccountBalance(total=0.00000000 TQQQB, locked=0.00000000 TQQQB, free=0.00000000 TQQQB), AccountBalance(total=0.00000000 QNTB, locked=0.00000000 QNTB, free=0.00000000 QNTB), AccountBalance(total=0.00000000 ORCLB, locked=0.00000000 ORCLB, free=0.00000000 ORCLB), AccountBalance(total=0.00000000 AAPLB, locked=0.00000000 AAPLB, free=0.00000000 AAPLB), AccountBalance(total=0.00000000 BEB, locked=0.00000000 BEB, free=0.00000000 BEB), AccountBalance(total=0.00000000 AMZNB, locked=0.00000000 AMZNB, free=0.00000000 AMZNB), AccountBalance(total=0.00000000 SOXSB, locked=0.00000000 SOXSB, free=0.00000000 SOXSB), AccountBalance(total=0.00000000 DELLB, locked=0.00000000 DELLB, free=0.00000000 DELLB), AccountBalance(total=0.00000000 FLNCB, locked=0.00000000 FLNCB, free=0.00000000 FLNCB), AccountBalance(total=0.00000000 AMATB, locked=0.00000000 AMATB, free=0.00000000 AMATB), AccountBalance(total=0.00000000 PYPLB, locked=0.00000000 PYPLB, free=0.00000000 PYPLB), AccountBalance(total=0.00000000 GSB, locked=0.00000000 GSB, free=0.00000000 GSB), AccountBalance(total=0.00000000 SMHB, locked=0.00000000 SMHB, free=0.00000000 SMHB), AccountBalance(total=0.00000000 ALABB, locked=0.00000000 ALABB, free=0.00000000 ALABB), AccountBalance(total=0.00000000 USARB, locked=0.00000000 USARB, free=0.00000000 USARB), AccountBalance(total=0.00000000 CRDOB, locked=0.00000000 CRDOB, free=0.00000000 CRDOB), AccountBalance(total=0.00000000 COHRB, locked=0.00000000 COHRB, free=0.00000000 COHRB), AccountBalance(total=0.00000000 ASTSB, locked=0.00000000 ASTSB, free=0.00000000 ASTSB), AccountBalance(total=0.00000000 NFLXB, locked=0.00000000 NFLXB, free=0.00000000 NFLXB), AccountBalance(total=0.00000000 ASMLB, locked=0.00000000 ASMLB, free=0.00000000 ASMLB), AccountBalance(total=0.00000000 IRENB, locked=0.00000000 IRENB, free=0.00000000 IRENB), AccountBalance(total=0.00000000 SMCIB, locked=0.00000000 SMCIB, free=0.00000000 SMCIB), AccountBalance(total=0.00000000 BMNRB, locked=0.00000000 BMNRB, free=0.00000000 BMNRB), AccountBalance(total=0.00000000 GMEB, locked=0.00000000 GMEB, free=0.00000000 GMEB), AccountBalance(total=0.00000000 DJTB, locked=0.00000000 DJTB, free=0.00000000 DJTB), AccountBalance(total=0.00000000 CRWDB, locked=0.00000000 CRWDB, free=0.00000000 CRWDB), AccountBalance(total=0.00000000 STXB, locked=0.00000000 STXB, free=0.00000000 STXB), AccountBalance(total=0.00000000 SQQQB, locked=0.00000000 SQQQB, free=0.00000000 SQQQB), AccountBalance(total=0.00000000 MRNAB, locked=0.00000000 MRNAB, free=0.00000000 MRNAB), AccountBalance(total=0.00000000 MARSCOIN, locked=0.00000000 MARSCOIN, free=0.00000000 MARSCOIN), AccountBalance(total=0.00000000 HIMSB, locked=0.00000000 HIMSB, free=0.00000000 HIMSB), AccountBalance(total=0.00000000 CRMB, locked=0.00000000 CRMB, free=0.00000000 CRMB), AccountBalance(total=0.00000000 牛来, locked=0.00000000 牛来, free=0.00000000 牛来), AccountBalance(total=0.00000000 BNCB, locked=0.00000000 BNCB, free=0.00000000 BNCB), AccountBalance(total=0.00000000 GPROB, locked=0.00000000 GPROB, free=0.00000000 GPROB), AccountBalance(total=0.00000000 RDDTB, locked=0.00000000 RDDTB, free=0.00000000 RDDTB)], margins=[], event_id=0d165b1f-6d17-4620-9922-d0fb76f9e8cc)
2026-09-23T03:57:46.332177297Z [INFO] EDGETRADER-REAL.ExecClient-BINANCE: Account BINANCE-SPOT-master registered in cache
2026-09-23T03:57:46.332198625Z [INFO] EDGETRADER-REAL.ExecClient-BINANCE: Dual side position: False
2026-09-23T03:57:46.420225096Z [INFO] EDGETRADER-REAL.ExecClient-BINANCE: Binance server time 1790135866369 UNIX (ms)
2026-09-23T03:57:46.420236500Z [INFO] EDGETRADER-REAL.ExecClient-BINANCE: Nautilus clock time 1790135866420 UNIX (ms)
2026-09-23T03:57:46.731113519Z [INFO] EDGETRADER-REAL.BinanceUserDataWebSocketClient: Connected to wss://ws-api.binance.com:443/ws-api/v3
2026-09-23T03:57:46.808072349Z [INFO] EDGETRADER-REAL.BinanceUserDataWebSocketClient: Session authenticated
2026-09-23T03:57:46.884632966Z [INFO] EDGETRADER-REAL.BinanceUserDataWebSocketClient: Subscribed to user data stream: 0
2026-09-23T03:57:46.884663031Z [INFO] EDGETRADER-REAL.ExecClient-BINANCE: Connected
2026-09-23T03:57:46.884700508Z [INFO] EDGETRADER-REAL.TradingNode: Awaiting execution state reconciliation (10.0s timeout)...
2026-09-23T03:57:46.884760185Z [INFO] EDGETRADER-REAL.ExecClient-BINANCE: Generating ExecutionMassStatus...
2026-09-23T03:57:46.885029776Z [INFO] EDGETRADER-REAL.ExecClient-BINANCE: Received 0 FillReports
2026-09-23T03:57:46.885053328Z [INFO] EDGETRADER-REAL.ExecClient-BINANCE: Received 0 PositionStatusReports
2026-09-23T03:57:46.967482154Z [INFO] EDGETRADER-REAL.ExecClient-BINANCE: Received 0 OrderStatusReports
2026-09-23T03:57:46.967582070Z [INFO] EDGETRADER-REAL.ExecEngine: Reconciling ExecutionMassStatus for BINANCE
2026-09-23T03:57:46.967598978Z [INFO] EDGETRADER-REAL.ExecEngine: Attempting to adjust fills for 0 instruments
2026-09-23T03:57:46.967656663Z [INFO] EDGETRADER-REAL.ExecEngine: Updating adjusted fills for 0 instruments
2026-09-23T03:57:46.967668107Z [INFO] EDGETRADER-REAL.ExecEngine: Final order_reports contains 0 orders, fill_reports contains 0 fills across all instruments
2026-09-23T03:57:46.967773071Z [INFO] EDGETRADER-REAL.ExecEngine: Reconciliation for BINANCE succeeded
2026-09-23T03:57:46.967800259Z [INFO] EDGETRADER-REAL.TradingNode: Execution state reconciled
2026-09-23T03:57:46.967821850Z [INFO] EDGETRADER-REAL.OrderEmulator: No emulated orders to reactivate
2026-09-23T03:57:46.967850100Z [INFO] EDGETRADER-REAL.OrderEmulator: RUNNING
2026-09-23T03:57:46.967875156Z [INFO] EDGETRADER-REAL.Portfolio: Initialized 0 open orders
2026-09-23T03:57:46.967886708Z [INFO] EDGETRADER-REAL.Portfolio: Initialized 0 open positions
2026-09-23T03:57:46.967898071Z [INFO] EDGETRADER-REAL.TradingNode: Awaiting portfolio initialization (10.0s timeout)...
2026-09-23T03:57:46.967999378Z [INFO] EDGETRADER-REAL.ExecEngine: Startup reconciliation completed
2026-09-23T03:57:46.968009485Z [INFO] EDGETRADER-REAL.ExecEngine: Applying post-reconciliation startup delay (10.0s)
2026-09-23T03:57:46.968042586Z [INFO] EDGETRADER-REAL.TradingNode: Portfolio initialized
2026-09-23T03:57:46.968079388Z [WARN] EDGETRADER-REAL.Controller: The `Actor.on_start` handler was called when not overridden. It's expected that any actions required when starting the actor occur here, such as subscribing/requesting data
2026-09-23T03:57:46.968105787Z [INFO] EDGETRADER-REAL.Controller: RUNNING
2026-09-23T03:57:46.968133101Z [INFO] EDGETRADER-REAL.EDGETRADER-REAL: RUNNING
2026-09-23T03:57:46.968150589Z [INFO] EDGETRADER-REAL.TradingNode: RUNNING
✅ TradingNode RUNNING; processing trade events (target=real)
📡 [poll #1] Long-polling SQS (real)...
2026-09-23T03:57:47.238414178Z [INFO] EDGETRADER-REAL.TradingNode: STOPPING
2026-09-23T03:57:47.238452439Z [WARN] EDGETRADER-REAL.Controller: The `Actor.on_stop` handler was called when not overridden. It's expected that any actions required when stopping the actor occur here, such as unsubscribing from data.
2026-09-23T03:57:47.238470027Z [INFO] EDGETRADER-REAL.Controller: Canceling executor tasks
2026-09-23T03:57:47.238544317Z [INFO] EDGETRADER-REAL.Controller: STOPPED
2026-09-23T03:57:47.238568868Z [INFO] EDGETRADER-REAL.EDGETRADER-REAL: STOPPED
2026-09-23T03:57:47.238614724Z [INFO] EDGETRADER-REAL.TradingNode: Awaiting post stop (5.0s timeout)...
2026-09-23T03:57:52.243169227Z [INFO] EDGETRADER-REAL.DataClient-BINANCE: STOPPED
2026-09-23T03:57:52.243201799Z [INFO] EDGETRADER-REAL.ExecClient-BINANCE: Shutting down retry manager pool
2026-09-23T03:57:52.243213384Z [INFO] EDGETRADER-REAL.ExecClient-BINANCE: STOPPED
2026-09-23T03:57:52.243231187Z [INFO] EDGETRADER-REAL.DataEngine: Disconnecting all clients...
2026-09-23T03:57:52.243252118Z [INFO] EDGETRADER-REAL.DataClient-BINANCE: Disconnecting...
2026-09-23T03:57:52.243276306Z [INFO] EDGETRADER-REAL.ExecEngine: Disconnecting all clients...
2026-09-23T03:57:52.243286243Z [INFO] EDGETRADER-REAL.ExecClient-BINANCE: Disconnecting...
2026-09-23T03:57:52.243308892Z [INFO] EDGETRADER-REAL.TradingNode: Awaiting engine disconnections (10.0s timeout)...
2026-09-23T03:57:52.243722057Z [INFO] EDGETRADER-REAL.DataClient-BINANCE: Disconnected
2026-09-23T03:57:52.327757108Z [WARN] EDGETRADER-REAL.BinanceUserDataWebSocketClient: Received eventStreamTerminated, resubscribing...
2026-09-23T03:57:52.339098934Z [INFO] EDGETRADER-REAL.BinanceUserDataWebSocketClient: Unsubscribed from user data stream: None
2026-09-23T03:57:52.451461942Z [INFO] EDGETRADER-REAL.BinanceUserDataWebSocketClient: Disconnected from wss://ws-api.binance.com:443/ws-api/v3
2026-09-23T03:57:52.451498570Z [INFO] EDGETRADER-REAL.ExecClient-BINANCE: Disconnected
2026-09-23T03:57:52.451621621Z [INFO] EDGETRADER-REAL.DataEngine: STOPPED
2026-09-23T03:57:52.451661182Z [INFO] EDGETRADER-REAL.RiskEngine: STOPPED
2026-09-23T03:57:52.451732682Z [INFO] EDGETRADER-REAL.ExecEngine: STOPPED
2026-09-23T03:57:52.451764218Z [INFO] EDGETRADER-REAL.OrderEmulator: STOPPED
2026-09-23T03:57:52.451782446Z [INFO] EDGETRADER-REAL.TradingNode: STOPPED
2026-09-23T03:57:52.452080172Z [INFO] EDGETRADER-REAL.DataClient-BINANCE: DISPOSED
2026-09-23T03:57:52.452098149Z [INFO] EDGETRADER-REAL.DataEngine: DISPOSED
2026-09-23T03:57:52.452112283Z [INFO] EDGETRADER-REAL.RiskEngine: DISPOSED
2026-09-23T03:57:52.452142988Z [INFO] EDGETRADER-REAL.ExecClient-BINANCE: DISPOSED
2026-09-23T03:57:52.452159992Z [INFO] EDGETRADER-REAL.ExecEngine: DISPOSED
2026-09-23T03:57:52.452192323Z [INFO] EDGETRADER-REAL.OrderEmulator: DISPOSED
2026-09-23T03:57:52.452225247Z [INFO] EDGETRADER-REAL.Controller: DISPOSED
2026-09-23T03:57:52.452236012Z [INFO] EDGETRADER-REAL.EDGETRADER-REAL: Cleared actors
2026-09-23T03:57:52.452239042Z [INFO] EDGETRADER-REAL.EDGETRADER-REAL: Cleared trading strategies
2026-09-23T03:57:52.452241706Z [INFO] EDGETRADER-REAL.EDGETRADER-REAL: Cleared execution algorithms
2026-09-23T03:57:52.452251353Z [INFO] EDGETRADER-REAL.EDGETRADER-REAL: DISPOSED
2026-09-23T03:57:52.452745456Z [INFO] EDGETRADER-REAL.Cache: Reset
2026-09-23T03:57:52.453947323Z [INFO] EDGETRADER-REAL.MessageBus: Closed message bus
2026-09-23T03:57:52.453966165Z [INFO] EDGETRADER-REAL.TradingNode: Shutting down executor
2026-09-23T03:57:52.454113645Z [INFO] EDGETRADER-REAL.TradingNode: Stopping event loop
2026-09-23T03:57:52.454178692Z [INFO] EDGETRADER-REAL.TradingNode: Canceling pending task 'evt_queue' (id=139960233289728)
2026-09-23T03:57:52.454193349Z [INFO] EDGETRADER-REAL.TradingNode: Canceling pending task 'Task-6' (id=139960233287616)
2026-09-23T03:57:52.454207576Z [INFO] EDGETRADER-REAL.TradingNode: Canceling pending task 'continuous_reconciliation' (id=139960233290304)
2026-09-23T03:57:52.454216277Z [INFO] EDGETRADER-REAL.TradingNode: Canceling pending task 'cmd_queue' (id=139960233288768)
2026-09-23T03:57:52.454220229Z [INFO] EDGETRADER-REAL.TradingNode: Canceling pending task 'Task-7' (id=139960233287808)
2026-09-23T03:57:52.454224019Z [INFO] EDGETRADER-REAL.TradingNode: Canceling pending task 'Task-28' (id=139960233280128)
2026-09-23T03:57:52.454227460Z [INFO] EDGETRADER-REAL.TradingNode: Canceling pending task 'data_queue' (id=139960233289344)
2026-09-23T03:57:52.454230854Z [INFO] EDGETRADER-REAL.TradingNode: Canceling pending task 'cmd_queue' (id=139960233289920)
2026-09-23T03:57:52.454233948Z [INFO] EDGETRADER-REAL.TradingNode: Canceling pending task 'req_queue' (id=139960233288960)
2026-09-23T03:57:52.454237572Z [INFO] EDGETRADER-REAL.TradingNode: Canceling pending task 'Task-4' (id=139960233288000)
2026-09-23T03:57:52.454253023Z [INFO] EDGETRADER-REAL.TradingNode: Canceling pending task 'Task-32' (id=139960233291072)
2026-09-23T03:57:52.454259200Z [INFO] EDGETRADER-REAL.TradingNode: Canceling pending task 'cmd_queue' (id=139960233289536)
2026-09-23T03:57:52.454261395Z [INFO] EDGETRADER-REAL.TradingNode: Canceling pending task 'evt_queue' (id=139960233290112)
2026-09-23T03:57:52.454263489Z [INFO] EDGETRADER-REAL.TradingNode: Canceling pending task 'res_queue' (id=139960233289152)
2026-09-23T03:57:52.454268303Z [INFO] EDGETRADER-REAL.TradingNode: Event loop still running; scheduling task cleanup
2026-09-23T03:57:52.454279816Z [INFO] EDGETRADER-REAL.TradingNode: Task cancellation completed
2026-09-23T03:57:52.454295007Z [INFO] EDGETRADER-REAL.TradingNode: loop.is_running=True
2026-09-23T03:57:52.454297855Z [INFO] EDGETRADER-REAL.TradingNode: loop.is_closed=False
2026-09-23T03:57:52.454299797Z [INFO] EDGETRADER-REAL.TradingNode: DISPOSED
2026-09-23T03:57:52.454392318Z [WARN] EDGETRADER-REAL.RiskEngine: Canceled task 'run_evt_queue'
2026-09-23T03:57:52.454402663Z [WARN] EDGETRADER-REAL.RiskEngine: Event message queue stopped with 1 message(s) on queue
2026-09-23T03:57:52.454422280Z [WARN] EDGETRADER-REAL.DataEngine: DataCommand message queue canceled
2026-09-23T03:57:52.454433425Z [WARN] EDGETRADER-REAL.DataEngine: DataCommand message queue stopped with 1 message(s) on queue
2026-09-23T03:57:52.454467341Z [WARN] EDGETRADER-REAL.DataEngine: Data message queue canceled
2026-09-23T03:57:52.454475962Z [WARN] EDGETRADER-REAL.DataEngine: Data message queue stopped with 1 message(s) on queue
2026-09-23T03:57:52.454488152Z [WARN] EDGETRADER-REAL.ExecEngine: Canceled task 'run_cmd_queue'
2026-09-23T03:57:52.454498850Z [WARN] EDGETRADER-REAL.ExecEngine: Command message queue stopped with 1 message(s) on queue
2026-09-23T03:57:52.454507225Z [WARN] EDGETRADER-REAL.DataEngine: RequestData message queue canceled
2026-09-23T03:57:52.454510348Z [WARN] EDGETRADER-REAL.DataEngine: RequestData message queue stopped with 1 message(s) on queue
2026-09-23T03:57:52.454516976Z [WARN] EDGETRADER-REAL.DataEngine: DataResponse message queue canceled
2026-09-23T03:57:52.454519487Z [WARN] EDGETRADER-REAL.DataEngine: DataResponse message queue stopped with 1 message(s) on queue
2026-09-23T03:57:52.454526739Z [WARN] EDGETRADER-REAL.RiskEngine: Canceled task 'run_cmd_queue'
2026-09-23T03:57:52.454531295Z [WARN] EDGETRADER-REAL.RiskEngine: Command message queue stopped with 1 message(s) on queue
2026-09-23T03:57:52.454542365Z [WARN] EDGETRADER-REAL.ExecEngine: Canceled task 'run_evt_queue'
2026-09-23T03:57:52.454545856Z [WARN] EDGETRADER-REAL.ExecEngine: Event message queue stopped with 1 message(s) on queue
Traceback (most recent call last):
  File "/app/sqs.py", line 50, in receive_trade_events
    response = await loop.run_in_executor(
               ^^^^^^^^^^^^^^^^^^^^^^^^^^^
  File "/usr/local/lib/python3.12/concurrent/futures/thread.py", line 59, in run
    result = self.fn(*self.args, **self.kwargs)
             ^^^^^^^^^^^^^^^^^^^^^^^^^^^^^^^^^^
  File "/app/sqs.py", line 52, in <lambda>
    lambda: sqs_client.receive_message(
            ^^^^^^^^^^^^^^^^^^^^^^^^^^^
  File "/usr/local/lib/python3.12/site-packages/botocore/client.py", line 606, in _api_call
    return self._make_api_call(operation_name, kwargs)
           ^^^^^^^^^^^^^^^^^^^^^^^^^^^^^^^^^^^^^^^^^^^
  File "/usr/local/lib/python3.12/site-packages/botocore/context.py", line 123, in wrapper
    return func(*args, **kwargs)
           ^^^^^^^^^^^^^^^^^^^^^
  File "/usr/local/lib/python3.12/site-packages/botocore/client.py", line 1076, in _make_api_call
    http, parsed_response = self._make_request(
                            ^^^^^^^^^^^^^^^^^^^
  File "/usr/local/lib/python3.12/site-packages/botocore/client.py", line 1100, in _make_request
    return self._endpoint.make_request(operation_model, request_dict)
           ^^^^^^^^^^^^^^^^^^^^^^^^^^^^^^^^^^^^^^^^^^^^^^^^^^^^^^^^^^
  File "/usr/local/lib/python3.12/site-packages/botocore/endpoint.py", line 119, in make_request
    return self._send_request(request_dict, operation_model)
           ^^^^^^^^^^^^^^^^^^^^^^^^^^^^^^^^^^^^^^^^^^^^^^^^^
  File "/usr/local/lib/python3.12/site-packages/botocore/endpoint.py", line 198, in _send_request
    request = self.create_request(request_dict, operation_model)
              ^^^^^^^^^^^^^^^^^^^^^^^^^^^^^^^^^^^^^^^^^^^^^^^^^^
  File "/usr/local/lib/python3.12/site-packages/botocore/endpoint.py", line 132, in create_request
    self._event_emitter.emit(
  File "/usr/local/lib/python3.12/site-packages/botocore/hooks.py", line 412, in emit
    return self._emitter.emit(aliased_event_name, **kwargs)
           ^^^^^^^^^^^^^^^^^^^^^^^^^^^^^^^^^^^^^^^^^^^^^^^^
  File "/usr/local/lib/python3.12/site-packages/botocore/hooks.py", line 256, in emit
    return self._emit(event_name, kwargs)
           ^^^^^^^^^^^^^^^^^^^^^^^^^^^^^^
  File "/usr/local/lib/python3.12/site-packages/botocore/hooks.py", line 239, in _emit
    response = handler(**kwargs)
               ^^^^^^^^^^^^^^^^^
  File "/usr/local/lib/python3.12/site-packages/botocore/signers.py", line 108, in handler
    return self.sign(operation_name, request)
           ^^^^^^^^^^^^^^^^^^^^^^^^^^^^^^^^^^
  File "/usr/local/lib/python3.12/site-packages/botocore/signers.py", line 200, in sign
    auth.add_auth(request)
  File "/usr/local/lib/python3.12/site-packages/botocore/auth.py", line 429, in add_auth
    raise NoCredentialsError()
botocore.exceptions.NoCredentialsError: Unable to locate credentials

During handling of the above exception, another exception occurred:

Traceback (most recent call last):
  File "/app/binance_real_node.py", line 413, in <module>
    main()
  File "/app/binance_real_node.py", line 405, in main
    loop.run_until_complete(run())
  File "uvloop/loop.pyx", line 1518, in uvloop.loop.Loop.run_until_complete
  File "/app/binance_real_node.py", line 390, in run
    await asyncio.gather(
  File "/app/binance_real_node.py", line 184, in listen_trade_events
    messages = await sqs.receive_trade_events(
               ^^^^^^^^^^^^^^^^^^^^^^^^^^^^^^^
  File "/app/sqs.py", line 60, in receive_trade_events
    print(f"❌ SQS receive error: {e}", file=sys.stderr)
                                             ^^^
NameError: name 'sys' is not defined. Did you forget to import 'sys'?
Task was destroyed but it is pending!
task: <Task pending name='Task-34' coro=<NautilusKernel.cancel_all_tasks.<locals>._cancel_and_wait_for_tasks() done, defined at /usr/local/lib/python3.12/site-packages/nautilus_trader/system/kernel.py:1194> wait_for=<Future pending cb=[Task.task_wakeup()]> cb=[NautilusKernel.cancel_all_tasks.<locals>.<lambda>() at /usr/local/lib/python3.12/site-packages/nautilus_trader/system/kernel.py:1231]>

[Container] 2026/09/23 04:00:01.254667 Running command echo "--- postgres-ci logs ---"
--- postgres-ci logs ---

[Container] 2026/09/23 04:00:01.262436 Running command docker logs postgres-ci || true
The files belonging to this database system will be owned by user "postgres".
This user must also own the server process.

The database cluster will be initialized with locale "en_US.utf8".
The default database encoding has accordingly been set to "UTF8".
The default text search configuration will be set to "english".

Data page checksums are disabled.

fixing permissions on existing directory /var/lib/postgresql/data ... ok
creating subdirectories ... ok
selecting dynamic shared memory implementation ... posix
selecting default max_connections ... 100
selecting default shared_buffers ... 128MB
selecting default time zone ... UTC
creating configuration files ... ok
running bootstrap script ... ok
sh: locale: not found
2026-09-23 03:57:36.307 UTC [41] WARNING:  no usable system locales were found
performing post-bootstrap initialization ... ok
syncing data to disk ... ok


Success. You can now start the database server using:

    pg_ctl -D /var/lib/postgresql/data -l logfile start

initdb: warning: enabling "trust" authentication for local connections
initdb: hint: You can change this by editing pg_hba.conf or using the option -A, or --auth-local and --auth-host, the next time you run initdb.
waiting for server to start....2026-09-23 03:57:36.811 UTC [47] LOG:  starting PostgreSQL 16.15 on x86_64-pc-linux-musl, compiled by gcc (Alpine 15.2.0) 15.2.0, 64-bit
2026-09-23 03:57:36.813 UTC [47] LOG:  listening on Unix socket "/var/run/postgresql/.s.PGSQL.5432"
2026-09-23 03:57:36.819 UTC [50] LOG:  database system was shut down at 2026-09-23 03:57:36 UTC
2026-09-23 03:57:36.823 UTC [47] LOG:  database system is ready to accept connections
 done
server started

/usr/local/bin/docker-entrypoint.sh: ignoring /docker-entrypoint-initdb.d/*

waiting for server to shut down....2026-09-23 03:57:36.903 UTC [47] LOG:  received fast shutdown request
2026-09-23 03:57:36.905 UTC [47] LOG:  aborting any active transactions
2026-09-23 03:57:36.907 UTC [47] LOG:  background worker "logical replication launcher" (PID 53) exited with exit code 1
2026-09-23 03:57:36.908 UTC [48] LOG:  shutting down
2026-09-23 03:57:36.910 UTC [48] LOG:  checkpoint starting: shutdown immediate
2026-09-23 03:57:36.919 UTC [48] LOG:  checkpoint complete: wrote 3 buffers (0.0%); 0 WAL file(s) added, 0 removed, 0 recycled; write=0.001 s, sync=0.003 s, total=0.011 s; sync files=2, longest=0.002 s, average=0.002 s; distance=0 kB, estimate=0 kB; lsn=0/14F7178, redo lsn=0/14F7178
2026-09-23 03:57:36.922 UTC [47] LOG:  database system is shut down
 done
server stopped

PostgreSQL init process complete; ready for start up.

2026-09-23 03:57:37.027 UTC [1] LOG:  starting PostgreSQL 16.15 on x86_64-pc-linux-musl, compiled by gcc (Alpine 15.2.0) 15.2.0, 64-bit
2026-09-23 03:57:37.027 UTC [1] LOG:  listening on IPv4 address "0.0.0.0", port 5432
2026-09-23 03:57:37.027 UTC [1] LOG:  listening on IPv6 address "::", port 5432
2026-09-23 03:57:37.031 UTC [1] LOG:  listening on Unix socket "/var/run/postgresql/.s.PGSQL.5432"
2026-09-23 03:57:37.037 UTC [61] LOG:  database system was shut down at 2026-09-23 03:57:36 UTC
2026-09-23 03:57:37.042 UTC [1] LOG:  database system is ready to accept connections
2026-09-23 03:57:37.063 UTC [71] FATAL:  database "user" does not exist

[Container] 2026/09/23 04:00:01.280198 Running command docker rm -f edge-point binance-virtual-mainnet-node binance-real-node postgres-ci || true
edge-point
binance-virtual-mainnet-node
binance-real-node
postgres-ci

[Container] 2026/09/23 04:00:01.913337 Phase complete: POST_BUILD State: SUCCEEDED
[Container] 2026/09/23 04:00:01.913355 Phase context status code:  Message: 
[Container] 2026/09/23 04:00:01.970624 Set report auto-discover timeout to 5 seconds
[Container] 2026/09/23 04:00:01.970664 Expanding base directory path:  .
[Container] 2026/09/23 04:00:01.974305 Assembling file list
[Container] 2026/09/23 04:00:01.974320 Expanding .
[Container] 2026/09/23 04:00:01.978005 Expanding file paths for base directory .
[Container] 2026/09/23 04:00:01.978019 Assembling file list
[Container] 2026/09/23 04:00:01.978022 Expanding **/*
[Container] 2026/09/23 04:00:01.982930 No matching auto-discover report paths found
[Container] 2026/09/23 04:00:01.982948 Report auto-discover file discovery took 0.012323 seconds
[Container] 2026/09/23 04:00:01.982957 Phase complete: UPLOAD_ARTIFACTS State: SUCCEEDED
[Container] 2026/09/23 04:00:01.982967 Phase context status code:  Message: 